latitude,longitude,elevation,utc_offset_seconds,timezone,timezone_abbreviation
45.79965,12.2274885,82.0,7200,Europe/Rome,GMT+2

time,temperature_2m (°C),precipitation (mm),snowfall (cm),rain (mm),apparent_temperature (°C),wind_speed_10m (km/h),wind_direction_10m (°),wind_gusts_10m (km/h)
2024-01-01T00:00,7.2,1.60,0.00,1.60,5.5,5.1,8,23.8
2024-01-01T01:00,6.9,1.10,0.00,1.10,5.4,3.3,13,22.7
2024-01-01T02:00,6.5,0.70,0.00,0.70,4.8,4.0,355,7.6
2024-01-01T03:00,7.2,1.10,0.00,1.10,4.9,8.2,311,15.1
2024-01-01T04:00,7.0,0.10,0.00,0.10,4.9,6.6,299,16.2
2024-01-01T05:00,6.2,0.00,0.00,0.00,4.0,6.7,286,13.7
2024-01-01T06:00,4.6,0.00,0.00,0.00,2.4,4.4,305,11.5
2024-01-01T07:00,3.5,0.00,0.00,0.00,1.3,3.1,324,9.0
2024-01-01T08:00,2.9,0.00,0.00,0.00,0.7,2.3,321,8.3
2024-01-01T09:00,2.9,0.00,0.00,0.00,0.5,3.6,315,8.6
2024-01-01T10:00,3.2,0.00,0.00,0.00,0.4,7.2,323,13.0
2024-01-01T11:00,6.5,0.00,0.00,0.00,4.0,7.3,340,14.4
2024-01-01T12:00,8.6,0.00,0.00,0.00,6.8,6.1,360,14.4
2024-01-01T13:00,9.9,0.00,0.00,0.00,7.9,6.0,25,14.0
2024-01-01T14:00,10.8,0.00,0.00,0.00,8.7,7.4,39,16.6
2024-01-01T15:00,10.6,0.00,0.00,0.00,8.9,7.2,90,21.2
2024-01-01T16:00,10.1,0.00,0.00,0.00,8.9,3.7,101,15.8
2024-01-01T17:00,8.8,0.00,0.00,0.00,7.6,3.6,360,7.6
2024-01-01T18:00,5.5,0.00,0.00,0.00,3.4,6.0,335,7.2
2024-01-01T19:00,5.4,0.00,0.00,0.00,3.6,3.8,311,8.3
2024-01-01T20:00,4.9,0.00,0.00,0.00,3.0,3.1,306,7.6
2024-01-01T21:00,3.8,0.00,0.00,0.00,1.6,3.6,307,9.0
2024-01-01T22:00,2.4,0.00,0.00,0.00,0.1,3.8,311,9.7
2024-01-01T23:00,1.7,0.00,0.00,0.00,-1.0,5.6,310,12.2
2024-01-02T00:00,1.7,0.00,0.00,0.00,-1.1,6.1,315,12.6
2024-01-02T01:00,1.6,0.00,0.00,0.00,-1.1,4.1,322,12.6
2024-01-02T02:00,1.5,0.00,0.00,0.00,-1.5,5.6,315,11.5
2024-01-02T03:00,2.0,0.00,0.00,0.00,-1.3,7.2,307,14.0
2024-01-02T04:00,1.5,0.00,0.00,0.00,-1.7,5.8,300,13.7
2024-01-02T05:00,1.2,0.00,0.00,0.00,-2.2,6.4,297,12.6
2024-01-02T06:00,1.3,0.00,0.00,0.00,-2.1,5.6,297,13.0
2024-01-02T07:00,0.9,0.00,0.00,0.00,-2.5,5.5,302,11.9
2024-01-02T08:00,1.2,0.00,0.00,0.00,-2.0,3.9,304,11.2
2024-01-02T09:00,1.1,0.00,0.00,0.00,-1.8,3.1,306,7.9
2024-01-02T10:00,2.1,0.00,0.00,0.00,-0.8,3.1,306,7.2
2024-01-02T11:00,3.9,0.00,0.00,0.00,1.2,2.5,225,8.3
2024-01-02T12:00,5.0,0.00,0.00,0.00,2.1,4.2,200,13.0
2024-01-02T13:00,5.2,0.00,0.00,0.00,2.7,2.7,203,13.0
2024-01-02T14:00,5.7,0.00,0.00,0.00,3.3,3.5,156,11.9
2024-01-02T15:00,6.4,0.00,0.00,0.00,4.1,6.4,207,18.0
2024-01-02T16:00,6.4,0.00,0.00,0.00,4.1,6.3,204,16.2
2024-01-02T17:00,5.8,0.00,0.00,0.00,3.9,3.0,194,14.4
2024-01-02T18:00,4.7,0.00,0.00,0.00,2.7,3.7,101,5.8
2024-01-02T19:00,5.0,0.00,0.00,0.00,3.2,2.3,39,4.7
2024-01-02T20:00,5.5,0.00,0.00,0.00,3.8,1.1,18,4.7
2024-01-02T21:00,4.9,0.00,0.00,0.00,3.1,2.8,40,3.6
2024-01-02T22:00,4.8,0.00,0.00,0.00,2.9,2.5,352,5.0
2024-01-02T23:00,5.1,0.00,0.00,0.00,2.7,5.5,349,9.7
2024-01-03T00:00,5.1,0.00,0.00,0.00,2.8,5.1,352,9.7
2024-01-03T01:00,5.1,0.00,0.00,0.00,3.0,3.2,333,8.6
2024-01-03T02:00,4.8,0.00,0.00,0.00,2.6,4.3,355,7.6
2024-01-03T03:00,4.5,0.00,0.00,0.00,2.0,6.4,322,11.5
2024-01-03T04:00,4.8,0.00,0.00,0.00,2.8,3.3,13,11.5
2024-01-03T05:00,4.7,0.00,0.00,0.00,2.7,3.0,14,5.4
2024-01-03T06:00,4.8,0.00,0.00,0.00,2.5,4.5,14,7.6
2024-01-03T07:00,4.7,0.00,0.00,0.00,2.4,4.3,355,8.3
2024-01-03T08:00,3.6,0.00,0.00,0.00,1.4,3.2,333,7.9
2024-01-03T09:00,2.9,0.00,0.00,0.00,0.6,3.4,328,7.9
2024-01-03T10:00,2.8,0.00,0.00,0.00,0.3,5.1,315,10.8
2024-01-03T11:00,5.4,0.00,0.00,0.00,3.2,4.4,305,11.5
2024-01-03T12:00,6.9,0.00,0.00,0.00,5.3,1.5,256,11.2
2024-01-03T13:00,7.7,0.00,0.00,0.00,6.2,1.8,143,9.7
2024-01-03T14:00,8.3,0.00,0.00,0.00,6.6,3.4,108,12.2
2024-01-03T15:00,7.9,0.00,0.00,0.00,6.3,3.0,166,14.4
2024-01-03T16:00,7.6,0.00,0.00,0.00,6.2,1.8,90,11.5
2024-01-03T17:00,6.5,0.00,0.00,0.00,4.7,4.7,58,8.3
2024-01-03T18:00,6.3,0.00,0.00,0.00,4.8,1.5,315,5.4
2024-01-03T19:00,3.9,0.00,0.00,0.00,1.8,3.6,323,6.1
2024-01-03T20:00,4.5,0.00,0.00,0.00,2.4,3.9,338,7.6
2024-01-03T21:00,4.3,0.00,0.00,0.00,1.9,5.5,349,8.6
2024-01-03T22:00,3.9,0.00,0.00,0.00,1.3,6.5,357,8.6
2024-01-03T23:00,3.8,0.00,0.00,0.00,1.3,6.2,350,8.6
2024-01-04T00:00,3.5,0.00,0.00,0.00,1.4,3.2,333,7.9
2024-01-04T01:00,3.2,0.00,0.00,0.00,1.1,2.7,337,8.3
2024-01-04T02:00,3.0,0.00,0.00,0.00,0.8,3.3,354,6.1
2024-01-04T03:00,2.7,0.00,0.00,0.00,0.2,4.7,302,7.6
2024-01-04T04:00,1.9,0.00,0.00,0.00,-0.4,3.1,315,9.4
2024-01-04T05:00,0.9,0.00,0.00,0.00,-1.7,3.9,304,8.6
2024-01-04T06:00,0.9,0.00,0.00,0.00,-2.1,5.8,300,12.6
2024-01-04T07:00,0.5,0.00,0.00,0.00,-2.3,4.1,308,11.2
2024-01-04T08:00,0.2,0.00,0.00,0.00,-2.8,5.5,302,11.2
2024-01-04T09:00,0.3,0.00,0.00,0.00,-2.7,5.4,307,11.9
2024-01-04T10:00,1.7,0.00,0.00,0.00,-1.2,4.9,306,10.8
2024-01-04T11:00,3.9,0.00,0.00,0.00,1.8,1.5,284,10.4
2024-01-04T12:00,5.3,0.00,0.00,0.00,3.3,1.8,127,8.3
2024-01-04T13:00,6.1,0.00,0.00,0.00,3.9,4.3,114,13.7
2024-01-04T14:00,6.9,0.00,0.00,0.00,5.0,3.3,103,13.3
2024-01-04T15:00,7.3,0.00,0.00,0.00,5.7,1.8,180,22.3
2024-01-04T16:00,7.3,0.00,0.00,0.00,5.0,6.4,43,15.1
2024-01-04T17:00,5.7,0.00,0.00,0.00,3.6,5.2,78,14.4
2024-01-04T18:00,3.3,0.00,0.00,0.00,0.6,7.1,66,10.1
2024-01-04T19:00,3.2,0.00,0.00,0.00,0.6,6.4,27,10.8
2024-01-04T20:00,3.3,0.00,0.00,0.00,0.4,8.7,355,16.6
2024-01-04T21:00,3.6,0.00,0.00,0.00,1.2,5.8,338,16.2
2024-01-04T22:00,3.6,0.00,0.00,0.00,0.8,8.7,353,15.1
2024-01-04T23:00,3.7,0.00,0.00,0.00,1.2,6.5,360,15.8
2024-01-05T00:00,2.8,0.00,0.00,0.00,0.1,6.3,336,11.9
2024-01-05T01:00,2.7,0.00,0.00,0.00,0.1,5.2,344,8.6
2024-01-05T02:00,3.1,0.00,0.00,0.00,0.4,6.5,360,11.5
2024-01-05T03:00,4.1,0.00,0.00,0.00,1.3,7.2,6,14.0
2024-01-05T04:00,3.8,0.00,0.00,0.00,1.0,5.8,4,13.3
2024-01-05T05:00,2.5,0.00,0.00,0.00,-0.4,5.4,352,10.1
2024-01-05T06:00,2.9,0.00,0.00,0.00,-0.1,6.2,339,11.9
2024-01-05T07:00,1.8,0.00,0.00,0.00,-1.2,4.8,333,11.5
2024-01-05T08:00,3.5,0.00,0.00,0.00,0.2,6.8,335,13.0
2024-01-05T09:00,4.3,0.00,0.00,0.00,1.0,7.0,339,13.7
2024-01-05T10:00,5.8,0.00,0.00,0.00,2.6,6.8,335,13.7
2024-01-05T11:00,7.0,0.00,0.00,0.00,3.8,7.7,332,13.7
2024-01-05T12:00,7.8,0.00,0.00,0.00,4.8,7.6,341,13.7
2024-01-05T13:00,8.9,0.00,0.00,0.00,6.0,8.7,343,15.5
2024-01-05T14:00,9.2,0.00,0.00,0.00,6.3,8.7,330,16.2
2024-01-05T15:00,8.3,0.00,0.00,0.00,5.4,11.6,338,20.2
2024-01-05T16:00,8.2,0.00,0.00,0.00,5.1,10.6,342,20.9
2024-01-05T17:00,7.5,0.30,0.00,0.30,4.6,10.1,343,18.7
2024-01-05T18:00,7.3,0.10,0.00,0.10,4.7,8.7,343,17.6
2024-01-05T19:00,7.4,0.10,0.00,0.10,4.7,9.8,354,17.3
2024-01-05T20:00,7.6,0.10,0.00,0.10,5.1,9.0,2,17.3
2024-01-05T21:00,7.4,0.60,0.00,0.60,5.2,7.2,360,15.1
2024-01-05T22:00,7.6,1.40,0.00,1.40,5.2,9.3,13,17.3
2024-01-05T23:00,7.6,1.70,0.00,1.70,5.3,8.8,35,16.6
2024-01-06T00:00,7.5,1.90,0.00,1.90,5.6,6.4,27,15.8
2024-01-06T01:00,7.6,2.90,0.00,2.90,5.4,8.7,17,14.4
2024-01-06T02:00,7.8,2.90,0.00,2.90,5.4,10.6,18,18.4
2024-01-06T03:00,7.6,3.60,0.00,3.60,4.7,12.4,343,22.7
2024-01-06T04:00,7.5,2.70,0.00,2.70,4.7,11.6,338,23.4
2024-01-06T05:00,7.4,1.80,0.00,1.80,4.9,9.4,337,21.2
2024-01-06T06:00,7.3,1.30,0.00,1.30,4.6,11.1,331,20.2
2024-01-06T07:00,7.2,1.30,0.00,1.30,5.0,8.0,10,19.4
2024-01-06T08:00,7.4,2.20,0.00,2.20,5.0,9.4,358,17.6
2024-01-06T09:00,7.4,0.90,0.00,0.90,5.3,7.6,352,16.9
2024-01-06T10:00,7.7,0.90,0.00,0.90,5.7,6.9,354,13.3
2024-01-06T11:00,7.9,1.50,0.00,1.50,6.1,6.5,360,12.6
2024-01-06T12:00,8.2,1.80,0.00,1.80,6.5,6.1,360,11.5
2024-01-06T13:00,8.5,1.40,0.00,1.40,6.7,7.6,360,13.3
2024-01-06T14:00,8.7,1.30,0.00,1.30,7.1,6.2,7,14.0
2024-01-06T15:00,8.8,2.40,0.00,2.40,7.0,7.2,18,16.2
2024-01-06T16:00,8.5,2.80,0.00,2.80,6.6,8.3,358,15.5
2024-01-06T17:00,8.9,1.70,0.00,1.70,6.8,8.6,360,16.9
2024-01-06T18:00,8.1,0.80,0.00,0.80,6.4,5.8,22,15.8
2024-01-06T19:00,8.1,1.20,0.00,1.20,6.4,5.1,352,8.3
2024-01-06T20:00,8.2,0.90,0.00,0.90,5.2,13.0,355,22.3
2024-01-06T21:00,8.3,0.60,0.00,0.60,4.9,15.5,348,28.1
2024-01-06T22:00,8.1,0.40,0.00,0.40,4.8,14.4,356,28.4
2024-01-06T23:00,7.8,0.50,0.00,0.50,4.4,14.8,347,27.0
2024-01-07T00:00,7.5,0.70,0.00,0.70,4.2,14.0,342,27.0
2024-01-07T01:00,7.4,0.50,0.00,0.50,4.0,14.5,333,25.9
2024-01-07T02:00,7.4,0.40,0.00,0.40,4.6,11.0,341,25.9
2024-01-07T03:00,8.1,0.70,0.00,0.70,5.0,12.8,338,23.4
2024-01-07T04:00,7.9,0.80,0.00,0.80,4.6,13.5,344,26.3
2024-01-07T05:00,7.4,0.20,0.00,0.20,5.3,5.1,39,24.8
2024-01-07T06:00,6.9,0.20,0.00,0.20,5.1,4.2,31,9.0
2024-01-07T07:00,6.7,0.50,0.00,0.50,4.9,4.3,5,7.6
2024-01-07T08:00,6.7,1.40,0.00,1.40,3.6,11.9,325,20.2
2024-01-07T09:00,6.9,1.00,0.00,1.00,3.6,12.4,334,23.4
2024-01-07T10:00,6.9,1.10,0.00,1.10,3.6,12.2,341,22.3
2024-01-07T11:00,7.0,0.80,0.00,0.80,3.4,14.2,336,26.3
2024-01-07T12:00,7.3,0.10,0.00,0.10,4.6,8.0,5,25.9
2024-01-07T13:00,7.5,0.10,0.00,0.10,5.8,3.0,104,13.3
2024-01-07T14:00,7.7,0.00,0.00,0.00,6.4,0.8,153,7.6
2024-01-07T15:00,9.8,0.00,0.00,0.00,7.8,7.9,3,16.9
2024-01-07T16:00,9.3,0.00,0.00,0.00,7.2,7.9,47,14.8
2024-01-07T17:00,8.6,0.10,0.00,0.10,7.2,3.6,37,13.7
2024-01-07T18:00,7.7,0.00,0.00,0.00,6.2,4.7,113,6.5
2024-01-07T19:00,7.5,0.10,0.00,0.10,5.7,5.4,172,6.8
2024-01-07T20:00,7.3,0.00,0.00,0.00,5.8,2.0,315,6.5
2024-01-07T21:00,7.1,0.00,0.00,0.00,5.6,2.6,344,4.3
2024-01-07T22:00,6.9,0.00,0.00,0.00,5.1,4.8,13,5.8
2024-01-07T23:00,7.3,0.00,0.00,0.00,5.3,5.1,51,7.2
2024-01-08T00:00,6.9,0.00,0.00,0.00,5.0,3.6,6,6.5
2024-01-08T01:00,6.7,0.00,0.00,0.00,4.8,3.6,360,5.4
2024-01-08T02:00,6.5,0.00,0.00,0.00,4.8,2.9,360,5.4
2024-01-08T03:00,7.7,0.00,0.00,0.00,6.0,4.2,31,7.2
2024-01-08T04:00,7.8,0.00,0.00,0.00,5.6,5.5,67,9.4
2024-01-08T05:00,7.1,0.00,0.00,0.00,4.9,4.7,81,9.7
2024-01-08T06:00,6.6,0.00,0.00,0.00,4.4,4.3,85,8.6
2024-01-08T07:00,5.8,0.00,0.00,0.00,3.6,4.4,99,7.6
2024-01-08T08:00,4.9,0.00,0.00,0.00,2.2,6.6,68,9.0
2024-01-08T09:00,4.7,0.00,0.00,0.00,2.0,5.8,30,8.3
2024-01-08T10:00,5.6,0.00,0.00,0.00,3.1,5.1,51,9.0
2024-01-08T11:00,6.0,0.00,0.00,0.00,3.1,6.8,72,13.7
2024-01-08T12:00,6.3,0.00,0.00,0.00,3.5,5.7,72,14.8
2024-01-08T13:00,7.0,0.00,0.00,0.00,4.0,6.8,72,16.6
2024-01-08T14:00,7.5,0.00,0.00,0.00,4.3,8.1,77,18.7
2024-01-08T15:00,9.0,0.00,0.00,0.00,5.9,9.5,81,20.5
2024-01-08T16:00,8.7,0.00,0.00,0.00,5.3,10.8,75,21.2
2024-01-08T17:00,7.9,0.00,0.00,0.00,4.2,11.9,61,22.3
2024-01-08T18:00,6.9,0.00,0.00,0.00,3.2,11.0,67,23.0
2024-01-08T19:00,6.1,0.00,0.00,0.00,2.6,8.4,65,20.5
2024-01-08T20:00,5.6,0.00,0.00,0.00,2.2,7.0,55,16.2
2024-01-08T21:00,5.3,0.00,0.00,0.00,2.0,6.2,54,13.7
2024-01-08T22:00,5.0,0.00,0.00,0.00,1.8,5.4,53,12.6
2024-01-08T23:00,4.8,0.00,0.00,0.00,1.7,4.6,39,11.2
2024-01-09T00:00,4.5,0.00,0.00,0.00,1.8,2.5,8,9.7
2024-01-09T01:00,4.0,0.00,0.00,0.00,1.4,2.9,360,5.4
2024-01-09T02:00,3.5,0.00,0.00,0.00,0.8,3.2,360,5.0
2024-01-09T03:00,1.5,0.00,0.00,0.00,-1.3,3.7,349,6.8
2024-01-09T04:00,0.9,0.00,0.00,0.00,-2.4,6.9,43,8.3
2024-01-09T05:00,0.8,0.00,0.00,0.00,-2.3,5.2,34,9.0
2024-01-09T06:00,0.6,0.00,0.00,0.00,-2.4,4.0,355,7.9
2024-01-09T07:00,-0.4,0.00,0.00,0.00,-3.6,5.4,352,8.3
2024-01-09T08:00,-0.6,0.00,0.00,0.00,-4.0,6.9,354,9.0
2024-01-09T09:00,1.6,0.00,0.00,0.00,-1.6,5.1,4,8.6
2024-01-09T10:00,1.8,0.00,0.00,0.00,-1.4,4.7,58,7.9
2024-01-09T11:00,2.7,0.00,0.00,0.00,-0.7,6.1,50,14.0
2024-01-09T12:00,3.7,0.00,0.00,0.00,0.2,7.2,63,17.6
2024-01-09T13:00,4.7,0.00,0.00,0.00,1.1,8.1,69,19.4
2024-01-09T14:00,5.4,0.00,0.00,0.00,2.1,6.3,59,19.4
2024-01-09T15:00,6.8,0.00,0.00,0.00,2.5,13.0,85,26.3
2024-01-09T16:00,6.4,0.00,0.00,0.00,2.1,11.9,90,26.3
2024-01-09T17:00,5.1,0.00,0.00,0.00,1.8,5.9,76,22.3
2024-01-09T18:00,1.9,0.00,0.00,0.00,-2.2,10.2,72,13.0
2024-01-09T19:00,1.0,0.00,0.00,0.00,-3.2,10.4,56,13.3
2024-01-09T20:00,1.8,0.00,0.00,0.00,-2.2,8.1,45,12.6
2024-01-09T21:00,0.1,0.00,0.00,0.00,-3.7,7.2,6,10.1
2024-01-09T22:00,-0.5,0.00,0.00,0.00,-4.0,5.9,349,9.4
2024-01-09T23:00,-0.8,0.00,0.00,0.00,-4.4,6.5,357,8.3
2024-01-10T00:00,-0.4,0.00,0.00,0.00,-3.9,6.1,3,9.0
2024-01-10T01:00,0.5,0.00,0.00,0.00,-3.1,5.4,4,8.3
2024-01-10T02:00,0.3,0.00,0.00,0.00,-3.2,5.0,360,7.2
2024-01-10T03:00,-1.7,0.00,0.00,0.00,-5.7,9.0,360,10.8
2024-01-10T04:00,-0.6,0.00,0.00,0.00,-4.1,5.8,360,11.5
2024-01-10T05:00,-2.2,0.00,0.00,0.00,-6.0,7.8,13,10.1
2024-01-10T06:00,-2.4,0.00,0.00,0.00,-6.1,6.9,6,10.1
2024-01-10T07:00,-2.2,0.00,0.00,0.00,-5.5,4.4,351,9.0
2024-01-10T08:00,-2.2,0.00,0.00,0.00,-5.5,4.5,346,9.4
2024-01-10T09:00,-2.4,0.00,0.00,0.00,-5.8,4.9,343,10.1
2024-01-10T10:00,-0.9,0.00,0.00,0.00,-4.2,4.8,347,9.7
2024-01-10T11:00,1.7,0.00,0.00,0.00,-1.7,4.9,17,11.2
2024-01-10T12:00,2.9,0.00,0.00,0.00,-0.3,4.1,15,12.2
2024-01-10T13:00,4.2,0.00,0.00,0.00,1.0,3.5,24,11.9
2024-01-10T14:00,5.1,0.00,0.00,0.00,1.9,4.1,45,12.2
2024-01-10T15:00,5.5,0.00,0.00,0.00,2.3,4.3,66,11.9
2024-01-10T16:00,5.3,0.00,0.00,0.00,1.9,6.3,66,13.3
2024-01-10T17:00,3.8,0.00,0.00,0.00,0.7,6.4,43,13.0
2024-01-10T18:00,4.4,0.00,0.00,0.00,1.2,4.9,17,7.9
2024-01-10T19:00,2.6,0.00,0.00,0.00,-1.1,7.1,41,8.3
2024-01-10T20:00,0.2,0.00,0.00,0.00,-3.9,10.0,38,12.2
2024-01-10T21:00,-0.4,0.00,0.00,0.00,-4.7,11.3,31,14.0
2024-01-10T22:00,0.0,0.00,0.00,0.00,-3.9,8.0,36,14.0
2024-01-10T23:00,-0.6,0.00,0.00,0.00,-4.5,7.6,31,12.6
2024-01-11T00:00,-2.1,0.00,0.00,0.00,-6.4,10.4,34,13.0
2024-01-11T01:00,-1.8,0.00,0.00,0.00,-5.9,8.2,29,13.0
2024-01-11T02:00,-1.7,0.00,0.00,0.00,-5.4,5.8,7,10.1
2024-01-11T03:00,-2.6,0.00,0.00,0.00,-6.0,4.8,318,11.2
2024-01-11T04:00,-3.2,0.00,0.00,0.00,-6.2,2.1,329,11.2
2024-01-11T05:00,-3.2,0.00,0.00,0.00,-6.2,1.5,346,6.5
2024-01-11T06:00,-3.0,0.00,0.00,0.00,-6.1,3.1,324,7.9
2024-01-11T07:00,-3.5,0.00,0.00,0.00,-6.7,3.3,311,9.4
2024-01-11T08:00,-4.0,0.00,0.00,0.00,-7.1,2.1,301,8.3
2024-01-11T09:00,-4.1,0.00,0.00,0.00,-7.2,2.3,309,5.8
2024-01-11T10:00,-1.7,0.00,0.00,0.00,-4.7,2.1,329,6.8
2024-01-11T11:00,2.1,0.00,0.00,0.00,-0.5,1.5,194,7.2
2024-01-11T12:00,4.0,0.00,0.00,0.00,1.4,2.3,162,9.4
2024-01-11T13:00,5.2,0.00,0.00,0.00,2.5,3.8,163,11.9
2024-01-11T14:00,6.0,0.00,0.00,0.00,3.2,4.3,180,13.0
2024-01-11T15:00,6.8,0.00,0.00,0.00,4.3,2.7,203,11.9
2024-01-11T16:00,6.7,0.00,0.00,0.00,4.0,3.9,214,10.1
2024-01-11T17:00,4.7,0.00,0.00,0.00,2.1,4.8,228,9.7
2024-01-11T18:00,1.4,0.00,0.00,0.00,-2.0,7.5,253,11.9
2024-01-11T19:00,0.6,0.00,0.00,0.00,-2.8,7.5,287,10.8
2024-01-11T20:00,-0.2,0.00,0.00,0.00,-3.6,6.6,299,10.8
2024-01-11T21:00,0.4,0.00,0.00,0.00,-2.7,4.7,302,10.1
2024-01-11T22:00,-0.7,0.00,0.00,0.00,-3.6,3.1,315,9.4
2024-01-11T23:00,-1.3,0.00,0.00,0.00,-4.2,2.7,337,7.6
2024-01-12T00:00,-1.5,0.00,0.00,0.00,-4.5,2.9,330,8.3
2024-01-12T01:00,-2.1,0.00,0.00,0.00,-5.1,2.5,315,8.6
2024-01-12T02:00,-2.7,0.00,0.00,0.00,-5.9,3.4,302,9.4
2024-01-12T03:00,-2.6,0.00,0.00,0.00,-5.8,4.1,315,12.2
2024-01-12T04:00,-2.4,0.00,0.00,0.00,-5.6,3.8,319,9.4
2024-01-12T05:00,-2.6,0.00,0.00,0.00,-5.7,3.4,328,9.7
2024-01-12T06:00,-2.8,0.00,0.00,0.00,-5.9,3.3,354,7.9
2024-01-12T07:00,-3.0,0.00,0.00,0.00,-6.1,2.7,337,7.2
2024-01-12T08:00,-3.1,0.00,0.00,0.00,-6.2,2.3,321,6.8
2024-01-12T09:00,-2.8,0.00,0.00,0.00,-6.0,3.3,311,7.9
2024-01-12T10:00,-0.8,0.00,0.00,0.00,-3.9,4.1,315,9.7
2024-01-12T11:00,2.5,0.00,0.00,0.00,-0.1,1.9,112,9.0
2024-01-12T12:00,3.3,0.00,0.00,0.00,0.4,5.2,102,14.0
2024-01-12T13:00,4.6,0.00,0.00,0.00,2.0,3.4,72,14.0
2024-01-12T14:00,5.8,0.00,0.00,0.00,3.2,2.3,51,12.2
2024-01-12T15:00,6.9,0.00,0.00,0.00,3.9,4.7,58,14.8
2024-01-12T16:00,6.6,0.00,0.00,0.00,3.5,5.7,35,12.6
2024-01-12T17:00,5.0,0.00,0.00,0.00,2.2,4.4,9,11.9
2024-01-12T18:00,2.0,0.00,0.00,0.00,-1.3,5.5,337,9.7
2024-01-12T19:00,2.3,0.00,0.00,0.00,-0.8,3.8,343,8.6
2024-01-12T20:00,1.3,0.00,0.00,0.00,-2.4,7.2,6,9.4
2024-01-12T21:00,0.3,0.00,0.00,0.00,-3.7,9.1,34,11.2
2024-01-12T22:00,-0.7,0.00,0.00,0.00,-4.6,8.7,24,11.2
2024-01-12T23:00,-0.5,0.00,0.00,0.00,-4.1,6.7,16,10.8
2024-01-13T00:00,-1.0,0.00,0.00,0.00,-4.5,5.4,4,8.3
2024-01-13T01:00,-2.2,0.00,0.00,0.00,-5.6,4.7,360,6.5
2024-01-13T02:00,-2.6,0.00,0.00,0.00,-6.0,4.7,356,7.2
2024-01-13T03:00,-3.2,0.00,0.00,0.00,-6.3,2.6,326,8.3
2024-01-13T04:00,-3.3,0.00,0.00,0.00,-6.4,2.3,342,6.5
2024-01-13T05:00,-3.7,0.00,0.00,0.00,-6.7,1.9,338,6.5
2024-01-13T06:00,-3.8,0.00,0.00,0.00,-7.0,2.4,333,7.2
2024-01-13T07:00,-4.0,0.00,0.00,0.00,-7.2,2.0,315,7.6
2024-01-13T08:00,-4.2,0.00,0.00,0.00,-7.5,3.1,306,8.3
2024-01-13T09:00,-4.3,0.00,0.00,0.00,-7.8,4.5,299,10.1
2024-01-13T10:00,-2.0,0.00,0.00,0.00,-5.6,6.3,301,11.9
2024-01-13T11:00,1.9,0.00,0.00,0.00,-1.0,2.4,207,11.9
2024-01-13T12:00,3.4,0.00,0.00,0.00,0.6,2.9,150,10.4
2024-01-13T13:00,4.2,0.00,0.00,0.00,1.6,2.5,135,11.5
2024-01-13T14:00,4.7,0.00,0.00,0.00,2.4,1.6,117,11.2
2024-01-13T15:00,5.3,0.00,0.00,0.00,2.9,2.3,108,10.8
2024-01-13T16:00,5.2,0.00,0.00,0.00,2.9,1.9,112,10.1
2024-01-13T17:00,3.7,0.00,0.00,0.00,1.3,3.8,41,7.6
2024-01-13T18:00,0.3,0.00,0.00,0.00,-3.1,6.8,18,7.9
2024-01-13T19:00,0.3,0.00,0.00,0.00,-3.0,5.4,8,8.6
2024-01-13T20:00,-0.9,0.00,0.00,0.00,-4.5,7.2,6,9.7
2024-01-13T21:00,-1.5,0.00,0.00,0.00,-5.2,7.2,360,9.0
2024-01-13T22:00,-1.2,0.00,0.00,0.00,-4.6,5.4,360,9.4
2024-01-13T23:00,-1.3,0.00,0.00,0.00,-4.6,5.0,360,9.0
2024-01-14T00:00,-1.6,0.00,0.00,0.00,-4.9,5.1,352,9.7
2024-01-14T01:00,-1.8,0.00,0.00,0.00,-5.0,4.7,360,9.4
2024-01-14T02:00,-1.8,0.00,0.00,0.00,-5.4,6.7,16,8.6
2024-01-14T03:00,-1.6,0.00,0.00,0.00,-4.7,4.1,345,8.3
2024-01-14T04:00,-1.8,0.00,0.00,0.00,-5.1,4.7,360,9.0
2024-01-14T05:00,-1.7,0.00,0.00,0.00,-4.7,3.6,354,8.6
2024-01-14T06:00,-2.7,0.00,0.00,0.00,-5.8,2.7,337,6.8
2024-01-14T07:00,-2.2,0.00,0.00,0.00,-5.0,1.5,315,4.3
2024-01-14T08:00,-2.5,0.00,0.00,0.00,-5.5,2.6,304,6.5
2024-01-14T09:00,-3.3,0.00,0.00,0.00,-6.4,2.4,297,6.5
2024-01-14T10:00,-1.5,0.00,0.00,0.00,-4.7,3.6,307,9.0
2024-01-14T11:00,1.3,0.00,0.00,0.00,-1.7,1.8,323,9.4
2024-01-14T12:00,3.3,0.00,0.00,0.00,0.5,1.4,90,9.7
2024-01-14T13:00,3.6,0.00,0.00,0.00,0.9,2.3,141,10.1
2024-01-14T14:00,4.1,0.00,0.00,0.00,1.4,2.7,67,9.7
2024-01-14T15:00,5.0,0.00,0.00,0.00,2.6,1.3,124,11.2
2024-01-14T16:00,4.8,0.00,0.00,0.00,2.2,2.3,162,9.4
2024-01-14T17:00,3.4,0.00,0.00,0.00,0.9,2.7,247,8.3
2024-01-14T18:00,-0.4,0.00,0.00,0.00,-3.6,5.3,298,7.2
2024-01-14T19:00,0.1,0.00,0.00,0.00,-3.0,4.8,333,9.4
2024-01-14T20:00,-0.7,0.00,0.00,0.00,-3.6,2.8,320,11.2
2024-01-14T21:00,-0.5,0.00,0.00,0.00,-3.2,2.0,315,6.5
2024-01-14T22:00,-0.5,0.00,0.00,0.00,-3.5,4.1,322,8.6
2024-01-14T23:00,-0.9,0.00,0.00,0.00,-4.1,5.0,330,10.4
2024-01-15T00:00,-0.8,0.00,0.00,0.00,-4.0,6.1,332,11.9
2024-01-15T01:00,-1.5,0.00,0.00,0.00,-4.7,5.6,333,12.2
2024-01-15T02:00,-0.5,0.00,0.00,0.00,-3.7,5.2,335,12.2
2024-01-15T03:00,-1.3,0.00,0.00,0.00,-4.8,6.6,319,13.3
2024-01-15T04:00,-2.1,0.00,0.00,0.00,-5.5,5.6,315,13.0
2024-01-15T05:00,-2.8,0.00,0.00,0.00,-6.1,4.3,312,11.9
2024-01-15T06:00,-3.2,0.00,0.00,0.00,-6.6,4.8,312,11.2
2024-01-15T07:00,-3.5,0.00,0.00,0.00,-6.9,4.3,312,11.2
2024-01-15T08:00,-3.8,0.00,0.00,0.00,-7.3,4.8,318,10.8
2024-01-15T09:00,-4.0,0.00,0.00,0.00,-7.4,4.3,318,11.2
2024-01-15T10:00,-1.6,0.00,0.00,0.00,-4.9,4.6,321,10.8
2024-01-15T11:00,2.9,0.00,0.00,0.00,-0.1,3.3,319,10.8
2024-01-15T12:00,4.7,0.00,0.00,0.00,1.9,1.1,288,9.0
2024-01-15T13:00,5.5,0.00,0.00,0.00,2.9,1.1,198,8.3
2024-01-15T14:00,5.9,0.00,0.00,0.00,3.3,1.8,191,10.1
2024-01-15T15:00,6.8,0.00,0.00,0.00,4.2,1.8,143,11.9
2024-01-15T16:00,6.5,0.00,0.00,0.00,3.7,3.2,180,9.4
2024-01-15T17:00,5.0,0.00,0.00,0.00,2.6,2.7,247,9.0
2024-01-15T18:00,1.3,0.00,0.00,0.00,-1.9,5.4,312,7.9
2024-01-15T19:00,1.5,0.00,0.00,0.00,-1.4,3.6,323,8.3
2024-01-15T20:00,0.8,0.00,0.00,0.00,-2.3,4.4,325,10.1
2024-01-15T21:00,-0.3,0.00,0.00,0.00,-3.3,4.1,322,11.2
2024-01-15T22:00,-1.2,0.00,0.00,0.00,-4.3,3.9,326,10.1
2024-01-15T23:00,-2.0,0.00,0.00,0.00,-5.2,4.7,328,11.5
2024-01-16T00:00,-2.5,0.00,0.00,0.00,-5.8,5.1,321,12.2
2024-01-16T01:00,-2.7,0.00,0.00,0.00,-6.2,5.7,325,12.6
2024-01-16T02:00,-2.9,0.00,0.00,0.00,-6.6,6.9,332,14.4
2024-01-16T03:00,-1.3,0.00,0.00,0.00,-4.8,5.9,322,13.7
2024-01-16T04:00,-1.4,0.00,0.00,0.00,-4.9,6.1,332,13.0
2024-01-16T05:00,-1.0,0.00,0.00,0.00,-4.8,7.6,341,15.1
2024-01-16T06:00,-1.3,0.00,0.00,0.00,-5.4,8.6,338,16.2
2024-01-16T07:00,-1.8,0.00,0.00,0.00,-6.0,8.9,333,16.9
2024-01-16T08:00,-1.8,0.00,0.00,0.00,-6.2,9.8,336,18.0
2024-01-16T09:00,-1.7,0.00,0.00,0.00,-6.2,10.5,338,19.4
2024-01-16T10:00,-0.2,0.00,0.00,0.00,-4.4,9.5,331,19.4
2024-01-16T11:00,2.7,0.00,0.00,0.00,-1.0,7.3,340,17.3
2024-01-16T12:00,5.6,0.00,0.00,0.00,2.3,5.4,20,14.8
2024-01-16T13:00,6.6,0.00,0.00,0.00,2.6,9.0,53,18.7
2024-01-16T14:00,6.6,0.00,0.00,0.00,2.8,7.9,51,19.4
2024-01-16T15:00,8.0,0.00,0.00,0.00,4.2,8.7,52,19.1
2024-01-16T16:00,7.8,0.00,0.00,0.00,4.5,6.0,57,17.6
2024-01-16T17:00,5.9,0.00,0.00,0.00,2.9,7.2,63,11.5
2024-01-16T18:00,3.5,0.00,0.00,0.00,-0.3,9.7,59,11.2
2024-01-16T19:00,3.0,0.00,0.00,0.00,-0.6,8.0,27,11.2
2024-01-16T20:00,2.5,0.00,0.00,0.00,-0.9,5.4,352,9.7
2024-01-16T21:00,1.1,0.00,0.00,0.00,-2.3,4.9,343,8.3
2024-01-16T22:00,0.3,0.00,0.00,0.00,-3.1,5.2,335,10.4
2024-01-16T23:00,-0.7,0.00,0.00,0.00,-4.0,4.7,328,10.8
2024-01-17T00:00,-0.1,0.00,0.00,0.00,-3.3,4.6,321,11.2
2024-01-17T01:00,0.9,0.00,0.00,0.00,-2.0,3.1,315,10.4
2024-01-17T02:00,1.4,0.00,0.00,0.00,-1.7,4.5,331,8.6
2024-01-17T03:00,2.7,0.00,0.00,0.00,-0.8,6.3,329,12.2
2024-01-17T04:00,2.6,0.00,0.00,0.00,-1.1,7.5,325,13.7
2024-01-17T05:00,2.7,0.00,0.00,0.00,-1.0,6.8,328,14.0
2024-01-17T06:00,2.3,0.00,0.00,0.00,-1.2,6.0,327,13.3
2024-01-17T07:00,2.1,0.00,0.00,0.00,-1.4,6.0,327,11.5
2024-01-17T08:00,2.4,0.00,0.00,0.00,-1.1,6.0,327,12.6
2024-01-17T09:00,2.5,0.00,0.00,0.00,-0.9,5.7,325,11.2
2024-01-17T10:00,2.9,0.10,0.00,0.10,-0.5,6.3,329,11.9
2024-01-17T11:00,3.6,0.00,0.00,0.00,0.5,5.2,344,11.5
2024-01-17T12:00,4.5,0.00,0.00,0.00,1.8,4.2,20,10.1
2024-01-17T13:00,4.6,0.20,0.00,0.20,2.2,3.6,45,10.8
2024-01-17T14:00,4.4,1.70,0.00,1.70,1.8,5.4,8,15.8
2024-01-17T15:00,4.2,1.80,0.00,1.80,1.8,4.6,342,10.1
2024-01-17T16:00,4.3,0.50,0.00,0.50,2.5,1.1,72,9.7
2024-01-17T17:00,3.7,0.10,0.00,0.10,1.4,4.3,132,8.3
2024-01-17T18:00,3.2,0.20,0.00,0.20,1.2,1.8,281,9.0
2024-01-17T19:00,3.2,0.10,0.00,0.10,0.9,4.2,290,7.9
2024-01-17T20:00,3.4,0.30,0.00,0.30,1.1,4.7,293,8.3
2024-01-17T21:00,3.6,0.20,0.00,0.20,1.5,3.3,283,8.6
2024-01-17T22:00,3.8,0.20,0.00,0.20,1.7,3.3,319,6.8
2024-01-17T23:00,3.9,0.80,0.00,0.80,1.6,4.7,351,7.6
2024-01-18T00:00,4.0,1.80,0.00,1.80,1.7,4.7,4,9.0
2024-01-18T01:00,4.0,2.40,0.00,2.40,1.8,4.3,355,9.0
2024-01-18T02:00,3.8,1.80,0.00,1.80,1.5,4.9,343,7.9
2024-01-18T03:00,4.2,2.60,0.00,2.60,2.0,4.7,337,12.2
2024-01-18T04:00,4.2,2.70,0.00,2.70,2.0,4.5,346,8.3
2024-01-18T05:00,4.4,2.20,0.00,2.20,2.0,6.7,306,11.9
2024-01-18T06:00,4.8,1.70,0.00,1.70,2.3,7.3,261,19.4
2024-01-18T07:00,4.5,0.10,0.00,0.10,1.6,9.1,261,16.6
2024-01-18T08:00,4.0,0.00,0.00,0.00,0.9,10.4,256,18.0
2024-01-18T09:00,4.0,0.00,0.00,0.00,0.9,10.3,258,19.8
2024-01-18T10:00,4.2,0.10,0.00,0.10,1.6,7.0,258,18.0
2024-01-18T11:00,5.1,0.00,0.00,0.00,2.7,6.8,245,14.8
2024-01-18T12:00,5.9,0.00,0.00,0.00,4.1,3.3,193,14.8
2024-01-18T13:00,7.1,0.00,0.00,0.00,5.4,3.2,90,12.2
2024-01-18T14:00,8.0,0.00,0.00,0.00,6.0,6.6,81,16.9
2024-01-18T15:00,6.8,0.00,0.00,0.00,4.9,5.2,56,14.8
2024-01-18T16:00,7.1,0.00,0.00,0.00,5.2,5.2,56,14.0
2024-01-18T17:00,6.7,0.00,0.00,0.00,4.8,5.3,62,13.0
2024-01-18T18:00,5.7,0.00,0.00,0.00,3.8,5.4,356,11.2
2024-01-18T19:00,5.2,0.00,0.00,0.00,2.9,7.4,346,13.3
2024-01-18T20:00,5.3,0.00,0.00,0.00,3.2,5.7,342,13.0
2024-01-18T21:00,5.7,0.00,0.00,0.00,3.9,4.7,356,10.4
2024-01-18T22:00,5.7,0.00,0.00,0.00,3.8,4.7,356,8.3
2024-01-18T23:00,5.7,0.00,0.00,0.00,3.4,7.9,3,14.0
2024-01-19T00:00,5.5,0.00,0.00,0.00,3.3,6.9,354,14.0
2024-01-19T01:00,4.7,0.00,0.00,0.00,2.3,6.9,351,12.2
2024-01-19T02:00,5.4,0.00,0.00,0.00,3.5,5.1,4,14.0
2024-01-19T03:00,4.6,0.10,0.00,0.10,2.8,3.1,339,7.9
2024-01-19T04:00,5.7,0.20,0.00,0.20,4.2,2.1,329,8.6
2024-01-19T05:00,5.9,0.30,0.00,0.30,3.8,6.1,332,14.0
2024-01-19T06:00,5.1,0.20,0.00,0.20,3.2,4.0,297,13.3
2024-01-19T07:00,5.4,0.00,0.00,0.00,3.0,7.7,319,13.3
2024-01-19T08:00,5.5,0.60,0.00,0.60,3.9,2.9,7,13.3
2024-01-19T09:00,6.1,0.40,0.00,0.40,3.8,7.4,47,11.5
2024-01-19T10:00,5.3,0.40,0.00,0.40,0.6,21.5,76,40.0
2024-01-19T11:00,4.9,0.20,0.00,0.20,-0.3,23.8,80,44.3
2024-01-19T12:00,5.1,0.00,0.00,0.00,0.3,21.2,80,44.3
2024-01-19T13:00,5.0,0.00,0.00,0.00,0.2,21.0,83,39.2
2024-01-19T14:00,4.5,0.10,0.00,0.10,-0.2,18.4,91,39.2
2024-01-19T15:00,4.1,0.00,0.00,0.00,-1.3,22.0,72,50.8
2024-01-19T16:00,4.2,0.00,0.00,0.00,-1.0,20.0,72,40.7
2024-01-19T17:00,4.4,0.00,0.00,0.00,-0.2,15.1,72,37.4
2024-01-19T18:00,4.0,0.00,0.00,0.00,-1.2,17.3,73,31.3
2024-01-19T19:00,4.0,0.00,0.00,0.00,-1.8,19.0,65,35.3
2024-01-19T20:00,3.7,0.00,0.00,0.00,-1.8,16.1,61,34.9
2024-01-19T21:00,1.8,0.00,0.00,0.00,-2.7,9.7,42,29.2
2024-01-19T22:00,-1.4,0.00,0.00,0.00,-5.4,7.3,9,16.9
2024-01-19T23:00,-3.4,0.00,0.00,0.00,-7.4,7.6,352,11.9
2024-01-20T00:00,-3.6,0.00,0.00,0.00,-7.2,5.3,332,10.8
2024-01-20T01:00,-3.7,0.00,0.00,0.00,-7.9,8.4,329,15.1
2024-01-20T02:00,-4.0,0.00,0.00,0.00,-8.4,9.5,335,18.4
2024-01-20T03:00,-3.9,0.00,0.00,0.00,-8.2,8.5,332,16.2
2024-01-20T04:00,-4.3,0.00,0.00,0.00,-8.8,9.2,334,16.9
2024-01-20T05:00,-4.5,0.00,0.00,0.00,-8.9,8.7,336,16.9
2024-01-20T06:00,-4.7,0.00,0.00,0.00,-9.1,7.9,330,16.6
2024-01-20T07:00,-5.1,0.00,0.00,0.00,-9.1,5.4,340,15.1
2024-01-20T08:00,-5.0,0.00,0.00,0.00,-9.1,5.4,323,11.2
2024-01-20T09:00,-5.2,0.00,0.00,0.00,-9.1,4.3,336,10.8
2024-01-20T10:00,-2.9,0.00,0.00,0.00,-7.0,6.1,3,11.2
2024-01-20T11:00,0.3,0.00,0.00,0.00,-3.6,4.7,32,12.2
2024-01-20T12:00,2.5,0.00,0.00,0.00,-0.9,2.1,59,11.5
2024-01-20T13:00,4.1,0.00,0.00,0.00,0.8,2.7,157,10.4
2024-01-20T14:00,4.9,0.00,0.00,0.00,1.4,5.5,169,15.1
2024-01-20T15:00,6.2,0.00,0.00,0.00,2.9,5.1,184,14.0
2024-01-20T16:00,5.6,0.00,0.00,0.00,2.5,4.8,167,13.3
2024-01-20T17:00,3.7,0.00,0.00,0.00,0.9,3.8,107,11.2
2024-01-20T18:00,3.3,0.00,0.00,0.00,0.4,2.6,16,7.9
2024-01-20T19:00,-1.1,0.00,0.00,0.00,-4.6,5.9,317,9.0
2024-01-20T20:00,-1.1,0.00,0.00,0.00,-4.6,5.6,315,11.2
2024-01-20T21:00,-2.5,0.00,0.00,0.00,-6.0,4.8,318,11.5
2024-01-20T22:00,-3.0,0.00,0.00,0.00,-6.6,4.3,312,11.2
2024-01-20T23:00,-3.6,0.00,0.00,0.00,-7.3,4.1,315,11.2
2024-01-21T00:00,-4.2,0.00,0.00,0.00,-8.0,3.6,323,10.8
2024-01-21T01:00,-4.7,0.00,0.00,0.00,-8.6,4.5,331,10.4
2024-01-21T02:00,-5.0,0.00,0.00,0.00,-9.1,5.6,333,11.9
2024-01-21T03:00,-4.0,0.00,0.00,0.00,-8.2,6.5,326,13.0
2024-01-21T04:00,-3.9,0.00,0.00,0.00,-8.4,8.2,322,15.5
2024-01-21T05:00,-3.9,0.00,0.00,0.00,-8.5,9.0,323,16.9
2024-01-21T06:00,-3.6,0.00,0.00,0.00,-8.2,8.8,325,17.3
2024-01-21T07:00,-3.4,0.00,0.00,0.00,-7.9,8.3,326,16.9
2024-01-21T08:00,-3.3,0.00,0.00,0.00,-7.8,7.7,323,15.8
2024-01-21T09:00,-3.5,0.00,0.00,0.00,-7.9,7.2,323,15.1
2024-01-21T10:00,-1.3,0.00,0.00,0.00,-5.5,6.9,321,14.8
2024-01-21T11:00,2.0,0.00,0.00,0.00,-1.5,4.1,315,13.3
2024-01-21T12:00,4.6,0.00,0.00,0.00,1.8,1.6,243,10.1
2024-01-21T13:00,6.3,0.00,0.00,0.00,3.3,2.1,211,9.4
2024-01-21T14:00,7.1,0.00,0.00,0.00,4.1,2.6,196,10.1
2024-01-21T15:00,7.2,0.00,0.00,0.00,4.2,4.3,132,13.0
2024-01-21T16:00,6.8,0.00,0.00,0.00,4.0,2.4,117,12.2
2024-01-21T17:00,6.3,0.00,0.00,0.00,3.8,0.5,315,6.8
2024-01-21T18:00,2.0,0.00,0.00,0.00,-1.4,6.3,294,7.2
2024-01-21T19:00,0.8,0.00,0.00,0.00,-2.7,6.1,298,10.8
2024-01-21T20:00,0.4,0.00,0.00,0.00,-2.9,5.2,304,11.2
2024-01-21T21:00,-1.4,0.00,0.00,0.00,-4.7,5.1,309,11.2
2024-01-21T22:00,-2.8,0.00,0.00,0.00,-6.2,4.6,309,12.6
2024-01-21T23:00,-3.7,0.00,0.00,0.00,-7.2,4.9,306,12.2
2024-01-22T00:00,-4.1,0.00,0.00,0.00,-7.8,4.9,306,12.2
2024-01-22T01:00,-4.3,0.00,0.00,0.00,-8.1,5.1,309,12.6
2024-01-22T02:00,-4.7,0.00,0.00,0.00,-8.3,3.6,315,12.6
2024-01-22T03:00,-4.2,0.00,0.00,0.00,-7.7,3.8,311,10.4
2024-01-22T04:00,-4.5,0.00,0.00,0.00,-8.3,5.2,304,11.5
2024-01-22T05:00,-4.7,0.00,0.00,0.00,-8.9,8.0,297,15.1
2024-01-22T06:00,-4.2,0.00,0.00,0.00,-8.5,8.0,297,15.8
2024-01-22T07:00,-4.1,0.00,0.00,0.00,-8.3,7.6,295,15.5
2024-01-22T08:00,-4.2,0.00,0.00,0.00,-8.1,5.6,297,14.0
2024-01-22T09:00,-4.4,0.00,0.00,0.00,-8.0,3.9,304,11.5
2024-01-22T10:00,-2.0,0.00,0.00,0.00,-5.0,2.0,315,9.0
2024-01-22T11:00,1.9,0.00,0.00,0.00,-0.9,1.5,135,7.6
2024-01-22T12:00,3.0,0.00,0.00,0.00,-0.0,2.7,113,10.4
2024-01-22T13:00,4.1,0.00,0.00,0.00,1.1,2.5,82,10.8
2024-01-22T14:00,4.2,0.00,0.00,0.00,1.1,3.6,84,11.2
2024-01-22T15:00,4.7,0.00,0.00,0.00,1.8,1.9,112,12.2
2024-01-22T16:00,4.8,0.00,0.00,0.00,1.8,1.9,68,8.6
2024-01-22T17:00,3.3,0.00,0.00,0.00,0.3,4.6,51,6.1
2024-01-22T18:00,1.2,0.00,0.00,0.00,-2.4,5.9,11,6.8
2024-01-22T19:00,0.5,0.00,0.00,0.00,-3.1,5.6,333,7.6
2024-01-22T20:00,1.3,0.00,0.00,0.00,-2.0,3.1,315,6.8
2024-01-22T21:00,1.7,0.00,0.00,0.00,-1.6,4.1,315,5.4
2024-01-22T22:00,1.9,0.00,0.00,0.00,-1.6,5.4,356,6.1
2024-01-22T23:00,1.3,0.00,0.00,0.00,-2.6,8.4,31,9.4
2024-01-23T00:00,1.2,0.00,0.00,0.00,-2.4,6.7,36,9.7
2024-01-23T01:00,0.9,0.00,0.00,0.00,-2.5,5.0,360,10.4
2024-01-23T02:00,-1.4,0.00,0.00,0.00,-5.4,8.3,5,11.2
2024-01-23T03:00,-0.6,0.00,0.00,0.00,-3.9,4.6,342,9.4
2024-01-23T04:00,-0.6,0.00,0.00,0.00,-3.9,5.1,352,9.7
2024-01-23T05:00,-1.3,0.00,0.00,0.00,-4.5,4.3,336,10.4
2024-01-23T06:00,-2.2,0.00,0.00,0.00,-5.2,2.3,321,9.4
2024-01-23T07:00,-2.3,0.00,0.00,0.00,-5.4,3.2,333,8.3
2024-01-23T08:00,-2.6,0.00,0.00,0.00,-5.9,4.1,322,10.4
2024-01-23T09:00,-2.7,0.00,0.00,0.00,-6.2,4.8,318,10.8
2024-01-23T10:00,-0.2,0.00,0.00,0.00,-3.6,6.1,320,12.2
2024-01-23T11:00,3.6,0.00,0.00,0.00,0.8,3.4,302,12.2
2024-01-23T12:00,6.3,0.00,0.00,0.00,3.9,1.0,225,9.4
2024-01-23T13:00,8.1,0.00,0.00,0.00,5.2,4.9,216,12.6
2024-01-23T14:00,9.3,0.00,0.00,0.00,6.4,5.3,208,13.7
2024-01-23T15:00,10.0,0.00,0.00,0.00,7.0,5.4,20,13.7
2024-01-23T16:00,9.8,0.00,0.00,0.00,6.6,7.4,313,14.8
2024-01-23T17:00,8.5,0.00,0.00,0.00,5.3,7.5,325,14.8
2024-01-23T18:00,5.7,0.00,0.00,0.00,2.1,8.8,348,13.7
2024-01-23T19:00,2.6,0.00,0.00,0.00,-0.4,4.1,285,10.4
2024-01-23T20:00,2.2,0.00,0.00,0.00,-0.9,4.5,346,9.4
2024-01-23T21:00,1.3,0.00,0.00,0.00,-1.7,3.2,333,10.4
2024-01-23T22:00,0.9,0.00,0.00,0.00,-2.0,2.6,304,7.6
2024-01-23T23:00,0.1,0.00,0.00,0.00,-3.2,4.6,309,11.5
2024-01-24T00:00,-0.9,0.00,0.00,0.00,-4.2,5.4,307,12.6
2024-01-24T01:00,-1.3,0.00,0.00,0.00,-4.9,6.9,309,14.4
2024-01-24T02:00,-1.1,0.00,0.00,0.00,-4.7,7.0,305,15.1
2024-01-24T03:00,-0.8,0.00,0.00,0.00,-4.0,5.0,300,13.3
2024-01-24T04:00,-0.5,0.00,0.00,0.00,-3.6,4.4,305,11.2
2024-01-24T05:00,-1.2,0.00,0.00,0.00,-4.0,2.6,304,10.4
2024-01-24T06:00,-1.4,0.00,0.00,0.00,-4.5,4.0,297,9.7
2024-01-24T07:00,-1.5,0.00,0.00,0.00,-4.4,3.1,306,10.1
2024-01-24T08:00,-1.6,0.00,0.00,0.00,-4.6,3.4,302,9.0
2024-01-24T09:00,-1.4,0.00,0.00,0.00,-4.4,2.6,304,9.0
2024-01-24T10:00,0.7,0.00,0.00,0.00,-2.2,3.4,328,8.6
2024-01-24T11:00,3.9,0.00,0.00,0.00,1.2,3.9,56,9.7
2024-01-24T12:00,5.2,0.00,0.00,0.00,2.5,3.7,101,12.2
2024-01-24T13:00,6.0,0.00,0.00,0.00,3.5,3.6,90,12.6
2024-01-24T14:00,6.8,0.00,0.00,0.00,4.4,3.0,104,12.2
2024-01-24T15:00,8.2,0.00,0.00,0.00,6.1,2.3,108,11.2
2024-01-24T16:00,7.7,0.00,0.00,0.00,5.7,2.2,171,10.1
2024-01-24T17:00,6.8,0.00,0.00,0.00,5.2,1.9,202,7.9
2024-01-24T18:00,6.4,0.00,0.00,0.00,4.3,2.5,262,4.0
2024-01-24T19:00,4.0,0.00,0.00,0.00,1.9,2.3,321,4.0
2024-01-24T20:00,3.3,0.00,0.00,0.00,1.1,2.3,309,4.0
2024-01-24T21:00,2.6,0.00,0.00,0.00,0.3,2.1,301,4.3
2024-01-24T22:00,1.4,0.00,0.00,0.00,-1.1,2.5,315,5.0
2024-01-24T23:00,2.0,0.00,0.00,0.00,-0.5,3.4,328,7.9
2024-01-25T00:00,1.1,0.00,0.00,0.00,-1.5,3.6,323,9.4
2024-01-25T01:00,0.3,0.00,0.00,0.00,-2.5,4.4,325,10.8
2024-01-25T02:00,0.1,0.00,0.00,0.00,-2.8,5.1,321,11.9
2024-01-25T03:00,0.9,0.00,0.00,0.00,-2.0,5.8,330,11.9
2024-01-25T04:00,1.3,0.00,0.00,0.00,-1.9,7.6,341,13.7
2024-01-25T05:00,1.4,0.00,0.00,0.00,-1.5,5.7,325,14.4
2024-01-25T06:00,1.0,0.00,0.00,0.00,-2.0,5.8,330,13.3
2024-01-25T07:00,0.4,0.00,0.00,0.00,-2.4,3.9,326,11.5
2024-01-25T08:00,0.1,0.00,0.00,0.00,-2.5,2.3,309,9.0
2024-01-25T09:00,0.8,0.00,0.00,0.00,-1.8,2.9,300,7.9
2024-01-25T10:00,3.0,0.00,0.00,0.00,0.2,5.5,302,10.8
2024-01-25T11:00,6.1,0.00,0.00,0.00,3.9,4.8,297,10.8
2024-01-25T12:00,8.8,0.00,0.00,0.00,7.1,2.2,270,10.4
2024-01-25T13:00,10.3,0.00,0.00,0.00,9.0,1.1,180,7.9
2024-01-25T14:00,11.6,0.00,0.00,0.00,10.2,2.9,180,10.4
2024-01-25T15:00,12.1,0.00,0.00,0.00,10.1,5.5,238,12.6
2024-01-25T16:00,12.2,0.00,0.00,0.00,10.2,6.3,246,13.3
2024-01-25T17:00,10.9,0.00,0.00,0.00,9.3,4.9,253,11.9
2024-01-25T18:00,7.9,0.00,0.00,0.00,5.7,6.5,267,11.2
2024-01-25T19:00,5.8,0.00,0.00,0.00,3.5,5.9,284,10.8
2024-01-25T20:00,5.1,0.00,0.00,0.00,2.9,4.8,283,10.1
2024-01-25T21:00,3.8,0.00,0.00,0.00,1.6,3.5,294,9.4
2024-01-25T22:00,2.7,0.00,0.00,0.00,0.7,1.0,315,7.6
2024-01-25T23:00,1.7,0.00,0.00,0.00,-1.2,6.5,3,7.9
2024-01-26T00:00,1.4,0.00,0.00,0.00,-1.6,6.7,344,9.4
2024-01-26T01:00,1.7,0.00,0.00,0.00,-0.8,2.9,330,8.6
2024-01-26T02:00,1.3,0.00,0.00,0.00,-1.4,4.4,325,10.4
2024-01-26T03:00,1.6,0.00,0.00,0.00,-1.3,5.2,326,10.4
2024-01-26T04:00,1.1,0.00,0.00,0.00,-1.7,5.0,330,11.5
2024-01-26T05:00,0.7,0.00,0.00,0.00,-1.8,2.5,315,10.8
2024-01-26T06:00,0.4,0.00,0.00,0.00,-2.5,4.2,301,9.7
2024-01-26T07:00,-0.2,0.00,0.00,0.00,-3.3,6.1,298,12.2
2024-01-26T08:00,-0.3,0.00,0.00,0.00,-3.6,6.8,302,13.3
2024-01-26T09:00,-0.3,0.00,0.00,0.00,-3.5,6.0,303,13.3
2024-01-26T10:00,2.7,0.00,0.00,0.00,-0.2,5.3,332,12.6
2024-01-26T11:00,5.9,0.00,0.00,0.00,3.9,1.8,90,11.2
2024-01-26T12:00,7.6,0.00,0.00,0.00,5.7,2.6,146,10.4
2024-01-26T13:00,9.0,0.00,0.00,0.00,7.3,3.6,174,12.2
2024-01-26T14:00,10.2,0.00,0.00,0.00,8.2,5.9,194,16.2
2024-01-26T15:00,9.9,0.00,0.00,0.00,7.4,6.9,231,17.3
2024-01-26T16:00,10.0,0.00,0.00,0.00,7.8,5.2,258,17.3
2024-01-26T17:00,9.1,0.00,0.00,0.00,7.2,4.1,225,11.9
2024-01-26T18:00,6.6,0.00,0.00,0.00,4.2,6.4,243,12.6
2024-01-26T19:00,6.0,0.00,0.00,0.00,3.8,5.6,285,11.5
2024-01-26T20:00,5.0,0.00,0.00,0.00,2.6,6.2,280,9.7
2024-01-26T21:00,4.9,0.00,0.00,0.00,2.3,7.0,282,10.1
2024-01-26T22:00,5.9,0.00,0.00,0.00,4.0,2.7,337,8.6
2024-01-26T23:00,6.4,0.00,0.00,0.00,4.5,3.1,339,5.4
2024-01-27T00:00,4.1,0.00,0.00,0.00,2.1,2.3,309,4.3
2024-01-27T01:00,2.3,0.00,0.00,0.00,0.2,2.3,309,3.6
2024-01-27T02:00,2.7,0.00,0.00,0.00,0.6,2.3,309,6.1
2024-01-27T03:00,3.4,0.00,0.00,0.00,1.1,3.8,287,7.9
2024-01-27T04:00,2.2,0.00,0.00,0.00,-0.4,4.9,324,6.5
2024-01-27T05:00,2.2,0.00,0.00,0.00,-0.3,3.5,294,7.2
2024-01-27T06:00,1.7,0.00,0.00,0.00,-0.9,4.0,280,7.9
2024-01-27T07:00,1.2,0.00,0.00,0.00,-1.5,4.6,288,9.0
2024-01-27T08:00,1.0,0.00,0.00,0.00,-1.7,3.6,307,8.6
2024-01-27T09:00,0.9,0.00,0.00,0.00,-1.8,3.6,323,7.6
2024-01-27T10:00,2.8,0.00,0.00,0.00,0.1,4.7,337,10.1
2024-01-27T11:00,5.1,0.00,0.00,0.00,3.0,1.9,68,9.7
2024-01-27T12:00,6.9,0.00,0.00,0.00,4.8,3.1,111,10.1
2024-01-27T13:00,8.0,0.00,0.00,0.00,6.0,4.3,90,13.7
2024-01-27T14:00,9.6,0.00,0.00,0.00,7.6,6.0,65,15.5
2024-01-27T15:00,8.7,0.00,0.00,0.00,7.4,1.1,198,11.5
2024-01-27T16:00,9.3,0.00,0.00,0.00,8.2,0.4,270,9.4
2024-01-27T17:00,9.0,0.00,0.00,0.00,7.8,2.9,7,6.8
2024-01-27T18:00,7.5,0.00,0.00,0.00,5.4,5.4,360,6.8
2024-01-27T19:00,5.3,0.00,0.00,0.00,2.8,5.9,346,7.6
2024-01-27T20:00,4.8,0.00,0.00,0.00,2.5,4.5,331,8.6
2024-01-27T21:00,4.0,0.00,0.00,0.00,1.9,2.8,320,8.6
2024-01-27T22:00,2.6,0.00,0.00,0.00,0.3,2.8,320,8.3
2024-01-27T23:00,1.9,0.00,0.00,0.00,-0.7,4.0,333,10.1
2024-01-28T00:00,1.4,0.00,0.00,0.00,-1.3,4.7,328,11.5
2024-01-28T01:00,0.7,0.00,0.00,0.00,-2.3,6.0,303,13.0
2024-01-28T02:00,-0.2,0.00,0.00,0.00,-3.4,6.5,304,14.4
2024-01-28T03:00,0.5,0.00,0.00,0.00,-2.7,6.6,311,13.7
2024-01-28T04:00,-0.2,0.00,0.00,0.00,-3.3,5.8,300,13.3
2024-01-28T05:00,-0.4,0.00,0.00,0.00,-3.7,6.7,306,13.3
2024-01-28T06:00,-0.4,0.00,0.00,0.00,-3.9,6.9,309,14.4
2024-01-28T07:00,-1.0,0.00,0.00,0.00,-4.2,4.6,309,13.7
2024-01-28T08:00,-1.0,0.00,0.00,0.00,-4.2,4.6,315,10.1
2024-01-28T09:00,-0.9,0.00,0.00,0.00,-4.1,4.6,315,10.4
2024-01-28T10:00,1.8,0.00,0.00,0.00,-1.1,4.3,312,10.4
2024-01-28T11:00,4.6,0.00,0.00,0.00,2.5,0.8,207,9.7
2024-01-28T12:00,6.2,0.00,0.00,0.00,3.7,3.2,153,11.5
2024-01-28T13:00,7.2,0.00,0.00,0.00,4.9,2.5,172,11.5
2024-01-28T14:00,8.4,0.00,0.00,0.00,6.1,3.3,186,11.9
2024-01-28T15:00,9.5,0.00,0.00,0.00,7.3,5.2,196,15.8
2024-01-28T16:00,9.3,0.00,0.00,0.00,7.2,4.8,193,14.4
2024-01-28T17:00,8.2,0.00,0.00,0.00,6.7,2.6,196,12.2
2024-01-28T18:00,5.9,0.00,0.00,0.00,3.6,5.7,235,6.8
2024-01-28T19:00,3.9,0.00,0.00,0.00,1.4,5.5,281,7.2
2024-01-28T20:00,2.7,0.00,0.00,0.00,0.1,4.9,306,7.2
2024-01-28T21:00,2.0,0.00,0.00,0.00,-0.5,4.1,308,6.5
2024-01-28T22:00,1.4,0.00,0.00,0.00,-1.3,4.4,305,6.1
2024-01-28T23:00,1.7,0.00,0.00,0.00,-0.6,2.3,309,6.8
2024-01-29T00:00,0.6,0.00,0.00,0.00,-1.8,2.6,304,7.9
2024-01-29T01:00,-0.3,0.00,0.00,0.00,-2.9,3.1,306,8.6
2024-01-29T02:00,-0.3,0.00,0.00,0.00,-2.9,3.1,306,9.0
2024-01-29T03:00,-0.5,0.00,0.00,0.00,-3.4,4.4,305,10.1
2024-01-29T04:00,-0.8,0.00,0.00,0.00,-4.0,6.5,304,12.2
2024-01-29T05:00,-0.8,0.00,0.00,0.00,-4.1,6.8,302,13.3
2024-01-29T06:00,-0.9,0.00,0.00,0.00,-4.3,6.2,306,13.0
2024-01-29T07:00,-1.1,0.00,0.00,0.00,-4.5,6.0,303,12.6
2024-01-29T08:00,-1.8,0.00,0.00,0.00,-5.2,5.5,293,11.9
2024-01-29T09:00,-2.1,0.00,0.00,0.00,-5.3,4.3,294,11.5
2024-01-29T10:00,-0.1,0.00,0.00,0.00,-2.9,3.4,288,10.1
2024-01-29T11:00,3.1,0.00,0.00,0.00,0.8,0.0,270,9.4
2024-01-29T12:00,4.7,0.00,0.00,0.00,2.2,2.1,121,9.7
2024-01-29T13:00,7.0,0.00,0.00,0.00,4.7,2.3,162,10.8
2024-01-29T14:00,8.3,0.00,0.00,0.00,6.0,3.6,186,12.6
2024-01-29T15:00,8.7,0.00,0.00,0.00,6.3,5.7,198,16.2
2024-01-29T16:00,8.6,0.00,0.00,0.00,6.5,4.2,200,15.1
2024-01-29T17:00,7.7,0.00,0.00,0.00,5.9,2.9,210,11.9
2024-01-29T18:00,3.8,0.00,0.00,0.00,0.9,7.4,241,9.0
2024-01-29T19:00,2.0,0.00,0.00,0.00,-1.1,7.3,279,10.4
2024-01-29T20:00,1.6,0.00,0.00,0.00,-1.3,6.0,287,10.1
2024-01-29T21:00,0.9,0.00,0.00,0.00,-2.3,7.0,291,10.1
2024-01-29T22:00,0.6,0.00,0.00,0.00,-2.5,5.6,297,9.4
2024-01-29T23:00,0.4,0.00,0.00,0.00,-2.4,3.4,302,7.6
2024-01-30T00:00,0.1,0.00,0.00,0.00,-2.6,2.8,320,5.4
2024-01-30T01:00,0.1,0.00,0.00,0.00,-3.0,4.6,342,6.1
2024-01-30T02:00,-0.5,0.00,0.00,0.00,-3.7,5.0,339,6.8
2024-01-30T03:00,-1.3,0.00,0.00,0.00,-4.3,4.1,315,10.8
2024-01-30T04:00,-1.8,0.00,0.00,0.00,-5.1,5.8,300,12.6
2024-01-30T05:00,-2.0,0.00,0.00,0.00,-5.0,3.7,299,13.0
2024-01-30T06:00,-2.3,0.00,0.00,0.00,-5.2,2.0,315,9.0
2024-01-30T07:00,-2.3,0.00,0.00,0.00,-5.2,2.6,326,7.9
2024-01-30T08:00,-2.4,0.00,0.00,0.00,-5.2,2.3,321,7.9
2024-01-30T09:00,-2.4,0.00,0.00,0.00,-5.1,1.5,315,7.6
2024-01-30T10:00,0.1,0.00,0.00,0.00,-2.5,2.1,301,7.9
2024-01-30T11:00,4.1,0.00,0.00,0.00,1.8,1.8,233,8.3
2024-01-30T12:00,6.3,0.00,0.00,0.00,4.0,3.2,180,10.8
2024-01-30T13:00,7.9,0.00,0.00,0.00,5.6,4.3,175,13.3
2024-01-30T14:00,9.0,0.00,0.00,0.00,6.9,4.3,175,14.0
2024-01-30T15:00,9.7,0.00,0.00,0.00,7.5,5.4,200,16.9
2024-01-30T16:00,9.8,0.00,0.00,0.00,7.6,4.4,215,14.8
2024-01-30T17:00,8.8,0.00,0.00,0.00,7.3,2.6,214,11.2
2024-01-30T18:00,4.7,0.00,0.00,0.00,1.8,8.2,247,9.7
2024-01-30T19:00,3.3,0.00,0.00,0.00,0.4,6.9,279,10.8
2024-01-30T20:00,2.6,0.00,0.00,0.00,-0.4,6.5,289,10.8
2024-01-30T21:00,2.5,0.00,0.00,0.00,-0.3,5.0,291,9.4
2024-01-30T22:00,3.3,0.00,0.00,0.00,0.9,2.9,300,6.5
2024-01-30T23:00,3.9,0.00,0.00,0.00,1.3,3.6,315,4.7
2024-01-31T00:00,3.0,0.00,0.00,0.00,0.2,4.5,331,6.1
2024-01-31T01:00,2.0,0.00,0.00,0.00,-1.1,5.2,348,6.8
2024-01-31T02:00,0.8,0.00,0.00,0.00,-2.3,4.5,346,6.8
2024-01-31T03:00,-0.1,0.00,0.00,0.00,-2.8,2.1,329,6.1
2024-01-31T04:00,-0.1,0.00,0.00,0.00,-2.8,2.3,321,7.6
2024-01-31T05:00,-0.2,0.00,0.00,0.00,-2.9,2.6,304,8.6
2024-01-31T06:00,0.1,0.00,0.00,0.00,-2.6,2.3,309,7.9
2024-01-31T07:00,-0.7,0.00,0.00,0.00,-3.3,1.8,307,7.2
2024-01-31T08:00,-1.5,0.00,0.00,0.00,-4.3,2.3,309,7.2
2024-01-31T09:00,-1.5,0.00,0.00,0.00,-4.3,2.5,315,7.6
2024-01-31T10:00,1.2,0.00,0.00,0.00,-1.5,2.6,326,8.3
2024-01-31T11:00,4.5,0.00,0.00,0.00,2.4,1.0,135,7.9
2024-01-31T12:00,6.0,0.00,0.00,0.00,3.7,3.2,153,11.5
2024-01-31T13:00,7.5,0.00,0.00,0.00,5.4,3.8,163,13.0
2024-01-31T14:00,8.5,0.00,0.00,0.00,6.6,3.4,162,13.3
2024-01-31T15:00,8.4,0.00,0.00,0.00,6.0,4.4,171,13.7
2024-01-31T16:00,8.7,0.00,0.00,0.00,6.7,3.2,207,11.9
2024-01-31T17:00,7.7,0.00,0.00,0.00,5.8,5.2,236,8.6
2024-01-31T18:00,4.3,0.00,0.00,0.00,1.3,8.4,245,9.7
2024-01-31T19:00,3.4,0.00,0.00,0.00,0.5,6.9,276,10.1
2024-01-31T20:00,2.2,0.00,0.00,0.00,-1.0,8.0,280,10.1
2024-01-31T21:00,2.2,0.00,0.00,0.00,-1.0,8.0,275,10.1
2024-01-31T22:00,1.3,0.00,0.00,0.00,-2.0,7.4,284,10.8
2024-01-31T23:00,0.9,0.00,0.00,0.00,-2.2,6.0,287,10.4
2024-02-01T00:00,0.9,0.00,0.00,0.00,-2.1,5.0,291,9.7
2024-02-01T01:00,-0.1,0.00,0.00,0.00,-3.2,5.0,300,11.2
2024-02-01T02:00,-1.0,0.00,0.00,0.00,-3.9,3.4,302,11.2
2024-02-01T03:00,-1.5,0.00,0.00,0.00,-4.6,4.1,308,13.3
2024-02-01T04:00,-2.0,0.00,0.00,0.00,-5.1,4.1,308,10.8
2024-02-01T05:00,-2.5,0.00,0.00,0.00,-5.5,3.4,302,11.2
2024-02-01T06:00,-2.7,0.00,0.00,0.00,-5.8,3.3,311,10.1
2024-02-01T07:00,-2.7,0.00,0.00,0.00,-5.8,3.1,324,9.7
2024-02-01T08:00,-2.3,0.00,0.00,0.00,-5.5,3.5,336,9.0
2024-02-01T09:00,-1.7,0.00,0.00,0.00,-4.9,4.2,340,9.4
2024-02-01T10:00,1.0,0.00,0.00,0.00,-1.9,3.9,326,9.0
2024-02-01T11:00,4.1,0.00,0.00,0.00,1.8,2.1,329,9.0
2024-02-01T12:00,5.8,0.00,0.00,0.00,3.3,1.8,169,7.9
2024-02-01T13:00,6.6,0.00,0.00,0.00,4.4,2.1,149,10.4
2024-02-01T14:00,6.6,0.00,0.00,0.00,4.5,1.8,127,9.7
2024-02-01T15:00,5.7,0.00,0.00,0.00,3.4,3.1,225,6.5
2024-02-01T16:00,5.9,0.10,0.00,0.10,3.5,5.1,278,10.1
2024-02-01T17:00,5.9,0.00,0.00,0.00,3.6,4.7,261,9.7
2024-02-01T18:00,4.1,0.00,0.00,0.00,1.6,5.8,270,10.1
2024-02-01T19:00,2.7,0.00,0.00,0.00,-0.0,5.2,282,7.9
2024-02-01T20:00,4.2,0.00,0.00,0.00,2.0,2.3,288,6.5
2024-02-01T21:00,4.9,0.00,0.00,0.00,2.6,3.1,339,4.3
2024-02-01T22:00,1.7,0.00,0.00,0.00,-1.1,3.8,319,5.4
2024-02-01T23:00,0.7,0.00,0.00,0.00,-2.0,2.6,304,6.5
2024-02-02T00:00,-0.1,0.00,0.00,0.00,-2.9,3.4,302,9.0
2024-02-02T01:00,-1.4,0.00,0.00,0.00,-4.6,5.8,300,12.6
2024-02-02T02:00,-1.0,0.00,0.00,0.00,-4.3,6.2,291,13.7
2024-02-02T03:00,-1.0,0.00,0.00,0.00,-4.0,4.1,322,16.9
2024-02-02T04:00,-0.2,0.00,0.00,0.00,-3.1,3.6,323,8.6
2024-02-02T05:00,0.3,0.00,0.00,0.00,-2.7,4.1,315,9.4
2024-02-02T06:00,0.4,0.00,0.00,0.00,-2.8,5.6,310,11.9
2024-02-02T07:00,0.2,0.00,0.00,0.00,-2.9,5.0,300,12.6
2024-02-02T08:00,-0.6,0.00,0.00,0.00,-3.6,4.4,305,10.8
2024-02-02T09:00,-0.9,0.00,0.00,0.00,-3.9,4.2,301,10.4
2024-02-02T10:00,1.8,0.00,0.00,0.00,-1.1,5.1,309,11.2
2024-02-02T11:00,6.3,0.00,0.00,0.00,4.1,3.1,315,11.2
2024-02-02T12:00,8.4,0.00,0.00,0.00,6.4,3.4,122,10.4
2024-02-02T13:00,9.3,0.00,0.00,0.00,7.2,4.7,122,14.4
2024-02-02T14:00,10.0,0.00,0.00,0.00,7.9,4.5,119,14.0
2024-02-02T15:00,10.0,0.00,0.00,0.00,7.4,4.6,45,14.8
2024-02-02T16:00,10.1,0.00,0.00,0.00,7.6,4.0,27,13.3
2024-02-02T17:00,9.2,0.00,0.00,0.00,7.3,2.9,360,9.7
2024-02-02T18:00,6.4,0.00,0.00,0.00,3.7,6.1,332,7.6
2024-02-02T19:00,6.9,0.00,0.00,0.00,4.2,4.4,351,7.6
2024-02-02T20:00,9.2,0.00,0.00,0.00,6.7,1.9,338,5.8
2024-02-02T21:00,5.1,0.00,0.00,0.00,2.3,4.7,279,5.4
2024-02-02T22:00,3.4,0.00,0.00,0.00,0.4,5.8,292,9.0
2024-02-02T23:00,2.4,0.00,0.00,0.00,-0.2,3.2,297,9.0
2024-02-03T00:00,1.5,0.00,0.00,0.00,-1.0,2.6,304,8.3
2024-02-03T01:00,0.8,0.00,0.00,0.00,-1.6,1.0,315,7.9
2024-02-03T02:00,0.4,0.00,0.00,0.00,-2.2,2.1,329,5.4
2024-02-03T03:00,1.3,0.00,0.00,0.00,-1.4,2.3,309,7.2
2024-02-03T04:00,0.7,0.00,0.00,0.00,-2.2,3.5,294,8.6
2024-02-03T05:00,-0.2,0.00,0.00,0.00,-3.4,5.7,288,12.2
2024-02-03T06:00,-0.9,0.00,0.00,0.00,-3.6,2.3,309,11.9
2024-02-03T07:00,-1.2,0.00,0.00,0.00,-3.7,1.3,304,7.9
2024-02-03T08:00,-1.4,0.00,0.00,0.00,-3.9,0.8,333,5.8
2024-02-03T09:00,-0.6,0.00,0.00,0.00,-3.4,3.0,346,6.8
2024-02-03T10:00,1.9,0.00,0.00,0.00,-0.8,3.3,347,8.6
2024-02-03T11:00,4.9,0.00,0.00,0.00,2.6,2.5,45,9.4
2024-02-03T12:00,7.2,0.00,0.00,0.00,5.2,1.8,101,10.1
2024-02-03T13:00,8.8,0.00,0.00,0.00,6.8,2.4,117,11.2
2024-02-03T14:00,9.9,0.00,0.00,0.00,7.7,3.0,104,11.5
2024-02-03T15:00,10.2,0.00,0.00,0.00,8.0,2.5,98,15.5
2024-02-03T16:00,10.7,0.00,0.00,0.00,8.7,1.1,108,10.1
2024-02-03T17:00,10.0,0.00,0.00,0.00,8.4,2.2,99,6.8
2024-02-03T18:00,9.5,0.00,0.00,0.00,7.5,2.0,135,4.7
2024-02-03T19:00,8.2,0.00,0.00,0.00,6.2,2.5,8,3.6
2024-02-03T20:00,5.8,0.00,0.00,0.00,3.5,3.6,354,5.0
2024-02-03T21:00,4.7,0.00,0.00,0.00,2.4,3.1,339,5.0
2024-02-03T22:00,4.4,0.00,0.00,0.00,1.9,4.7,9,6.1
2024-02-03T23:00,3.9,0.00,0.00,0.00,1.2,5.5,11,7.2
2024-02-04T00:00,3.9,0.00,0.00,0.00,1.3,5.4,8,7.2
2024-02-04T01:00,3.8,0.00,0.00,0.00,1.4,3.7,331,6.8
2024-02-04T02:00,2.4,0.00,0.00,0.00,-0.2,4.4,325,6.1
2024-02-04T03:00,3.4,0.00,0.00,0.00,0.9,4.7,302,8.3
2024-02-04T04:00,3.2,0.00,0.00,0.00,0.7,4.1,308,9.0
2024-02-04T05:00,1.0,0.00,0.00,0.00,-1.4,2.0,315,9.0
2024-02-04T06:00,0.4,0.00,0.00,0.00,-2.2,2.0,315,6.5
2024-02-04T07:00,0.3,0.00,0.00,0.00,-2.3,2.0,315,6.5
2024-02-04T08:00,0.4,0.00,0.00,0.00,-2.3,2.5,315,7.6
2024-02-04T09:00,0.1,0.00,0.00,0.00,-2.8,3.8,311,10.1
2024-02-04T10:00,2.8,0.00,0.00,0.00,0.1,4.2,301,10.4
2024-02-04T11:00,6.4,0.00,0.00,0.00,4.5,2.2,261,10.1
2024-02-04T12:00,8.5,0.00,0.00,0.00,6.6,2.6,164,10.4
2024-02-04T13:00,9.7,0.00,0.00,0.00,7.8,3.6,135,12.6
2024-02-04T14:00,10.3,0.00,0.00,0.00,8.3,4.7,122,14.0
2024-02-04T15:00,10.0,0.00,0.00,0.00,7.9,4.8,77,15.5
2024-02-04T16:00,10.2,0.00,0.00,0.00,8.3,3.3,77,13.7
2024-02-04T17:00,9.6,0.00,0.00,0.00,7.6,4.5,76,10.4
2024-02-04T18:00,7.7,0.00,0.00,0.00,5.4,6.5,71,8.3
2024-02-04T19:00,8.4,0.00,0.00,0.00,6.9,1.1,270,7.6
2024-02-04T20:00,6.3,0.00,0.00,0.00,4.5,1.8,307,2.9
2024-02-04T21:00,3.0,0.00,0.00,0.00,0.4,4.8,318,6.8
2024-02-04T22:00,2.8,0.00,0.00,0.00,0.4,2.8,320,7.6
2024-02-04T23:00,2.3,0.00,0.00,0.00,-0.0,2.3,321,7.2
2024-02-05T00:00,2.0,0.00,0.00,0.00,-0.4,3.1,315,8.3
2024-02-05T01:00,1.1,0.00,0.00,0.00,-1.4,3.1,315,9.0
2024-02-05T02:00,0.4,0.00,0.00,0.00,-2.1,2.7,337,8.6
2024-02-05T03:00,3.0,0.00,0.00,0.00,0.5,4.2,340,8.3
2024-02-05T04:00,2.7,0.00,0.00,0.00,0.2,4.8,347,9.0
2024-02-05T05:00,1.7,0.00,0.00,0.00,-0.8,3.9,326,9.0
2024-02-05T06:00,1.4,0.00,0.00,0.00,-1.0,3.1,339,7.9
2024-02-05T07:00,1.4,0.00,0.00,0.00,-1.3,4.0,355,7.9
2024-02-05T08:00,1.0,0.00,0.00,0.00,-1.6,3.2,360,8.3
2024-02-05T09:00,1.3,0.00,0.00,0.00,-1.4,4.3,360,8.6
2024-02-05T10:00,3.5,0.00,0.00,0.00,1.2,4.2,340,10.1
2024-02-05T11:00,6.6,0.00,0.00,0.00,4.7,4.3,48,10.8
2024-02-05T12:00,7.6,0.00,0.00,0.00,5.6,6.2,69,15.8
2024-02-05T13:00,8.3,0.00,0.00,0.00,6.4,6.7,74,17.3
2024-02-05T14:00,9.0,0.00,0.00,0.00,7.2,6.8,90,17.6
2024-02-05T15:00,10.3,0.00,0.00,0.00,8.6,7.2,87,22.3
2024-02-05T16:00,10.5,0.00,0.00,0.00,9.1,4.7,86,18.0
2024-02-05T17:00,10.1,0.00,0.00,0.00,8.8,4.0,63,13.0
2024-02-05T18:00,8.6,0.00,0.00,0.00,7.2,4.2,20,8.6
2024-02-05T19:00,6.9,0.00,0.00,0.00,5.4,3.1,339,5.4
2024-02-05T20:00,5.8,0.00,0.00,0.00,3.9,4.1,322,5.4
2024-02-05T21:00,5.9,0.00,0.00,0.00,3.7,5.4,340,6.8
2024-02-05T22:00,4.7,0.00,0.00,0.00,2.1,8.0,10,9.7
2024-02-05T23:00,4.9,0.00,0.00,0.00,2.6,5.6,27,10.1
2024-02-06T00:00,5.2,0.00,0.00,0.00,3.0,5.6,15,10.4
2024-02-06T01:00,6.0,0.00,0.00,0.00,4.0,5.8,7,11.2
2024-02-06T02:00,5.9,0.00,0.00,0.00,4.0,5.4,360,10.4
2024-02-06T03:00,3.5,0.00,0.00,0.00,1.1,5.2,344,8.3
2024-02-06T04:00,3.4,0.00,0.00,0.00,1.3,3.7,349,6.8
2024-02-06T05:00,2.7,0.00,0.00,0.00,0.5,3.1,324,5.0
2024-02-06T06:00,3.5,0.00,0.00,0.00,1.2,3.6,307,7.6
2024-02-06T07:00,2.9,0.00,0.00,0.00,0.2,6.2,306,11.5
2024-02-06T08:00,2.9,0.00,0.00,0.00,0.3,6.0,303,12.2
2024-02-06T09:00,2.8,0.00,0.00,0.00,0.1,6.3,301,11.9
2024-02-06T10:00,5.6,0.00,0.00,0.00,3.1,7.1,285,13.7
2024-02-06T11:00,7.3,0.00,0.00,0.00,5.3,5.6,255,13.0
2024-02-06T12:00,8.0,0.00,0.00,0.00,6.1,5.8,240,13.7
2024-02-06T13:00,9.1,0.00,0.00,0.00,7.1,7.9,246,18.0
2024-02-06T14:00,9.3,0.00,0.00,0.00,7.2,8.3,236,19.1
2024-02-06T15:00,9.9,0.00,0.00,0.00,8.2,6.9,219,17.6
2024-02-06T16:00,9.9,0.00,0.00,0.00,8.0,6.9,219,16.9
2024-02-06T17:00,9.5,0.00,0.00,0.00,7.5,7.9,227,16.6
2024-02-06T18:00,8.5,0.00,0.00,0.00,7.2,3.3,257,16.6
2024-02-06T19:00,8.4,0.00,0.00,0.00,7.3,1.5,45,5.8
2024-02-06T20:00,7.5,0.00,0.00,0.00,5.7,6.0,107,6.8
2024-02-06T21:00,8.0,0.00,0.00,0.00,6.6,3.6,90,7.2
2024-02-06T22:00,7.2,0.00,0.00,0.00,5.7,4.2,20,4.3
2024-02-06T23:00,7.3,0.10,0.00,0.10,5.7,4.8,42,6.1
2024-02-07T00:00,7.3,0.10,0.00,0.10,5.8,4.3,48,6.1
2024-02-07T01:00,7.3,0.10,0.00,0.10,5.9,3.8,41,6.1
2024-02-07T02:00,7.0,0.00,0.00,0.00,5.4,4.7,32,6.1
2024-02-07T03:00,7.6,0.00,0.00,0.00,6.0,5.0,60,7.2
2024-02-07T04:00,8.1,0.00,0.00,0.00,7.0,1.5,194,5.8
2024-02-07T05:00,8.1,0.00,0.00,0.00,6.8,2.2,180,2.5
2024-02-07T06:00,8.0,0.00,0.00,0.00,6.8,1.5,315,2.9
2024-02-07T07:00,7.2,0.00,0.00,0.00,6.0,1.5,225,2.2
2024-02-07T08:00,6.6,0.00,0.00,0.00,5.4,1.5,256,2.9
2024-02-07T09:00,7.2,0.00,0.00,0.00,6.1,0.8,297,2.5
2024-02-07T10:00,7.4,0.00,0.00,0.00,6.3,1.1,252,5.0
2024-02-07T11:00,8.2,0.00,0.00,0.00,7.3,0.5,225,6.1
2024-02-07T12:00,9.0,0.00,0.00,0.00,7.9,1.9,112,8.3
2024-02-07T13:00,9.4,0.00,0.00,0.00,7.9,5.0,90,13.0
2024-02-07T14:00,9.7,0.00,0.00,0.00,8.2,5.2,106,14.4
2024-02-07T15:00,10.8,0.00,0.00,0.00,9.2,6.2,144,16.6
2024-02-07T16:00,10.6,0.00,0.00,0.00,9.1,5.0,150,16.2
2024-02-07T17:00,10.3,0.00,0.00,0.00,8.8,4.5,151,12.6
2024-02-07T18:00,8.8,0.00,0.00,0.00,7.4,5.0,150,10.1
2024-02-07T19:00,8.1,0.00,0.00,0.00,6.8,4.0,100,6.1
2024-02-07T20:00,8.3,0.00,0.00,0.00,7.1,3.9,56,5.4
2024-02-07T21:00,8.0,0.00,0.00,0.00,6.4,5.4,48,6.5
2024-02-07T22:00,8.0,0.00,0.00,0.00,6.6,3.9,112,5.8
2024-02-07T23:00,7.8,0.00,0.00,0.00,6.4,3.9,112,4.3
2024-02-08T00:00,7.7,0.00,0.00,0.00,6.4,3.3,77,5.4
2024-02-08T01:00,7.6,0.00,0.00,0.00,6.0,5.1,39,8.3
2024-02-08T02:00,7.6,0.00,0.00,0.00,5.8,6.1,28,11.9
2024-02-08T03:00,6.2,0.00,0.00,0.00,4.6,3.6,315,5.4
2024-02-08T04:00,6.6,0.00,0.00,0.00,5.2,2.7,293,5.4
2024-02-08T05:00,6.7,0.00,0.00,0.00,5.3,3.1,291,6.1
2024-02-08T06:00,6.5,0.00,0.00,0.00,5.0,3.2,270,5.8
2024-02-08T07:00,6.6,0.00,0.00,0.00,5.5,1.5,14,4.3
2024-02-08T08:00,6.7,0.00,0.00,0.00,5.2,4.1,75,6.8
2024-02-08T09:00,6.8,0.00,0.00,0.00,5.0,5.5,58,9.7
2024-02-08T10:00,7.0,0.00,0.00,0.00,5.0,6.6,49,13.3
2024-02-08T11:00,7.5,0.00,0.00,0.00,5.4,8.1,45,16.6
2024-02-08T12:00,8.2,0.00,0.00,0.00,6.1,7.9,66,17.3
2024-02-08T13:00,8.7,0.00,0.00,0.00,6.8,6.6,68,17.3
2024-02-08T14:00,9.0,0.00,0.00,0.00,7.1,6.9,81,16.2
2024-02-08T15:00,10.9,0.00,0.00,0.00,9.2,5.4,98,14.4
2024-02-08T16:00,10.7,0.00,0.00,0.00,9.0,5.8,86,15.1
2024-02-08T17:00,10.4,0.00,0.00,0.00,8.8,5.4,94,14.4
2024-02-08T18:00,9.5,0.00,0.00,0.00,8.0,5.4,82,12.6
2024-02-08T19:00,7.7,0.00,0.00,0.00,6.0,6.1,40,10.4
2024-02-08T20:00,7.4,0.00,0.00,0.00,5.6,5.8,4,10.8
2024-02-08T21:00,6.6,0.00,0.00,0.00,4.9,4.3,355,10.1
2024-02-08T22:00,7.3,0.00,0.00,0.00,5.6,4.3,5,8.6
2024-02-08T23:00,7.6,0.00,0.00,0.00,5.8,5.1,8,9.0
2024-02-09T00:00,7.6,0.00,0.00,0.00,5.8,4.9,17,8.6
2024-02-09T01:00,7.6,0.00,0.00,0.00,6.1,3.2,360,8.3
2024-02-09T02:00,7.6,0.10,0.00,0.10,6.2,2.5,8,5.0
2024-02-09T03:00,7.7,0.20,0.00,0.20,6.2,3.1,306,6.5
2024-02-09T04:00,7.5,0.20,0.00,0.20,6.3,1.9,338,6.1
2024-02-09T05:00,7.5,0.10,0.00,0.10,6.3,2.0,315,4.0
2024-02-09T06:00,7.4,0.00,0.00,0.00,6.1,2.4,333,4.3
2024-02-09T07:00,7.5,0.20,0.00,0.20,5.9,4.3,355,7.6
2024-02-09T08:00,7.3,0.50,0.00,0.50,5.9,3.0,14,7.6
2024-02-09T09:00,7.3,0.60,0.00,0.60,5.7,4.3,24,6.5
2024-02-09T10:00,7.7,0.50,0.00,0.50,6.2,4.7,9,7.9
2024-02-09T11:00,8.4,0.40,0.00,0.40,7.1,4.2,20,9.7
2024-02-09T12:00,8.8,0.60,0.00,0.60,7.7,3.4,18,9.4
2024-02-09T13:00,9.1,0.70,0.00,0.70,7.9,4.3,48,9.4
2024-02-09T14:00,10.0,0.50,0.00,0.50,8.9,5.2,56,12.6
2024-02-09T15:00,9.5,0.70,0.00,0.70,8.4,4.8,42,10.4
2024-02-09T16:00,9.5,0.80,0.00,0.80,8.2,6.4,43,21.2
2024-02-09T17:00,9.1,1.20,0.00,1.20,7.5,7.9,24,23.0
2024-02-09T18:00,8.9,1.60,0.00,1.60,7.2,7.1,41,24.8
2024-02-09T19:00,8.5,0.80,0.00,0.80,6.7,8.7,48,24.8
2024-02-09T20:00,8.5,1.50,0.00,1.50,6.4,11.2,21,30.6
2024-02-09T21:00,8.5,1.50,0.00,1.50,6.7,8.1,45,31.0
2024-02-09T22:00,8.4,1.30,0.00,1.30,6.6,7.6,65,27.4
2024-02-09T23:00,8.4,1.20,0.00,1.20,6.8,6.3,59,24.8
2024-02-10T00:00,8.3,1.40,0.00,1.40,6.5,6.6,49,19.4
2024-02-10T01:00,8.1,1.10,0.00,1.10,6.1,8.9,43,24.1
2024-02-10T02:00,8.3,0.10,0.00,0.10,6.4,8.4,43,15.5
2024-02-10T03:00,8.9,0.20,0.00,0.20,7.4,6.5,19,11.2
2024-02-10T04:00,8.9,0.30,0.00,0.30,7.3,7.4,29,12.6
2024-02-10T05:00,8.9,0.50,0.00,0.50,7.3,7.5,35,12.6
2024-02-10T06:00,8.7,0.20,0.00,0.20,6.9,8.7,42,14.4
2024-02-10T07:00,9.0,0.50,0.00,0.50,7.1,9.2,26,16.6
2024-02-10T08:00,9.2,1.00,0.00,1.00,7.3,9.4,18,16.9
2024-02-10T09:00,9.5,0.10,0.00,0.10,7.5,10.0,41,16.6
2024-02-10T10:00,9.7,0.20,0.00,0.20,7.7,10.6,35,18.4
2024-02-10T11:00,10.1,0.50,0.00,0.50,8.0,11.7,34,20.9
2024-02-10T12:00,10.5,0.70,0.00,0.70,8.3,13.0,44,22.7
2024-02-10T13:00,10.6,0.30,0.00,0.30,8.3,14.1,58,25.9
2024-02-10T14:00,10.9,0.40,0.00,0.40,8.6,14.2,66,25.9
2024-02-10T15:00,10.8,1.00,0.00,1.00,8.9,12.7,47,23.0
2024-02-10T16:00,10.8,1.30,0.00,1.30,9.1,11.1,54,22.3
2024-02-10T17:00,10.5,1.80,0.00,1.80,8.6,12.2,66,25.6
2024-02-10T18:00,10.2,0.90,0.00,0.90,8.1,13.1,53,26.3
2024-02-10T19:00,9.9,0.40,0.00,0.40,8.0,11.7,43,23.4
2024-02-10T20:00,9.8,0.50,0.00,0.50,8.0,9.6,56,20.5
2024-02-10T21:00,9.7,0.90,0.00,0.90,7.7,10.9,56,20.5
2024-02-10T22:00,9.6,0.60,0.00,0.60,7.4,11.7,34,21.2
2024-02-10T23:00,9.5,0.70,0.00,0.70,7.9,7.8,22,20.5
2024-02-11T00:00,9.3,0.70,0.00,0.70,7.8,6.7,36,13.7
2024-02-11T01:00,8.9,0.40,0.00,0.40,7.5,5.4,42,11.5
2024-02-11T02:00,8.5,0.40,0.00,0.40,7.1,5.1,39,9.0
2024-02-11T03:00,9.3,1.40,0.00,1.40,7.9,5.8,30,9.7
2024-02-11T04:00,9.2,1.00,0.00,1.00,7.5,7.4,23,12.6
2024-02-11T05:00,9.2,0.40,0.00,0.40,7.2,9.1,9,16.6
2024-02-11T06:00,8.9,0.20,0.00,0.20,7.0,7.8,338,16.2
2024-02-11T07:00,8.6,0.30,0.00,0.30,7.0,5.9,346,15.5
2024-02-11T08:00,8.3,0.60,0.00,0.60,7.0,4.0,333,10.1
2024-02-11T09:00,8.3,0.30,0.00,0.30,6.7,6.4,317,11.5
2024-02-11T10:00,8.8,0.20,0.00,0.20,7.2,6.1,298,12.6
2024-02-11T11:00,9.6,0.30,0.00,0.30,8.2,5.9,281,11.5
2024-02-11T12:00,10.9,0.10,0.00,0.10,9.9,4.3,270,12.2
2024-02-11T13:00,11.8,0.00,0.00,0.00,11.2,2.5,278,11.5
2024-02-11T14:00,12.7,0.00,0.00,0.00,12.0,2.2,270,10.8
2024-02-11T15:00,12.8,0.00,0.00,0.00,11.4,5.3,332,13.3
2024-02-11T16:00,13.0,0.00,0.00,0.00,11.9,2.9,330,13.0
2024-02-11T17:00,12.7,0.00,0.00,0.00,11.8,1.8,37,8.3
2024-02-11T18:00,11.7,0.00,0.00,0.00,10.7,3.9,68,4.3
2024-02-11T19:00,11.3,0.20,0.00,0.20,10.0,4.5,61,5.4
2024-02-11T20:00,10.6,0.20,0.00,0.20,9.6,3.0,166,5.4
2024-02-11T21:00,9.5,0.10,0.00,0.10,8.5,2.9,263,4.3
2024-02-11T22:00,9.1,0.50,0.00,0.50,8.0,3.1,315,6.5
2024-02-11T23:00,7.8,0.70,0.00,0.70,6.5,3.2,297,6.5
2024-02-12T00:00,7.7,1.20,0.00,1.20,6.5,2.3,309,4.7
2024-02-12T01:00,8.0,0.70,0.00,0.70,6.6,3.4,342,6.8
2024-02-12T02:00,7.6,0.30,0.00,0.30,6.1,4.3,5,8.3
2024-02-12T03:00,9.0,0.10,0.00,0.10,8.3,1.3,326,5.8
2024-02-12T04:00,8.6,0.20,0.00,0.20,7.8,1.3,326,7.2
2024-02-12T05:00,8.3,0.20,0.00,0.20,7.2,3.1,36,10.4
2024-02-12T06:00,8.2,1.50,0.00,1.50,6.6,5.6,345,12.6
2024-02-12T07:00,8.2,0.40,0.00,0.40,6.1,8.4,353,20.2
2024-02-12T08:00,8.1,0.10,0.00,0.10,5.8,8.4,350,14.4
2024-02-12T09:00,8.2,0.00,0.00,0.00,5.8,8.4,329,14.8
2024-02-12T10:00,8.6,0.00,0.00,0.00,6.1,10.2,321,18.0
2024-02-12T11:00,8.9,0.10,0.00,0.10,6.8,8.1,328,18.4
2024-02-12T12:00,9.4,0.10,0.00,0.10,7.8,6.1,360,13.7
2024-02-12T13:00,11.1,0.00,0.00,0.00,9.7,5.0,30,13.3
2024-02-12T14:00,11.5,0.00,0.00,0.00,9.2,9.5,79,19.8
2024-02-12T15:00,11.2,0.00,0.00,0.00,9.0,9.5,53,19.1
2024-02-12T16:00,12.0,0.00,0.00,0.00,9.8,8.5,62,20.2
2024-02-12T17:00,11.9,0.00,0.00,0.00,10.3,4.2,70,17.3
2024-02-12T18:00,11.3,0.00,0.00,0.00,9.9,1.8,217,7.6
2024-02-12T19:00,8.1,0.00,0.00,0.00,6.2,5.0,249,5.8
2024-02-12T20:00,7.6,0.00,0.00,0.00,5.6,5.1,278,9.4
2024-02-12T21:00,7.2,0.00,0.00,0.00,5.1,5.5,293,10.1
2024-02-12T22:00,6.6,0.00,0.00,0.00,4.4,4.8,297,10.1
2024-02-12T23:00,5.4,0.00,0.00,0.00,3.2,4.5,299,9.4
2024-02-13T00:00,4.3,0.00,0.00,0.00,1.9,5.3,298,10.8
2024-02-13T01:00,3.5,0.00,0.00,0.00,0.9,6.4,297,12.6
2024-02-13T02:00,3.5,0.00,0.00,0.00,0.8,7.0,305,13.3
2024-02-13T03:00,5.3,0.00,0.00,0.00,2.6,7.6,301,15.5
2024-02-13T04:00,5.5,0.00,0.00,0.00,2.8,7.0,305,14.0
2024-02-13T05:00,5.3,0.00,0.00,0.00,2.3,7.7,307,14.4
2024-02-13T06:00,5.3,0.00,0.00,0.00,2.4,6.4,313,14.8
2024-02-13T07:00,4.5,0.00,0.00,0.00,1.6,5.3,332,12.6
2024-02-13T08:00,3.2,0.00,0.00,0.00,0.2,5.4,356,10.1
2024-02-13T09:00,4.3,0.00,0.00,0.00,1.2,6.1,332,11.5
2024-02-13T10:00,6.6,0.00,0.00,0.00,3.7,7.2,323,14.4
2024-02-13T11:00,10.1,0.00,0.00,0.00,8.0,4.2,329,14.0
2024-02-13T12:00,12.6,0.00,0.00,0.00,10.9,1.5,284,10.8
2024-02-13T13:00,14.2,0.00,0.00,0.00,12.3,3.2,180,11.5
2024-02-13T14:00,14.8,0.00,0.00,0.00,12.4,6.9,171,16.6
2024-02-13T15:00,15.5,0.00,0.00,0.00,12.6,10.2,188,21.6
2024-02-13T16:00,15.4,0.00,0.00,0.00,12.4,10.5,207,22.3
2024-02-13T17:00,14.5,0.00,0.00,0.00,12.4,7.6,211,21.2
2024-02-13T18:00,11.6,0.00,0.00,0.00,9.8,6.9,231,14.0
2024-02-13T19:00,8.3,0.00,0.00,0.00,5.6,10.3,258,12.6
2024-02-13T20:00,7.3,0.00,0.00,0.00,4.7,9.0,275,12.6
2024-02-13T21:00,6.8,0.00,0.00,0.00,4.6,5.2,295,10.8
2024-02-13T22:00,5.4,0.00,0.00,0.00,3.2,3.2,297,9.4
2024-02-13T23:00,4.6,0.00,0.00,0.00,2.3,3.4,302,8.6
2024-02-14T00:00,3.4,0.00,0.00,0.00,0.9,4.1,322,10.1
2024-02-14T01:00,2.8,0.00,0.00,0.00,-0.0,6.0,335,12.6
2024-02-14T02:00,2.9,0.00,0.00,0.00,-0.2,7.2,342,13.0
2024-02-14T03:00,3.8,0.00,0.00,0.00,0.4,8.7,343,15.5
2024-02-14T04:00,4.0,0.00,0.00,0.00,0.5,7.8,347,16.9
2024-02-14T05:00,3.6,0.00,0.00,0.00,0.1,7.3,349,14.4
2024-02-14T06:00,3.0,0.00,0.00,0.00,-0.6,7.1,345,13.7
2024-02-14T07:00,2.8,0.00,0.00,0.00,-0.9,7.6,352,14.4
2024-02-14T08:00,2.5,0.00,0.00,0.00,-1.1,6.9,351,14.4
2024-02-14T09:00,2.8,0.00,0.00,0.00,-0.6,6.6,351,13.0
2024-02-14T10:00,5.6,0.00,0.00,0.00,2.7,5.4,4,13.0
2024-02-14T11:00,8.4,0.00,0.00,0.00,6.1,3.1,45,12.2
2024-02-14T12:00,10.4,0.00,0.00,0.00,8.1,4.5,76,13.7
2024-02-14T13:00,11.6,0.00,0.00,0.00,9.1,6.2,97,16.6
2024-02-14T14:00,12.4,0.00,0.00,0.00,10.0,5.2,102,16.9
2024-02-14T15:00,13.0,0.00,0.00,0.00,10.9,3.2,117,14.8
2024-02-14T16:00,13.1,0.00,0.00,0.00,11.4,1.9,158,11.5
2024-02-14T17:00,12.8,0.00,0.00,0.00,11.3,1.1,72,8.3
2024-02-14T18:00,12.0,0.00,0.00,0.00,10.2,2.7,23,3.6
2024-02-14T19:00,10.3,0.00,0.00,0.00,8.3,3.3,354,4.3
2024-02-14T20:00,7.4,0.00,0.00,0.00,5.5,1.8,307,4.3
2024-02-14T21:00,5.3,0.00,0.00,0.00,3.2,2.9,300,4.7
2024-02-14T22:00,4.4,0.00,0.00,0.00,2.2,3.1,315,5.0
2024-02-14T23:00,4.7,0.00,0.00,0.00,2.6,2.5,315,7.2
2024-02-15T00:00,3.7,0.00,0.00,0.00,1.5,2.5,315,8.3
2024-02-15T01:00,2.6,0.00,0.00,0.00,0.5,1.8,323,7.9
2024-02-15T02:00,2.2,0.00,0.00,0.00,0.1,1.8,323,6.8
2024-02-15T03:00,2.5,0.00,0.00,0.00,0.3,2.6,344,5.8
2024-02-15T04:00,3.1,0.00,0.00,0.00,0.7,4.0,350,5.4
2024-02-15T05:00,3.5,0.00,0.00,0.00,1.3,2.8,320,5.8
2024-02-15T06:00,2.3,0.00,0.00,0.00,-0.1,3.1,315,6.1
2024-02-15T07:00,1.9,0.00,0.00,0.00,-0.4,1.8,323,5.8
2024-02-15T08:00,1.7,0.00,0.00,0.00,-0.6,1.0,315,4.7
2024-02-15T09:00,2.7,0.00,0.00,0.00,0.3,2.3,321,6.1
2024-02-15T10:00,5.6,0.00,0.00,0.00,3.5,2.5,278,8.3
2024-02-15T11:00,7.8,0.00,0.00,0.00,5.8,1.8,180,8.6
2024-02-15T12:00,9.5,0.00,0.00,0.00,7.5,3.9,146,12.6
2024-02-15T13:00,10.8,0.00,0.00,0.00,9.0,4.8,153,15.5
2024-02-15T14:00,11.5,0.00,0.00,0.00,10.1,4.2,149,15.5
2024-02-15T15:00,12.5,0.00,0.00,0.00,11.2,4.3,175,14.8
2024-02-15T16:00,12.7,0.00,0.00,0.00,11.6,3.6,186,14.0
2024-02-15T17:00,12.4,0.00,0.00,0.00,11.5,2.5,180,11.5
2024-02-15T18:00,11.8,0.00,0.00,0.00,10.9,2.5,180,6.8
2024-02-15T19:00,10.2,0.00,0.00,0.00,9.2,3.1,225,4.0
2024-02-15T20:00,7.7,0.00,0.00,0.00,6.2,4.5,256,5.4
2024-02-15T21:00,5.8,0.00,0.00,0.00,3.8,5.4,278,6.8
2024-02-15T22:00,5.6,0.00,0.00,0.00,3.9,3.5,294,7.2
2024-02-15T23:00,5.8,0.00,0.00,0.00,4.2,3.2,297,7.2
2024-02-16T00:00,5.2,0.00,0.00,0.00,3.5,3.2,297,7.2
2024-02-16T01:00,4.9,0.00,0.00,0.00,3.1,3.5,294,7.2
2024-02-16T02:00,4.6,0.00,0.00,0.00,2.8,2.8,310,7.2
2024-02-16T03:00,3.0,0.00,0.00,0.00,0.8,3.1,315,8.3
2024-02-16T04:00,3.4,0.00,0.00,0.00,1.2,3.4,302,8.3
2024-02-16T05:00,3.4,0.00,0.00,0.00,1.4,1.8,307,8.3
2024-02-16T06:00,3.5,0.00,0.00,0.00,1.6,1.3,304,5.0
2024-02-16T07:00,3.3,0.00,0.00,0.00,1.2,2.0,315,5.0
2024-02-16T08:00,3.0,0.00,0.00,0.00,0.7,2.7,337,6.1
2024-02-16T09:00,3.4,0.00,0.00,0.00,1.1,2.8,320,7.6
2024-02-16T10:00,5.2,0.00,0.00,0.00,3.2,2.3,309,8.6
2024-02-16T11:00,7.1,0.00,0.00,0.00,5.3,2.3,198,10.1
2024-02-16T12:00,8.3,0.00,0.00,0.00,6.6,3.7,169,13.3
2024-02-16T13:00,9.8,0.00,0.00,0.00,8.3,3.5,156,14.0
2024-02-16T14:00,11.1,0.00,0.00,0.00,9.8,3.0,166,14.0
2024-02-16T15:00,11.7,0.00,0.00,0.00,10.5,3.3,174,14.8
2024-02-16T16:00,12.1,0.00,0.00,0.00,11.1,2.9,180,13.0
2024-02-16T17:00,12.0,0.00,0.00,0.00,11.1,1.5,194,10.8
2024-02-16T18:00,11.5,0.00,0.00,0.00,10.4,2.8,230,6.5
2024-02-16T19:00,7.2,0.00,0.00,0.00,5.2,7.1,255,7.9
2024-02-16T20:00,6.8,0.00,0.00,0.00,4.9,5.5,281,10.1
2024-02-16T21:00,6.1,0.00,0.00,0.00,4.3,4.4,305,9.0
2024-02-16T22:00,4.9,0.00,0.00,0.00,3.0,3.1,306,8.3
2024-02-16T23:00,4.7,0.00,0.00,0.00,2.7,3.5,294,7.2
2024-02-17T00:00,4.4,0.00,0.00,0.00,2.4,3.3,311,8.6
2024-02-17T01:00,4.3,0.00,0.00,0.00,2.4,2.0,315,7.9
2024-02-17T02:00,3.6,0.00,0.00,0.00,1.5,2.3,321,5.4
2024-02-17T03:00,3.2,0.00,0.00,0.00,1.0,2.5,315,8.3
2024-02-17T04:00,2.9,0.00,0.00,0.00,0.8,2.0,315,7.9
2024-02-17T05:00,2.7,0.00,0.00,0.00,0.5,2.6,304,6.8
2024-02-17T06:00,2.5,0.00,0.00,0.00,0.3,2.5,315,7.6
2024-02-17T07:00,2.2,0.00,0.00,0.00,0.1,1.6,333,6.8
2024-02-17T08:00,1.8,0.00,0.00,0.00,-0.3,1.0,315,4.7
2024-02-17T09:00,2.9,0.00,0.00,0.00,0.7,1.9,338,5.8
2024-02-17T10:00,5.1,0.00,0.00,0.00,3.4,1.5,346,6.8
2024-02-17T11:00,7.3,0.00,0.00,0.00,5.6,1.5,135,8.6
2024-02-17T12:00,9.3,0.00,0.00,0.00,7.8,2.9,150,12.6
2024-02-17T13:00,11.3,0.00,0.00,0.00,10.1,2.9,173,13.0
2024-02-17T14:00,13.0,0.00,0.00,0.00,11.8,3.7,191,13.7
2024-02-17T15:00,13.6,0.00,0.00,0.00,12.7,2.9,180,14.4
2024-02-17T16:00,14.0,0.00,0.00,0.00,13.1,3.4,212,11.9
2024-02-17T17:00,14.0,0.00,0.00,0.00,13.1,3.1,216,11.2
2024-02-17T18:00,12.1,0.00,0.00,0.00,11.1,4.6,198,7.2
2024-02-17T19:00,11.2,0.00,0.00,0.00,9.9,4.7,238,6.1
2024-02-17T20:00,8.5,0.00,0.00,0.00,6.9,5.1,278,6.5
2024-02-17T21:00,7.3,0.00,0.00,0.00,5.4,5.6,285,7.2
2024-02-17T22:00,7.1,0.00,0.00,0.00,5.2,5.6,285,7.2
2024-02-17T23:00,7.9,0.00,0.00,0.00,6.2,5.5,281,7.2
2024-02-18T00:00,8.4,0.00,0.00,0.00,7.0,3.4,302,6.8
2024-02-18T01:00,8.1,0.00,0.00,0.00,6.6,4.3,312,5.4
2024-02-18T02:00,8.5,0.00,0.00,0.00,7.1,3.7,331,5.8
2024-02-18T03:00,9.8,0.00,0.00,0.00,8.3,4.6,342,6.8
2024-02-18T04:00,9.7,0.00,0.00,0.00,8.3,4.2,329,5.8
2024-02-18T05:00,9.2,0.00,0.00,0.00,7.8,3.4,328,6.1
2024-02-18T06:00,9.1,0.00,0.00,0.00,7.6,3.2,333,8.6
2024-02-18T07:00,8.7,0.00,0.00,0.00,6.9,5.4,356,10.1
2024-02-18T08:00,8.6,0.00,0.00,0.00,6.3,8.0,352,14.8
2024-02-18T09:00,9.3,0.00,0.00,0.00,7.2,7.1,345,14.4
2024-02-18T10:00,10.7,0.00,0.00,0.00,8.8,6.9,351,12.6
2024-02-18T11:00,12.6,0.00,0.00,0.00,11.0,6.2,36,13.0
2024-02-18T12:00,12.6,0.10,0.00,0.10,11.1,6.9,62,15.1
2024-02-18T13:00,13.6,0.10,0.00,0.10,12.3,6.5,84,17.3
2024-02-18T14:00,14.7,0.00,0.00,0.00,13.4,7.2,93,18.0
2024-02-18T15:00,15.8,0.00,0.00,0.00,14.1,9.4,92,23.4
2024-02-18T16:00,15.8,0.00,0.00,0.00,14.4,7.6,109,20.9
2024-02-18T17:00,15.4,0.00,0.00,0.00,14.5,4.9,107,17.3
2024-02-18T18:00,13.3,0.00,0.00,0.00,12.6,6.1,130,9.7
2024-02-18T19:00,9.9,0.00,0.00,0.00,8.2,8.4,211,10.4
2024-02-18T20:00,8.7,0.00,0.00,0.00,7.1,6.5,267,10.1
2024-02-18T21:00,8.5,0.00,0.00,0.00,7.1,5.0,291,9.0
2024-02-18T22:00,7.9,0.00,0.00,0.00,6.2,5.8,292,8.6
2024-02-18T23:00,8.1,0.00,0.00,0.00,6.5,4.9,287,8.6
2024-02-19T00:00,7.9,0.00,0.00,0.00,6.4,4.0,297,6.5
2024-02-19T01:00,7.6,0.00,0.00,0.00,6.0,4.3,312,5.8
2024-02-19T02:00,7.6,0.00,0.00,0.00,6.1,3.9,338,5.8
2024-02-19T03:00,8.1,0.00,0.00,0.00,6.6,5.3,28,7.2
2024-02-19T04:00,7.8,0.00,0.00,0.00,6.5,3.3,354,7.6
2024-02-19T05:00,8.1,0.00,0.00,0.00,6.9,3.1,339,6.5
2024-02-19T06:00,8.2,0.10,0.00,0.10,7.2,1.8,323,7.6
2024-02-19T07:00,8.0,0.20,0.00,0.20,6.9,1.8,307,4.7
2024-02-19T08:00,7.9,0.10,0.00,0.10,6.8,2.4,297,6.1
2024-02-19T09:00,8.2,0.00,0.00,0.00,7.0,3.7,281,6.8
2024-02-19T10:00,10.2,0.00,0.00,0.00,9.5,2.7,293,9.0
2024-02-19T11:00,12.5,0.00,0.00,0.00,12.1,1.8,180,9.4
2024-02-19T12:00,13.7,0.00,0.00,0.00,13.1,3.7,169,13.0
2024-02-19T13:00,14.7,0.00,0.00,0.00,13.7,5.6,165,16.2
2024-02-19T14:00,14.7,0.00,0.00,0.00,13.5,6.1,180,17.3
2024-02-19T15:00,14.6,0.00,0.00,0.00,13.6,2.0,225,11.2
2024-02-19T16:00,14.4,0.00,0.00,0.00,13.1,4.0,117,11.5
2024-02-19T17:00,13.9,0.00,0.00,0.00,13.0,2.4,117,11.2
2024-02-19T18:00,13.2,0.00,0.00,0.00,12.5,0.8,333,7.2
2024-02-19T19:00,10.8,0.00,0.00,0.00,9.5,4.1,322,5.4
2024-02-19T20:00,11.2,0.00,0.00,0.00,9.7,4.2,250,5.4
2024-02-19T21:00,10.6,0.00,0.00,0.00,9.3,2.9,277,6.1
2024-02-19T22:00,8.1,0.00,0.00,0.00,6.6,3.0,346,4.0
2024-02-19T23:00,7.1,0.00,0.00,0.00,5.6,2.5,315,6.1
2024-02-20T00:00,6.5,0.00,0.00,0.00,4.4,6.4,297,12.2
2024-02-20T01:00,5.3,0.00,0.00,0.00,3.2,5.7,305,13.0
2024-02-20T02:00,4.1,0.00,0.00,0.00,1.9,5.1,309,11.9
2024-02-20T03:00,5.0,0.00,0.00,0.00,3.3,2.5,315,9.0
2024-02-20T04:00,5.0,0.00,0.00,0.00,3.0,4.2,329,9.4
2024-02-20T05:00,4.6,0.00,0.00,0.00,2.0,7.6,360,11.5
2024-02-20T06:00,5.5,0.00,0.00,0.00,2.8,8.7,322,16.2
2024-02-20T07:00,5.5,0.00,0.00,0.00,2.7,8.0,324,16.2
2024-02-20T08:00,5.2,0.10,0.00,0.10,2.4,8.1,328,17.3
2024-02-20T09:00,6.3,0.00,0.00,0.00,3.5,8.2,322,16.2
2024-02-20T10:00,8.1,0.50,0.00,0.50,6.1,6.6,319,15.5
2024-02-20T11:00,11.6,0.00,0.00,0.00,10.2,5.2,304,14.8
2024-02-20T12:00,14.0,0.00,0.00,0.00,13.1,0.0,270,12.6
2024-02-20T13:00,14.6,0.00,0.00,0.00,12.9,5.9,137,16.2
2024-02-20T14:00,14.6,0.00,0.00,0.00,13.2,4.6,141,17.6
2024-02-20T15:00,15.1,0.00,0.00,0.00,14.0,1.0,135,10.8
2024-02-20T16:00,15.2,0.00,0.00,0.00,14.0,2.5,180,9.4
2024-02-20T17:00,14.8,0.00,0.00,0.00,13.4,5.0,249,11.5
2024-02-20T18:00,12.9,0.00,0.00,0.00,11.8,5.4,217,10.4
2024-02-20T19:00,9.5,0.00,0.00,0.00,7.3,9.1,252,10.4
2024-02-20T20:00,8.6,0.00,0.00,0.00,6.7,6.8,295,11.2
2024-02-20T21:00,8.1,0.00,0.00,0.00,6.4,5.1,315,10.4
2024-02-20T22:00,5.9,0.00,0.00,0.00,3.9,5.4,318,12.2
2024-02-20T23:00,4.5,0.00,0.00,0.00,2.2,5.9,317,12.6
2024-02-21T00:00,4.0,0.00,0.00,0.00,1.5,6.6,338,13.3
2024-02-21T01:00,4.6,0.00,0.00,0.00,2.0,6.3,336,13.7
2024-02-21T02:00,4.3,0.00,0.00,0.00,1.5,7.1,336,13.7
2024-02-21T03:00,5.3,0.00,0.00,0.00,2.4,8.4,313,15.5
2024-02-21T04:00,5.3,0.00,0.00,0.00,1.9,9.6,326,17.3
2024-02-21T05:00,4.9,0.00,0.00,0.00,1.3,9.5,331,18.0
2024-02-21T06:00,4.6,0.00,0.00,0.00,0.7,10.2,328,19.1
2024-02-21T07:00,4.2,0.00,0.00,0.00,0.5,8.4,329,19.4
2024-02-21T08:00,3.7,0.00,0.00,0.00,0.2,6.8,328,16.2
2024-02-21T09:00,4.1,0.00,0.00,0.00,0.8,7.0,325,13.7
2024-02-21T10:00,7.0,0.00,0.00,0.00,4.2,6.3,329,14.4
2024-02-21T11:00,10.7,0.00,0.00,0.00,8.7,2.2,351,13.7
2024-02-21T12:00,12.7,0.00,0.00,0.00,10.9,2.1,149,9.7
2024-02-21T13:00,13.8,0.00,0.00,0.00,11.5,4.5,151,13.7
2024-02-21T14:00,14.2,0.00,0.00,0.00,11.7,6.2,159,16.6
2024-02-21T15:00,15.0,0.00,0.00,0.00,12.2,9.7,211,21.2
2024-02-21T16:00,14.8,0.00,0.00,0.00,12.2,10.0,221,21.6
2024-02-21T17:00,14.4,0.00,0.00,0.00,12.0,9.0,203,20.9
2024-02-21T18:00,12.5,0.00,0.00,0.00,10.7,6.9,171,16.9
2024-02-21T19:00,8.7,0.00,0.00,0.00,6.3,9.5,169,12.6
2024-02-21T20:00,10.0,0.00,0.00,0.00,8.2,3.3,257,11.5
2024-02-21T21:00,9.8,0.00,0.00,0.00,8.2,1.8,323,4.7
2024-02-21T22:00,9.6,0.00,0.00,0.00,8.2,1.1,360,2.9
2024-02-21T23:00,9.2,0.00,0.00,0.00,7.7,2.0,45,2.5
2024-02-22T00:00,7.9,0.00,0.00,0.00,5.9,5.0,60,5.4
2024-02-22T01:00,6.2,0.00,0.00,0.00,3.8,7.1,49,9.7
2024-02-22T02:00,5.2,0.00,0.00,0.00,2.3,9.4,43,11.5
2024-02-22T03:00,7.0,0.00,0.00,0.00,4.9,6.6,45,9.4
2024-02-22T04:00,6.7,0.00,0.00,0.00,4.5,7.4,47,8.3
2024-02-22T05:00,7.1,0.00,0.00,0.00,5.2,5.2,34,8.3
2024-02-22T06:00,6.4,0.00,0.00,0.00,4.3,5.9,47,8.3
2024-02-22T07:00,6.7,0.00,0.00,0.00,4.5,7.1,49,11.9
2024-02-22T08:00,6.6,0.00,0.00,0.00,4.4,7.1,30,12.2
2024-02-22T09:00,7.2,0.00,0.00,0.00,5.2,6.6,22,11.9
2024-02-22T10:00,8.3,0.00,0.00,0.00,6.6,5.2,56,11.5
2024-02-22T11:00,8.7,0.00,0.00,0.00,7.4,3.2,63,11.2
2024-02-22T12:00,9.1,0.10,0.00,0.10,7.7,4.0,80,10.1
2024-02-22T13:00,9.7,0.10,0.00,0.10,8.8,1.1,90,10.1
2024-02-22T14:00,9.6,0.20,0.00,0.20,8.7,1.1,162,7.6
2024-02-22T15:00,10.3,0.10,0.00,0.10,8.2,8.4,260,17.3
2024-02-22T16:00,9.7,0.00,0.00,0.00,8.0,4.7,238,18.0
2024-02-22T17:00,9.4,0.00,0.00,0.00,8.2,1.5,225,10.1
2024-02-22T18:00,9.2,0.00,0.00,0.00,7.9,2.6,34,4.3
2024-02-22T19:00,8.6,0.10,0.00,0.10,7.1,4.7,23,7.6
2024-02-22T20:00,8.4,0.30,0.00,0.30,6.9,4.6,45,7.9
2024-02-22T21:00,8.2,0.60,0.00,0.60,6.6,5.2,25,8.6
2024-02-22T22:00,7.9,0.50,0.00,0.50,6.2,5.7,35,9.4
2024-02-22T23:00,7.8,0.70,0.00,0.70,5.9,7.1,24,11.5
2024-02-23T00:00,7.7,1.40,0.00,1.40,5.7,8.2,29,14.8
2024-02-23T01:00,7.7,1.70,0.00,1.70,5.6,8.7,52,14.8
2024-02-23T02:00,7.6,1.50,0.00,1.50,5.7,7.9,47,14.8
2024-02-23T03:00,7.8,2.00,0.00,2.00,5.7,9.5,53,15.5
2024-02-23T04:00,7.9,1.60,0.00,1.60,5.5,11.9,55,20.2
2024-02-23T05:00,8.1,0.60,0.00,0.60,5.8,10.9,63,20.9
2024-02-23T06:00,8.1,1.10,0.00,1.10,5.7,12.0,44,20.5
2024-02-23T07:00,8.2,1.70,0.00,1.70,5.6,13.6,40,23.4
2024-02-23T08:00,8.4,1.30,0.00,1.30,5.8,13.4,36,25.6
2024-02-23T09:00,8.8,2.50,0.00,2.50,6.7,10.0,49,24.1
2024-02-23T10:00,9.4,2.90,0.00,2.90,7.3,10.2,80,18.7
2024-02-23T11:00,9.6,3.90,0.00,3.90,8.3,6.0,73,18.4
2024-02-23T12:00,9.9,1.60,0.00,1.60,9.3,2.1,31,10.8
2024-02-23T13:00,10.0,2.80,0.00,2.80,9.4,2.1,329,6.1
2024-02-23T14:00,10.3,2.50,0.00,2.50,9.7,2.7,23,7.2
2024-02-23T15:00,9.2,4.80,0.00,4.80,6.8,12.5,51,27.4
2024-02-23T16:00,8.7,5.00,0.00,5.00,6.8,9.1,34,22.3
2024-02-23T17:00,8.6,3.40,0.00,3.40,7.2,5.7,35,16.2
2024-02-23T18:00,8.6,1.70,0.00,1.70,7.7,2.6,254,9.4
2024-02-23T19:00,8.3,1.70,0.00,1.70,6.7,5.7,305,9.4
2024-02-23T20:00,7.8,0.40,0.00,0.40,6.1,5.4,352,10.4
2024-02-23T21:00,7.0,0.00,0.00,0.00,5.1,5.6,230,10.1
2024-02-23T22:00,7.4,0.10,0.00,0.10,5.5,5.9,308,11.9
2024-02-23T23:00,6.6,0.00,0.00,0.00,5.0,3.1,306,10.4
2024-02-24T00:00,5.6,0.00,0.00,0.00,3.9,3.2,333,5.8
2024-02-24T01:00,5.9,0.40,0.00,0.40,4.2,2.6,326,11.5
2024-02-24T02:00,5.3,0.20,0.00,0.20,2.9,6.4,63,8.3
2024-02-24T03:00,4.5,0.00,0.00,0.00,2.6,3.1,306,11.2
2024-02-24T04:00,3.0,0.00,0.00,0.00,0.9,2.6,304,7.6
2024-02-24T05:00,2.4,0.00,0.00,0.00,0.3,2.3,321,6.5
2024-02-24T06:00,3.3,0.00,0.00,0.00,0.7,6.2,10,9.7
2024-02-24T07:00,4.1,0.00,0.00,0.00,1.3,7.9,16,15.1
2024-02-24T08:00,3.3,0.00,0.00,0.00,0.2,9.0,23,13.3
2024-02-24T09:00,4.9,0.00,0.00,0.00,2.5,6.3,13,11.2
2024-02-24T10:00,7.2,0.10,0.00,0.10,5.2,5.9,346,13.3
2024-02-24T11:00,9.1,0.20,0.00,0.20,7.7,2.9,7,12.6
2024-02-24T12:00,9.7,0.80,0.00,0.80,8.3,3.3,41,11.5
2024-02-24T13:00,10.8,0.00,0.00,0.00,9.2,4.8,48,17.6
2024-02-24T14:00,11.6,0.00,0.00,0.00,10.2,3.1,69,18.0
2024-02-24T15:00,12.2,0.10,0.00,0.10,10.3,6.8,58,17.6
2024-02-24T16:00,12.0,0.00,0.00,0.00,10.5,4.1,45,18.4
2024-02-24T17:00,11.3,0.30,0.00,0.30,9.0,7.9,93,15.8
2024-02-24T18:00,9.7,0.40,0.00,0.40,7.7,8.0,63,19.4
2024-02-24T19:00,6.7,1.10,0.00,1.10,4.4,7.4,47,14.0
2024-02-24T20:00,6.9,0.00,0.00,0.00,4.5,8.0,27,14.8
2024-02-24T21:00,5.4,0.00,0.00,0.00,3.3,5.1,352,14.4
2024-02-24T22:00,4.5,0.00,0.00,0.00,2.3,4.7,351,9.4
2024-02-24T23:00,4.7,0.10,0.00,0.10,2.4,6.0,303,11.2
2024-02-25T00:00,5.7,2.30,0.00,2.30,3.1,9.3,344,15.8
2024-02-25T01:00,4.8,0.00,0.00,0.00,1.8,10.5,344,19.4
2024-02-25T02:00,4.4,0.50,0.00,0.50,1.5,8.7,343,20.2
2024-02-25T03:00,5.7,0.00,0.00,0.00,2.9,9.5,11,16.6
2024-02-25T04:00,5.2,0.00,0.00,0.00,2.9,5.8,30,16.9
2024-02-25T05:00,5.8,0.00,0.00,0.00,3.3,7.6,19,13.3
2024-02-25T06:00,5.4,0.70,0.00,0.70,2.8,7.6,8,13.7
2024-02-25T07:00,5.7,0.50,0.00,0.50,3.0,8.4,20,15.8
2024-02-25T08:00,5.7,0.40,0.00,0.40,2.9,8.7,17,15.1
2024-02-25T09:00,6.1,0.20,0.00,0.20,3.5,8.6,15,15.8
2024-02-25T10:00,7.5,0.00,0.00,0.00,5.1,8.8,9,16.9
2024-02-25T11:00,8.8,0.10,0.00,0.10,6.5,8.3,34,18.0
2024-02-25T12:00,9.9,0.00,0.00,0.00,7.5,9.3,62,21.2
2024-02-25T13:00,10.5,0.00,0.00,0.00,8.2,9.3,74,24.8
2024-02-25T14:00,11.1,0.00,0.00,0.00,9.0,8.8,78,25.6
2024-02-25T15:00,11.3,0.00,0.00,0.00,9.3,8.0,80,23.8
2024-02-25T16:00,11.3,0.00,0.00,0.00,9.6,6.5,71,21.6
2024-02-25T17:00,10.4,0.10,0.00,0.10,8.6,6.6,61,18.4
2024-02-25T18:00,9.3,0.00,0.00,0.00,7.4,6.5,84,15.1
2024-02-25T19:00,6.8,0.00,0.00,0.00,4.8,5.8,360,11.9
2024-02-25T20:00,6.2,0.00,0.00,0.00,4.2,5.0,339,9.0
2024-02-25T21:00,5.5,0.00,0.00,0.00,3.5,4.9,343,9.4
2024-02-25T22:00,5.0,0.00,0.00,0.00,2.7,5.8,360,10.4
2024-02-25T23:00,4.1,0.00,0.00,0.00,1.7,5.8,356,9.7
2024-02-26T00:00,4.3,0.00,0.00,0.00,2.1,4.2,329,9.0
2024-02-26T01:00,4.1,0.40,0.00,0.40,1.6,6.2,306,12.2
2024-02-26T02:00,3.7,0.10,0.00,0.10,1.8,2.6,344,11.9
2024-02-26T03:00,4.0,0.00,0.00,0.00,1.8,3.9,338,8.3
2024-02-26T04:00,3.3,0.00,0.00,0.00,0.8,5.2,344,10.1
2024-02-26T05:00,3.1,0.00,0.00,0.00,0.3,6.4,333,12.2
2024-02-26T06:00,2.8,0.00,0.00,0.00,0.1,5.7,342,12.6
2024-02-26T07:00,2.1,0.00,0.00,0.00,-0.7,5.5,349,11.2
2024-02-26T08:00,2.0,0.00,0.00,0.00,-1.0,7.0,348,13.0
2024-02-26T09:00,4.2,0.00,0.00,0.00,1.1,9.3,347,15.8
2024-02-26T10:00,6.2,0.00,0.00,0.00,3.5,8.3,360,16.2
2024-02-26T11:00,7.5,0.00,0.00,0.00,5.2,6.5,34,15.8
2024-02-26T12:00,8.8,0.00,0.00,0.00,6.3,8.4,47,18.7
2024-02-26T13:00,10.0,0.00,0.00,0.00,7.4,10.0,60,21.6
2024-02-26T14:00,10.0,0.00,0.00,0.00,7.5,10.0,64,22.0
2024-02-26T15:00,10.1,0.00,0.00,0.00,7.6,11.3,68,26.6
2024-02-26T16:00,9.5,0.20,0.00,0.20,7.4,8.6,57,23.0
2024-02-26T17:00,9.3,0.50,0.00,0.50,7.0,10.5,52,18.4
2024-02-26T18:00,8.7,1.00,0.00,1.00,7.1,5.9,52,18.7
2024-02-26T19:00,8.4,1.50,0.00,1.50,6.5,7.7,37,13.3
2024-02-26T20:00,8.3,0.70,0.00,0.70,6.4,7.2,18,13.7
2024-02-26T21:00,8.1,0.60,0.00,0.60,6.0,7.6,357,13.0
2024-02-26T22:00,7.7,0.70,0.00,0.70,5.2,10.5,352,18.4
2024-02-26T23:00,7.6,0.40,0.00,0.40,5.5,7.6,360,18.7
2024-02-27T00:00,7.3,0.20,0.00,0.20,4.8,9.5,351,15.8
2024-02-27T01:00,7.1,0.20,0.00,0.20,4.3,11.2,354,20.2
2024-02-27T02:00,7.2,0.50,0.00,0.50,4.9,8.0,352,20.2
2024-02-27T03:00,8.3,0.70,0.00,0.70,5.2,14.1,6,24.5
2024-02-27T04:00,8.8,0.20,0.00,0.20,5.5,14.3,12,27.4
2024-02-27T05:00,8.4,0.30,0.00,0.30,5.7,11.4,13,24.5
2024-02-27T06:00,8.3,0.70,0.00,0.70,5.4,12.7,15,22.7
2024-02-27T07:00,8.3,2.50,0.00,2.50,5.1,14.0,18,24.5
2024-02-27T08:00,8.3,2.20,0.00,2.20,4.8,16.5,16,31.0
2024-02-27T09:00,8.0,3.30,0.00,3.30,5.0,13.1,8,30.6
2024-02-27T10:00,8.2,2.00,0.00,2.00,5.0,14.5,6,26.3
2024-02-27T11:00,8.8,2.60,0.00,2.60,6.6,8.6,360,26.6
2024-02-27T12:00,9.0,1.20,0.00,1.20,6.9,8.4,350,15.1
2024-02-27T13:00,9.2,1.40,0.00,1.40,7.2,8.7,355,17.3
2024-02-27T14:00,9.6,1.20,0.00,1.20,7.8,8.1,21,15.5
2024-02-27T15:00,9.9,0.90,0.00,0.90,8.1,8.4,25,17.6
2024-02-27T16:00,10.3,1.20,0.00,1.20,8.5,9.3,28,16.2
2024-02-27T17:00,10.4,0.90,0.00,0.90,8.2,12.4,36,22.0
2024-02-27T18:00,10.3,1.00,0.00,1.00,8.2,11.4,35,22.7
2024-02-27T19:00,10.0,1.80,0.00,1.80,8.3,8.3,18,20.2
2024-02-27T20:00,9.6,0.90,0.00,0.90,7.6,9.8,8,17.3
2024-02-27T21:00,9.5,0.60,0.00,0.60,7.6,8.8,351,20.2
2024-02-27T22:00,9.0,4.90,0.00,4.90,7.3,6.4,344,15.8
2024-02-27T23:00,8.8,0.80,0.00,0.80,6.6,9.7,2,16.9
2024-02-28T00:00,8.9,0.60,0.00,0.60,6.8,9.1,7,18.0
2024-02-28T01:00,8.8,2.10,0.00,2.10,6.9,8.0,8,16.6
2024-02-28T02:00,8.8,1.00,0.00,1.00,6.8,8.8,351,15.1
2024-02-28T03:00,9.8,0.30,0.00,0.30,7.5,10.8,356,21.2
2024-02-28T04:00,9.6,0.50,0.00,0.50,7.7,8.4,353,19.4
2024-02-28T05:00,9.2,1.10,0.00,1.10,7.7,5.9,346,14.8
2024-02-28T06:00,9.0,1.60,0.00,1.60,7.3,6.5,354,11.2
2024-02-28T07:00,8.8,1.90,0.00,1.90,6.8,9.0,2,16.9
2024-02-28T08:00,8.9,1.60,0.00,1.60,7.1,7.2,3,16.2
2024-02-28T09:00,9.1,1.40,0.00,1.40,7.3,7.6,360,13.0
2024-02-28T10:00,9.5,1.90,0.00,1.90,8.0,6.5,360,14.4
2024-02-28T11:00,9.9,1.90,0.00,1.90,8.5,6.5,360,11.9
2024-02-28T12:00,10.6,1.80,0.00,1.80,9.3,6.2,350,11.9
2024-02-28T13:00,11.0,1.90,0.00,1.90,9.9,5.9,349,11.2
2024-02-28T14:00,11.3,1.10,0.00,1.10,10.0,7.3,340,12.6
2024-02-28T15:00,13.7,0.70,0.00,0.70,13.1,6.8,357,13.3
2024-02-28T16:00,13.9,0.00,0.00,0.00,12.7,10.8,334,19.8
2024-02-28T17:00,15.2,0.00,0.00,0.00,14.3,7.8,347,21.2
2024-02-28T18:00,14.1,0.00,0.00,0.00,13.5,5.2,348,14.0
2024-02-28T19:00,11.5,0.00,0.00,0.00,10.4,6.7,344,9.4
2024-02-28T20:00,11.0,0.00,0.00,0.00,10.2,4.0,333,9.0
2024-02-28T21:00,9.6,0.00,0.00,0.00,8.1,7.6,329,14.4
2024-02-28T22:00,8.9,0.00,0.00,0.00,7.2,8.2,322,14.8
2024-02-28T23:00,8.8,0.00,0.00,0.00,6.7,10.3,324,18.7
2024-02-29T00:00,8.9,0.00,0.00,0.00,7.0,8.0,333,18.7
2024-02-29T01:00,8.5,0.00,0.00,0.00,6.3,8.7,330,16.2
2024-02-29T02:00,8.3,0.00,0.00,0.00,5.8,10.1,333,19.1
2024-02-29T03:00,8.5,0.00,0.00,0.00,6.4,7.9,344,18.4
2024-02-29T04:00,9.0,0.00,0.00,0.00,6.8,8.2,331,15.8
2024-02-29T05:00,8.8,0.00,0.00,0.00,6.5,8.4,329,15.5
2024-02-29T06:00,8.6,0.00,0.00,0.00,5.9,10.9,333,19.4
2024-02-29T07:00,8.8,0.00,0.00,0.00,6.0,11.3,333,22.7
2024-02-29T08:00,9.0,0.00,0.00,0.00,6.9,6.0,343,20.5
2024-02-29T09:00,9.4,0.00,0.00,0.00,7.1,8.2,345,14.8
2024-02-29T10:00,11.5,0.00,0.00,0.00,9.6,7.6,8,14.4
2024-02-29T11:00,13.0,0.00,0.00,0.00,11.0,8.4,25,18.7
2024-02-29T12:00,14.5,0.00,0.00,0.00,12.7,8.7,42,20.2
2024-02-29T13:00,16.2,0.00,0.00,0.00,14.4,9.4,58,21.2
2024-02-29T14:00,17.0,0.00,0.00,0.00,14.7,11.8,70,24.5
2024-02-29T15:00,16.7,0.00,0.00,0.00,14.1,13.7,85,27.0
2024-02-29T16:00,16.3,0.10,0.00,0.10,13.6,14.8,76,29.2
2024-02-29T17:00,16.0,0.00,0.00,0.00,13.7,13.2,64,28.4
2024-02-29T18:00,14.9,0.00,0.00,0.00,13.6,6.9,62,24.5
2024-02-29T19:00,11.5,0.00,0.00,0.00,9.7,9.7,31,12.2
2024-02-29T20:00,12.2,0.00,0.00,0.00,10.4,8.4,59,12.2
2024-02-29T21:00,11.5,0.00,0.00,0.00,10.0,6.2,7,10.4
2024-02-29T22:00,10.8,0.00,0.00,0.00,9.1,7.3,33,9.7
2024-02-29T23:00,10.1,0.70,0.00,0.70,8.9,3.3,347,9.4
2024-03-01T00:00,9.8,0.00,0.00,0.00,7.8,9.0,337,16.2
2024-03-01T01:00,9.3,0.10,0.00,0.10,7.4,8.0,324,15.8
2024-03-01T02:00,9.1,0.00,0.00,0.00,7.2,8.4,340,18.7
2024-03-01T03:00,9.5,0.00,0.00,0.00,7.6,9.0,344,17.6
2024-03-01T04:00,9.2,0.00,0.00,0.00,7.4,7.4,133,16.2
2024-03-01T05:00,9.5,0.80,0.00,0.80,8.0,6.1,360,11.2
2024-03-01T06:00,9.2,0.50,0.00,0.50,7.6,7.3,340,13.3
2024-03-01T07:00,9.2,0.30,0.00,0.30,7.6,6.4,344,13.3
2024-03-01T08:00,9.1,0.30,0.00,0.30,7.6,6.9,351,13.0
2024-03-01T09:00,9.3,0.20,0.00,0.20,7.8,6.6,351,12.6
2024-03-01T10:00,10.2,0.10,0.00,0.10,9.3,4.2,340,12.6
2024-03-01T11:00,10.2,0.70,0.00,0.70,9.2,5.4,356,8.6
2024-03-01T12:00,10.9,0.60,0.00,0.60,9.7,6.9,6,14.8
2024-03-01T13:00,11.3,1.00,0.00,1.00,10.5,4.9,36,12.6
2024-03-01T14:00,11.5,1.70,0.00,1.70,10.5,7.0,102,13.3
2024-03-01T15:00,12.4,0.60,0.00,0.60,11.7,6.2,80,16.6
2024-03-01T16:00,12.2,0.40,0.00,0.40,10.6,10.6,72,22.3
2024-03-01T17:00,12.3,0.10,0.00,0.10,10.6,12.2,71,22.0
2024-03-01T18:00,11.9,0.20,0.00,0.20,9.9,13.7,72,24.5
2024-03-01T19:00,10.8,0.10,0.00,0.10,9.4,9.2,48,24.1
2024-03-01T20:00,10.5,0.10,0.00,0.10,8.8,10.1,35,18.0
2024-03-01T21:00,10.5,0.00,0.00,0.00,8.4,10.9,34,19.8
2024-03-01T22:00,10.1,0.50,0.00,0.50,8.3,8.4,31,19.1
2024-03-01T23:00,9.5,0.90,0.00,0.90,8.0,6.5,34,14.4
2024-03-02T00:00,9.4,0.00,0.00,0.00,7.2,11.3,22,20.5
2024-03-02T01:00,9.2,0.00,0.00,0.00,7.1,8.9,27,20.2
2024-03-02T02:00,7.7,0.60,0.00,0.60,5.7,7.0,35,15.5
2024-03-02T03:00,8.6,0.70,0.00,0.70,6.9,7.1,24,12.6
2024-03-02T04:00,8.6,0.10,0.00,0.10,6.7,7.2,357,13.3
2024-03-02T05:00,8.4,0.00,0.00,0.00,6.9,5.1,4,13.3
2024-03-02T06:00,6.3,0.00,0.00,0.00,3.9,8.6,22,11.2
2024-03-02T07:00,6.3,0.00,0.00,0.00,4.3,6.1,28,10.8
2024-03-02T08:00,6.7,0.00,0.00,0.00,4.8,5.7,18,10.8
2024-03-02T09:00,8.3,0.00,0.00,0.00,6.3,7.9,16,12.2
2024-03-02T10:00,9.6,0.00,0.00,0.00,7.6,8.9,47,18.0
2024-03-02T11:00,10.0,0.80,0.00,0.80,8.2,8.3,72,18.4
2024-03-02T12:00,9.3,0.90,0.00,0.90,7.8,7.3,70,18.0
2024-03-02T13:00,10.0,0.60,0.00,0.60,8.2,9.0,61,18.4
2024-03-02T14:00,10.7,0.30,0.00,0.30,9.1,8.6,57,21.6
2024-03-02T15:00,10.7,0.10,0.00,0.10,9.1,8.9,69,19.4
2024-03-02T16:00,11.2,1.50,0.00,1.50,10.0,6.2,54,19.1
2024-03-02T17:00,10.7,0.90,0.00,0.90,9.3,8.2,41,14.4
2024-03-02T18:00,10.6,0.20,0.00,0.20,9.5,6.3,59,16.2
2024-03-02T19:00,10.1,0.00,0.00,0.00,9.3,4.2,59,10.8
2024-03-02T20:00,9.8,0.00,0.00,0.00,9.1,3.2,27,9.0
2024-03-02T21:00,8.4,0.00,0.00,0.00,7.0,5.3,332,6.5
2024-03-02T22:00,9.2,0.00,0.00,0.00,7.9,5.5,11,6.5
2024-03-02T23:00,9.4,0.00,0.00,0.00,8.2,5.5,23,9.0
2024-03-03T00:00,8.1,0.00,0.00,0.00,6.7,4.7,360,9.4
2024-03-03T01:00,8.2,0.00,0.00,0.00,7.0,3.7,349,7.2
2024-03-03T02:00,8.0,0.00,0.00,0.00,6.7,4.2,340,8.3
2024-03-03T03:00,8.4,0.00,0.00,0.00,7.2,4.3,336,8.3
2024-03-03T04:00,7.1,0.00,0.00,0.00,5.6,4.5,346,7.9
2024-03-03T05:00,7.5,0.00,0.00,0.00,5.9,5.2,16,9.0
2024-03-03T06:00,6.9,1.40,0.00,1.40,5.3,4.5,29,10.1
2024-03-03T07:00,7.1,0.20,0.00,0.20,5.1,7.1,15,11.2
2024-03-03T08:00,6.9,0.00,0.00,0.00,4.7,7.9,24,14.4
2024-03-03T09:00,7.9,0.10,0.00,0.10,5.9,8.1,21,14.0
2024-03-03T10:00,9.1,0.10,0.00,0.10,7.4,6.9,51,15.1
2024-03-03T11:00,9.7,0.10,0.00,0.10,7.9,9.0,61,19.4
2024-03-03T12:00,10.6,0.00,0.00,0.00,8.7,10.1,63,20.5
2024-03-03T13:00,12.0,0.00,0.00,0.00,9.9,12.5,72,25.9
2024-03-03T14:00,12.9,0.00,0.00,0.00,10.7,13.8,81,28.8
2024-03-03T15:00,14.1,0.30,0.00,0.30,11.7,12.1,80,25.6
2024-03-03T16:00,13.2,0.60,0.00,0.60,11.1,11.5,76,27.4
2024-03-03T17:00,12.8,0.00,0.00,0.00,10.5,11.6,97,27.7
2024-03-03T18:00,11.5,0.00,0.00,0.00,9.2,12.0,41,22.7
2024-03-03T19:00,10.1,0.00,0.00,0.00,7.6,11.6,22,23.4
2024-03-03T20:00,9.8,0.00,0.00,0.00,7.6,9.2,31,20.9
2024-03-03T21:00,9.6,0.00,0.00,0.00,7.0,11.8,59,20.2
2024-03-03T22:00,9.4,0.10,0.00,0.10,6.5,14.5,67,25.9
2024-03-03T23:00,9.2,1.00,0.00,1.00,6.3,14.8,47,27.0
2024-03-04T00:00,9.3,0.50,0.00,0.50,6.4,14.1,38,27.7
2024-03-04T01:00,9.1,0.10,0.00,0.10,6.5,12.0,33,25.2
2024-03-04T02:00,9.0,4.00,0.00,4.00,6.9,8.9,32,20.9
2024-03-04T03:00,9.6,0.20,0.00,0.20,7.2,12.1,23,32.0
2024-03-04T04:00,9.3,1.10,0.00,1.10,7.6,7.0,35,22.0
2024-03-04T05:00,9.1,5.30,0.00,5.30,7.0,8.9,32,16.2
2024-03-04T06:00,9.1,2.10,0.00,2.10,6.5,12.5,44,21.6
2024-03-04T07:00,8.9,0.80,0.00,0.80,6.6,10.1,17,25.6
2024-03-04T08:00,9.1,1.00,0.00,1.00,7.1,8.0,10,17.3
2024-03-04T09:00,9.1,2.00,0.00,2.00,6.6,11.7,18,20.9
2024-03-04T10:00,9.3,2.20,0.00,2.20,6.9,11.4,24,22.7
2024-03-04T11:00,10.6,0.90,0.00,0.90,8.4,11.8,20,20.9
2024-03-04T12:00,11.8,0.00,0.00,0.00,9.5,12.6,24,24.5
2024-03-04T13:00,13.2,0.00,0.00,0.00,11.3,11.2,354,24.5
2024-03-04T14:00,15.5,0.00,0.00,0.00,13.3,10.5,356,24.8
2024-03-04T15:00,13.8,0.00,0.00,0.00,12.2,7.5,343,20.5
2024-03-04T16:00,15.2,0.00,0.00,0.00,13.8,5.5,23,17.6
2024-03-04T17:00,15.3,0.00,0.00,0.00,14.2,3.3,6,14.0
2024-03-04T18:00,14.1,0.00,0.00,0.00,13.7,3.1,201,7.6
2024-03-04T19:00,11.0,0.00,0.00,0.00,9.3,6.9,242,11.2
2024-03-04T20:00,10.3,0.00,0.00,0.00,8.4,9.4,272,16.2
2024-03-04T21:00,9.8,0.00,0.00,0.00,7.9,9.1,277,16.2
2024-03-04T22:00,9.2,0.00,0.00,0.00,7.1,9.7,268,16.9
2024-03-04T23:00,8.7,0.00,0.00,0.00,6.4,10.1,268,18.0
2024-03-05T00:00,8.1,0.00,0.00,0.00,5.6,9.3,286,18.0
2024-03-05T01:00,7.0,0.00,0.00,0.00,4.6,8.0,297,16.6
2024-03-05T02:00,5.8,0.00,0.00,0.00,3.4,7.2,297,14.8
2024-03-05T03:00,7.5,0.00,0.00,0.00,4.9,7.9,294,15.1
2024-03-05T04:00,6.3,0.00,0.00,0.00,4.2,4.1,315,14.0
2024-03-05T05:00,6.2,0.00,0.00,0.00,3.8,5.8,330,10.8
2024-03-05T06:00,6.2,0.00,0.00,0.00,3.7,6.0,335,11.5
2024-03-05T07:00,5.9,0.00,0.00,0.00,3.5,4.7,328,11.2
2024-03-05T08:00,5.8,0.00,0.00,0.00,2.9,6.9,332,12.6
2024-03-05T09:00,7.4,0.00,0.00,0.00,4.5,7.9,336,16.6
2024-03-05T10:00,10.4,0.00,0.00,0.00,8.6,3.7,299,15.5
2024-03-05T11:00,12.8,0.00,0.00,0.00,11.6,0.8,207,10.4
2024-03-05T12:00,14.6,0.00,0.00,0.00,13.4,1.3,146,10.4
2024-03-05T13:00,15.9,0.00,0.00,0.00,14.9,3.5,114,13.0
2024-03-05T14:00,16.6,0.00,0.00,0.00,15.7,5.5,113,16.6
2024-03-05T15:00,16.8,0.00,0.00,0.00,16.1,5.0,120,16.2
2024-03-05T16:00,16.6,0.00,0.00,0.00,15.8,4.3,85,15.1
2024-03-05T17:00,16.6,0.00,0.00,0.00,15.6,5.0,90,13.0
2024-03-05T18:00,14.8,0.00,0.00,0.00,13.9,6.1,90,14.4
2024-03-05T19:00,12.2,2.00,0.00,2.00,11.0,6.1,270,10.8
2024-03-05T20:00,10.8,2.10,0.00,2.10,10.2,3.5,246,20.9
2024-03-05T21:00,10.7,0.20,0.00,0.20,10.4,1.5,315,5.8
2024-03-05T22:00,10.5,0.90,0.00,0.90,9.4,6.4,313,13.7
2024-03-05T23:00,10.1,0.80,0.00,0.80,9.2,4.8,27,12.6
2024-03-06T00:00,10.1,0.90,0.00,0.90,8.7,7.7,28,14.8
2024-03-06T01:00,10.1,1.90,0.00,1.90,8.2,10.5,59,18.7
2024-03-06T02:00,9.6,0.70,0.00,0.70,6.9,15.3,75,27.7
2024-03-06T03:00,10.0,0.70,0.00,0.70,7.9,10.6,55,26.6
2024-03-06T04:00,9.3,2.30,0.00,2.30,6.4,15.9,72,28.1
2024-03-06T05:00,9.2,0.10,0.00,0.10,6.3,15.6,64,31.7
2024-03-06T06:00,8.9,0.10,0.00,0.10,5.6,17.1,72,31.0
2024-03-06T07:00,8.6,0.00,0.00,0.00,5.8,13.4,54,31.0
2024-03-06T08:00,8.7,0.00,0.00,0.00,6.3,9.9,57,23.8
2024-03-06T09:00,9.4,0.00,0.00,0.00,7.1,10.6,55,18.0
2024-03-06T10:00,10.8,0.00,0.00,0.00,8.3,11.4,66,24.5
2024-03-06T11:00,11.4,0.00,0.00,0.00,8.6,13.9,73,27.4
2024-03-06T12:00,12.0,0.00,0.00,0.00,8.5,18.0,74,35.6
2024-03-06T13:00,12.1,0.00,0.00,0.00,8.4,18.8,70,37.4
2024-03-06T14:00,12.2,0.00,0.00,0.00,8.3,20.4,69,40.3
2024-03-06T15:00,11.7,0.00,0.00,0.00,8.2,17.4,77,37.4
2024-03-06T16:00,11.9,0.00,0.00,0.00,8.5,17.3,78,34.6
2024-03-06T17:00,11.7,0.00,0.00,0.00,8.6,14.6,80,33.5
2024-03-06T18:00,11.3,0.00,0.00,0.00,8.8,10.5,74,28.1
2024-03-06T19:00,10.1,0.00,0.00,0.00,8.0,6.8,58,19.4
2024-03-06T20:00,8.9,0.00,0.00,0.00,7.2,5.0,21,11.9
2024-03-06T21:00,9.5,0.00,0.00,0.00,8.1,2.5,352,7.2
2024-03-06T22:00,8.6,1.50,0.00,1.50,7.3,2.6,236,5.8
2024-03-06T23:00,8.4,0.10,0.00,0.10,7.2,2.9,277,6.1
2024-03-07T00:00,8.1,0.30,0.00,0.30,6.8,3.9,292,6.8
2024-03-07T01:00,7.9,1.10,0.00,1.10,6.4,4.9,253,7.9
2024-03-07T02:00,8.1,0.30,0.00,0.30,6.6,4.7,293,9.0
2024-03-07T03:00,6.6,0.10,0.00,0.10,4.6,6.6,81,7.6
2024-03-07T04:00,7.2,1.40,0.00,1.40,6.0,2.5,360,9.4
2024-03-07T05:00,7.6,0.10,0.00,0.10,5.3,9.5,323,16.2
2024-03-07T06:00,6.8,0.00,0.00,0.00,4.6,7.5,325,16.9
2024-03-07T07:00,6.7,0.00,0.00,0.00,4.6,6.7,306,13.7
2024-03-07T08:00,6.4,0.00,0.00,0.00,4.0,8.2,308,15.1
2024-03-07T09:00,7.9,0.10,0.00,0.10,5.6,8.4,310,15.8
2024-03-07T10:00,9.2,0.20,0.00,0.20,7.7,5.8,30,16.2
2024-03-07T11:00,9.4,0.50,0.00,0.50,8.1,3.2,63,14.0
2024-03-07T12:00,9.4,2.30,0.00,2.30,8.1,3.2,27,11.2
2024-03-07T13:00,10.1,0.20,0.00,0.20,9.1,1.5,135,11.2
2024-03-07T14:00,10.7,0.30,0.00,0.30,9.4,3.2,243,10.8
2024-03-07T15:00,12.4,0.00,0.00,0.00,10.1,7.8,214,20.9
2024-03-07T16:00,11.2,0.30,0.00,0.30,8.9,9.3,144,24.1
2024-03-07T17:00,10.1,0.50,0.00,0.50,8.2,6.9,141,22.0
2024-03-07T18:00,10.0,0.30,0.00,0.30,8.9,1.5,256,15.5
2024-03-07T19:00,9.2,0.50,0.00,0.50,7.8,5.1,45,7.2
2024-03-07T20:00,8.2,0.60,0.00,0.60,6.4,6.6,13,16.6
2024-03-07T21:00,8.2,0.20,0.00,0.20,6.8,4.1,345,11.9
2024-03-07T22:00,8.1,1.30,0.00,1.30,6.9,3.2,360,7.2
2024-03-07T23:00,8.1,0.40,0.00,0.40,6.8,3.2,360,5.4
2024-03-08T00:00,7.9,0.50,0.00,0.50,6.4,3.1,339,7.2
2024-03-08T01:00,7.8,0.40,0.00,0.40,6.2,3.8,41,5.4
2024-03-08T02:00,7.5,0.10,0.00,0.10,4.7,10.3,61,18.0
2024-03-08T03:00,7.2,0.00,0.00,0.00,3.8,15.3,71,26.6
2024-03-08T04:00,6.7,0.00,0.00,0.00,3.2,14.6,70,28.8
2024-03-08T05:00,6.3,0.20,0.00,0.20,2.7,14.7,54,26.3
2024-03-08T06:00,6.0,0.60,0.00,0.60,2.6,13.2,47,25.9
2024-03-08T07:00,5.9,0.80,0.00,0.80,2.8,11.5,44,23.8
2024-03-08T08:00,5.8,0.90,0.00,0.90,2.5,12.5,46,22.0
2024-03-08T09:00,5.7,0.80,0.00,0.80,2.4,12.5,51,23.0
2024-03-08T10:00,5.8,0.60,0.00,0.60,2.6,11.9,55,22.3
2024-03-08T11:00,6.0,0.20,0.00,0.20,3.0,11.0,58,21.6
2024-03-08T12:00,6.2,0.10,0.00,0.10,3.2,10.6,62,20.9
2024-03-08T13:00,6.9,0.10,0.00,0.10,3.7,11.6,60,22.7
2024-03-08T14:00,7.6,0.00,0.00,0.00,4.2,12.4,64,25.6
2024-03-08T15:00,7.8,0.00,0.00,0.00,4.3,12.9,63,25.9
2024-03-08T16:00,7.3,0.10,0.00,0.10,4.0,11.8,67,25.9
2024-03-08T17:00,7.3,0.00,0.00,0.00,4.0,12.0,69,23.4
2024-03-08T18:00,7.4,0.00,0.00,0.00,4.3,10.8,64,22.7
2024-03-08T19:00,7.2,0.00,0.00,0.00,4.4,8.6,57,20.2
2024-03-08T20:00,7.0,0.00,0.00,0.00,4.2,7.7,37,15.5
2024-03-08T21:00,7.1,0.00,0.00,0.00,4.4,7.1,30,14.0
2024-03-08T22:00,6.8,0.00,0.00,0.00,4.2,6.8,18,12.6
2024-03-08T23:00,6.8,0.20,0.00,0.20,4.3,6.6,13,13.0
2024-03-09T00:00,6.6,0.20,0.00,0.20,4.6,4.3,24,11.5
2024-03-09T01:00,6.8,0.20,0.00,0.20,4.2,8.4,47,14.8
2024-03-09T02:00,6.8,0.50,0.00,0.50,4.4,7.9,24,15.1
2024-03-09T03:00,6.9,0.00,0.00,0.00,4.2,9.4,47,16.2
2024-03-09T04:00,6.7,0.20,0.00,0.20,4.1,8.7,48,16.6
2024-03-09T05:00,6.6,0.90,0.00,0.90,3.8,10.7,50,19.1
2024-03-09T06:00,6.6,0.90,0.00,0.90,3.7,11.0,41,19.8
2024-03-09T07:00,6.8,1.00,0.00,1.00,3.9,11.1,29,19.4
2024-03-09T08:00,6.9,1.50,0.00,1.50,4.8,6.1,40,19.4
2024-03-09T09:00,7.1,1.30,0.00,1.30,4.9,6.9,39,10.8
2024-03-09T10:00,7.4,0.20,0.00,0.20,4.8,10.0,21,19.8
2024-03-09T11:00,9.0,0.00,0.00,0.00,6.6,9.4,32,21.2
2024-03-09T12:00,9.5,0.10,0.00,0.10,7.2,9.4,67,19.1
2024-03-09T13:00,9.1,0.40,0.00,0.40,6.6,11.2,75,22.7
2024-03-09T14:00,9.1,0.10,0.00,0.10,7.0,9.5,65,22.0
2024-03-09T15:00,11.1,0.00,0.00,0.00,9.1,7.4,61,19.1
2024-03-09T16:00,11.4,0.00,0.00,0.00,9.2,8.0,63,18.0
2024-03-09T17:00,11.4,0.00,0.00,0.00,9.3,7.3,79,18.0
2024-03-09T18:00,10.8,0.00,0.00,0.00,8.9,6.1,87,15.8
2024-03-09T19:00,8.4,0.00,0.00,0.00,6.2,8.3,56,11.5
2024-03-09T20:00,7.7,0.00,0.00,0.00,5.6,6.3,31,11.5
2024-03-09T21:00,7.6,0.00,0.00,0.00,5.4,7.3,20,10.4
2024-03-09T22:00,6.1,0.00,0.00,0.00,3.5,8.4,7,10.1
2024-03-09T23:00,7.3,0.00,0.00,0.00,5.1,7.0,21,10.4
2024-03-10T00:00,8.0,0.00,0.00,0.00,6.1,5.1,39,9.4
2024-03-10T01:00,8.4,0.00,0.00,0.00,6.2,6.6,49,11.2
2024-03-10T02:00,8.1,0.40,0.00,0.40,6.1,6.2,54,11.5
2024-03-10T03:00,8.7,0.00,0.00,0.00,6.3,8.7,60,15.1
2024-03-10T04:00,8.6,0.00,0.00,0.00,6.3,8.9,58,16.6
2024-03-10T05:00,8.6,0.40,0.00,0.40,6.4,8.7,45,15.8
2024-03-10T06:00,8.5,0.10,0.00,0.10,6.1,10.6,35,18.7
2024-03-10T07:00,8.5,0.20,0.00,0.20,6.5,8.1,45,18.0
2024-03-10T08:00,8.3,0.70,0.00,0.70,6.0,10.2,39,16.9
2024-03-10T09:00,8.5,0.90,0.00,0.90,6.1,12.0,33,22.0
2024-03-10T10:00,9.2,0.90,0.00,0.90,6.8,12.2,34,20.9
2024-03-10T11:00,9.5,0.60,0.00,0.60,7.3,11.5,44,21.2
2024-03-10T12:00,10.1,0.80,0.00,0.80,7.9,12.7,35,25.2
2024-03-10T13:00,11.0,1.30,0.00,1.30,9.0,12.5,41,23.4
2024-03-10T14:00,10.8,2.10,0.00,2.10,8.4,14.7,62,26.3
2024-03-10T15:00,9.9,3.10,0.00,3.10,6.9,18.3,58,32.8
2024-03-10T16:00,10.3,2.70,0.00,2.70,7.3,19.1,58,36.0
2024-03-10T17:00,11.0,3.80,0.00,3.80,7.9,21.0,83,44.3
2024-03-10T18:00,11.8,4.30,0.00,4.30,9.1,20.0,141,45.0
2024-03-10T19:00,10.5,0.00,0.00,0.00,9.5,6.0,155,36.0
2024-03-10T20:00,10.5,0.00,0.00,0.00,9.6,4.4,145,10.1
2024-03-10T21:00,7.6,0.00,0.00,0.00,5.5,9.1,214,10.4
2024-03-10T22:00,6.3,0.00,0.00,0.00,3.9,8.9,220,12.2
2024-03-10T23:00,6.7,0.00,0.00,0.00,4.7,7.3,250,10.8
2024-03-11T00:00,8.3,0.00,0.00,0.00,6.9,4.2,250,9.0
2024-03-11T01:00,9.0,0.00,0.00,0.00,7.9,3.0,14,5.4
2024-03-11T02:00,7.3,0.00,0.00,0.00,5.7,5.4,20,7.6
2024-03-11T03:00,6.1,0.00,0.00,0.00,4.3,5.1,356,9.0
2024-03-11T04:00,6.0,0.00,0.00,0.00,4.2,5.1,4,9.4
2024-03-11T05:00,6.5,0.00,0.00,0.00,4.6,5.5,337,9.7
2024-03-11T06:00,5.4,0.00,0.00,0.00,3.2,5.8,7,9.4
2024-03-11T07:00,5.5,0.00,0.00,0.00,3.3,6.1,3,11.2
2024-03-11T08:00,5.1,0.00,0.00,0.00,3.0,4.7,360,10.4
2024-03-11T09:00,7.1,0.00,0.00,0.00,4.7,7.4,321,13.7
2024-03-11T10:00,8.8,0.00,0.00,0.00,6.7,6.6,299,15.5
2024-03-11T11:00,10.8,0.00,0.00,0.00,9.2,3.0,256,15.1
2024-03-11T12:00,12.2,0.00,0.00,0.00,10.6,5.1,184,15.5
2024-03-11T13:00,13.2,0.00,0.00,0.00,11.4,7.3,213,19.4
2024-03-11T14:00,14.1,0.00,0.00,0.00,12.5,5.2,214,19.4
2024-03-11T15:00,14.5,0.00,0.00,0.00,13.0,6.3,211,18.4
2024-03-11T16:00,14.5,0.00,0.00,0.00,12.8,6.7,196,17.3
2024-03-11T17:00,14.2,0.00,0.00,0.00,12.5,6.1,177,16.9
2024-03-11T18:00,13.4,0.00,0.00,0.00,12.3,4.0,180,13.7
2024-03-11T19:00,13.0,0.00,0.00,0.00,11.9,2.2,90,7.2
2024-03-11T20:00,8.9,0.00,0.00,0.00,6.9,6.8,18,7.6
2024-03-11T21:00,8.7,0.00,0.00,0.00,7.0,4.8,347,9.4
2024-03-11T22:00,6.3,0.00,0.00,0.00,4.7,3.1,315,6.1
2024-03-11T23:00,7.9,0.00,0.00,0.00,6.4,2.7,337,4.7
2024-03-12T00:00,5.6,0.00,0.00,0.00,3.3,6.5,3,7.6
2024-03-12T01:00,5.7,0.00,0.00,0.00,3.8,4.3,355,8.6
2024-03-12T02:00,4.6,0.00,0.00,0.00,2.0,7.6,360,9.0
2024-03-12T03:00,6.4,0.00,0.00,0.00,3.9,8.6,33,11.5
2024-03-12T04:00,6.2,0.00,0.00,0.00,3.8,7.6,19,10.4
2024-03-12T05:00,5.5,0.00,0.00,0.00,3.3,5.8,360,9.4
2024-03-12T06:00,5.3,0.00,0.00,0.00,3.2,4.0,333,9.0
2024-03-12T07:00,4.3,0.00,0.00,0.00,1.9,5.6,315,11.2
2024-03-12T08:00,4.4,0.00,0.00,0.00,1.7,6.6,311,12.6
2024-03-12T09:00,6.5,0.00,0.00,0.00,3.9,6.8,302,13.7
2024-03-12T10:00,9.6,0.00,0.00,0.00,8.0,2.5,270,13.0
2024-03-12T11:00,11.9,0.00,0.00,0.00,10.3,2.6,196,10.4
2024-03-12T12:00,13.5,0.00,0.00,0.00,11.9,5.2,192,15.1
2024-03-12T13:00,15.0,0.00,0.00,0.00,13.6,6.1,183,16.9
2024-03-12T14:00,16.1,0.00,0.00,0.00,15.1,7.7,191,19.8
2024-03-12T15:00,15.3,0.00,0.00,0.00,14.8,2.5,172,19.4
2024-03-12T16:00,15.7,0.00,0.00,0.00,14.9,2.5,225,12.2
2024-03-12T17:00,16.1,0.00,0.00,0.00,15.4,2.3,108,9.4
2024-03-12T18:00,15.2,0.00,0.00,0.00,15.0,2.8,140,8.6
2024-03-12T19:00,12.0,0.00,0.00,0.00,11.1,6.5,109,9.7
2024-03-12T20:00,12.0,0.00,0.00,0.00,11.4,4.3,138,11.9
2024-03-12T21:00,10.9,0.00,0.00,0.00,10.5,1.9,338,5.0
2024-03-12T22:00,8.8,0.10,0.00,0.10,7.6,4.1,345,5.4
2024-03-12T23:00,8.7,0.40,0.00,0.40,7.7,1.8,307,6.1
2024-03-13T00:00,7.9,0.10,0.00,0.10,6.6,2.5,315,3.2
2024-03-13T01:00,6.5,0.00,0.00,0.00,5.0,3.1,315,6.1
2024-03-13T02:00,6.5,0.00,0.00,0.00,4.8,4.1,322,8.6
2024-03-13T03:00,7.1,0.00,0.00,0.00,5.1,5.4,323,10.1
2024-03-13T04:00,6.7,0.00,0.00,0.00,4.0,6.2,324,11.5
2024-03-13T05:00,6.1,0.00,0.00,0.00,2.9,7.1,336,13.3
2024-03-13T06:00,5.7,0.00,0.00,0.00,2.5,6.2,339,13.7
2024-03-13T07:00,5.6,0.00,0.00,0.00,2.4,6.5,341,12.2
2024-03-13T08:00,6.3,0.00,0.00,0.00,3.2,6.2,350,13.3
2024-03-13T09:00,7.4,0.00,0.00,0.00,4.5,6.6,351,14.4
2024-03-13T10:00,9.2,0.00,0.00,0.00,7.1,4.4,351,13.0
2024-03-13T11:00,12.0,0.00,0.00,0.00,10.5,1.8,11,11.5
2024-03-13T12:00,13.4,0.00,0.00,0.00,11.9,2.1,149,9.4
2024-03-13T13:00,15.3,0.00,0.00,0.00,13.9,5.9,166,16.6
2024-03-13T14:00,16.2,0.00,0.00,0.00,14.5,7.2,174,19.4
2024-03-13T15:00,16.4,0.00,0.00,0.00,14.2,7.5,197,19.8
2024-03-13T16:00,16.6,0.00,0.00,0.00,14.3,7.1,195,18.4
2024-03-13T17:00,16.3,0.00,0.00,0.00,14.2,6.6,193,16.9
2024-03-13T18:00,15.2,0.00,0.00,0.00,14.2,4.2,200,14.0
2024-03-13T19:00,12.2,0.00,0.00,0.00,10.4,8.1,225,9.7
2024-03-13T20:00,10.8,0.00,0.00,0.00,8.9,6.8,267,9.7
2024-03-13T21:00,9.4,0.00,0.00,0.00,7.4,5.9,284,8.3
2024-03-13T22:00,7.6,0.00,0.00,0.00,5.4,5.9,308,7.6
2024-03-13T23:00,7.0,0.00,0.00,0.00,5.3,3.2,297,7.9
2024-03-14T00:00,6.7,0.00,0.00,0.00,4.8,3.7,299,8.6
2024-03-14T01:00,5.7,0.00,0.00,0.00,3.8,3.3,311,9.0
2024-03-14T02:00,4.6,0.00,0.00,0.00,2.5,4.1,322,9.7
2024-03-14T03:00,4.8,0.00,0.00,0.00,2.5,5.4,318,12.2
2024-03-14T04:00,4.5,0.00,0.00,0.00,2.2,5.3,332,11.2
2024-03-14T05:00,4.3,0.00,0.00,0.00,1.8,5.5,328,11.2
2024-03-14T06:00,3.7,0.00,0.00,0.00,1.1,5.4,323,11.2
2024-03-14T07:00,3.7,0.00,0.00,0.00,0.7,6.6,338,12.6
2024-03-14T08:00,4.2,0.00,0.00,0.00,1.2,7.2,342,13.0
2024-03-14T09:00,7.2,0.00,0.00,0.00,4.5,6.2,353,13.7
2024-03-14T10:00,9.9,0.00,0.00,0.00,8.1,2.3,39,12.6
2024-03-14T11:00,11.5,0.00,0.00,0.00,9.8,3.3,103,11.5
2024-03-14T12:00,12.9,0.00,0.00,0.00,11.4,4.7,122,14.8
2024-03-14T13:00,14.1,0.00,0.00,0.00,12.8,5.3,152,15.8
2024-03-14T14:00,15.0,0.00,0.00,0.00,13.8,6.5,177,17.3
2024-03-14T15:00,16.0,0.00,0.00,0.00,14.5,8.0,207,19.4
2024-03-14T16:00,16.4,0.00,0.00,0.00,14.7,9.1,214,20.9
2024-03-14T17:00,16.1,0.00,0.00,0.00,14.6,8.2,209,20.5
2024-03-14T18:00,15.1,0.00,0.00,0.00,13.9,7.2,186,18.0
2024-03-14T19:00,13.2,0.00,0.00,0.00,12.2,6.6,167,13.7
2024-03-14T20:00,10.5,0.00,0.00,0.00,9.0,8.4,170,11.5
2024-03-14T21:00,11.0,0.00,0.00,0.00,10.4,2.9,263,9.7
2024-03-14T22:00,10.4,0.00,0.00,0.00,9.8,2.4,297,4.0
2024-03-14T23:00,9.5,0.00,0.00,0.00,8.8,2.3,288,3.6
2024-03-15T00:00,9.1,0.00,0.00,0.00,8.4,1.8,307,3.6
2024-03-15T01:00,8.6,0.00,0.00,0.00,7.6,2.6,326,3.2
2024-03-15T02:00,8.0,0.00,0.00,0.00,6.4,5.2,16,5.8
2024-03-15T03:00,8.1,0.00,0.00,0.00,6.6,4.7,356,5.8
2024-03-15T04:00,7.6,0.00,0.00,0.00,6.0,5.1,4,6.8
2024-03-15T05:00,7.0,0.00,0.00,0.00,5.4,4.7,360,6.8
2024-03-15T06:00,6.7,0.00,0.00,0.00,5.1,3.3,354,6.8
2024-03-15T07:00,5.8,0.00,0.00,0.00,3.9,4.0,350,7.2
2024-03-15T08:00,6.5,0.00,0.00,0.00,4.5,4.4,351,7.9
2024-03-15T09:00,9.2,0.00,0.00,0.00,7.3,5.7,18,11.5
2024-03-15T10:00,11.1,0.00,0.00,0.00,9.6,4.8,48,12.6
2024-03-15T11:00,12.5,0.00,0.00,0.00,11.3,5.2,78,15.1
2024-03-15T12:00,13.9,0.00,0.00,0.00,12.8,6.0,107,17.6
2024-03-15T13:00,15.2,0.00,0.00,0.00,14.4,6.1,130,18.4
2024-03-15T14:00,15.9,0.00,0.00,0.00,14.9,5.7,145,18.4
2024-03-15T15:00,15.2,0.00,0.00,0.00,14.1,5.9,142,18.0
2024-03-15T16:00,15.1,0.00,0.00,0.00,14.0,6.0,147,16.2
2024-03-15T17:00,14.7,0.00,0.00,0.00,13.8,6.2,173,14.0
2024-03-15T18:00,14.3,0.00,0.00,0.00,13.5,5.8,176,14.0
2024-03-15T19:00,13.2,0.00,0.00,0.00,12.4,6.0,163,11.2
2024-03-15T20:00,11.8,0.00,0.00,0.00,11.2,4.0,153,10.8
2024-03-15T21:00,11.6,0.00,0.00,0.00,10.9,3.4,212,7.2
2024-03-15T22:00,11.5,0.00,0.00,0.00,11.1,1.9,292,4.0
2024-03-15T23:00,11.1,0.00,0.00,0.00,10.7,1.6,333,2.5
2024-03-16T00:00,9.9,0.00,0.00,0.00,9.1,3.3,347,4.0
2024-03-16T01:00,10.6,0.00,0.00,0.00,9.9,3.3,354,4.7
2024-03-16T02:00,10.3,0.00,0.00,0.00,9.3,4.0,10,4.3
2024-03-16T03:00,9.5,0.00,0.00,0.00,8.5,3.8,343,6.1
2024-03-16T04:00,9.5,0.00,0.00,0.00,8.2,6.1,28,7.2
2024-03-16T05:00,9.4,0.00,0.00,0.00,8.2,4.5,29,7.9
2024-03-16T06:00,8.3,0.00,0.00,0.00,6.7,6.6,22,8.3
2024-03-16T07:00,8.2,0.00,0.00,0.00,6.8,4.9,17,8.3
2024-03-16T08:00,8.8,0.00,0.00,0.00,7.5,4.5,29,8.3
2024-03-16T09:00,10.7,0.00,0.00,0.00,9.4,6.1,40,13.0
2024-03-16T10:00,11.8,0.00,0.00,0.00,10.5,6.4,43,15.1
2024-03-16T11:00,12.9,0.00,0.00,0.00,11.8,5.6,75,15.5
2024-03-16T12:00,14.2,0.00,0.00,0.00,13.1,6.2,80,17.6
2024-03-16T13:00,15.3,0.00,0.00,0.00,14.2,5.9,101,18.4
2024-03-16T14:00,16.1,0.00,0.00,0.00,15.6,2.3,129,17.3
2024-03-16T15:00,16.8,0.00,0.00,0.00,16.4,2.9,173,14.0
2024-03-16T16:00,17.2,0.00,0.00,0.00,16.7,3.5,204,12.6
2024-03-16T17:00,17.2,0.00,0.00,0.00,16.7,3.4,198,12.2
2024-03-16T18:00,16.3,0.00,0.00,0.00,16.1,3.9,202,10.4
2024-03-16T19:00,13.8,0.00,0.00,0.00,13.2,6.0,205,10.1
2024-03-16T20:00,12.0,0.00,0.00,0.00,10.9,7.6,183,11.5
2024-03-16T21:00,12.3,0.00,0.00,0.00,12.3,1.1,18,8.6
2024-03-16T22:00,10.1,0.00,0.00,0.00,9.0,4.5,331,5.8
2024-03-16T23:00,8.9,0.00,0.00,0.00,7.5,4.9,324,6.5
2024-03-17T00:00,8.7,0.00,0.00,0.00,7.6,2.6,326,6.5
2024-03-17T01:00,7.8,0.00,0.00,0.00,6.5,2.9,330,4.7
2024-03-17T02:00,7.4,0.00,0.00,0.00,6.1,2.6,326,7.9
2024-03-17T03:00,7.7,0.00,0.00,0.00,5.8,7.0,339,13.0
2024-03-17T04:00,6.7,0.00,0.00,0.00,4.6,7.3,327,13.7
2024-03-17T05:00,6.5,0.00,0.00,0.00,4.3,7.2,333,15.1
2024-03-17T06:00,6.3,0.00,0.00,0.00,4.1,6.2,339,13.3
2024-03-17T07:00,6.4,0.00,0.00,0.00,3.9,7.4,331,13.7
2024-03-17T08:00,6.9,0.00,0.00,0.00,4.4,6.8,335,13.7
2024-03-17T09:00,9.1,0.00,0.00,0.00,7.1,5.5,328,12.6
2024-03-17T10:00,12.0,0.00,0.00,0.00,10.8,1.8,11,11.5
2024-03-17T11:00,13.9,0.00,0.00,0.00,12.8,2.3,141,10.4
2024-03-17T12:00,15.6,0.00,0.00,0.00,14.6,4.0,153,14.4
2024-03-17T13:00,16.8,0.00,0.00,0.00,16.6,5.8,180,17.3
2024-03-17T14:00,17.6,0.00,0.00,0.00,17.2,5.8,180,17.3
2024-03-17T15:00,17.6,0.10,0.00,0.10,16.7,8.0,185,19.1
2024-03-17T16:00,17.3,0.00,0.00,0.00,16.1,9.7,195,20.9
2024-03-17T17:00,16.9,0.00,0.00,0.00,15.9,10.0,195,21.2
2024-03-17T18:00,16.0,0.00,0.00,0.00,15.5,7.6,183,20.5
2024-03-17T19:00,14.5,0.00,0.00,0.00,14.4,5.8,176,14.0
2024-03-17T20:00,13.2,0.00,0.00,0.00,13.0,5.8,184,10.1
2024-03-17T21:00,13.1,0.00,0.00,0.00,13.0,4.1,232,7.2
2024-03-17T22:00,12.3,0.10,0.00,0.10,12.6,1.5,284,5.0
2024-03-17T23:00,11.9,0.10,0.00,0.10,12.1,1.8,90,2.5
2024-03-18T00:00,11.1,0.00,0.00,0.00,10.8,3.7,101,4.7
2024-03-18T01:00,9.9,0.00,0.00,0.00,8.8,6.6,29,7.6
2024-03-18T02:00,9.0,0.00,0.00,0.00,7.8,6.5,3,8.6
2024-03-18T03:00,10.1,0.00,0.00,0.00,9.4,2.8,320,5.8
2024-03-18T04:00,9.5,0.00,0.00,0.00,8.3,5.4,4,6.1
2024-03-18T05:00,9.5,0.00,0.00,0.00,8.4,4.4,9,7.6
2024-03-18T06:00,9.2,0.00,0.00,0.00,7.6,6.9,6,11.9
2024-03-18T07:00,9.2,0.00,0.00,0.00,7.4,7.6,3,13.3
2024-03-18T08:00,9.4,0.00,0.00,0.00,7.7,7.3,9,13.0
2024-03-18T09:00,10.8,0.00,0.00,0.00,9.4,6.4,16,13.3
2024-03-18T10:00,11.9,0.00,0.00,0.00,10.8,6.6,41,14.8
2024-03-18T11:00,12.1,0.20,0.00,0.20,11.1,6.1,40,15.1
2024-03-18T12:00,12.3,0.50,0.00,0.50,11.4,6.2,54,14.4
2024-03-18T13:00,12.7,0.40,0.00,0.40,12.3,4.7,67,14.0
2024-03-18T14:00,12.3,0.40,0.00,0.40,11.8,5.4,70,12.6
2024-03-18T15:00,12.9,0.80,0.00,0.80,12.7,3.1,69,9.7
2024-03-18T16:00,12.9,1.20,0.00,1.20,13.0,2.0,45,7.9
2024-03-18T17:00,12.8,1.80,0.00,1.80,12.9,1.3,56,5.8
2024-03-18T18:00,12.3,1.30,0.00,1.30,12.1,4.3,48,7.2
2024-03-18T19:00,11.9,1.00,0.00,1.00,11.6,4.4,35,9.0
2024-03-18T20:00,11.1,0.40,0.00,0.40,10.8,3.7,11,7.2
2024-03-18T21:00,10.9,0.10,0.00,0.10,10.6,2.5,352,6.1
2024-03-18T22:00,10.7,0.00,0.00,0.00,10.5,1.0,315,3.2
2024-03-18T23:00,10.2,0.00,0.00,0.00,9.6,2.5,315,4.3
2024-03-19T00:00,10.0,0.10,0.00,0.10,9.3,2.8,310,5.0
2024-03-19T01:00,9.0,0.00,0.00,0.00,8.1,3.1,306,6.8
2024-03-19T02:00,7.6,0.00,0.00,0.00,6.5,3.3,311,8.6
2024-03-19T03:00,8.5,0.00,0.00,0.00,7.3,5.0,300,10.8
2024-03-19T04:00,8.4,0.00,0.00,0.00,7.0,6.2,306,11.5
2024-03-19T05:00,8.0,0.00,0.00,0.00,6.6,5.4,312,11.9
2024-03-19T06:00,7.4,0.00,0.00,0.00,6.0,4.2,329,10.8
2024-03-19T07:00,7.3,0.00,0.00,0.00,5.7,4.3,336,9.4
2024-03-19T08:00,7.6,0.00,0.00,0.00,5.7,5.8,356,9.7
2024-03-19T09:00,9.1,0.00,0.00,0.00,7.6,5.1,8,12.6
2024-03-19T10:00,11.2,0.00,0.00,0.00,10.3,3.4,18,12.6
2024-03-19T11:00,13.1,0.00,0.00,0.00,12.6,2.9,83,12.6
2024-03-19T12:00,14.5,0.00,0.00,0.00,13.9,5.1,135,16.6
2024-03-19T13:00,15.4,0.00,0.00,0.00,14.8,7.3,147,20.2
2024-03-19T14:00,15.9,0.00,0.00,0.00,15.4,6.1,140,20.5
2024-03-19T15:00,16.2,0.00,0.00,0.00,15.1,7.3,189,18.0
2024-03-19T16:00,16.4,0.00,0.00,0.00,15.0,8.5,216,19.8
2024-03-19T17:00,16.4,0.00,0.00,0.00,15.0,7.8,214,19.8
2024-03-19T18:00,15.8,0.00,0.00,0.00,14.9,6.2,190,16.6
2024-03-19T19:00,14.0,0.00,0.00,0.00,13.3,6.6,167,11.5
2024-03-19T20:00,11.4,0.00,0.00,0.00,10.3,7.4,133,11.5
2024-03-19T21:00,10.3,0.00,0.00,0.00,9.1,6.4,47,8.6
2024-03-19T22:00,10.5,0.00,0.00,0.00,9.3,7.2,37,13.7
2024-03-19T23:00,10.2,0.00,0.00,0.00,9.1,5.6,50,12.2
2024-03-20T00:00,9.3,0.00,0.00,0.00,7.9,6.3,59,10.1
2024-03-20T01:00,9.6,0.00,0.00,0.00,8.4,5.9,47,9.7
2024-03-20T02:00,9.8,0.00,0.00,0.00,8.6,5.6,40,10.4
2024-03-20T03:00,9.2,0.00,0.00,0.00,7.6,7.9,43,10.1
2024-03-20T04:00,9.4,0.00,0.00,0.00,8.0,6.5,34,9.7
2024-03-20T05:00,9.3,0.00,0.00,0.00,8.1,5.4,20,7.6
2024-03-20T06:00,9.1,0.00,0.00,0.00,7.9,4.9,17,7.2
2024-03-20T07:00,9.4,0.00,0.00,0.00,8.5,3.5,24,6.8
2024-03-20T08:00,9.7,0.00,0.00,0.00,8.5,4.9,36,7.9
2024-03-20T09:00,10.6,0.00,0.00,0.00,9.5,4.6,39,10.4
2024-03-20T10:00,11.1,0.00,0.00,0.00,10.0,4.4,55,11.2
2024-03-20T11:00,12.1,0.00,0.00,0.00,11.1,3.3,96,12.2
2024-03-20T12:00,13.1,0.00,0.00,0.00,12.1,3.6,143,13.3
2024-03-20T13:00,14.4,0.00,0.00,0.00,13.1,6.1,183,17.3
2024-03-20T14:00,15.7,0.00,0.00,0.00,14.4,8.4,211,21.2
2024-03-20T15:00,16.2,0.00,0.00,0.00,14.5,10.2,225,22.7
2024-03-20T16:00,16.0,0.00,0.00,0.00,14.2,10.8,233,23.0
2024-03-20T17:00,16.2,0.00,0.00,0.00,14.6,9.2,239,22.3
2024-03-20T18:00,15.7,0.00,0.00,0.00,14.6,6.7,234,18.7
2024-03-20T19:00,13.6,0.00,0.00,0.00,12.8,6.6,193,12.2
2024-03-20T20:00,11.5,0.00,0.00,0.00,10.4,6.4,196,10.8
2024-03-20T21:00,9.9,0.00,0.00,0.00,8.3,8.3,236,11.2
2024-03-20T22:00,9.2,0.00,0.00,0.00,7.3,8.9,256,11.9
2024-03-20T23:00,8.7,0.00,0.00,0.00,6.7,8.7,263,11.5
2024-03-21T00:00,8.2,0.00,0.00,0.00,6.3,7.6,273,11.2
2024-03-21T01:00,8.0,0.00,0.00,0.00,6.2,6.5,273,10.8
2024-03-21T02:00,7.3,0.00,0.00,0.00,5.3,7.0,291,10.4
2024-03-21T03:00,7.9,0.00,0.00,0.00,6.4,5.0,291,10.1
2024-03-21T04:00,6.8,0.00,0.00,0.00,5.4,3.1,306,9.4
2024-03-21T05:00,6.2,0.00,0.00,0.00,4.4,4.5,346,8.3
2024-03-21T06:00,6.2,0.00,0.00,0.00,4.2,5.9,346,11.9
2024-03-21T07:00,6.1,0.00,0.00,0.00,4.0,5.9,346,11.2
2024-03-21T08:00,6.8,0.00,0.00,0.00,4.6,7.6,341,13.0
2024-03-21T09:00,9.7,0.00,0.00,0.00,8.0,6.5,3,14.0
2024-03-21T10:00,11.7,0.00,0.00,0.00,10.5,5.1,45,14.0
2024-03-21T11:00,13.1,0.00,0.00,0.00,12.1,6.0,73,17.3
2024-03-21T12:00,14.7,0.00,0.00,0.00,13.9,7.2,87,19.4
2024-03-21T13:00,15.7,0.00,0.00,0.00,15.1,6.8,93,19.8
2024-03-21T14:00,16.2,0.00,0.00,0.00,15.5,4.9,107,19.4
2024-03-21T15:00,16.3,0.00,0.00,0.00,15.0,8.8,71,22.3
2024-03-21T16:00,15.6,0.00,0.00,0.00,14.3,8.0,80,21.6
2024-03-21T17:00,15.2,0.00,0.00,0.00,14.0,7.9,60,17.3
2024-03-21T18:00,14.7,0.00,0.00,0.00,13.9,5.4,53,16.6
2024-03-21T19:00,13.4,0.00,0.00,0.00,12.6,6.1,45,11.9
2024-03-21T20:00,11.5,0.00,0.00,0.00,10.7,5.2,12,10.8
2024-03-21T21:00,10.4,0.00,0.00,0.00,9.4,5.1,356,8.3
2024-03-21T22:00,9.0,0.00,0.00,0.00,7.9,4.1,345,8.3
2024-03-21T23:00,8.2,0.00,0.00,0.00,7.1,3.4,342,9.4
2024-03-22T00:00,7.9,0.00,0.00,0.00,6.6,4.1,308,9.7
2024-03-22T01:00,7.3,0.00,0.00,0.00,5.8,4.4,305,9.7
2024-03-22T02:00,6.8,0.00,0.00,0.00,5.0,5.7,305,11.9
2024-03-22T03:00,7.9,0.00,0.00,0.00,6.0,7.4,321,13.7
2024-03-22T04:00,7.3,0.00,0.00,0.00,5.1,8.9,328,17.3
2024-03-22T05:00,6.9,0.00,0.00,0.00,5.0,5.6,310,16.6
2024-03-22T06:00,6.2,0.00,0.00,0.00,3.6,7.9,300,14.4
2024-03-22T07:00,5.9,0.00,0.00,0.00,3.1,8.4,310,15.8
2024-03-22T08:00,6.6,0.00,0.00,0.00,3.6,9.4,317,17.6
2024-03-22T09:00,9.7,0.00,0.00,0.00,7.2,8.4,320,18.4
2024-03-22T10:00,13.7,0.00,0.00,0.00,12.5,4.3,336,16.6
2024-03-22T11:00,16.3,0.00,0.00,0.00,15.4,1.3,56,11.9
2024-03-22T12:00,17.8,0.00,0.00,0.00,17.2,2.7,157,11.5
2024-03-22T13:00,18.8,0.00,0.00,0.00,18.5,6.5,180,17.3
2024-03-22T14:00,19.4,0.00,0.00,0.00,18.6,8.2,203,20.2
2024-03-22T15:00,20.0,0.00,0.00,0.00,18.2,11.6,216,24.8
2024-03-22T16:00,19.9,0.00,0.00,0.00,17.5,12.1,217,25.2
2024-03-22T17:00,19.1,0.00,0.00,0.00,16.8,11.9,209,25.2
2024-03-22T18:00,17.9,0.00,0.00,0.00,16.3,8.4,190,23.8
2024-03-22T19:00,15.0,0.00,0.00,0.00,13.9,6.6,189,15.8
2024-03-22T20:00,11.9,0.00,0.00,0.00,10.0,10.5,239,13.7
2024-03-22T21:00,11.7,0.00,0.00,0.00,10.2,7.6,275,13.0
2024-03-22T22:00,11.3,0.00,0.00,0.00,9.8,7.4,284,10.8
2024-03-22T23:00,10.9,0.00,0.00,0.00,9.5,6.0,287,10.4
2024-03-23T00:00,11.1,0.00,0.00,0.00,9.8,5.2,286,10.1
2024-03-23T01:00,10.2,0.00,0.00,0.00,8.9,5.5,293,10.8
2024-03-23T02:00,8.7,0.00,0.00,0.00,7.4,3.8,311,10.4
2024-03-23T03:00,8.0,0.00,0.00,0.00,6.6,3.4,302,12.2
2024-03-23T04:00,7.1,0.00,0.00,0.00,5.9,1.3,326,7.6
2024-03-23T05:00,7.3,0.00,0.00,0.00,5.6,4.6,342,9.0
2024-03-23T06:00,7.0,0.00,0.00,0.00,5.1,5.4,340,10.4
2024-03-23T07:00,6.8,0.00,0.00,0.00,4.9,4.8,347,9.4
2024-03-23T08:00,7.9,0.00,0.00,0.00,5.8,6.5,360,10.8
2024-03-23T09:00,10.8,0.00,0.00,0.00,9.1,6.4,38,13.0
2024-03-23T10:00,12.6,0.00,0.00,0.00,11.2,6.5,71,16.2
2024-03-23T11:00,14.4,0.00,0.00,0.00,12.9,8.4,80,20.5
2024-03-23T12:00,15.7,0.00,0.00,0.00,14.8,8.3,85,21.2
2024-03-23T13:00,17.0,0.00,0.00,0.00,16.8,5.6,130,21.2
2024-03-23T14:00,17.8,0.00,0.00,0.00,17.2,7.2,180,18.4
2024-03-23T15:00,17.6,0.10,0.00,0.10,16.1,9.4,180,21.2
2024-03-23T16:00,17.3,0.00,0.00,0.00,15.7,11.3,197,27.7
2024-03-23T17:00,16.1,2.00,0.00,2.00,15.0,10.7,166,29.2
2024-03-23T18:00,15.4,0.80,0.00,0.80,14.7,10.7,147,27.4
2024-03-23T19:00,14.7,0.00,0.00,0.00,13.7,7.0,201,25.2
2024-03-23T20:00,12.1,0.00,0.00,0.00,11.0,5.5,337,13.7
2024-03-23T21:00,10.9,0.00,0.00,0.00,9.8,7.6,31,12.6
2024-03-23T22:00,10.6,0.50,0.00,0.50,8.8,11.5,90,19.8
2024-03-23T23:00,9.8,0.40,0.00,0.40,7.2,13.6,73,25.2
2024-03-24T00:00,8.5,0.10,0.00,0.10,5.4,13.0,93,25.6
2024-03-24T01:00,7.7,0.20,0.00,0.20,5.1,8.8,35,23.8
2024-03-24T02:00,7.3,0.00,0.00,0.00,5.0,6.5,354,16.6
2024-03-24T03:00,8.6,0.40,0.00,0.40,4.9,17.6,49,31.3
2024-03-24T04:00,8.6,0.30,0.00,0.30,5.1,16.2,53,35.6
2024-03-24T05:00,8.5,0.00,0.00,0.00,5.6,9.3,54,28.4
2024-03-24T06:00,7.0,0.00,0.00,0.00,4.2,7.8,56,16.9
2024-03-24T07:00,5.9,0.00,0.00,0.00,3.0,8.0,36,14.8
2024-03-24T08:00,6.3,0.00,0.00,0.00,3.9,5.0,30,14.0
2024-03-24T09:00,7.9,0.00,0.00,0.00,5.6,6.1,40,13.7
2024-03-24T10:00,9.1,0.00,0.00,0.00,6.2,9.2,48,20.9
2024-03-24T11:00,10.5,0.00,0.00,0.00,7.7,8.7,52,21.6
2024-03-24T12:00,11.9,0.00,0.00,0.00,9.7,7.2,53,21.6
2024-03-24T13:00,12.6,0.00,0.00,0.00,10.8,4.5,76,19.8
2024-03-24T14:00,13.0,0.00,0.00,0.00,11.2,3.8,131,15.8
2024-03-24T15:00,13.2,0.00,0.00,0.00,11.4,1.5,14,19.1
2024-03-24T16:00,13.0,0.00,0.00,0.00,10.7,5.9,166,16.9
2024-03-24T17:00,11.8,0.00,0.00,0.00,9.7,4.2,160,16.9
2024-03-24T18:00,11.5,0.00,0.00,0.00,9.7,1.9,158,12.2
2024-03-24T19:00,9.7,0.00,0.00,0.00,8.1,3.7,259,6.8
2024-03-24T20:00,8.2,0.00,0.00,0.00,6.0,4.9,287,9.0
2024-03-24T21:00,7.4,0.00,0.00,0.00,5.1,5.1,321,9.7
2024-03-24T22:00,6.1,0.00,0.00,0.00,3.5,6.7,324,12.2
2024-03-24T23:00,5.1,0.00,0.00,0.00,2.3,7.7,319,14.4
2024-03-25T00:00,4.8,0.00,0.00,0.00,1.9,7.1,315,15.1
2024-03-25T01:00,4.2,0.00,0.00,0.00,1.5,5.6,310,13.7
2024-03-25T02:00,3.5,0.00,0.00,0.00,0.8,5.9,308,11.5
2024-03-25T03:00,3.7,0.00,0.00,0.00,0.7,7.4,309,14.0
2024-03-25T04:00,3.3,0.00,0.00,0.00,0.3,5.6,310,14.0
2024-03-25T05:00,2.7,0.00,0.00,0.00,-0.5,6.2,324,12.2
2024-03-25T06:00,2.5,0.00,0.00,0.00,-1.0,6.8,328,13.0
2024-03-25T07:00,2.3,0.00,0.00,0.00,-1.6,8.4,335,16.2
2024-03-25T08:00,2.8,0.00,0.00,0.00,-1.0,8.5,332,16.2
2024-03-25T09:00,5.8,0.00,0.00,0.00,2.6,7.6,355,16.9
2024-03-25T10:00,9.2,0.00,0.00,0.00,6.6,3.9,56,15.5
2024-03-25T11:00,11.0,0.00,0.00,0.00,8.2,5.2,102,16.2
2024-03-25T12:00,12.5,0.00,0.00,0.00,10.3,5.4,127,17.3
2024-03-25T13:00,13.7,0.00,0.00,0.00,12.0,6.3,167,18.4
2024-03-25T14:00,14.5,0.00,0.00,0.00,12.5,9.0,175,22.3
2024-03-25T15:00,14.8,0.00,0.00,0.00,12.6,7.9,177,20.9
2024-03-25T16:00,14.8,0.00,0.00,0.00,11.6,8.6,182,20.5
2024-03-25T17:00,14.6,0.00,0.00,0.00,11.5,9.2,191,20.9
2024-03-25T18:00,13.7,0.00,0.00,0.00,11.1,8.2,165,19.8
2024-03-25T19:00,11.7,0.00,0.00,0.00,9.0,10.0,150,18.7
2024-03-25T20:00,10.0,0.00,0.00,0.00,7.9,6.7,126,17.6
2024-03-25T21:00,8.0,0.00,0.00,0.00,6.1,4.3,355,7.6
2024-03-25T22:00,8.2,0.00,0.00,0.00,6.1,4.7,337,9.0
2024-03-25T23:00,7.9,0.00,0.00,0.00,5.7,5.2,344,10.1
2024-03-26T00:00,7.1,0.00,0.00,0.00,4.5,7.6,3,9.4
2024-03-26T01:00,6.6,0.00,0.00,0.00,3.7,8.4,25,10.4
2024-03-26T02:00,6.1,0.00,0.00,0.00,3.2,7.3,11,11.2
2024-03-26T03:00,7.0,0.00,0.00,0.00,4.2,6.3,24,10.8
2024-03-26T04:00,6.3,0.00,0.00,0.00,3.4,7.2,18,10.4
2024-03-26T05:00,6.4,0.00,0.00,0.00,3.6,6.2,21,10.8
2024-03-26T06:00,5.3,0.00,0.00,0.00,2.4,6.5,6,11.2
2024-03-26T07:00,5.7,0.00,0.00,0.00,2.9,6.2,353,11.5
2024-03-26T08:00,6.0,0.00,0.00,0.00,3.0,8.8,351,14.8
2024-03-26T09:00,9.0,0.00,0.00,0.00,6.1,9.7,15,17.6
2024-03-26T10:00,10.2,0.00,0.00,0.00,8.0,6.4,38,17.3
2024-03-26T11:00,12.0,0.00,0.00,0.00,9.3,10.0,64,20.9
2024-03-26T12:00,13.0,0.00,0.00,0.00,9.8,13.8,75,28.4
2024-03-26T13:00,12.7,0.00,0.00,0.00,9.3,14.9,70,29.2
2024-03-26T14:00,12.4,0.30,0.00,0.30,9.3,14.1,77,28.8
2024-03-26T15:00,10.5,0.70,0.00,0.70,8.6,8.7,45,18.0
2024-03-26T16:00,10.4,1.10,0.00,1.10,8.3,10.9,44,20.2
2024-03-26T17:00,10.3,1.10,0.00,1.10,8.2,11.2,42,23.0
2024-03-26T18:00,9.8,1.20,0.00,1.20,7.8,10.1,55,20.2
2024-03-26T19:00,9.4,1.10,0.00,1.10,7.3,10.0,38,18.7
2024-03-26T20:00,9.4,1.10,0.00,1.10,7.2,10.4,14,18.4
2024-03-26T21:00,9.4,1.10,0.00,1.10,7.2,10.2,8,18.4
2024-03-26T22:00,9.5,1.80,0.00,1.80,7.2,10.4,2,18.7
2024-03-26T23:00,9.2,1.80,0.00,1.80,6.9,10.9,354,19.4
2024-03-27T00:00,9.2,0.90,0.00,0.90,7.4,7.9,357,19.4
2024-03-27T01:00,9.1,0.50,0.00,0.50,7.1,9.0,360,15.1
2024-03-27T02:00,9.6,0.10,0.00,0.10,7.0,12.4,17,20.9
2024-03-27T03:00,9.1,0.10,0.00,0.10,7.4,7.4,14,15.5
2024-03-27T04:00,9.3,0.00,0.00,0.00,7.4,8.7,24,14.4
2024-03-27T05:00,9.5,0.10,0.00,0.10,7.5,9.4,32,16.6
2024-03-27T06:00,9.6,0.10,0.00,0.10,7.3,11.7,43,19.8
2024-03-27T07:00,9.6,0.00,0.00,0.00,7.5,11.0,67,21.2
2024-03-27T08:00,9.7,0.40,0.00,0.40,7.4,12.4,68,22.7
2024-03-27T09:00,9.8,1.50,0.00,1.50,7.7,12.1,53,22.3
2024-03-27T10:00,10.5,1.50,0.00,1.50,8.8,10.5,49,21.2
2024-03-27T11:00,10.7,2.10,0.00,2.10,9.0,10.3,65,23.0
2024-03-27T12:00,10.7,2.60,0.00,2.60,8.6,13.3,52,28.4
2024-03-27T13:00,11.4,2.80,0.00,2.80,9.2,15.0,66,30.2
2024-03-27T14:00,11.9,3.40,0.00,3.40,10.3,12.6,59,33.1
2024-03-27T15:00,11.1,4.90,0.00,4.90,8.9,14.8,47,35.6
2024-03-27T16:00,11.4,8.90,0.00,8.90,9.3,15.0,66,34.2
2024-03-27T17:00,11.6,7.90,0.00,7.90,10.0,12.4,248,28.4
2024-03-27T18:00,11.3,2.30,0.00,2.30,9.8,10.2,260,23.8
2024-03-27T19:00,10.8,0.50,0.00,0.50,8.7,13.6,230,23.4
2024-03-27T20:00,9.7,0.00,0.00,0.00,7.1,14.1,238,28.1
2024-03-27T21:00,8.8,0.00,0.00,0.00,6.6,10.4,226,25.9
2024-03-27T22:00,8.4,0.00,0.00,0.00,5.9,10.9,226,19.8
2024-03-27T23:00,8.0,0.00,0.00,0.00,5.2,12.9,234,23.8
2024-03-28T00:00,7.5,0.00,0.00,0.00,4.7,12.1,247,23.8
2024-03-28T01:00,7.3,0.00,0.00,0.00,4.5,11.0,251,22.3
2024-03-28T02:00,6.7,0.00,0.00,0.00,4.1,9.0,241,20.5
2024-03-28T03:00,6.9,0.00,0.00,0.00,4.2,10.2,231,19.1
2024-03-28T04:00,6.6,0.00,0.00,0.00,4.4,6.5,251,19.1
2024-03-28T05:00,6.2,0.00,0.00,0.00,3.8,7.3,261,12.2
2024-03-28T06:00,4.8,0.00,0.00,0.00,2.2,7.6,273,10.8
2024-03-28T07:00,4.0,0.00,0.00,0.00,1.5,6.1,320,10.1
2024-03-28T08:00,6.2,0.00,0.00,0.00,4.0,6.6,351,10.4
2024-03-28T09:00,8.6,0.00,0.00,0.00,7.1,2.6,74,10.4
2024-03-28T10:00,10.1,0.00,0.00,0.00,8.4,4.0,95,13.3
2024-03-28T11:00,9.1,1.50,0.00,1.50,7.3,6.2,83,13.7
2024-03-28T12:00,9.3,1.00,0.00,1.00,7.2,8.9,69,18.0
2024-03-28T13:00,8.9,2.30,0.00,2.30,6.9,9.2,69,18.7
2024-03-28T14:00,9.4,4.10,0.00,4.10,7.1,11.9,14,23.4
2024-03-28T15:00,9.7,1.60,0.00,1.60,7.1,12.8,11,24.1
2024-03-28T16:00,9.7,0.40,0.00,0.40,7.6,9.6,13,24.1
2024-03-28T17:00,9.9,0.10,0.00,0.10,8.1,7.9,3,18.0
2024-03-28T18:00,9.3,0.60,0.00,0.60,8.2,3.2,27,14.8
2024-03-28T19:00,8.9,0.30,0.00,0.30,7.8,3.4,238,6.5
2024-03-28T20:00,8.6,0.00,0.00,0.00,7.0,6.6,261,10.8
2024-03-28T21:00,7.6,0.00,0.00,0.00,5.9,5.9,256,13.7
2024-03-28T22:00,6.2,0.00,0.00,0.00,4.3,5.5,293,11.2
2024-03-28T23:00,6.2,0.00,0.00,0.00,4.4,4.3,312,10.1
2024-03-29T00:00,5.1,0.00,0.00,0.00,3.5,1.6,333,8.6
2024-03-29T01:00,4.9,0.00,0.00,0.00,2.7,4.9,36,6.5
2024-03-29T02:00,5.0,0.00,0.00,0.00,2.7,6.7,36,11.2
2024-03-29T03:00,4.8,0.00,0.00,0.00,2.4,6.4,27,12.2
2024-03-29T04:00,4.4,0.00,0.00,0.00,1.6,8.8,19,11.2
2024-03-29T05:00,5.1,0.00,0.00,0.00,2.5,8.4,7,11.2
2024-03-29T06:00,5.2,0.00,0.00,0.00,2.9,6.6,351,9.7
2024-03-29T07:00,6.7,0.00,0.00,0.00,4.8,4.7,351,12.6
2024-03-29T08:00,7.3,0.10,0.00,0.10,5.3,6.6,351,10.8
2024-03-29T09:00,8.6,0.00,0.00,0.00,6.6,8.0,5,15.8
2024-03-29T10:00,9.7,0.00,0.00,0.00,7.8,7.3,11,14.8
2024-03-29T11:00,10.6,0.00,0.00,0.00,8.9,6.0,17,14.4
2024-03-29T12:00,12.0,0.00,0.00,0.00,10.8,5.0,360,12.6
2024-03-29T13:00,13.9,0.00,0.00,0.00,12.6,6.3,24,16.2
2024-03-29T14:00,14.0,0.00,0.00,0.00,12.8,6.7,36,16.2
2024-03-29T15:00,14.4,0.00,0.00,0.00,13.1,8.3,18,22.0
2024-03-29T16:00,15.0,0.00,0.00,0.00,14.4,4.3,42,19.8
2024-03-29T17:00,15.4,0.00,0.00,0.00,14.7,5.5,79,14.0
2024-03-29T18:00,15.0,0.00,0.00,0.00,14.2,6.6,81,14.4
2024-03-29T19:00,13.7,0.00,0.00,0.00,13.0,6.4,63,13.0
2024-03-29T20:00,13.6,0.00,0.00,0.00,12.2,10.9,27,18.7
2024-03-29T21:00,12.4,0.00,0.00,0.00,11.4,7.2,18,19.4
2024-03-29T22:00,11.2,0.00,0.00,0.00,10.2,6.5,34,11.9
2024-03-29T23:00,11.5,0.00,0.00,0.00,10.3,8.7,42,14.0
2024-03-30T00:00,12.0,0.00,0.00,0.00,10.5,11.0,32,18.7
2024-03-30T01:00,11.8,0.00,0.00,0.00,10.3,10.2,32,19.8
2024-03-30T02:00,12.5,0.00,0.00,0.00,11.0,10.7,40,18.7
2024-03-30T03:00,11.5,0.00,0.00,0.00,10.5,6.6,13,14.4
2024-03-30T04:00,12.4,0.00,0.00,0.00,11.2,8.7,24,14.4
2024-03-30T05:00,12.8,0.00,0.00,0.00,11.3,11.1,36,19.8
2024-03-30T06:00,11.9,0.00,0.00,0.00,10.6,9.4,43,19.1
2024-03-30T07:00,11.9,0.00,0.00,0.00,10.5,10.4,44,18.4
2024-03-30T08:00,12.6,0.00,0.00,0.00,10.9,12.2,45,21.2
2024-03-30T09:00,14.5,0.00,0.00,0.00,12.4,15.7,58,30.2
2024-03-30T10:00,15.4,0.00,0.00,0.00,13.2,17.1,65,33.1
2024-03-30T11:00,15.6,0.00,0.00,0.00,13.4,17.1,72,33.1
2024-03-30T12:00,16.3,0.00,0.00,0.00,14.1,17.2,79,34.6
2024-03-30T13:00,17.0,0.00,0.00,0.00,15.0,17.7,70,34.9
2024-03-30T14:00,17.9,0.00,0.00,0.00,15.7,18.9,81,37.4
2024-03-30T15:00,17.1,0.30,0.00,0.30,15.5,14.4,103,32.4
2024-03-30T16:00,15.6,1.30,0.00,1.30,14.6,10.7,76,29.5
2024-03-30T17:00,15.7,0.10,0.00,0.10,14.1,15.1,52,28.8
2024-03-30T18:00,15.3,0.00,0.00,0.00,14.0,13.2,61,29.2
2024-03-30T19:00,14.1,0.90,0.00,0.90,12.9,13.5,61,23.4
2024-03-30T20:00,13.9,0.00,0.00,0.00,11.9,16.8,48,31.0
2024-03-30T21:00,13.5,0.00,0.00,0.00,12.5,8.8,35,30.2
2024-03-30T22:00,13.6,0.20,0.00,0.20,11.8,13.0,5,27.4
2024-03-30T23:00,13.8,0.30,0.00,0.30,12.2,11.9,14,29.5
2024-03-31T00:00,13.9,0.00,0.00,0.00,12.5,10.4,20,20.5
2024-03-31T01:00,14.0,0.00,0.00,0.00,12.3,11.6,36,20.5
2024-03-31T02:00,13.4,0.00,0.00,0.00,11.7,11.7,45,19.8
2024-03-31T03:00,13.2,2.60,0.00,2.60,12.4,8.7,45,17.6
2024-03-31T04:00,12.9,0.60,0.00,0.60,11.0,14.1,32,25.6
2024-03-31T05:00,12.2,0.00,0.00,0.00,10.3,12.9,54,24.8
2024-03-31T06:00,11.9,0.00,0.00,0.00,10.2,11.0,41,24.5
2024-03-31T07:00,11.7,3.70,0.00,3.70,10.0,12.0,57,20.9
2024-03-31T08:00,12.0,0.50,0.00,0.50,9.4,16.4,52,29.2
2024-03-31T09:00,12.5,1.30,0.00,1.30,10.2,14.8,39,28.8
2024-03-31T10:00,12.9,2.40,0.00,2.40,11.1,14.3,47,25.9
2024-03-31T11:00,13.0,3.00,0.00,3.00,11.4,14.0,29,27.0
2024-03-31T12:00,13.2,1.70,0.00,1.70,11.4,15.5,36,29.5
2024-03-31T13:00,15.2,0.20,0.00,0.20,14.3,10.7,42,33.1
2024-03-31T14:00,15.7,0.70,0.00,0.70,14.8,10.9,34,33.1
2024-03-31T15:00,15.2,8.20,0.00,8.20,13.9,13.9,155,32.8
2024-03-31T16:00,15.8,0.30,0.00,0.30,15.7,8.4,223,30.6
2024-03-31T17:00,16.7,1.10,0.00,1.10,17.0,4.9,234,24.5
2024-03-31T18:00,16.6,0.10,0.00,0.10,16.3,7.4,166,13.7
2024-03-31T19:00,14.4,0.20,0.00,0.20,14.0,7.9,114,15.8
2024-03-31T20:00,13.3,0.30,0.00,0.30,13.1,6.6,61,14.0
2024-03-31T21:00,13.2,0.30,0.00,0.30,12.3,11.0,38,19.8
2024-03-31T22:00,13.1,0.50,0.00,0.50,12.1,10.5,27,19.4
2024-03-31T23:00,13.1,0.30,0.00,0.30,12.1,10.9,34,19.4
2024-04-01T00:00,13.0,0.40,0.00,0.40,11.9,11.5,44,20.9
2024-04-01T01:00,13.0,0.90,0.00,0.90,11.8,11.6,36,20.9
2024-04-01T02:00,12.8,0.70,0.00,0.70,11.6,11.2,48,25.2
2024-04-01T03:00,13.3,0.90,0.00,0.90,12.5,10.2,45,22.3
2024-04-01T04:00,13.2,0.50,0.00,0.50,11.6,15.8,66,28.1
2024-04-01T05:00,13.1,0.20,0.00,0.20,11.1,17.6,64,32.0
2024-04-01T06:00,13.0,0.60,0.00,0.60,11.3,16.3,68,32.0
2024-04-01T07:00,12.9,1.20,0.00,1.20,11.2,16.3,65,29.5
2024-04-01T08:00,12.9,0.40,0.00,0.40,11.5,14.7,65,35.6
2024-04-01T09:00,13.2,0.90,0.00,0.90,12.4,11.8,50,28.4
2024-04-01T10:00,13.7,0.20,0.00,0.20,13.0,11.0,41,22.0
2024-04-01T11:00,13.9,1.30,0.00,1.30,13.8,7.0,55,20.2
2024-04-01T12:00,13.9,3.00,0.00,3.00,14.2,3.8,343,18.0
2024-04-01T13:00,13.6,3.30,0.00,3.30,13.6,5.6,63,10.1
2024-04-01T14:00,14.2,1.50,0.00,1.50,14.6,3.6,180,15.8
2024-04-01T15:00,14.4,0.30,0.00,0.30,14.0,2.4,153,15.5
2024-04-01T16:00,13.8,0.50,0.00,0.50,13.6,2.4,27,8.6
2024-04-01T17:00,14.1,0.20,0.00,0.20,14.1,1.8,191,7.2
2024-04-01T18:00,12.9,0.90,0.00,0.90,12.3,6.2,173,18.4
2024-04-01T19:00,11.8,0.80,0.00,0.80,11.4,5.6,45,15.5
2024-04-01T20:00,11.3,5.30,0.00,5.30,10.6,5.8,68,15.8
2024-04-01T21:00,10.9,0.80,0.00,0.80,9.4,10.0,60,19.4
2024-04-01T22:00,10.2,0.00,0.00,0.00,9.6,3.3,13,19.1
2024-04-01T23:00,9.6,0.00,0.00,0.00,8.6,5.2,335,7.2
2024-04-02T00:00,9.6,0.00,0.00,0.00,8.9,2.9,353,6.1
2024-04-02T01:00,10.3,0.00,0.00,0.00,9.5,3.7,209,4.7
2024-04-02T02:00,9.7,0.00,0.00,0.00,8.8,3.9,34,4.3
2024-04-02T03:00,9.6,0.00,0.00,0.00,8.8,4.3,355,7.9
2024-04-02T04:00,9.5,0.00,0.00,0.00,8.4,6.5,360,11.5
2024-04-02T05:00,9.8,0.00,0.00,0.00,8.7,6.2,10,11.9
2024-04-02T06:00,9.9,0.00,0.00,0.00,9.6,0.5,225,10.1
2024-04-02T07:00,9.4,0.00,0.00,0.00,8.9,2.2,81,3.6
2024-04-02T08:00,9.9,0.00,0.00,0.00,8.7,6.8,25,12.6
2024-04-02T09:00,11.1,0.00,0.00,0.00,9.8,8.5,28,18.4
2024-04-02T10:00,12.1,0.00,0.00,0.00,10.7,8.0,36,20.2
2024-04-02T11:00,13.2,0.00,0.00,0.00,11.6,8.4,70,20.5
2024-04-02T12:00,14.0,0.00,0.00,0.00,12.4,8.0,80,20.9
2024-04-02T13:00,14.8,0.00,0.00,0.00,13.4,6.1,90,20.5
2024-04-02T14:00,15.6,0.00,0.00,0.00,14.7,3.1,144,17.3
2024-04-02T15:00,16.4,0.10,0.00,0.10,15.9,3.8,107,19.8
2024-04-02T16:00,16.7,0.10,0.00,0.10,15.3,9.8,204,25.2
2024-04-02T17:00,16.6,0.00,0.00,0.00,14.8,8.8,215,25.6
2024-04-02T18:00,16.0,0.00,0.00,0.00,14.9,4.1,195,19.1
2024-04-02T19:00,14.2,0.00,0.00,0.00,12.6,8.6,75,13.3
2024-04-02T20:00,11.7,0.00,0.00,0.00,9.3,15.0,66,27.0
2024-04-02T21:00,10.8,0.00,0.00,0.00,8.7,12.2,66,27.0
2024-04-02T22:00,9.9,0.00,0.00,0.00,8.3,8.9,43,21.6
2024-04-02T23:00,9.5,0.00,0.00,0.00,8.0,6.7,36,15.5
2024-04-03T00:00,9.2,0.00,0.00,0.00,7.5,8.2,29,14.8
2024-04-03T01:00,9.0,0.00,0.00,0.00,7.2,7.3,11,15.5
2024-04-03T02:00,7.2,0.00,0.00,0.00,5.2,7.2,357,13.0
2024-04-03T03:00,7.4,0.00,0.00,0.00,6.1,2.6,326,7.9
2024-04-03T04:00,6.8,0.00,0.00,0.00,5.6,0.8,333,6.1
2024-04-03T05:00,7.4,0.00,0.00,0.00,5.9,4.3,336,9.4
2024-04-03T06:00,7.5,0.00,0.00,0.00,5.8,5.8,338,10.8
2024-04-03T07:00,7.5,0.00,0.00,0.00,5.9,4.8,333,11.9
2024-04-03T08:00,8.7,0.00,0.00,0.00,7.6,2.5,315,9.0
2024-04-03T09:00,10.6,0.00,0.00,0.00,9.9,1.1,360,6.8
2024-04-03T10:00,11.7,0.10,0.00,0.10,10.7,1.6,117,6.8
2024-04-03T11:00,11.8,0.20,0.00,0.20,10.8,2.8,140,9.4
2024-04-03T12:00,12.3,0.20,0.00,0.20,11.5,2.5,262,9.7
2024-04-03T13:00,13.4,0.00,0.00,0.00,12.7,2.9,173,11.5
2024-04-03T14:00,14.3,0.00,0.00,0.00,13.4,4.9,197,25.6
2024-04-03T15:00,15.1,0.00,0.00,0.00,12.4,13.1,233,31.0
2024-04-03T16:00,15.5,0.00,0.00,0.00,12.6,14.8,231,29.9
2024-04-03T17:00,15.9,0.00,0.00,0.00,12.7,15.6,236,32.8
2024-04-03T18:00,14.8,0.00,0.00,0.00,11.9,15.8,221,32.0
2024-04-03T19:00,13.5,0.00,0.00,0.00,11.9,7.1,225,29.2
2024-04-03T20:00,12.0,0.00,0.00,0.00,10.4,6.7,216,13.0
2024-04-03T21:00,12.1,0.00,0.00,0.00,10.8,4.6,129,8.6
2024-04-03T22:00,9.0,0.00,0.00,0.00,7.5,5.5,32,6.5
2024-04-03T23:00,9.9,0.00,0.00,0.00,8.5,4.9,17,7.9
2024-04-04T00:00,10.1,0.00,0.00,0.00,8.3,7.1,41,11.9
2024-04-04T01:00,9.6,0.00,0.00,0.00,8.0,6.1,40,12.2
2024-04-04T02:00,7.5,0.00,0.00,0.00,5.2,9.0,29,11.5
2024-04-04T03:00,8.6,0.00,0.00,0.00,6.7,6.1,357,8.3
2024-04-04T04:00,7.5,0.00,0.00,0.00,5.6,5.5,349,9.0
2024-04-04T05:00,6.8,0.00,0.00,0.00,4.9,4.7,351,9.0
2024-04-04T06:00,6.1,0.00,0.00,0.00,4.0,5.0,330,9.4
2024-04-04T07:00,5.5,0.00,0.00,0.00,3.0,7.6,329,14.0
2024-04-04T08:00,7.8,0.00,0.00,0.00,5.1,9.5,335,17.3
2024-04-04T09:00,11.2,0.00,0.00,0.00,9.3,7.0,348,17.3
2024-04-04T10:00,13.6,0.00,0.00,0.00,12.4,4.6,39,14.4
2024-04-04T11:00,14.9,0.00,0.00,0.00,13.8,5.8,94,16.9
2024-04-04T12:00,16.0,0.00,0.00,0.00,15.7,5.6,117,18.0
2024-04-04T13:00,16.9,0.00,0.00,0.00,17.2,4.7,148,17.6
2024-04-04T14:00,17.9,0.00,0.00,0.00,17.7,4.0,180,16.2
2024-04-04T15:00,18.4,0.00,0.00,0.00,17.1,6.5,186,16.6
2024-04-04T16:00,18.7,0.00,0.00,0.00,17.1,8.2,221,18.0
2024-04-04T17:00,18.6,0.00,0.00,0.00,17.0,9.0,209,18.4
2024-04-04T18:00,17.8,0.00,0.00,0.00,16.7,8.6,180,19.4
2024-04-04T19:00,15.6,0.00,0.00,0.00,14.7,10.4,136,19.1
2024-04-04T20:00,13.0,0.00,0.00,0.00,12.7,5.2,106,18.7
2024-04-04T21:00,12.2,0.00,0.00,0.00,11.6,6.1,40,9.7
2024-04-04T22:00,11.4,0.00,0.00,0.00,10.5,7.7,49,13.3
2024-04-04T23:00,10.6,0.00,0.00,0.00,9.6,6.6,49,12.2
2024-04-05T00:00,10.1,0.00,0.00,0.00,9.0,6.9,39,11.2
2024-04-05T01:00,10.2,0.00,0.00,0.00,9.0,6.9,43,11.9
2024-04-05T02:00,10.0,0.00,0.00,0.00,8.8,6.4,47,12.2
2024-04-05T03:00,11.0,0.00,0.00,0.00,10.0,6.4,52,10.8
2024-04-05T04:00,9.9,0.00,0.00,0.00,8.7,6.7,36,11.5
2024-04-05T05:00,9.6,0.00,0.00,0.00,8.5,5.7,18,10.8
2024-04-05T06:00,9.7,0.00,0.00,0.00,8.7,5.1,4,9.7
2024-04-05T07:00,9.7,0.00,0.00,0.00,8.6,4.8,347,9.0
2024-04-05T08:00,10.8,0.00,0.00,0.00,9.6,6.4,344,10.4
2024-04-05T09:00,13.4,0.00,0.00,0.00,12.6,5.9,11,13.7
2024-04-05T10:00,14.9,0.00,0.00,0.00,14.5,5.1,45,14.4
2024-04-05T11:00,16.1,0.00,0.00,0.00,15.8,5.4,82,16.2
2024-04-05T12:00,17.2,0.00,0.00,0.00,17.0,5.2,106,16.9
2024-04-05T13:00,17.8,0.00,0.00,0.00,17.7,3.6,127,16.6
2024-04-05T14:00,18.0,0.00,0.00,0.00,17.8,3.9,158,13.7
2024-04-05T15:00,18.5,0.00,0.00,0.00,17.9,6.6,209,16.9
2024-04-05T16:00,18.7,0.00,0.00,0.00,17.9,6.9,208,16.9
2024-04-05T17:00,19.4,0.00,0.00,0.00,18.4,7.9,227,17.6
2024-04-05T18:00,19.0,0.00,0.00,0.00,18.7,6.2,190,16.6
2024-04-05T19:00,17.3,0.00,0.00,0.00,16.9,8.7,156,15.8
2024-04-05T20:00,15.1,0.00,0.00,0.00,15.0,6.6,139,16.6
2024-04-05T21:00,12.7,0.00,0.00,0.00,12.4,5.5,122,11.5
2024-04-05T22:00,11.2,0.00,0.00,0.00,10.7,5.2,34,6.5
2024-04-05T23:00,10.8,0.00,0.00,0.00,9.9,6.4,38,7.9
2024-04-06T00:00,10.2,0.00,0.00,0.00,9.3,6.0,33,7.6
2024-04-06T01:00,10.7,0.00,0.00,0.00,9.8,6.8,32,10.8
2024-04-06T02:00,10.9,0.00,0.00,0.00,9.8,7.1,24,12.6
2024-04-06T03:00,11.1,0.00,0.00,0.00,10.0,8.5,28,9.7
2024-04-06T04:00,10.7,0.00,0.00,0.00,9.6,7.9,43,10.4
2024-04-06T05:00,10.7,0.00,0.00,0.00,9.4,8.7,30,10.8
2024-04-06T06:00,11.6,0.00,0.00,0.00,10.8,6.6,29,10.4
2024-04-06T07:00,10.5,0.00,0.00,0.00,9.5,6.5,360,7.9
2024-04-06T08:00,12.6,0.00,0.00,0.00,12.1,5.8,7,8.3
2024-04-06T09:00,14.5,0.00,0.00,0.00,14.4,4.9,36,12.2
2024-04-06T10:00,15.9,0.00,0.00,0.00,15.9,5.8,68,15.8
2024-04-06T11:00,17.2,0.00,0.00,0.00,17.2,6.5,93,18.4
2024-04-06T12:00,18.4,0.00,0.00,0.00,19.3,4.4,125,18.4
2024-04-06T13:00,19.3,0.00,0.00,0.00,19.9,4.0,153,15.8
2024-04-06T14:00,20.1,0.00,0.00,0.00,20.3,4.0,175,14.4
2024-04-06T15:00,20.4,0.00,0.00,0.00,21.0,3.6,174,13.0
2024-04-06T16:00,20.7,0.00,0.00,0.00,20.5,6.9,171,17.3
2024-04-06T17:00,20.7,0.00,0.00,0.00,20.3,7.2,186,17.6
2024-04-06T18:00,20.1,0.00,0.00,0.00,20.0,6.2,170,16.6
2024-04-06T19:00,18.2,0.00,0.00,0.00,18.5,7.8,158,14.0
2024-04-06T20:00,14.3,0.00,0.00,0.00,14.2,8.0,188,14.4
2024-04-06T21:00,14.9,0.00,0.00,0.00,15.6,1.5,284,9.7
2024-04-06T22:00,14.1,0.00,0.00,0.00,14.9,1.0,315,2.2
2024-04-06T23:00,13.8,0.00,0.00,0.00,14.5,1.8,307,2.2
2024-04-07T00:00,13.5,0.00,0.00,0.00,13.5,5.5,67,6.1
2024-04-07T01:00,12.3,0.00,0.00,0.00,11.9,5.4,8,7.2
2024-04-07T02:00,10.1,0.00,0.00,0.00,8.7,8.7,30,10.8
2024-04-07T03:00,11.0,0.00,0.00,0.00,9.9,8.2,23,10.1
2024-04-07T04:00,10.8,0.00,0.00,0.00,10.1,5.1,8,10.4
2024-04-07T05:00,10.3,0.00,0.00,0.00,9.5,5.1,356,9.4
2024-04-07T06:00,9.8,0.00,0.00,0.00,8.8,5.1,352,9.0
2024-04-07T07:00,9.3,0.00,0.00,0.00,8.0,5.5,337,10.8
2024-04-07T08:00,11.4,0.00,0.00,0.00,10.4,6.0,343,12.2
2024-04-07T09:00,15.1,0.00,0.00,0.00,15.2,2.1,31,11.5
2024-04-07T10:00,16.9,0.00,0.00,0.00,17.5,2.9,97,11.9
2024-04-07T11:00,18.3,0.00,0.00,0.00,19.1,4.8,117,15.8
2024-04-07T12:00,19.4,0.00,0.00,0.00,21.1,5.4,138,17.3
2024-04-07T13:00,20.6,0.00,0.00,0.00,23.0,4.9,163,17.3
2024-04-07T14:00,21.8,0.00,0.00,0.00,24.3,5.1,172,16.9
2024-04-07T15:00,22.6,0.00,0.00,0.00,24.6,6.2,173,17.3
2024-04-07T16:00,22.9,0.00,0.00,0.00,24.5,5.6,165,17.3
2024-04-07T17:00,22.8,0.00,0.00,0.00,24.0,5.5,169,15.8
2024-04-07T18:00,22.1,0.00,0.00,0.00,23.5,5.4,176,13.7
2024-04-07T19:00,20.1,0.00,0.00,0.00,21.8,5.9,169,11.9
2024-04-07T20:00,16.0,0.00,0.00,0.00,16.1,10.2,190,12.2
2024-04-07T21:00,17.2,0.00,0.00,0.00,18.3,5.4,250,11.9
2024-04-07T22:00,16.4,0.00,0.00,0.00,17.7,3.2,297,6.5
2024-04-07T23:00,14.0,0.00,0.00,0.00,14.4,4.4,305,6.1
2024-04-08T00:00,12.6,0.00,0.00,0.00,12.9,3.1,306,5.8
2024-04-08T01:00,12.5,0.00,0.00,0.00,12.9,1.6,297,5.4
2024-04-08T02:00,12.1,0.00,0.00,0.00,12.0,3.4,288,7.6
2024-04-08T03:00,11.5,0.00,0.00,0.00,10.7,7.8,283,14.4
2024-04-08T04:00,11.8,0.00,0.00,0.00,11.1,7.4,293,15.1
2024-04-08T05:00,11.3,0.00,0.00,0.00,10.4,6.5,304,13.7
2024-04-08T06:00,11.1,0.00,0.00,0.00,10.0,5.6,315,12.2
2024-04-08T07:00,11.0,0.00,0.00,0.00,9.7,5.6,333,11.2
2024-04-08T08:00,12.7,0.00,0.00,0.00,11.6,5.5,349,11.2
2024-04-08T09:00,15.6,0.00,0.00,0.00,15.1,3.2,27,11.2
2024-04-08T10:00,17.1,0.00,0.00,0.00,16.7,3.4,72,11.2
2024-04-08T11:00,18.3,0.00,0.00,0.00,18.5,4.4,99,14.4
2024-04-08T12:00,19.7,0.00,0.00,0.00,20.9,4.2,110,15.1
2024-04-08T13:00,21.1,0.00,0.00,0.00,23.3,5.0,120,16.6
2024-04-08T14:00,22.0,0.00,0.00,0.00,24.3,5.9,128,17.6
2024-04-08T15:00,21.7,0.00,0.00,0.00,23.4,6.4,133,17.6
2024-04-08T16:00,21.8,0.00,0.00,0.00,22.9,6.8,122,17.6
2024-04-08T17:00,21.1,0.00,0.00,0.00,22.0,7.4,141,17.6
2024-04-08T18:00,19.7,0.00,0.00,0.00,20.4,7.0,159,17.6
2024-04-08T19:00,17.9,0.00,0.00,0.00,19.5,2.2,189,14.8
2024-04-08T20:00,16.1,0.00,0.00,0.00,16.9,3.1,216,4.3
2024-04-08T21:00,14.7,0.00,0.00,0.00,15.2,4.0,265,4.7
2024-04-08T22:00,13.8,0.00,0.00,0.00,13.9,5.3,298,6.8
2024-04-08T23:00,15.5,0.00,0.00,0.00,16.3,3.3,319,6.8
2024-04-09T00:00,14.6,0.00,0.00,0.00,15.3,4.2,59,5.0
2024-04-09T01:00,13.2,0.00,0.00,0.00,13.4,5.5,32,6.8
2024-04-09T02:00,11.7,0.00,0.00,0.00,11.1,7.0,35,8.3
2024-04-09T03:00,13.2,0.00,0.00,0.00,13.6,3.7,331,4.7
2024-04-09T04:00,12.6,0.00,0.00,0.00,12.5,6.1,62,6.8
2024-04-09T05:00,11.8,0.00,0.00,0.00,11.5,5.6,40,8.3
2024-04-09T06:00,12.2,0.00,0.00,0.00,12.4,2.9,30,6.8
2024-04-09T07:00,12.2,0.00,0.00,0.00,12.0,5.6,27,11.2
2024-04-09T08:00,12.9,0.00,0.00,0.00,12.8,6.9,43,15.1
2024-04-09T09:00,13.7,0.00,0.00,0.00,13.6,8.2,61,18.7
2024-04-09T10:00,15.5,0.00,0.00,0.00,15.1,11.3,73,24.1
2024-04-09T11:00,17.5,0.00,0.00,0.00,17.3,10.7,78,24.5
2024-04-09T12:00,19.0,0.00,0.00,0.00,19.0,9.7,90,24.5
2024-04-09T13:00,20.3,0.00,0.00,0.00,21.0,8.3,88,23.4
2024-04-09T14:00,21.2,0.00,0.00,0.00,21.9,10.2,80,24.1
2024-04-09T15:00,21.7,0.00,0.00,0.00,21.8,12.3,85,27.7
2024-04-09T16:00,21.4,0.00,0.00,0.00,21.1,11.8,102,27.0
2024-04-09T17:00,20.7,0.00,0.00,0.00,20.3,11.6,97,25.6
2024-04-09T18:00,19.9,0.00,0.00,0.00,20.1,8.3,95,24.1
2024-04-09T19:00,18.3,0.00,0.00,0.00,19.1,5.8,90,16.9
2024-04-09T20:00,15.1,0.00,0.00,0.00,15.2,7.6,85,10.4
2024-04-09T21:00,14.6,0.00,0.00,0.00,14.7,7.6,59,10.1
2024-04-09T22:00,14.6,0.30,0.00,0.30,15.1,5.1,4,9.0
2024-04-09T23:00,14.6,0.00,0.00,0.00,14.6,8.4,43,13.7
2024-04-10T00:00,14.4,0.00,0.00,0.00,14.3,8.9,47,15.8
2024-04-10T01:00,14.4,0.00,0.00,0.00,14.3,7.7,41,16.2
2024-04-10T02:00,14.4,0.40,0.00,0.40,14.7,5.2,16,13.0
2024-04-10T03:00,15.5,1.10,0.00,1.10,15.5,8.0,27,14.4
2024-04-10T04:00,15.4,0.10,0.00,0.10,15.4,7.3,9,14.0
2024-04-10T05:00,14.9,0.80,0.00,0.80,15.1,6.5,360,15.1
2024-04-10T06:00,14.6,0.40,0.00,0.40,13.9,11.2,21,19.8
2024-04-10T07:00,14.0,0.00,0.00,0.00,14.0,5.4,20,19.4
2024-04-10T08:00,14.7,0.20,0.00,0.20,14.2,10.4,2,17.3
2024-04-10T09:00,15.3,0.30,0.00,0.30,14.3,13.8,33,24.5
2024-04-10T10:00,15.2,0.70,0.00,0.70,14.1,14.0,46,27.0
2024-04-10T11:00,15.6,3.30,0.00,3.30,14.2,14.3,39,29.5
2024-04-10T12:00,15.3,1.00,0.00,1.00,13.1,14.9,345,29.5
2024-04-10T13:00,14.0,0.40,0.00,0.40,11.6,15.3,333,29.5
2024-04-10T14:00,13.6,0.30,0.00,0.30,10.9,16.6,330,30.6
2024-04-10T15:00,17.0,0.10,0.00,0.10,14.4,18.0,359,34.6
2024-04-10T16:00,16.8,0.10,0.00,0.10,14.0,17.8,353,34.2
2024-04-10T17:00,15.6,0.30,0.00,0.30,12.8,16.5,349,34.2
2024-04-10T18:00,14.0,0.50,0.00,0.50,10.9,18.4,337,32.8
2024-04-10T19:00,13.9,0.10,0.00,0.10,10.9,18.0,340,33.8
2024-04-10T20:00,13.6,0.00,0.00,0.00,11.1,13.1,352,32.8
2024-04-10T21:00,12.4,0.00,0.00,0.00,11.0,6.5,6,23.8
2024-04-10T22:00,12.1,0.00,0.00,0.00,10.7,7.0,339,11.9
2024-04-10T23:00,11.8,0.00,0.00,0.00,10.3,7.9,336,14.8
2024-04-11T00:00,11.2,0.00,0.00,0.00,9.9,6.4,344,14.4
2024-04-11T01:00,11.1,0.00,0.00,0.00,10.1,4.5,346,12.2
2024-04-11T02:00,10.6,0.00,0.00,0.00,9.5,5.0,339,9.7
2024-04-11T03:00,11.3,0.00,0.00,0.00,10.3,4.2,329,15.8
2024-04-11T04:00,10.5,0.00,0.00,0.00,9.6,4.0,333,8.3
2024-04-11T05:00,9.7,0.00,0.00,0.00,8.8,3.6,360,8.6
2024-04-11T06:00,9.6,0.00,0.00,0.00,8.3,5.4,360,10.1
2024-04-11T07:00,9.6,0.00,0.00,0.00,7.9,6.8,342,13.0
2024-04-11T08:00,11.7,0.00,0.00,0.00,10.2,7.3,327,13.7
2024-04-11T09:00,14.7,0.00,0.00,0.00,13.9,3.6,354,13.3
2024-04-11T10:00,16.3,0.00,0.00,0.00,15.3,3.5,66,12.2
2024-04-11T11:00,17.8,0.00,0.00,0.00,17.1,4.0,80,14.4
2024-04-11T12:00,19.6,0.00,0.00,0.00,19.8,3.6,90,14.8
2024-04-11T13:00,21.1,0.00,0.00,0.00,21.9,2.7,113,13.7
2024-04-11T14:00,22.1,0.00,0.00,0.00,22.6,3.8,139,13.7
2024-04-11T15:00,22.1,0.00,0.00,0.00,22.4,6.5,93,18.0
2024-04-11T16:00,22.5,0.00,0.00,0.00,22.8,4.1,75,16.9
2024-04-11T17:00,22.7,0.00,0.00,0.00,22.7,2.1,59,12.2
2024-04-11T18:00,22.5,0.00,0.00,0.00,22.7,1.6,297,7.9
2024-04-11T19:00,20.2,0.00,0.00,0.00,20.7,4.7,293,7.9
2024-04-11T20:00,17.3,0.00,0.00,0.00,17.4,5.6,310,10.4
2024-04-11T21:00,15.8,0.00,0.00,0.00,15.5,6.5,326,12.6
2024-04-11T22:00,14.3,0.00,0.00,0.00,13.8,6.6,331,13.7
2024-04-11T23:00,13.3,0.00,0.00,0.00,12.8,6.0,335,13.0
2024-04-12T00:00,12.9,0.00,0.00,0.00,12.3,6.2,353,12.6
2024-04-12T01:00,13.3,0.00,0.00,0.00,12.4,7.6,3,13.3
2024-04-12T02:00,13.4,0.00,0.00,0.00,12.3,7.9,357,14.8
2024-04-12T03:00,11.7,0.00,0.00,0.00,10.9,5.8,330,11.9
2024-04-12T04:00,10.9,0.00,0.00,0.00,9.6,8.7,330,15.8
2024-04-12T05:00,11.2,0.00,0.00,0.00,9.3,9.3,324,18.0
2024-04-12T06:00,10.9,0.00,0.00,0.00,8.9,8.6,327,17.3
2024-04-12T07:00,10.8,0.00,0.00,0.00,8.8,8.4,329,16.2
2024-04-12T08:00,12.8,0.00,0.00,0.00,11.2,7.9,321,15.8
2024-04-12T09:00,16.3,0.00,0.00,0.00,16.0,4.7,328,15.1
2024-04-12T10:00,19.9,0.00,0.00,0.00,20.6,1.0,45,11.9
2024-04-12T11:00,21.6,0.00,0.00,0.00,21.7,4.5,104,13.3
2024-04-12T12:00,22.4,0.00,0.00,0.00,22.7,7.6,98,19.1
2024-04-12T13:00,23.1,0.00,0.00,0.00,23.8,8.3,95,20.9
2024-04-12T14:00,23.8,0.00,0.00,0.00,25.0,6.8,93,20.9
2024-04-12T15:00,24.0,0.00,0.00,0.00,25.7,0.8,207,14.0
2024-04-12T16:00,24.2,0.00,0.00,0.00,24.8,3.3,276,10.8
2024-04-12T17:00,24.2,0.00,0.00,0.00,24.1,4.3,270,11.2
2024-04-12T18:00,23.3,0.00,0.00,0.00,23.7,5.6,255,11.5
2024-04-12T19:00,21.1,0.00,0.00,0.00,21.3,7.8,257,13.7
2024-04-12T20:00,18.5,0.00,0.00,0.00,18.4,6.9,279,13.7
2024-04-12T21:00,17.0,0.00,0.00,0.00,17.0,5.5,302,11.5
2024-04-12T22:00,16.0,0.00,0.00,0.00,16.1,5.0,300,10.1
2024-04-12T23:00,15.0,0.00,0.00,0.00,14.9,5.8,300,11.9
2024-04-13T00:00,13.6,0.00,0.00,0.00,13.6,5.6,310,12.6
2024-04-13T01:00,12.7,0.00,0.00,0.00,12.5,5.9,313,12.6
2024-04-13T02:00,12.2,0.00,0.00,0.00,12.0,5.3,332,12.6
2024-04-13T03:00,13.2,0.00,0.00,0.00,12.9,5.8,330,12.6
2024-04-13T04:00,13.3,0.00,0.00,0.00,12.5,7.8,326,14.8
2024-04-13T05:00,13.4,0.00,0.00,0.00,11.9,9.9,327,18.4
2024-04-13T06:00,13.2,0.00,0.00,0.00,11.5,9.5,323,18.7
2024-04-13T07:00,12.9,0.00,0.00,0.00,11.2,8.2,322,18.4
2024-04-13T08:00,14.5,0.00,0.00,0.00,13.3,8.1,328,15.8
2024-04-13T09:00,17.6,0.00,0.00,0.00,17.4,5.9,322,15.1
2024-04-13T10:00,21.2,0.00,0.00,0.00,22.1,2.8,320,13.0
2024-04-13T11:00,23.7,0.00,0.00,0.00,25.0,0.4,180,9.7
2024-04-13T12:00,25.0,0.00,0.00,0.00,26.5,4.0,153,13.3
2024-04-13T13:00,25.6,0.00,0.00,0.00,27.3,6.2,159,16.9
2024-04-13T14:00,26.0,0.00,0.00,0.00,27.9,6.5,177,17.6
2024-04-13T15:00,26.3,0.00,0.00,0.00,27.2,8.2,209,19.1
2024-04-13T16:00,26.1,0.00,0.00,0.00,26.3,9.2,228,19.8
2024-04-13T17:00,25.7,0.00,0.00,0.00,25.5,9.3,234,19.8
2024-04-13T18:00,24.8,0.00,0.00,0.00,25.4,7.5,235,19.1
2024-04-13T19:00,22.6,0.00,0.00,0.00,24.0,6.0,245,14.0
2024-04-13T20:00,19.1,0.00,0.00,0.00,19.2,9.6,257,11.9
2024-04-13T21:00,17.8,0.00,0.00,0.00,17.8,9.0,272,11.9
2024-04-13T22:00,16.8,0.00,0.00,0.00,16.9,7.4,284,11.2
2024-04-13T23:00,16.6,0.00,0.00,0.00,16.9,4.5,284,9.7
2024-04-14T00:00,16.0,0.00,0.00,0.00,16.3,4.7,293,9.0
2024-04-14T01:00,15.1,0.00,0.00,0.00,15.5,3.8,311,9.4
2024-04-14T02:00,14.0,0.00,0.00,0.00,14.4,3.7,331,9.4
2024-04-14T03:00,13.9,0.00,0.00,0.00,14.1,4.8,318,11.2
2024-04-14T04:00,13.3,0.00,0.00,0.00,13.3,5.2,326,11.2
2024-04-14T05:00,12.9,0.00,0.00,0.00,12.4,6.3,329,12.6
2024-04-14T06:00,12.9,0.00,0.00,0.00,11.8,7.2,333,14.4
2024-04-14T07:00,12.9,0.00,0.00,0.00,11.7,6.8,335,14.0
2024-04-14T08:00,15.3,0.00,0.00,0.00,14.5,7.4,346,13.3
2024-04-14T09:00,18.5,0.00,0.00,0.00,18.7,4.1,15,13.3
2024-04-14T10:00,20.6,0.00,0.00,0.00,21.0,3.6,84,12.2
2024-04-14T11:00,21.9,0.00,0.00,0.00,23.3,4.0,117,14.0
2024-04-14T12:00,23.2,0.00,0.00,0.00,25.7,4.6,141,15.1
2024-04-14T13:00,24.4,0.00,0.00,0.00,27.5,5.6,165,16.9
2024-04-14T14:00,25.4,0.00,0.00,0.00,28.4,7.2,180,18.7
2024-04-14T15:00,25.6,0.00,0.00,0.00,28.1,8.3,185,20.5
2024-04-14T16:00,25.7,0.00,0.00,0.00,27.5,9.1,187,20.5
2024-04-14T17:00,24.9,0.00,0.00,0.00,26.0,10.9,153,22.3
2024-04-14T18:00,22.9,0.00,0.00,0.00,23.4,12.8,140,25.6
2024-04-14T19:00,21.4,0.00,0.00,0.00,22.7,5.9,142,24.1
2024-04-14T20:00,18.8,0.00,0.00,0.00,19.7,6.3,77,10.1
2024-04-14T21:00,17.8,0.00,0.00,0.00,18.4,7.0,55,8.3
2024-04-14T22:00,16.8,0.00,0.00,0.00,17.0,8.0,82,9.0
2024-04-14T23:00,15.8,0.00,0.00,0.00,15.7,8.7,60,10.1
2024-04-15T00:00,14.6,0.00,0.00,0.00,14.2,9.4,50,11.2
2024-04-15T01:00,15.0,0.00,0.00,0.00,15.0,7.1,45,11.5
2024-04-15T02:00,14.7,0.00,0.00,0.00,14.6,7.6,45,13.7
2024-04-15T03:00,14.1,0.00,0.00,0.00,13.8,6.9,47,11.5
2024-04-15T04:00,13.9,0.00,0.00,0.00,13.3,8.4,25,14.4
2024-04-15T05:00,13.6,0.00,0.00,0.00,13.3,6.8,25,14.4
2024-04-15T06:00,13.6,0.00,0.00,0.00,13.3,6.9,28,11.9
2024-04-15T07:00,13.7,0.00,0.00,0.00,13.4,6.9,39,11.9
2024-04-15T08:00,15.5,0.00,0.00,0.00,15.3,8.2,23,14.4
2024-04-15T09:00,17.1,0.00,0.00,0.00,16.8,7.4,39,16.2
2024-04-15T10:00,18.5,0.00,0.00,0.00,18.0,7.0,69,16.9
2024-04-15T11:00,19.7,0.00,0.00,0.00,19.5,8.5,78,20.5
2024-04-15T12:00,20.8,0.00,0.00,0.00,21.6,7.9,93,21.6
2024-04-15T13:00,22.0,0.00,0.00,0.00,24.0,5.6,130,20.5
2024-04-15T14:00,22.9,0.00,0.00,0.00,24.1,7.9,204,19.4
2024-04-15T15:00,23.8,0.00,0.00,0.00,23.0,13.5,224,27.7
2024-04-15T16:00,24.2,0.00,0.00,0.00,21.3,18.9,222,36.0
2024-04-15T17:00,23.6,0.00,0.00,0.00,21.1,18.6,229,36.7
2024-04-15T18:00,22.9,0.00,0.00,0.00,21.0,14.3,227,34.6
2024-04-15T19:00,21.3,0.00,0.00,0.00,19.4,14.1,220,27.7
2024-04-15T20:00,19.5,0.00,0.00,0.00,17.2,13.6,230,26.6
2024-04-15T21:00,17.9,0.00,0.00,0.00,15.9,10.5,239,24.5
2024-04-15T22:00,15.9,0.00,0.00,0.00,14.6,6.9,242,19.1
2024-04-15T23:00,14.4,0.00,0.00,0.00,12.7,9.7,231,13.0
2024-04-16T00:00,16.0,0.00,0.00,0.00,14.1,7.4,241,13.3
2024-04-16T01:00,15.6,0.00,0.00,0.00,14.5,2.0,315,10.1
2024-04-16T02:00,14.0,0.00,0.00,0.00,13.2,2.5,360,4.0
2024-04-16T03:00,12.7,0.00,0.00,0.00,11.4,6.2,291,9.7
2024-04-16T04:00,14.2,0.00,0.00,0.00,13.4,2.1,59,8.3
2024-04-16T05:00,12.2,0.00,0.00,0.00,11.1,5.0,69,7.9
2024-04-16T06:00,12.6,0.00,0.00,0.00,10.9,8.7,42,14.0
2024-04-16T07:00,12.7,0.00,0.00,0.00,11.1,9.4,50,16.9
2024-04-16T08:00,13.9,0.00,0.00,0.00,12.6,9.9,44,16.6
2024-04-16T09:00,15.6,0.00,0.00,0.00,14.2,11.6,54,23.0
2024-04-16T10:00,17.0,0.00,0.00,0.00,15.8,10.3,78,23.8
2024-04-16T11:00,18.3,0.00,0.00,0.00,17.7,8.5,78,23.8
2024-04-16T12:00,17.6,2.40,0.00,2.40,16.5,12.8,52,26.6
2024-04-16T13:00,15.8,3.60,0.00,3.60,13.6,20.9,75,38.5
2024-04-16T14:00,12.1,0.60,0.00,0.60,10.2,12.0,81,47.2
2024-04-16T15:00,14.8,8.30,0.00,8.30,13.1,15.7,58,28.4
2024-04-16T16:00,12.3,5.70,0.00,5.70,8.1,26.8,66,43.6
2024-04-16T17:00,10.3,0.60,0.00,0.60,4.9,31.5,71,66.6
2024-04-16T18:00,9.1,0.00,0.00,0.00,2.6,33.5,73,61.6
2024-04-16T19:00,8.7,0.00,0.00,0.00,3.5,24.8,81,61.2
2024-04-16T20:00,8.5,0.00,0.00,0.00,3.4,23.7,70,48.2
2024-04-16T21:00,8.3,0.00,0.00,0.00,4.5,15.8,60,43.9
2024-04-16T22:00,8.1,0.00,0.00,0.00,5.2,9.4,43,29.2
2024-04-16T23:00,6.1,0.00,0.00,0.00,4.0,4.4,325,16.6
2024-04-17T00:00,5.8,0.00,0.00,0.00,3.2,7.8,292,13.7
2024-04-17T01:00,5.1,0.00,0.00,0.00,2.9,5.0,300,13.7
2024-04-17T02:00,4.6,0.00,0.00,0.00,2.4,4.6,315,9.4
2024-04-17T03:00,5.4,0.00,0.00,0.00,3.1,6.0,295,10.1
2024-04-17T04:00,5.7,0.00,0.00,0.00,3.0,8.3,304,14.8
2024-04-17T05:00,5.8,0.00,0.00,0.00,3.2,8.2,319,14.8
2024-04-17T06:00,5.7,0.00,0.00,0.00,3.1,8.8,325,15.5
2024-04-17T07:00,6.3,0.00,0.00,0.00,3.7,8.7,322,16.2
2024-04-17T08:00,8.1,0.00,0.00,0.00,6.1,6.1,320,15.5
2024-04-17T09:00,10.2,0.00,0.00,0.00,8.7,2.6,286,13.0
2024-04-17T10:00,12.2,0.00,0.00,0.00,10.6,3.3,229,13.0
2024-04-17T11:00,13.3,0.00,0.00,0.00,11.7,4.5,194,14.8
2024-04-17T12:00,14.1,0.00,0.00,0.00,12.4,5.5,169,16.9
2024-04-17T13:00,13.8,0.20,0.00,0.20,12.8,3.9,158,18.7
2024-04-17T14:00,13.6,0.00,0.00,0.00,12.1,3.7,151,15.1
2024-04-17T15:00,12.5,0.10,0.00,0.10,11.3,2.6,74,17.6
2024-04-17T16:00,12.1,0.00,0.00,0.00,9.9,10.9,84,25.9
2024-04-17T17:00,12.3,0.00,0.00,0.00,11.2,2.3,342,24.8
2024-04-17T18:00,12.7,0.00,0.00,0.00,11.3,3.6,45,14.4
2024-04-17T19:00,11.9,0.00,0.00,0.00,10.5,4.7,148,10.8
2024-04-17T20:00,10.9,0.00,0.00,0.00,9.4,5.1,135,9.0
2024-04-17T21:00,9.1,0.00,0.00,0.00,7.7,4.2,20,6.1
2024-04-17T22:00,9.4,0.00,0.00,0.00,8.3,2.8,320,6.1
2024-04-17T23:00,8.3,0.00,0.00,0.00,7.1,3.1,339,6.8
2024-04-18T00:00,8.0,0.00,0.00,0.00,6.7,2.7,293,6.1
2024-04-18T01:00,7.2,0.30,0.00,0.30,4.9,7.9,317,15.5
2024-04-18T02:00,7.6,0.00,0.00,0.00,4.4,11.5,360,20.5
2024-04-18T03:00,7.4,0.00,0.00,0.00,4.9,7.0,21,13.7
2024-04-18T04:00,7.8,0.00,0.00,0.00,5.8,3.1,225,8.6
2024-04-18T05:00,7.1,0.00,0.00,0.00,5.4,1.0,315,5.8
2024-04-18T06:00,6.6,0.00,0.00,0.00,4.5,5.4,318,9.0
2024-04-18T07:00,7.0,0.00,0.00,0.00,4.5,7.2,342,12.2
2024-04-18T08:00,9.0,0.00,0.00,0.00,6.6,7.4,337,13.3
2024-04-18T09:00,11.1,0.00,0.00,0.00,8.5,6.5,341,13.7
2024-04-18T10:00,12.2,0.00,0.00,0.00,9.6,5.5,23,14.4
2024-04-18T11:00,13.0,0.00,0.00,0.00,10.3,6.4,52,19.4
2024-04-18T12:00,13.9,0.00,0.00,0.00,11.5,7.6,85,21.2
2024-04-18T13:00,14.2,0.00,0.00,0.00,11.8,10.9,84,25.6
2024-04-18T14:00,14.9,0.00,0.00,0.00,12.1,10.7,102,27.7
2024-04-18T15:00,11.8,0.40,0.00,0.40,9.0,9.0,95,26.6
2024-04-18T16:00,11.3,0.00,0.00,0.00,8.0,11.3,107,23.0
2024-04-18T17:00,11.6,0.00,0.00,0.00,8.3,10.4,76,24.1
2024-04-18T18:00,11.5,0.00,0.00,0.00,8.8,6.2,69,21.6
2024-04-18T19:00,11.0,0.00,0.00,0.00,9.3,2.5,8,13.7
2024-04-18T20:00,9.7,0.00,0.00,0.00,7.6,4.8,333,8.3
2024-04-18T21:00,8.5,0.00,0.00,0.00,6.2,6.0,335,10.4
2024-04-18T22:00,7.2,0.00,0.00,0.00,4.5,7.7,332,14.0
2024-04-18T23:00,6.4,0.00,0.00,0.00,3.6,8.0,333,14.8
2024-04-19T00:00,5.6,0.00,0.00,0.00,3.0,6.8,328,14.8
2024-04-19T01:00,5.2,0.00,0.00,0.00,2.6,5.9,322,12.6
2024-04-19T02:00,4.2,0.00,0.00,0.00,1.8,4.6,321,11.5
2024-04-19T03:00,3.8,0.00,0.00,0.00,1.0,6.9,309,15.8
2024-04-19T04:00,3.5,0.00,0.00,0.00,1.1,4.6,315,12.6
2024-04-19T05:00,3.2,0.00,0.00,0.00,0.5,5.1,315,10.4
2024-04-19T06:00,3.1,0.00,0.00,0.00,-0.1,6.5,326,12.6
2024-04-19T07:00,3.7,0.00,0.00,0.00,0.3,7.1,330,14.0
2024-04-19T08:00,6.0,0.00,0.00,0.00,3.1,5.7,342,13.7
2024-04-19T09:00,9.6,0.00,0.00,0.00,7.2,4.0,27,13.0
2024-04-19T10:00,11.6,0.00,0.00,0.00,9.2,4.0,95,13.0
2024-04-19T11:00,12.7,0.00,0.00,0.00,10.0,6.2,126,17.6
2024-04-19T12:00,13.6,0.00,0.00,0.00,11.3,7.2,177,23.0
2024-04-19T13:00,14.2,0.10,0.00,0.10,11.3,13.6,217,29.2
2024-04-19T14:00,14.4,0.00,0.00,0.00,10.8,16.1,214,34.6
2024-04-19T15:00,15.2,0.10,0.00,0.10,11.3,15.6,218,32.4
2024-04-19T16:00,15.7,0.00,0.00,0.00,11.6,17.3,227,35.3
2024-04-19T17:00,15.5,0.00,0.00,0.00,11.0,16.9,232,35.3
2024-04-19T18:00,15.2,0.00,0.00,0.00,11.2,13.5,222,32.8
2024-04-19T19:00,14.0,0.00,0.00,0.00,10.8,9.4,212,26.3
2024-04-19T20:00,11.0,0.00,0.00,0.00,8.0,9.1,162,17.3
2024-04-19T21:00,11.2,0.00,0.00,0.00,9.0,1.5,14,11.2
2024-04-19T22:00,8.0,0.00,0.00,0.00,5.6,5.4,8,8.3
2024-04-19T23:00,8.0,0.00,0.00,0.00,5.3,7.9,43,13.3
2024-04-20T00:00,6.7,0.00,0.00,0.00,4.2,6.4,74,12.6
2024-04-20T01:00,5.7,0.00,0.00,0.00,3.1,7.6,31,11.9
2024-04-20T02:00,6.3,0.00,0.00,0.00,3.6,7.4,29,11.9
2024-04-20T03:00,5.8,0.00,0.00,0.00,3.2,6.6,13,11.2
2024-04-20T04:00,5.3,0.00,0.00,0.00,2.7,6.2,10,11.5
2024-04-20T05:00,4.8,0.00,0.00,0.00,2.1,6.1,360,11.5
2024-04-20T06:00,5.0,0.00,0.00,0.00,2.0,7.6,8,13.0
2024-04-20T07:00,5.8,0.00,0.00,0.00,2.9,7.6,352,13.7
2024-04-20T08:00,8.3,0.00,0.00,0.00,5.3,9.3,347,16.6
2024-04-20T09:00,11.0,0.00,0.00,0.00,8.3,9.0,29,18.7
2024-04-20T10:00,13.0,0.00,0.00,0.00,9.9,12.9,67,27.0
2024-04-20T11:00,14.2,0.00,0.00,0.00,11.6,13.3,88,30.2
2024-04-20T12:00,15.1,0.00,0.00,0.00,12.6,14.3,100,31.0
2024-04-20T13:00,14.4,0.00,0.00,0.00,13.1,6.8,87,31.3
2024-04-20T14:00,15.5,0.00,0.00,0.00,12.8,8.5,36,20.2
2024-04-20T15:00,16.4,0.00,0.00,0.00,13.0,13.7,67,29.5
2024-04-20T16:00,15.3,0.10,0.00,0.10,11.4,15.5,77,32.8
2024-04-20T17:00,15.0,0.20,0.00,0.20,11.8,10.1,94,32.0
2024-04-20T18:00,14.6,0.00,0.00,0.00,12.0,6.5,93,21.6
2024-04-20T19:00,13.6,0.00,0.00,0.00,12.7,3.3,77,13.3
2024-04-20T20:00,12.4,0.00,0.00,0.00,10.3,4.4,351,5.4
2024-04-20T21:00,10.2,0.00,0.00,0.00,6.8,11.3,343,20.9
2024-04-20T22:00,8.9,0.00,0.00,0.00,5.7,8.7,330,23.8
2024-04-20T23:00,7.2,0.00,0.00,0.00,4.5,5.9,346,15.8
2024-04-21T00:00,6.7,0.00,0.00,0.00,3.7,8.0,333,13.7
2024-04-21T01:00,7.7,0.00,0.00,0.00,3.9,9.5,335,16.6
2024-04-21T02:00,7.1,0.00,0.00,0.00,3.2,8.8,341,16.6
2024-04-21T03:00,5.8,0.00,0.00,0.00,2.2,7.6,329,12.6
2024-04-21T04:00,4.4,0.00,0.00,0.00,1.3,5.5,328,10.4
2024-04-21T05:00,3.5,0.00,0.00,0.00,0.5,4.0,333,7.6
2024-04-21T06:00,3.1,0.00,0.00,0.00,0.1,4.3,318,9.4
2024-04-21T07:00,3.3,0.00,0.00,0.00,-0.2,8.2,319,14.8
2024-04-21T08:00,6.5,0.00,0.00,0.00,3.2,8.0,342,16.9
2024-04-21T09:00,10.0,0.00,0.00,0.00,7.5,3.8,49,15.5
2024-04-21T10:00,11.2,0.00,0.00,0.00,7.9,7.7,101,19.1
2024-04-21T11:00,12.3,0.00,0.00,0.00,9.3,10.4,88,24.8
2024-04-21T12:00,13.2,0.00,0.00,0.00,11.2,8.0,85,25.2
2024-04-21T13:00,14.2,0.00,0.00,0.00,13.5,3.3,139,21.6
2024-04-21T14:00,14.9,0.00,0.00,0.00,13.2,5.7,198,18.0
2024-04-21T15:00,13.5,0.80,0.00,0.80,11.1,5.8,240,17.6
2024-04-21T16:00,14.0,0.00,0.00,0.00,11.8,2.5,172,17.3
2024-04-21T17:00,13.1,0.00,0.00,0.00,10.2,6.7,306,15.5
2024-04-21T18:00,12.0,0.00,0.00,0.00,9.0,9.0,307,19.1
2024-04-21T19:00,10.9,0.00,0.00,0.00,8.1,8.4,329,19.1
2024-04-21T20:00,9.0,0.00,0.00,0.00,6.3,7.3,327,15.8
2024-04-21T21:00,7.3,0.00,0.00,0.00,4.6,7.1,330,13.0
2024-04-21T22:00,6.4,0.00,0.00,0.00,3.6,8.2,337,14.0
2024-04-21T23:00,7.4,0.00,0.00,0.00,4.0,11.9,358,21.2
2024-04-22T00:00,7.3,0.00,0.00,0.00,3.9,11.2,360,22.0
2024-04-22T01:00,7.3,0.00,0.00,0.00,4.0,10.4,360,19.8
2024-04-22T02:00,7.3,0.00,0.00,0.00,4.2,8.6,345,19.8
2024-04-22T03:00,7.9,0.00,0.00,0.00,4.2,11.9,355,20.9
2024-04-22T04:00,7.7,0.00,0.00,0.00,4.4,9.4,353,20.9
2024-04-22T05:00,7.8,0.00,0.00,0.00,4.3,10.7,14,19.1
2024-04-22T06:00,7.9,0.00,0.00,0.00,4.3,11.2,33,20.5
2024-04-22T07:00,8.0,0.00,0.00,0.00,4.1,13.2,45,23.8
2024-04-22T08:00,8.4,0.00,0.00,0.00,4.1,15.4,57,29.2
2024-04-22T09:00,9.1,0.00,0.00,0.00,4.9,15.3,60,29.5
2024-04-22T10:00,9.5,0.00,0.00,0.00,5.0,17.4,66,33.5
2024-04-22T11:00,10.4,0.00,0.00,0.00,6.0,17.1,65,34.2
2024-04-22T12:00,11.1,0.00,0.00,0.00,6.3,19.3,63,37.8
2024-04-22T13:00,11.6,0.00,0.00,0.00,5.7,25.9,65,49.0
2024-04-22T14:00,11.4,0.00,0.00,0.00,5.1,28.3,63,53.3
2024-04-22T15:00,10.8,0.30,0.00,0.30,5.9,20.3,78,38.5
2024-04-22T16:00,9.8,0.60,0.00,0.60,5.2,20.3,65,37.8
2024-04-22T17:00,7.8,1.90,0.00,1.90,3.5,20.2,71,40.0
2024-04-22T18:00,7.3,2.20,0.00,2.20,2.7,21.9,63,39.6
2024-04-22T19:00,6.4,2.80,0.00,2.80,1.7,21.9,60,45.4
2024-04-22T20:00,5.6,3.30,0.00,3.30,1.7,16.7,33,45.7
2024-04-22T21:00,5.4,1.60,0.00,1.60,1.6,15.6,19,31.7
2024-04-22T22:00,6.1,0.60,0.00,0.60,2.3,16.3,25,31.0
2024-04-22T23:00,6.4,0.90,0.00,0.90,3.1,12.7,25,29.9
2024-04-23T00:00,6.4,1.90,0.00,1.90,2.9,14.0,26,25.9
2024-04-23T01:00,6.1,0.90,0.00,0.90,2.9,12.2,28,25.9
2024-04-23T02:00,6.1,0.70,0.00,0.70,2.8,13.0,28,23.8
2024-04-23T03:00,6.3,0.80,0.00,0.80,3.1,11.7,18,24.8
2024-04-23T04:00,5.8,0.90,0.00,0.90,2.5,13.0,6,24.1
2024-04-23T05:00,5.4,0.30,0.00,0.30,2.1,12.6,358,24.8
2024-04-23T06:00,5.6,0.40,0.00,0.40,2.3,12.6,2,23.4
2024-04-23T07:00,6.1,0.20,0.00,0.20,2.9,12.1,10,23.0
2024-04-23T08:00,6.9,0.00,0.00,0.00,3.5,12.7,25,23.8
2024-04-23T09:00,6.3,0.80,0.00,0.80,3.5,9.4,4,23.0
2024-04-23T10:00,6.8,1.70,0.00,1.70,4.0,10.9,354,20.5
2024-04-23T11:00,8.1,1.40,0.00,1.40,5.0,12.6,5,26.3
2024-04-23T12:00,10.2,0.30,0.00,0.30,7.0,13.7,27,30.2
2024-04-23T13:00,12.5,0.20,0.00,0.20,8.8,20.5,66,40.0
2024-04-23T14:00,13.6,0.00,0.00,0.00,9.3,22.3,76,45.4
2024-04-23T15:00,12.8,0.00,0.00,0.00,7.6,24.5,76,47.5
2024-04-23T16:00,12.5,0.00,0.00,0.00,7.2,24.9,76,48.6
2024-04-23T17:00,11.2,0.00,0.00,0.00,6.0,24.8,77,49.0
2024-04-23T18:00,10.5,0.00,0.00,0.00,5.6,23.0,81,47.9
2024-04-23T19:00,9.7,0.00,0.00,0.00,6.0,15.3,81,43.2
2024-04-23T20:00,8.2,0.00,0.00,0.00,6.0,5.6,50,27.7
2024-04-23T21:00,7.8,0.00,0.00,0.00,5.6,5.7,325,10.1
2024-04-23T22:00,7.8,0.00,0.00,0.00,5.8,4.9,306,11.5
2024-04-23T23:00,7.9,0.00,0.00,0.00,6.0,3.9,304,8.6
2024-04-24T00:00,8.2,0.00,0.00,0.00,6.3,4.3,312,9.0
2024-04-24T01:00,8.2,0.10,0.00,0.10,6.3,4.2,301,8.3
2024-04-24T02:00,7.6,0.30,0.00,0.30,5.6,5.7,305,10.1
2024-04-24T03:00,7.8,0.30,0.00,0.30,6.5,2.9,360,6.8
2024-04-24T04:00,7.7,0.50,0.00,0.50,6.0,5.0,360,9.4
2024-04-24T05:00,7.7,0.30,0.00,0.30,6.4,2.9,353,9.0
2024-04-24T06:00,7.1,0.10,0.00,0.10,5.9,1.5,315,4.7
2024-04-24T07:00,7.1,0.10,0.00,0.10,5.6,4.3,312,7.6
2024-04-24T08:00,7.7,0.40,0.00,0.40,6.3,3.9,304,9.7
2024-04-24T09:00,8.5,0.30,0.00,0.30,7.2,2.6,326,7.9
2024-04-24T10:00,9.1,0.20,0.00,0.20,6.5,9.4,23,18.7
2024-04-24T11:00,9.0,0.10,0.00,0.10,6.6,7.4,14,19.8
2024-04-24T12:00,9.9,0.20,0.00,0.20,8.0,4.0,5,16.6
2024-04-24T13:00,11.2,0.10,0.00,0.10,9.4,2.8,50,12.6
2024-04-24T14:00,12.5,0.00,0.00,0.00,10.1,7.3,79,19.1
2024-04-24T15:00,11.9,0.00,0.00,0.00,8.7,11.1,65,25.9
2024-04-24T16:00,12.4,0.00,0.00,0.00,9.2,11.4,79,25.9
2024-04-24T17:00,12.7,0.00,0.00,0.00,9.3,12.4,98,25.9
2024-04-24T18:00,11.8,0.00,0.00,0.00,8.8,12.0,106,28.4
2024-04-24T19:00,10.7,0.00,0.00,0.00,8.4,8.4,83,24.5
2024-04-24T20:00,9.7,0.00,0.00,0.00,7.8,5.9,38,16.2
2024-04-24T21:00,8.6,1.20,0.00,1.20,5.9,11.9,29,20.5
2024-04-24T22:00,8.2,0.60,0.00,0.60,5.6,11.6,54,20.9
2024-04-24T23:00,7.9,0.70,0.00,0.70,5.3,10.7,42,20.9
2024-04-25T00:00,7.8,0.40,0.00,0.40,6.0,5.5,11,18.4
2024-04-25T01:00,7.8,0.70,0.00,0.70,6.0,5.8,22,10.1
2024-04-25T02:00,7.3,0.50,0.00,0.50,5.2,7.1,41,12.6
2024-04-25T03:00,6.5,0.00,0.00,0.00,4.3,5.6,40,17.3
2024-04-25T04:00,5.1,0.00,0.00,0.00,3.1,3.2,333,10.1
2024-04-25T05:00,4.0,0.00,0.00,0.00,2.0,3.6,315,8.3
2024-04-25T06:00,3.1,0.00,0.00,0.00,0.6,5.4,312,11.2
2024-04-25T07:00,4.0,0.00,0.00,0.00,1.4,6.6,319,12.6
2024-04-25T08:00,6.9,0.00,0.00,0.00,4.9,6.1,332,13.0
2024-04-25T09:00,9.3,0.00,0.00,0.00,7.3,3.6,354,13.0
2024-04-25T10:00,10.8,0.00,0.00,0.00,8.8,3.1,54,13.0
2024-04-25T11:00,12.1,0.00,0.00,0.00,10.4,4.3,95,15.5
2024-04-25T12:00,13.1,0.00,0.00,0.00,11.4,6.2,100,18.7
2024-04-25T13:00,13.6,0.00,0.00,0.00,12.1,6.1,93,19.1
2024-04-25T14:00,14.2,0.00,0.00,0.00,13.1,5.9,101,19.1
2024-04-25T15:00,13.2,0.00,0.00,0.00,10.9,9.8,84,26.3
2024-04-25T16:00,13.4,0.00,0.00,0.00,11.1,6.8,90,23.8
2024-04-25T17:00,13.3,0.00,0.00,0.00,10.7,5.5,101,18.7
2024-04-25T18:00,12.9,0.00,0.00,0.00,10.4,5.5,101,15.5
2024-04-25T19:00,11.8,0.00,0.00,0.00,9.8,4.1,75,13.0
2024-04-25T20:00,9.4,0.00,0.00,0.00,6.9,6.0,57,9.7
2024-04-25T21:00,9.5,0.00,0.00,0.00,6.8,5.6,130,10.4
2024-04-25T22:00,6.8,0.00,0.00,0.00,4.1,7.7,233,9.7
2024-04-25T23:00,5.9,0.00,0.00,0.00,3.7,4.1,322,9.4
2024-04-26T00:00,6.2,0.00,0.00,0.00,3.7,5.4,340,10.8
2024-04-26T01:00,5.1,0.00,0.00,0.00,2.6,5.4,8,10.4
2024-04-26T02:00,4.4,0.00,0.00,0.00,1.3,8.8,19,10.8
2024-04-26T03:00,5.9,0.00,0.00,0.00,3.4,5.5,349,10.8
2024-04-26T04:00,4.7,0.00,0.00,0.00,2.0,6.5,357,7.6
2024-04-26T05:00,4.1,0.00,0.00,0.00,1.3,7.3,351,9.4
2024-04-26T06:00,3.5,0.00,0.00,0.00,0.7,6.6,351,9.0
2024-04-26T07:00,5.3,0.00,0.00,0.00,3.1,3.7,349,9.0
2024-04-26T08:00,8.0,0.00,0.00,0.00,5.8,6.0,17,12.2
2024-04-26T09:00,9.6,0.00,0.00,0.00,7.4,5.9,52,14.4
2024-04-26T10:00,10.9,0.00,0.00,0.00,8.6,7.6,85,18.4
2024-04-26T11:00,12.4,0.00,0.00,0.00,10.1,8.3,90,21.6
2024-04-26T12:00,13.4,0.00,0.00,0.00,11.8,6.9,99,21.2
2024-04-26T13:00,13.8,0.00,0.00,0.00,11.9,6.5,96,19.4
2024-04-26T14:00,14.5,0.00,0.00,0.00,12.9,5.5,113,18.4
2024-04-26T15:00,14.8,0.00,0.00,0.00,13.2,6.5,174,18.7
2024-04-26T16:00,14.9,0.00,0.00,0.00,13.0,6.2,170,19.4
2024-04-26T17:00,14.6,0.00,0.00,0.00,12.7,5.8,173,17.3
2024-04-26T18:00,14.2,0.00,0.00,0.00,12.2,6.6,151,15.5
2024-04-26T19:00,13.0,0.00,0.00,0.00,10.8,9.2,154,18.0
2024-04-26T20:00,11.3,0.00,0.00,0.00,9.9,4.9,163,17.3
2024-04-26T21:00,11.1,0.00,0.00,0.00,10.1,1.8,307,9.0
2024-04-26T22:00,8.5,0.00,0.00,0.00,6.9,4.6,342,6.8
2024-04-26T23:00,8.7,0.00,0.00,0.00,6.9,5.7,342,10.1
2024-04-27T00:00,7.4,0.00,0.00,0.00,5.7,4.5,346,10.1
2024-04-27T01:00,6.3,0.00,0.00,0.00,4.4,4.5,346,8.3
2024-04-27T02:00,6.7,0.00,0.00,0.00,5.0,4.4,351,8.6
2024-04-27T03:00,8.4,0.00,0.00,0.00,6.6,5.8,30,13.0
2024-04-27T04:00,7.9,0.00,0.00,0.00,6.1,5.8,22,9.4
2024-04-27T05:00,8.9,0.00,0.00,0.00,7.1,5.1,39,10.4
2024-04-27T06:00,7.5,0.00,0.00,0.00,5.6,5.9,38,10.4
2024-04-27T07:00,8.2,0.00,0.00,0.00,6.1,7.7,11,13.0
2024-04-27T08:00,10.1,0.00,0.00,0.00,8.3,7.0,21,14.8
2024-04-27T09:00,11.9,0.00,0.00,0.00,10.2,7.9,47,18.4
2024-04-27T10:00,13.3,0.00,0.00,0.00,11.7,9.0,67,21.6
2024-04-27T11:00,14.3,0.00,0.00,0.00,12.7,8.4,83,21.6
2024-04-27T12:00,15.3,0.00,0.00,0.00,14.0,9.0,92,22.7
2024-04-27T13:00,16.1,0.00,0.00,0.00,15.3,9.4,92,23.4
2024-04-27T14:00,16.9,0.00,0.00,0.00,16.4,7.9,93,23.4
2024-04-27T15:00,14.8,0.30,0.00,0.30,13.6,6.0,163,14.8
2024-04-27T16:00,14.3,0.20,0.00,0.20,13.2,8.1,167,18.7
2024-04-27T17:00,14.8,0.00,0.00,0.00,14.1,5.4,160,18.4
2024-04-27T18:00,15.0,0.00,0.00,0.00,14.5,3.3,139,14.8
2024-04-27T19:00,14.7,0.00,0.00,0.00,14.5,1.1,108,9.7
2024-04-27T20:00,13.0,0.00,0.00,0.00,12.3,4.6,108,5.0
2024-04-27T21:00,12.0,0.00,0.00,0.00,11.1,4.8,48,6.1
2024-04-27T22:00,11.1,0.00,0.00,0.00,10.1,5.1,4,6.8
2024-04-27T23:00,10.2,0.00,0.00,0.00,9.3,3.8,343,7.9
2024-04-28T00:00,9.6,0.00,0.00,0.00,8.7,3.1,339,7.6
2024-04-28T01:00,10.2,0.00,0.00,0.00,9.3,3.6,354,7.9
2024-04-28T02:00,10.7,0.00,0.00,0.00,9.6,5.1,8,9.0
2024-04-28T03:00,10.9,0.00,0.00,0.00,9.7,5.1,4,8.6
2024-04-28T04:00,9.7,0.00,0.00,0.00,8.4,5.1,356,9.0
2024-04-28T05:00,9.4,0.00,0.00,0.00,8.0,5.1,356,9.0
2024-04-28T06:00,9.1,0.00,0.00,0.00,7.9,4.4,351,7.9
2024-04-28T07:00,9.8,0.00,0.00,0.00,8.7,4.3,355,7.9
2024-04-28T08:00,12.4,0.00,0.00,0.00,11.4,5.5,11,11.5
2024-04-28T09:00,14.4,0.00,0.00,0.00,13.4,5.4,37,13.7
2024-04-28T10:00,15.7,0.00,0.00,0.00,14.6,6.3,66,17.3
2024-04-28T11:00,17.1,0.00,0.00,0.00,16.5,6.8,87,19.1
2024-04-28T12:00,18.1,0.00,0.00,0.00,18.1,7.9,90,20.9
2024-04-28T13:00,18.9,0.00,0.00,0.00,19.5,5.9,101,20.9
2024-04-28T14:00,19.8,0.00,0.00,0.00,20.2,2.3,51,17.6
2024-04-28T15:00,20.4,0.00,0.00,0.00,20.7,1.9,68,12.6
2024-04-28T16:00,20.6,0.00,0.00,0.00,20.6,5.9,137,15.8
2024-04-28T17:00,20.2,0.00,0.00,0.00,19.4,8.7,156,19.8
2024-04-28T18:00,18.8,0.00,0.00,0.00,18.2,8.9,153,20.5
2024-04-28T19:00,17.4,0.00,0.00,0.00,17.5,4.5,166,18.4
2024-04-28T20:00,16.6,0.00,0.00,0.00,16.4,3.5,246,8.6
2024-04-28T21:00,13.4,0.00,0.00,0.00,13.1,4.1,322,7.6
2024-04-28T22:00,12.9,0.00,0.00,0.00,12.5,4.8,333,9.7
2024-04-28T23:00,11.6,0.00,0.00,0.00,10.9,6.3,329,12.6
2024-04-29T00:00,10.5,0.00,0.00,0.00,9.8,4.6,321,12.6
2024-04-29T01:00,9.7,0.00,0.00,0.00,8.6,5.4,323,11.5
2024-04-29T02:00,8.8,0.00,0.00,0.00,7.4,6.9,321,14.0
2024-04-29T03:00,9.5,0.00,0.00,0.00,7.9,8.4,313,15.5
2024-04-29T04:00,9.9,0.00,0.00,0.00,8.1,8.4,320,15.8
2024-04-29T05:00,9.6,0.00,0.00,0.00,7.5,8.7,322,16.6
2024-04-29T06:00,8.9,0.00,0.00,0.00,6.4,10.0,322,18.7
2024-04-29T07:00,9.2,0.00,0.00,0.00,6.5,11.0,319,20.2
2024-04-29T08:00,12.0,0.00,0.00,0.00,10.1,9.0,323,20.2
2024-04-29T09:00,15.8,0.00,0.00,0.00,15.0,5.3,332,17.3
2024-04-29T10:00,18.8,0.00,0.00,0.00,18.5,1.6,333,13.7
2024-04-29T11:00,20.8,0.00,0.00,0.00,21.4,1.3,146,10.1
2024-04-29T12:00,22.2,0.00,0.00,0.00,23.2,3.1,126,13.0
2024-04-29T13:00,23.2,0.00,0.00,0.00,24.2,4.4,125,14.4
2024-04-29T14:00,23.9,0.00,0.00,0.00,24.4,5.4,127,15.8
2024-04-29T15:00,24.7,0.00,0.00,0.00,24.3,6.6,112,16.6
2024-04-29T16:00,24.6,0.00,0.00,0.00,23.5,8.6,105,19.1
2024-04-29T17:00,24.3,0.00,0.00,0.00,22.8,7.6,95,18.7
2024-04-29T18:00,23.5,0.00,0.00,0.00,23.2,5.4,90,15.8
2024-04-29T19:00,21.2,0.00,0.00,0.00,22.4,6.7,74,10.8
2024-04-29T20:00,21.7,0.00,0.00,0.00,21.2,3.3,174,7.9
2024-04-29T21:00,16.5,0.00,0.00,0.00,15.8,6.5,251,7.6
2024-04-29T22:00,15.1,0.00,0.00,0.00,14.2,5.2,286,7.9
2024-04-29T23:00,14.6,0.00,0.00,0.00,13.3,3.8,311,7.9
2024-04-30T00:00,13.8,0.00,0.00,0.00,12.2,4.8,318,11.2
2024-04-30T01:00,11.8,0.00,0.00,0.00,10.1,6.1,320,13.0
2024-04-30T02:00,10.6,0.00,0.00,0.00,8.9,6.9,321,14.4
2024-04-30T03:00,12.6,0.00,0.00,0.00,11.6,3.1,324,8.6
2024-04-30T04:00,11.9,0.00,0.00,0.00,10.8,4.2,329,9.7
2024-04-30T05:00,11.0,0.00,0.00,0.00,9.6,5.9,322,13.0
2024-04-30T06:00,10.3,0.00,0.00,0.00,8.8,6.4,322,13.7
2024-04-30T07:00,11.6,0.00,0.00,0.00,9.7,9.6,326,17.3
2024-04-30T08:00,15.7,0.00,0.00,0.00,14.3,10.0,334,18.0
2024-04-30T09:00,19.5,0.00,0.00,0.00,19.3,6.6,347,18.0
2024-04-30T10:00,22.1,0.00,0.00,0.00,21.9,5.4,37,14.0
2024-04-30T11:00,23.3,0.00,0.00,0.00,23.3,8.7,73,19.8
2024-04-30T12:00,24.4,0.00,0.00,0.00,24.5,12.1,80,25.6
2024-04-30T13:00,25.3,0.00,0.00,0.00,25.6,13.0,84,27.7
2024-04-30T14:00,25.8,0.00,0.00,0.00,26.2,12.6,90,28.1
2024-04-30T15:00,26.1,0.00,0.00,0.00,26.8,9.3,103,23.8
2024-04-30T16:00,26.0,0.00,0.00,0.00,26.1,9.0,95,21.2
2024-04-30T17:00,25.7,0.00,0.00,0.00,25.2,8.7,95,19.8
2024-04-30T18:00,24.9,0.00,0.00,0.00,25.2,6.3,103,18.0
2024-04-30T19:00,23.6,0.00,0.00,0.00,25.4,4.3,132,12.2
2024-04-30T20:00,23.0,0.00,0.00,0.00,23.9,4.0,185,5.4
2024-04-30T21:00,21.3,0.00,0.00,0.00,22.0,4.5,14,5.4
2024-04-30T22:00,18.8,0.00,0.00,0.00,18.2,12.0,51,17.6
2024-04-30T23:00,18.5,0.00,0.00,0.00,16.6,12.7,47,25.6
2024-05-01T00:00,18.0,0.00,0.00,0.00,16.0,10.0,38,22.7
2024-05-01T01:00,17.1,0.00,0.00,0.00,15.4,8.7,7,17.6
2024-05-01T02:00,16.6,0.00,0.00,0.00,15.3,7.9,360,15.8
2024-05-01T03:00,17.8,0.00,0.00,0.00,16.0,9.4,18,18.0
2024-05-01T04:00,16.8,0.00,0.00,0.00,15.5,7.6,19,16.9
2024-05-01T05:00,15.8,0.00,0.00,0.00,14.6,6.8,18,13.0
2024-05-01T06:00,14.9,0.00,0.00,0.00,13.9,5.9,11,11.2
2024-05-01T07:00,15.2,0.00,0.00,0.00,14.3,6.3,13,11.5
2024-05-01T08:00,16.7,0.00,0.00,0.00,16.4,5.1,39,12.6
2024-05-01T09:00,17.5,0.00,0.00,0.00,17.1,5.6,105,11.9
2024-05-01T10:00,17.9,0.00,0.00,0.00,17.8,4.0,117,15.1
2024-05-01T11:00,18.9,0.00,0.00,0.00,17.6,12.0,41,24.8
2024-05-01T12:00,21.3,0.00,0.00,0.00,20.6,13.1,58,28.1
2024-05-01T13:00,22.4,0.00,0.00,0.00,21.7,15.8,66,34.9
2024-05-01T14:00,22.8,0.00,0.00,0.00,22.0,16.9,79,37.8
2024-05-01T15:00,22.3,0.00,0.00,0.00,21.6,13.2,64,37.4
2024-05-01T16:00,20.1,0.00,0.00,0.00,18.6,15.1,65,34.2
2024-05-01T17:00,18.6,0.60,0.00,0.60,17.2,13.7,76,40.0
2024-05-01T18:00,17.5,0.10,0.00,0.10,17.0,11.4,18,27.0
2024-05-01T19:00,16.6,0.20,0.00,0.20,15.5,13.7,85,32.0
2024-05-01T20:00,15.3,0.70,0.00,0.70,14.3,14.5,46,33.8
2024-05-01T21:00,15.1,1.20,0.00,1.20,14.8,10.2,32,32.8
2024-05-01T22:00,15.2,1.50,0.00,1.50,14.8,9.6,20,21.6
2024-05-01T23:00,15.2,0.80,0.00,0.80,14.8,9.6,56,16.9
2024-05-02T00:00,14.8,1.40,0.00,1.40,14.4,9.4,47,19.1
2024-05-02T01:00,14.6,2.00,0.00,2.00,13.9,11.4,62,20.2
2024-05-02T02:00,14.4,0.20,0.00,0.20,12.6,18.4,78,32.8
2024-05-02T03:00,14.4,0.40,0.00,0.40,14.1,8.7,60,14.0
2024-05-02T04:00,13.9,0.00,0.00,0.00,14.0,5.4,48,15.8
2024-05-02T05:00,13.5,0.20,0.00,0.20,13.8,4.0,63,9.0
2024-05-02T06:00,13.7,2.60,0.00,2.60,14.0,3.6,127,9.7
2024-05-02T07:00,13.6,1.10,0.00,1.10,13.8,4.1,135,10.8
2024-05-02T08:00,13.7,0.80,0.00,0.80,13.6,6.4,153,15.1
2024-05-02T09:00,14.0,0.20,0.00,0.20,14.3,3.8,139,13.7
2024-05-02T10:00,14.2,0.80,0.00,0.80,14.4,3.3,103,14.0
2024-05-02T11:00,15.2,0.30,0.00,0.30,15.5,4.7,58,17.3
2024-05-02T12:00,15.8,0.20,0.00,0.20,15.7,8.1,32,21.2
2024-05-02T13:00,16.2,3.10,0.00,3.10,15.1,15.2,59,30.6
2024-05-02T14:00,16.5,2.60,0.00,2.60,15.8,12.0,139,29.9
2024-05-02T15:00,15.1,3.20,0.00,3.20,13.9,12.4,154,27.7
2024-05-02T16:00,14.7,1.40,0.00,1.40,14.8,4.7,171,23.8
2024-05-02T17:00,14.7,0.90,0.00,0.90,15.0,4.3,66,9.0
2024-05-02T18:00,14.6,0.50,0.00,0.50,14.3,8.7,38,16.2
2024-05-02T19:00,14.3,2.00,0.00,2.00,13.3,11.0,32,19.8
2024-05-02T20:00,13.0,0.40,0.00,0.40,12.0,10.5,22,20.2
2024-05-02T21:00,12.1,0.40,0.00,0.40,10.8,10.1,55,19.8
2024-05-02T22:00,11.4,2.20,0.00,2.20,10.3,8.9,50,17.6
2024-05-02T23:00,11.2,0.30,0.00,0.30,9.1,14.4,37,25.6
2024-05-03T00:00,10.6,0.00,0.00,0.00,9.2,8.3,34,25.6
2024-05-03T01:00,9.8,0.00,0.00,0.00,8.5,6.0,25,14.4
2024-05-03T02:00,9.6,0.00,0.00,0.00,8.3,5.9,14,10.8
2024-05-03T03:00,9.9,0.00,0.00,0.00,9.2,3.8,343,7.9
2024-05-03T04:00,9.9,0.00,0.00,0.00,9.4,2.4,333,6.8
2024-05-03T05:00,8.8,0.00,0.00,0.00,7.9,3.2,333,7.6
2024-05-03T06:00,8.2,0.00,0.00,0.00,7.0,4.5,331,9.7
2024-05-03T07:00,9.3,0.00,0.00,0.00,8.2,5.4,312,10.4
2024-05-03T08:00,12.0,0.00,0.00,0.00,11.7,2.6,326,10.4
2024-05-03T09:00,13.8,0.00,0.00,0.00,13.5,2.3,231,10.1
2024-05-03T10:00,15.3,0.00,0.00,0.00,15.1,2.3,219,11.9
2024-05-03T11:00,16.5,0.00,0.00,0.00,16.5,4.0,175,15.5
2024-05-03T12:00,17.0,0.00,0.00,0.00,16.4,3.9,146,15.5
2024-05-03T13:00,16.8,0.00,0.00,0.00,16.2,4.3,114,15.8
2024-05-03T14:00,16.9,0.20,0.00,0.20,16.2,4.7,113,14.0
2024-05-03T15:00,14.7,0.90,0.00,0.90,14.9,0.5,225,7.6
2024-05-03T16:00,15.2,0.20,0.00,0.20,15.0,3.3,103,11.5
2024-05-03T17:00,14.5,0.10,0.00,0.10,14.3,3.4,72,11.5
2024-05-03T18:00,14.1,0.30,0.00,0.30,14.1,2.9,120,9.0
2024-05-03T19:00,13.7,0.40,0.00,0.40,14.0,2.4,117,7.9
2024-05-03T20:00,13.0,0.20,0.00,0.20,13.4,2.1,121,4.7
2024-05-03T21:00,12.6,0.20,0.00,0.20,12.8,2.9,150,4.0
2024-05-03T22:00,12.3,0.10,0.00,0.10,12.4,3.1,234,4.0
2024-05-03T23:00,12.2,0.00,0.00,0.00,12.3,2.7,293,4.3
2024-05-04T00:00,12.2,0.00,0.00,0.00,12.1,4.0,280,6.8
2024-05-04T01:00,12.2,0.30,0.00,0.30,11.6,6.9,264,11.9
2024-05-04T02:00,12.1,0.20,0.00,0.20,11.4,6.9,279,13.3
2024-05-04T03:00,12.3,0.20,0.00,0.20,12.4,2.6,286,8.3
2024-05-04T04:00,12.2,0.60,0.00,0.60,11.8,6.2,280,10.4
2024-05-04T05:00,12.2,0.40,0.00,0.40,11.8,5.8,263,11.5
2024-05-04T06:00,11.4,0.00,0.00,0.00,11.0,4.3,265,9.7
2024-05-04T07:00,11.7,0.00,0.00,0.00,10.7,9.4,277,15.1
2024-05-04T08:00,13.6,0.00,0.00,0.00,13.0,9.0,265,18.0
2024-05-04T09:00,15.6,0.00,0.00,0.00,15.7,5.9,256,16.9
2024-05-04T10:00,17.4,0.00,0.00,0.00,17.8,2.7,247,15.1
2024-05-04T11:00,19.0,0.00,0.00,0.00,19.5,1.9,158,11.2
2024-05-04T12:00,20.2,0.00,0.00,0.00,21.1,2.4,153,14.4
2024-05-04T13:00,20.3,0.00,0.00,0.00,20.5,1.6,153,13.0
2024-05-04T14:00,20.9,0.00,0.00,0.00,21.3,4.1,135,14.0
2024-05-04T15:00,20.6,0.00,0.00,0.00,20.4,6.9,81,21.6
2024-05-04T16:00,20.8,0.00,0.00,0.00,20.7,5.1,94,18.0
2024-05-04T17:00,20.8,0.00,0.00,0.00,20.1,4.6,108,14.8
2024-05-04T18:00,20.5,0.00,0.00,0.00,19.9,3.9,124,13.0
2024-05-04T19:00,19.6,0.00,0.00,0.00,20.1,3.1,144,9.7
2024-05-04T20:00,16.4,0.00,0.00,0.00,16.1,7.6,188,9.7
2024-05-04T21:00,14.3,0.00,0.00,0.00,13.5,8.8,235,11.5
2024-05-04T22:00,13.2,0.00,0.00,0.00,12.3,7.8,283,11.9
2024-05-04T23:00,12.3,0.00,0.00,0.00,11.2,7.9,270,9.7
2024-05-05T00:00,11.8,0.00,0.00,0.00,10.7,7.1,285,10.1
2024-05-05T01:00,11.4,0.00,0.00,0.00,10.7,3.7,299,9.0
2024-05-05T02:00,11.1,0.00,0.00,0.00,10.6,2.1,329,6.8
2024-05-05T03:00,11.5,0.00,0.00,0.00,10.7,3.6,354,8.3
2024-05-05T04:00,10.9,0.00,0.00,0.00,9.6,6.8,25,8.6
2024-05-05T05:00,10.3,0.00,0.00,0.00,8.9,6.8,3,9.4
2024-05-05T06:00,10.4,0.00,0.00,0.00,9.4,4.3,360,8.6
2024-05-05T07:00,11.8,0.00,0.00,0.00,10.8,5.8,356,10.1
2024-05-05T08:00,14.6,0.00,0.00,0.00,14.1,4.9,17,11.5
2024-05-05T09:00,16.4,0.00,0.00,0.00,16.2,5.0,60,13.7
2024-05-05T10:00,17.8,0.00,0.00,0.00,18.0,5.4,90,16.6
2024-05-05T11:00,19.1,0.00,0.00,0.00,20.3,4.8,132,16.6
2024-05-05T12:00,20.2,0.10,0.00,0.10,21.6,5.1,184,16.6
2024-05-05T13:00,21.1,0.00,0.00,0.00,22.4,6.0,197,18.0
2024-05-05T14:00,21.5,0.00,0.00,0.00,21.5,10.0,221,23.0
2024-05-05T15:00,22.2,0.00,0.00,0.00,21.8,12.3,230,26.6
2024-05-05T16:00,22.1,0.00,0.00,0.00,20.3,14.0,222,29.5
2024-05-05T17:00,21.8,0.00,0.00,0.00,20.2,12.6,207,29.5
2024-05-05T18:00,21.3,0.00,0.00,0.00,20.3,10.1,184,24.8
2024-05-05T19:00,19.9,0.00,0.00,0.00,19.9,7.1,156,19.4
2024-05-05T20:00,17.8,0.00,0.00,0.00,18.4,4.9,107,13.0
2024-05-05T21:00,15.6,0.00,0.00,0.00,16.0,5.5,67,9.4
2024-05-05T22:00,15.1,0.00,0.00,0.00,15.1,7.6,31,12.6
2024-05-05T23:00,14.3,0.00,0.00,0.00,13.8,9.4,47,16.2
2024-05-06T00:00,13.5,0.00,0.00,0.00,13.2,7.5,55,15.8
2024-05-06T01:00,13.5,0.00,0.00,0.00,12.9,8.6,33,14.8
2024-05-06T02:00,13.3,0.00,0.00,0.00,12.8,8.2,49,15.5
2024-05-06T03:00,13.8,0.00,0.00,0.00,13.4,8.2,52,14.4
2024-05-06T04:00,13.8,0.00,0.00,0.00,13.4,8.4,43,15.5
2024-05-06T05:00,13.7,0.00,0.00,0.00,13.3,7.9,39,14.8
2024-05-06T06:00,13.4,0.00,0.00,0.00,13.0,7.7,37,14.0
2024-05-06T07:00,14.2,0.00,0.00,0.00,13.7,8.3,34,14.0
2024-05-06T08:00,15.2,0.00,0.00,0.00,14.7,9.2,42,18.4
2024-05-06T09:00,16.5,0.00,0.00,0.00,15.9,10.7,57,23.0
2024-05-06T10:00,17.8,0.00,0.00,0.00,17.4,10.2,72,23.4
2024-05-06T11:00,18.7,0.00,0.00,0.00,18.7,8.0,95,23.0
2024-05-06T12:00,19.6,0.00,0.00,0.00,20.4,4.7,157,20.5
2024-05-06T13:00,20.4,0.00,0.00,0.00,20.4,8.3,198,20.5
2024-05-06T14:00,21.5,0.00,0.00,0.00,21.3,12.5,224,27.0
2024-05-06T15:00,19.0,0.10,0.00,0.10,17.8,13.1,233,24.8
2024-05-06T16:00,20.1,0.00,0.00,0.00,18.0,17.5,238,34.2
2024-05-06T17:00,19.2,0.00,0.00,0.00,16.8,16.8,239,34.9
2024-05-06T18:00,18.5,0.00,0.00,0.00,16.9,12.5,231,32.4
2024-05-06T19:00,18.2,0.00,0.00,0.00,17.5,8.9,223,23.8
2024-05-06T20:00,16.1,0.00,0.00,0.00,16.3,5.6,243,17.3
2024-05-06T21:00,13.8,0.00,0.00,0.00,13.4,7.9,273,10.8
2024-05-06T22:00,13.1,0.00,0.00,0.00,12.6,6.6,319,10.4
2024-05-06T23:00,13.1,0.00,0.00,0.00,13.0,3.5,336,8.6
2024-05-07T00:00,13.4,0.00,0.00,0.00,13.2,3.6,6,4.7
2024-05-07T01:00,12.8,0.00,0.00,0.00,12.2,6.0,33,8.6
2024-05-07T02:00,12.5,0.00,0.00,0.00,11.6,8.4,25,14.4
2024-05-07T03:00,13.0,0.00,0.00,0.00,13.0,4.7,9,9.7
2024-05-07T04:00,13.8,0.00,0.00,0.00,13.9,5.0,21,9.4
2024-05-07T05:00,12.0,0.00,0.00,0.00,11.4,7.1,41,9.4
2024-05-07T06:00,12.2,0.00,0.00,0.00,12.0,4.8,27,9.0
2024-05-07T07:00,13.7,0.00,0.00,0.00,12.8,11.1,13,19.1
2024-05-07T08:00,14.2,0.60,0.00,0.60,13.7,8.7,17,19.1
2024-05-07T09:00,14.6,0.60,0.00,0.60,14.5,7.1,24,15.1
2024-05-07T10:00,15.2,0.10,0.00,0.10,15.5,5.1,51,12.6
2024-05-07T11:00,15.5,0.80,0.00,0.80,15.4,8.3,72,16.2
2024-05-07T12:00,15.3,1.90,0.00,1.90,15.5,6.8,65,16.6
2024-05-07T13:00,15.1,1.40,0.00,1.40,15.1,7.4,67,13.7
2024-05-07T14:00,15.4,0.70,0.00,0.70,15.1,9.6,56,18.4
2024-05-07T15:00,15.5,0.30,0.00,0.30,15.6,6.6,68,15.1
2024-05-07T16:00,15.5,0.20,0.00,0.20,15.6,6.1,87,18.7
2024-05-07T17:00,15.8,0.20,0.00,0.20,15.9,6.5,71,18.7
2024-05-07T18:00,15.1,0.50,0.00,0.50,15.0,6.4,63,18.0
2024-05-07T19:00,15.1,0.50,0.00,0.50,15.5,3.7,29,11.9
2024-05-07T20:00,14.7,0.10,0.00,0.10,15.3,3.3,84,5.8
2024-05-07T21:00,14.9,0.00,0.00,0.00,15.5,1.9,158,4.0
2024-05-07T22:00,14.6,0.40,0.00,0.40,15.2,1.8,79,3.2
2024-05-07T23:00,14.1,0.20,0.00,0.20,14.8,1.5,346,2.9
2024-05-08T00:00,13.8,0.10,0.00,0.10,14.3,2.9,330,5.4
2024-05-08T01:00,13.6,0.10,0.00,0.10,13.8,4.6,321,8.3
2024-05-08T02:00,13.4,0.00,0.00,0.00,13.6,4.3,312,8.6
2024-05-08T03:00,13.3,0.10,0.00,0.10,14.1,0.0,270,4.7
2024-05-08T04:00,12.5,0.10,0.00,0.10,12.8,3.3,41,7.6
2024-05-08T05:00,12.6,0.00,0.00,0.00,13.0,2.0,315,5.4
2024-05-08T06:00,12.3,0.00,0.00,0.00,12.6,2.3,321,6.5
2024-05-08T07:00,12.9,0.00,0.00,0.00,13.2,2.9,300,6.8
2024-05-08T08:00,15.0,0.00,0.00,0.00,15.7,1.6,297,8.3
2024-05-08T09:00,16.4,0.00,0.00,0.00,17.2,0.4,270,8.3
2024-05-08T10:00,17.8,0.00,0.00,0.00,18.3,2.2,99,11.5
2024-05-08T11:00,19.1,0.00,0.00,0.00,19.6,6.1,90,23.0
2024-05-08T12:00,19.8,0.00,0.00,0.00,20.5,7.9,93,25.2
2024-05-08T13:00,20.5,0.00,0.00,0.00,21.2,9.7,68,26.3
2024-05-08T14:00,20.7,0.00,0.00,0.00,20.9,11.4,55,28.4
2024-05-08T15:00,20.2,0.00,0.00,0.00,19.7,11.0,41,32.0
2024-05-08T16:00,20.6,0.00,0.00,0.00,19.9,9.2,48,23.8
2024-05-08T17:00,20.7,0.10,0.00,0.10,19.8,9.5,61,26.3
2024-05-08T18:00,20.1,0.00,0.00,0.00,18.9,10.1,84,25.6
2024-05-08T19:00,19.1,0.00,0.00,0.00,19.2,4.8,27,19.8
2024-05-08T20:00,17.0,0.00,0.00,0.00,16.5,9.0,323,15.8
2024-05-08T21:00,16.1,0.00,0.00,0.00,15.5,9.2,329,17.6
2024-05-08T22:00,15.3,0.00,0.00,0.00,14.8,8.8,348,16.2
2024-05-08T23:00,15.4,0.00,0.00,0.00,15.2,7.1,345,15.8
2024-05-09T00:00,15.7,0.00,0.00,0.00,15.5,7.0,339,13.7
2024-05-09T01:00,15.1,0.00,0.00,0.00,15.4,3.5,336,12.6
2024-05-09T02:00,14.5,0.00,0.00,0.00,15.0,2.2,351,7.6
2024-05-09T03:00,14.7,0.00,0.00,0.00,14.5,6.2,7,10.4
2024-05-09T04:00,14.7,0.00,0.00,0.00,14.6,5.2,12,11.2
2024-05-09T05:00,14.1,0.00,0.00,0.00,14.1,4.7,356,7.6
2024-05-09T06:00,12.7,0.00,0.00,0.00,12.7,2.7,337,6.1
2024-05-09T07:00,14.4,0.00,0.00,0.00,15.1,0.5,315,4.7
2024-05-09T08:00,16.4,0.00,0.00,0.00,16.7,3.2,63,8.6
2024-05-09T09:00,17.5,0.00,0.00,0.00,17.8,3.3,49,11.5
2024-05-09T10:00,18.9,0.00,0.00,0.00,18.9,4.0,85,13.3
2024-05-09T11:00,20.1,0.00,0.00,0.00,20.5,5.8,90,16.9
2024-05-09T12:00,21.1,0.00,0.00,0.00,21.9,5.1,86,17.3
2024-05-09T13:00,21.9,0.00,0.00,0.00,23.0,4.7,94,16.2
2024-05-09T14:00,22.2,0.00,0.00,0.00,23.0,6.3,103,17.6
2024-05-09T15:00,22.8,0.00,0.00,0.00,22.5,10.1,94,22.3
2024-05-09T16:00,22.6,0.00,0.00,0.00,22.0,11.0,71,23.8
2024-05-09T17:00,22.2,0.00,0.00,0.00,20.9,11.4,55,24.5
2024-05-09T18:00,21.7,0.00,0.00,0.00,21.1,7.5,55,23.0
2024-05-09T19:00,21.1,0.00,0.00,0.00,21.6,4.3,42,14.4
2024-05-09T20:00,18.9,0.00,0.00,0.00,19.2,7.1,60,8.6
2024-05-09T21:00,18.4,0.00,0.00,0.00,17.9,6.9,43,8.6
2024-05-09T22:00,16.9,0.00,0.00,0.00,16.1,7.3,33,9.0
2024-05-09T23:00,15.9,0.00,0.00,0.00,15.1,6.6,9,9.0
2024-05-10T00:00,17.3,0.00,0.00,0.00,16.4,5.9,38,8.3
2024-05-10T01:00,13.6,0.00,0.00,0.00,12.5,8.2,29,10.4
2024-05-10T02:00,13.0,0.00,0.00,0.00,12.2,6.9,6,10.4
2024-05-10T03:00,13.7,0.00,0.00,0.00,13.3,6.2,339,10.4
2024-05-10T04:00,14.1,0.00,0.00,0.00,13.8,6.3,329,12.2
2024-05-10T05:00,13.7,0.00,0.00,0.00,13.3,6.4,322,11.9
2024-05-10T06:00,13.1,0.00,0.00,0.00,12.6,7.1,319,13.0
2024-05-10T07:00,14.4,0.00,0.00,0.00,13.8,8.1,328,14.8
2024-05-10T08:00,16.9,0.00,0.00,0.00,16.9,6.9,317,15.1
2024-05-10T09:00,19.6,0.00,0.00,0.00,19.5,5.2,326,14.0
2024-05-10T10:00,20.9,0.00,0.00,0.00,20.6,2.6,344,13.0
2024-05-10T11:00,21.7,0.00,0.00,0.00,22.1,4.6,72,14.0
2024-05-10T12:00,22.0,0.00,0.00,0.00,22.2,8.3,92,20.9
2024-05-10T13:00,22.6,0.00,0.00,0.00,23.0,8.3,85,21.6
2024-05-10T14:00,22.9,0.00,0.00,0.00,23.0,8.0,80,20.9
2024-05-10T15:00,22.9,0.00,0.00,0.00,22.4,8.0,95,19.8
2024-05-10T16:00,23.1,0.00,0.00,0.00,22.5,6.5,90,18.7
2024-05-10T17:00,23.0,0.00,0.00,0.00,22.2,4.2,59,16.2
2024-05-10T18:00,22.6,0.00,0.00,0.00,22.1,3.6,45,10.8
2024-05-10T19:00,21.8,0.00,0.00,0.00,21.7,4.6,51,8.3
2024-05-10T20:00,21.0,0.00,0.00,0.00,20.7,3.3,347,7.2
2024-05-10T21:00,17.0,0.00,0.00,0.00,16.7,4.1,315,5.0
2024-05-10T22:00,16.1,0.00,0.00,0.00,15.7,3.8,319,7.6
2024-05-10T23:00,14.5,0.00,0.00,0.00,14.3,3.5,336,7.9
2024-05-11T00:00,14.0,0.00,0.00,0.00,13.5,5.0,339,9.7
2024-05-11T01:00,14.0,0.00,0.00,0.00,13.3,6.1,332,12.2
2024-05-11T02:00,13.4,0.00,0.00,0.00,12.5,6.8,335,13.3
2024-05-11T03:00,15.3,0.00,0.00,0.00,13.6,7.6,357,17.3
2024-05-11T04:00,14.6,0.00,0.00,0.00,13.0,7.6,352,13.7
2024-05-11T05:00,13.8,0.00,0.00,0.00,12.5,6.6,338,14.0
2024-05-11T06:00,13.2,0.00,0.00,0.00,12.1,5.7,342,12.2
2024-05-11T07:00,14.0,0.00,0.00,0.00,13.0,6.9,332,12.6
2024-05-11T08:00,16.7,0.00,0.00,0.00,16.4,6.0,335,13.7
2024-05-11T09:00,19.3,0.00,0.00,0.00,18.9,3.6,6,13.0
2024-05-11T10:00,20.7,0.00,0.00,0.00,20.1,3.4,72,11.5
2024-05-11T11:00,21.7,0.00,0.00,0.00,21.6,4.9,107,15.1
2024-05-11T12:00,22.6,0.00,0.00,0.00,23.0,6.4,133,17.6
2024-05-11T13:00,23.3,0.00,0.00,0.00,24.3,5.8,150,18.4
2024-05-11T14:00,23.7,0.00,0.00,0.00,24.5,7.9,180,20.2
2024-05-11T15:00,24.6,0.00,0.00,0.00,24.7,8.0,170,19.8
2024-05-11T16:00,24.8,0.00,0.00,0.00,24.2,9.0,185,20.5
2024-05-11T17:00,24.1,0.00,0.00,0.00,22.7,11.6,196,23.8
2024-05-11T18:00,23.1,0.00,0.00,0.00,22.0,10.4,200,24.1
2024-05-11T19:00,21.9,0.00,0.00,0.00,22.0,6.8,177,20.9
2024-05-11T20:00,18.9,0.00,0.00,0.00,19.2,8.1,193,13.0
2024-05-11T21:00,18.0,0.00,0.00,0.00,17.8,6.4,254,10.8
2024-05-11T22:00,16.4,0.00,0.00,0.00,16.3,4.7,293,7.9
2024-05-11T23:00,15.1,0.00,0.00,0.00,15.0,4.9,306,6.8
2024-05-12T00:00,14.5,0.00,0.00,0.00,14.3,4.4,305,6.8
2024-05-12T01:00,14.1,0.00,0.00,0.00,14.1,2.3,321,6.1
2024-05-12T02:00,14.1,0.00,0.00,0.00,13.8,4.3,355,7.9
2024-05-12T03:00,15.6,0.00,0.00,0.00,15.3,5.8,30,7.9
2024-05-12T04:00,14.2,0.00,0.00,0.00,13.5,7.3,9,9.7
2024-05-12T05:00,13.4,0.00,0.00,0.00,12.4,7.9,360,9.7
2024-05-12T06:00,14.1,0.00,0.00,0.00,13.5,5.0,339,9.7
2024-05-12T07:00,14.8,0.00,0.00,0.00,14.2,7.2,333,13.0
2024-05-12T08:00,17.9,0.00,0.00,0.00,17.9,6.8,328,14.4
2024-05-12T09:00,20.3,0.00,0.00,0.00,20.6,3.9,338,13.7
2024-05-12T10:00,21.7,0.00,0.00,0.00,22.0,0.4,90,11.2
2024-05-12T11:00,22.7,0.00,0.00,0.00,23.1,3.7,151,13.0
2024-05-12T12:00,23.4,0.00,0.00,0.00,24.4,5.5,157,16.6
2024-05-12T13:00,23.9,0.00,0.00,0.00,25.1,7.3,171,19.4
2024-05-12T14:00,24.5,0.00,0.00,0.00,25.9,8.0,190,20.9
2024-05-12T15:00,24.6,0.00,0.00,0.00,24.9,10.5,188,23.8
2024-05-12T16:00,24.6,0.00,0.00,0.00,24.5,9.0,203,24.5
2024-05-12T17:00,24.2,0.00,0.00,0.00,23.2,10.1,182,21.2
2024-05-12T18:00,23.2,0.00,0.00,0.00,22.9,6.8,155,21.2
2024-05-12T19:00,22.1,0.00,0.00,0.00,23.1,3.9,124,14.4
2024-05-12T20:00,19.7,0.00,0.00,0.00,20.6,6.4,63,7.2
2024-05-12T21:00,19.6,0.00,0.00,0.00,19.9,4.7,32,9.0
2024-05-12T22:00,16.4,0.00,0.00,0.00,17.0,4.1,345,5.4
2024-05-12T23:00,16.1,0.00,0.00,0.00,16.5,6.0,17,8.3
2024-05-13T00:00,16.2,0.00,0.00,0.00,16.2,6.6,22,16.6
2024-05-13T01:00,14.9,0.00,0.00,0.00,15.1,4.9,343,10.8
2024-05-13T02:00,14.7,0.00,0.00,0.00,14.8,5.8,330,10.8
2024-05-13T03:00,16.5,0.00,0.00,0.00,15.7,11.1,331,27.7
2024-05-13T04:00,15.6,0.00,0.00,0.00,14.7,11.6,338,22.0
2024-05-13T05:00,15.1,0.00,0.00,0.00,14.4,10.2,337,20.9
2024-05-13T06:00,15.2,0.00,0.00,0.00,14.6,9.5,335,19.4
2024-05-13T07:00,16.0,0.00,0.00,0.00,15.4,9.5,349,16.9
2024-05-13T08:00,16.7,0.00,0.00,0.00,16.4,9.3,344,17.3
2024-05-13T09:00,18.5,0.00,0.00,0.00,18.6,7.6,355,17.3
2024-05-13T10:00,19.8,0.00,0.00,0.00,19.8,6.1,28,15.8
2024-05-13T11:00,20.3,0.00,0.00,0.00,20.1,7.9,51,18.4
2024-05-13T12:00,20.7,0.00,0.00,0.00,20.4,8.9,63,20.5
2024-05-13T13:00,21.2,0.00,0.00,0.00,20.6,11.8,67,25.6
2024-05-13T14:00,20.7,0.10,0.00,0.10,20.2,11.3,73,25.9
2024-05-13T15:00,20.9,0.00,0.00,0.00,20.6,6.9,81,22.0
2024-05-13T16:00,21.0,0.00,0.00,0.00,20.5,9.2,69,20.9
2024-05-13T17:00,21.0,0.00,0.00,0.00,20.8,6.6,77,21.2
2024-05-13T18:00,20.6,0.10,0.00,0.10,20.4,6.4,74,15.8
2024-05-13T19:00,19.9,0.00,0.00,0.00,20.2,5.4,86,13.7
2024-05-13T20:00,18.3,0.00,0.00,0.00,19.0,4.3,48,10.4
2024-05-13T21:00,17.5,0.10,0.00,0.10,17.3,8.8,19,15.1
2024-05-13T22:00,16.5,0.00,0.00,0.00,16.6,7.0,12,15.8
2024-05-13T23:00,15.5,0.00,0.00,0.00,16.1,4.5,14,11.9
2024-05-14T00:00,15.5,0.00,0.00,0.00,15.9,5.9,47,9.4
2024-05-14T01:00,15.1,0.00,0.00,0.00,15.4,6.2,54,12.2
2024-05-14T02:00,14.1,0.00,0.00,0.00,14.3,5.9,38,10.8
2024-05-14T03:00,14.9,0.10,0.00,0.10,15.7,2.6,106,6.5
2024-05-14T04:00,14.1,0.00,0.00,0.00,14.5,4.0,360,6.5
2024-05-14T05:00,13.5,0.00,0.00,0.00,13.5,5.4,356,9.7
2024-05-14T06:00,13.4,0.00,0.00,0.00,13.2,5.8,4,10.8
2024-05-14T07:00,14.6,0.00,0.00,0.00,14.8,5.2,25,10.4
2024-05-14T08:00,15.7,0.00,0.00,0.00,16.1,5.5,58,13.7
2024-05-14T09:00,16.7,0.00,0.00,0.00,16.6,9.0,53,19.8
2024-05-14T10:00,18.1,0.00,0.00,0.00,17.5,11.4,66,25.2
2024-05-14T11:00,19.3,0.00,0.00,0.00,19.2,11.6,83,26.6
2024-05-14T12:00,20.1,0.00,0.00,0.00,20.7,10.6,80,26.6
2024-05-14T13:00,20.7,0.10,0.00,0.10,21.8,8.9,76,25.2
2024-05-14T14:00,20.8,0.10,0.00,0.10,20.6,8.3,88,23.0
2024-05-14T15:00,18.6,0.40,0.00,0.40,18.1,13.8,99,37.4
2024-05-14T16:00,19.3,0.30,0.00,0.30,18.1,14.9,82,29.5
2024-05-14T17:00,19.4,0.20,0.00,0.20,18.7,12.3,75,30.6
2024-05-14T18:00,19.1,0.20,0.00,0.20,18.4,12.1,80,25.9
2024-05-14T19:00,17.6,0.60,0.00,0.60,16.9,12.9,72,23.8
2024-05-14T20:00,15.8,0.20,0.00,0.20,15.2,12.0,69,25.2
2024-05-14T21:00,14.9,0.00,0.00,0.00,13.9,13.1,53,23.0
2024-05-14T22:00,14.2,0.00,0.00,0.00,13.4,10.9,17,23.0
2024-05-14T23:00,14.6,0.20,0.00,0.20,13.9,9.5,9,19.1
2024-05-15T00:00,14.6,0.10,0.00,0.10,14.2,8.8,351,17.3
2024-05-15T01:00,14.3,0.00,0.00,0.00,14.2,6.9,9,15.5
2024-05-15T02:00,14.4,0.00,0.00,0.00,14.1,7.0,35,13.3
2024-05-15T03:00,14.6,0.50,0.00,0.50,14.1,8.6,22,17.6
2024-05-15T04:00,14.3,0.80,0.00,0.80,13.7,8.7,45,14.8
2024-05-15T05:00,14.1,0.30,0.00,0.30,13.0,11.8,38,20.9
2024-05-15T06:00,14.2,0.50,0.00,0.50,13.3,10.0,52,22.7
2024-05-15T07:00,14.5,0.70,0.00,0.70,13.4,12.5,49,22.3
2024-05-15T08:00,14.9,1.80,0.00,1.80,13.7,13.3,57,24.8
2024-05-15T09:00,14.7,0.80,0.00,0.80,14.1,10.8,53,24.5
2024-05-15T10:00,14.8,0.90,0.00,0.90,13.8,13.4,54,24.5
2024-05-15T11:00,14.8,1.00,0.00,1.00,13.9,13.1,53,25.6
2024-05-15T12:00,15.3,1.40,0.00,1.40,14.6,12.5,44,25.2
2024-05-15T13:00,16.1,0.80,0.00,0.80,15.4,12.8,40,24.8
2024-05-15T14:00,16.7,0.80,0.00,0.80,16.4,10.9,46,24.8
2024-05-15T15:00,16.2,3.90,0.00,3.90,15.9,10.6,28,19.1
2024-05-15T16:00,16.3,1.40,0.00,1.40,16.0,10.7,48,20.5
2024-05-15T17:00,16.3,1.70,0.00,1.70,15.0,15.8,43,29.5
2024-05-15T18:00,16.2,2.60,0.00,2.60,14.9,14.5,35,32.0
2024-05-15T19:00,15.6,4.20,0.00,4.20,14.2,15.7,37,28.8
2024-05-15T20:00,15.8,0.90,0.00,0.90,14.5,14.0,48,28.1
2024-05-15T21:00,15.2,2.90,0.00,2.90,14.0,13.0,46,28.4
2024-05-15T22:00,14.9,2.60,0.00,2.60,13.5,13.7,45,28.8
2024-05-15T23:00,14.8,2.10,0.00,2.10,13.3,15.3,39,31.0
2024-05-16T00:00,14.7,4.60,0.00,4.60,13.3,14.3,49,29.5
2024-05-16T01:00,14.5,10.90,0.00,10.90,13.0,14.7,36,27.0
2024-05-16T02:00,14.4,8.70,0.00,8.70,13.0,13.7,35,26.6
2024-05-16T03:00,14.5,6.60,0.00,6.60,14.1,9.9,33,27.0
2024-05-16T04:00,14.1,0.90,0.00,0.90,13.9,7.0,12,20.5
2024-05-16T05:00,14.3,0.10,0.00,0.10,13.8,9.4,18,15.5
2024-05-16T06:00,14.4,0.40,0.00,0.40,13.4,12.5,44,22.0
2024-05-16T07:00,14.6,3.50,0.00,3.50,13.7,12.0,44,24.1
2024-05-16T08:00,15.0,5.40,0.00,5.40,14.9,7.5,17,21.2
2024-05-16T09:00,15.6,4.40,0.00,4.40,15.3,9.5,37,16.2
2024-05-16T10:00,16.6,2.20,0.00,2.20,16.2,10.0,69,23.0
2024-05-16T11:00,17.0,2.30,0.00,2.30,15.6,17.9,68,34.2
2024-05-16T12:00,17.4,3.10,0.00,3.10,16.2,16.1,61,38.9
2024-05-16T13:00,17.0,7.70,0.00,7.70,16.1,13.6,68,32.4
2024-05-16T14:00,17.9,0.40,0.00,0.40,16.2,19.7,59,37.4
2024-05-16T15:00,16.7,1.40,0.00,1.40,15.2,16.5,58,30.6
2024-05-16T16:00,18.8,0.00,0.00,0.00,17.6,13.3,52,33.1
2024-05-16T17:00,17.8,0.10,0.00,0.10,16.4,14.3,62,27.7
2024-05-16T18:00,16.6,1.50,0.00,1.50,15.8,13.4,82,28.8
2024-05-16T19:00,15.6,6.70,0.00,6.70,14.6,15.3,75,28.1
2024-05-16T20:00,14.7,9.60,0.00,9.60,13.4,16.1,61,33.5
2024-05-16T21:00,14.6,8.40,0.00,8.40,14.1,11.2,92,33.8
2024-05-16T22:00,14.7,4.10,0.00,4.10,15.0,5.5,23,20.9
2024-05-16T23:00,14.6,8.50,0.00,8.50,14.7,6.3,336,11.9
2024-05-17T00:00,14.5,1.80,0.00,1.80,14.4,7.4,23,15.8
2024-05-17T01:00,14.4,0.10,0.00,0.10,14.8,3.9,292,12.6
2024-05-17T02:00,14.1,0.00,0.00,0.00,13.9,8.0,260,13.3
2024-05-17T03:00,11.6,0.00,0.00,0.00,10.4,6.8,328,15.5
2024-05-17T04:00,10.4,0.00,0.00,0.00,9.3,6.0,335,11.9
2024-05-17T05:00,10.2,0.00,0.00,0.00,9.0,5.6,320,12.2
2024-05-17T06:00,9.8,0.00,0.00,0.00,8.7,5.1,321,11.2
2024-05-17T07:00,11.8,0.00,0.00,0.00,11.3,4.3,312,10.8
2024-05-17T08:00,14.3,0.00,0.00,0.00,14.4,0.0,270,9.4
2024-05-17T09:00,15.3,0.00,0.00,0.00,14.7,2.9,150,11.2
2024-05-17T10:00,16.2,0.00,0.00,0.00,16.4,1.1,180,11.5
2024-05-17T11:00,17.4,0.10,0.00,0.10,17.4,4.1,232,13.7
2024-05-17T12:00,18.5,0.20,0.00,0.20,18.6,6.8,212,22.3
2024-05-17T13:00,20.0,0.10,0.00,0.10,19.7,11.2,213,25.9
2024-05-17T14:00,20.1,0.20,0.00,0.20,18.5,14.6,220,32.0
2024-05-17T15:00,20.3,0.70,0.00,0.70,19.0,15.3,225,34.9
2024-05-17T16:00,21.2,0.00,0.00,0.00,20.3,13.8,227,32.4
2024-05-17T17:00,20.9,0.00,0.00,0.00,19.0,14.0,235,32.0
2024-05-17T18:00,20.7,0.00,0.00,0.00,19.0,12.9,240,30.6
2024-05-17T19:00,19.8,0.00,0.00,0.00,19.2,9.1,236,27.4
2024-05-17T20:00,17.6,0.00,0.00,0.00,17.9,5.7,162,16.9
2024-05-17T21:00,14.8,0.00,0.00,0.00,14.5,7.9,106,10.8
2024-05-17T22:00,14.3,0.00,0.00,0.00,14.4,5.6,50,10.4
2024-05-17T23:00,14.0,0.00,0.00,0.00,13.4,9.4,32,15.8
2024-05-18T00:00,14.0,0.00,0.00,0.00,13.1,8.5,54,16.6
2024-05-18T01:00,12.9,0.00,0.00,0.00,12.2,6.3,31,14.8
2024-05-18T02:00,12.3,0.00,0.00,0.00,11.6,5.9,11,11.2
2024-05-18T03:00,12.1,0.00,0.00,0.00,11.4,6.7,36,13.7
2024-05-18T04:00,11.8,0.00,0.00,0.00,11.2,5.2,12,9.7
2024-05-18T05:00,11.2,0.00,0.00,0.00,10.4,5.9,11,10.1
2024-05-18T06:00,11.2,0.00,0.00,0.00,10.4,5.4,4,10.8
2024-05-18T07:00,12.9,0.00,0.00,0.00,11.9,8.0,352,13.7
2024-05-18T08:00,14.9,0.00,0.00,0.00,14.3,6.5,354,15.1
2024-05-18T09:00,16.8,0.00,0.00,0.00,16.5,6.7,16,16.9
2024-05-18T10:00,18.4,0.00,0.00,0.00,18.5,5.9,52,17.6
2024-05-18T11:00,19.8,0.00,0.00,0.00,21.0,5.4,86,17.3
2024-05-18T12:00,20.8,0.00,0.00,0.00,22.2,4.2,110,17.3
2024-05-18T13:00,21.7,0.00,0.00,0.00,23.5,4.6,129,15.8
2024-05-18T14:00,22.3,0.00,0.00,0.00,23.5,6.4,142,18.7
2024-05-18T15:00,22.6,0.00,0.00,0.00,23.1,5.8,180,16.2
2024-05-18T16:00,22.5,0.00,0.00,0.00,22.1,9.1,187,20.5
2024-05-18T17:00,22.2,0.00,0.00,0.00,21.7,7.6,177,20.5
2024-05-18T18:00,21.8,0.00,0.00,0.00,21.7,6.4,164,17.3
2024-05-18T19:00,20.9,0.00,0.00,0.00,21.5,4.6,141,13.7
2024-05-18T20:00,18.5,0.00,0.00,0.00,19.1,5.4,143,9.7
2024-05-18T21:00,17.9,0.00,0.00,0.00,18.1,5.2,214,10.8
2024-05-18T22:00,15.7,0.00,0.00,0.00,16.1,3.8,311,7.6
2024-05-18T23:00,14.6,0.00,0.00,0.00,14.7,4.6,321,7.2
2024-05-19T00:00,13.8,0.00,0.00,0.00,13.7,4.0,333,6.1
2024-05-19T01:00,13.8,0.00,0.00,0.00,13.9,1.6,333,6.1
2024-05-19T02:00,12.8,0.00,0.00,0.00,12.5,3.8,343,5.8
2024-05-19T03:00,13.6,0.00,0.00,0.00,13.3,3.3,354,7.2
2024-05-19T04:00,11.5,0.00,0.00,0.00,11.0,4.0,355,7.2
2024-05-19T05:00,11.6,0.00,0.00,0.00,10.6,7.3,349,13.0
2024-05-19T06:00,11.9,0.00,0.00,0.00,10.6,8.3,5,16.2
2024-05-19T07:00,13.3,0.00,0.00,0.00,12.6,5.6,15,14.8
2024-05-19T08:00,15.7,0.00,0.00,0.00,15.4,5.5,11,13.0
2024-05-19T09:00,17.7,0.00,0.00,0.00,17.4,7.1,24,16.9
2024-05-19T10:00,19.0,0.00,0.00,0.00,19.0,5.7,55,18.4
2024-05-19T11:00,19.7,0.00,0.00,0.00,19.9,10.4,124,24.1
2024-05-19T12:00,20.1,0.00,0.00,0.00,21.7,6.3,114,25.6
2024-05-19T13:00,21.3,0.10,0.00,0.10,23.6,7.1,114,19.8
2024-05-19T14:00,21.6,0.20,0.00,0.20,23.8,5.3,118,20.2
2024-05-19T15:00,22.3,0.10,0.00,0.10,24.4,4.3,132,15.1
2024-05-19T16:00,22.2,0.10,0.00,0.10,23.4,4.4,145,15.1
2024-05-19T17:00,22.3,0.00,0.00,0.00,23.2,4.2,149,14.0
2024-05-19T18:00,22.0,0.00,0.00,0.00,22.8,6.4,153,14.8
2024-05-19T19:00,20.9,0.00,0.00,0.00,21.9,6.5,161,15.5
2024-05-19T20:00,19.2,0.00,0.00,0.00,20.6,4.9,163,13.0
2024-05-19T21:00,17.3,0.00,0.00,0.00,18.1,6.4,164,9.4
2024-05-19T22:00,17.7,0.00,0.00,0.00,19.3,1.8,37,7.2
2024-05-19T23:00,15.6,0.00,0.00,0.00,16.5,4.7,23,5.0
2024-05-20T00:00,15.7,0.00,0.00,0.00,16.4,6.2,7,10.8
2024-05-20T01:00,14.3,0.00,0.00,0.00,14.6,6.4,16,10.4
2024-05-20T02:00,14.4,0.00,0.00,0.00,15.0,4.9,17,8.6
2024-05-20T03:00,14.3,0.00,0.00,0.00,14.6,5.2,348,10.4
2024-05-20T04:00,13.8,0.00,0.00,0.00,14.0,5.1,356,9.7
2024-05-20T05:00,13.1,0.00,0.00,0.00,13.1,4.7,4,9.4
2024-05-20T06:00,13.2,0.00,0.00,0.00,13.0,5.2,344,9.7
2024-05-20T07:00,14.8,0.00,0.00,0.00,14.5,7.6,357,13.7
2024-05-20T08:00,17.3,0.00,0.00,0.00,18.1,2.9,360,13.3
2024-05-20T09:00,19.0,0.00,0.00,0.00,19.8,4.0,27,12.6
2024-05-20T10:00,20.2,0.00,0.00,0.00,21.3,4.0,100,14.0
2024-05-20T11:00,21.2,0.00,0.00,0.00,22.7,6.3,103,18.0
2024-05-20T12:00,22.4,0.00,0.00,0.00,24.6,7.7,118,20.5
2024-05-20T13:00,23.2,0.00,0.00,0.00,26.2,7.0,102,20.5
2024-05-20T14:00,22.7,1.30,0.00,1.30,25.0,10.7,132,25.6
2024-05-20T15:00,22.0,0.50,0.00,0.50,23.6,9.4,137,25.2
2024-05-20T16:00,22.3,0.00,0.00,0.00,23.8,3.4,148,22.7
2024-05-20T17:00,22.3,0.00,0.00,0.00,24.2,1.6,117,14.0
2024-05-20T18:00,21.7,0.00,0.00,0.00,23.1,3.6,135,9.0
2024-05-20T19:00,20.9,0.00,0.00,0.00,22.7,2.9,150,9.7
2024-05-20T20:00,20.0,0.00,0.00,0.00,22.6,1.8,90,6.5
2024-05-20T21:00,18.4,0.00,0.00,0.00,20.0,5.4,94,6.5
2024-05-20T22:00,18.4,0.00,0.00,0.00,19.9,5.8,60,7.2
2024-05-20T23:00,17.7,0.00,0.00,0.00,19.3,4.0,355,7.2
2024-05-21T00:00,18.0,0.00,0.00,0.00,19.3,5.2,335,9.7
2024-05-21T01:00,17.1,0.80,0.00,0.80,18.5,3.7,241,10.1
2024-05-21T02:00,16.8,0.60,0.00,0.60,18.0,6.1,357,13.0
2024-05-21T03:00,16.9,2.00,0.00,2.00,18.8,1.8,79,19.8
2024-05-21T04:00,17.0,1.50,0.00,1.50,17.5,10.1,55,17.3
2024-05-21T05:00,16.7,3.70,0.00,3.70,17.0,10.0,52,20.5
2024-05-21T06:00,16.6,1.80,0.00,1.80,15.6,18.1,67,32.8
2024-05-21T07:00,16.6,4.20,0.00,4.20,16.0,15.8,73,33.1
2024-05-21T08:00,16.7,4.70,0.00,4.70,17.1,9.7,68,28.8
2024-05-21T09:00,16.9,1.10,0.00,1.10,17.0,11.7,47,23.0
2024-05-21T10:00,17.5,0.70,0.00,0.70,17.5,13.2,64,24.8
2024-05-21T11:00,17.9,0.40,0.00,0.40,17.6,15.4,74,32.8
2024-05-21T12:00,17.7,0.90,0.00,0.90,17.9,13.2,64,31.0
2024-05-21T13:00,18.1,1.30,0.00,1.30,18.6,11.4,62,25.9
2024-05-21T14:00,18.5,1.20,0.00,1.20,19.1,12.3,95,25.9
2024-05-21T15:00,16.9,5.10,0.00,5.10,18.0,6.3,156,14.8
2024-05-21T16:00,17.0,3.30,0.00,3.30,18.8,0.7,180,13.3
2024-05-21T17:00,17.2,1.10,0.00,1.10,18.8,1.6,63,7.6
2024-05-21T18:00,17.6,0.10,0.00,0.10,19.4,1.1,270,8.6
2024-05-21T19:00,17.8,0.00,0.00,0.00,19.2,4.0,90,9.7
2024-05-21T20:00,17.1,0.00,0.00,0.00,18.6,4.0,63,10.8
2024-05-21T21:00,15.9,0.00,0.00,0.00,17.0,4.7,32,7.9
2024-05-21T22:00,15.3,0.00,0.00,0.00,16.1,5.1,352,9.7
2024-05-21T23:00,14.4,0.00,0.00,0.00,14.7,6.1,3,9.0
2024-05-22T00:00,15.0,0.10,0.00,0.10,15.3,6.6,41,11.2
2024-05-22T01:00,14.1,0.00,0.00,0.00,14.6,4.4,9,11.5
2024-05-22T02:00,13.8,0.00,0.00,0.00,14.4,2.6,344,5.4
2024-05-22T03:00,15.0,0.00,0.00,0.00,15.6,5.4,250,9.4
2024-05-22T04:00,15.0,0.00,0.00,0.00,16.2,1.5,315,9.7
2024-05-22T05:00,13.8,0.00,0.00,0.00,14.2,4.3,24,4.7
2024-05-22T06:00,14.9,0.00,0.00,0.00,14.8,9.7,48,16.6
2024-05-22T07:00,15.5,0.00,0.00,0.00,15.4,10.5,63,20.5
2024-05-22T08:00,15.9,0.20,0.00,0.20,15.7,11.3,63,23.0
2024-05-22T09:00,16.3,0.50,0.00,0.50,16.4,9.4,67,23.0
2024-05-22T10:00,17.7,0.10,0.00,0.10,18.0,9.3,62,21.6
2024-05-22T11:00,19.3,0.00,0.00,0.00,19.2,10.7,76,24.5
2024-05-22T12:00,20.0,0.30,0.00,0.30,20.5,9.0,67,24.5
2024-05-22T13:00,20.8,0.10,0.00,0.10,22.0,9.6,70,23.0
2024-05-22T14:00,18.2,2.80,0.00,2.80,19.1,4.8,42,24.1
2024-05-22T15:00,17.1,0.40,0.00,0.40,16.9,11.0,23,23.0
2024-05-22T16:00,17.3,0.40,0.00,0.40,17.1,8.5,348,25.2
2024-05-22T17:00,17.7,0.60,0.00,0.60,18.1,5.4,356,17.3
2024-05-22T18:00,17.8,0.00,0.00,0.00,18.5,2.6,34,13.0
2024-05-22T19:00,17.4,0.00,0.00,0.00,18.0,3.9,34,8.6
2024-05-22T20:00,16.6,0.00,0.00,0.00,17.3,4.3,66,9.0
2024-05-22T21:00,14.8,0.00,0.00,0.00,15.2,5.4,42,8.6
2024-05-22T22:00,14.4,0.00,0.00,0.00,14.6,5.4,352,9.7
2024-05-22T23:00,13.8,0.00,0.00,0.00,14.0,3.7,331,6.5
2024-05-23T00:00,13.2,0.00,0.00,0.00,12.9,5.6,345,7.6
2024-05-23T01:00,13.2,0.00,0.00,0.00,13.2,3.9,326,7.9
2024-05-23T02:00,12.3,0.00,0.00,0.00,12.1,4.7,328,9.4
2024-05-23T03:00,13.1,0.00,0.00,0.00,12.9,5.8,330,10.1
2024-05-23T04:00,12.9,0.00,0.00,0.00,12.4,7.3,340,14.0
2024-05-23T05:00,12.7,0.00,0.00,0.00,12.3,5.5,328,13.0
2024-05-23T06:00,12.1,0.00,0.00,0.00,12.0,3.6,315,10.4
2024-05-23T07:00,13.7,0.00,0.00,0.00,13.9,4.1,322,9.4
2024-05-23T08:00,16.4,0.00,0.00,0.00,17.3,0.4,180,9.0
2024-05-23T09:00,17.8,0.00,0.00,0.00,18.5,1.3,146,9.4
2024-05-23T10:00,18.9,0.00,0.00,0.00,19.4,2.8,140,11.9
2024-05-23T11:00,20.0,0.00,0.00,0.00,20.7,3.3,167,13.3
2024-05-23T12:00,20.9,0.00,0.00,0.00,22.4,6.1,177,18.0
2024-05-23T13:00,21.6,0.10,0.00,0.10,24.1,4.0,175,18.4
2024-05-23T14:00,21.8,0.10,0.00,0.10,22.6,7.9,180,20.2
2024-05-23T15:00,17.5,3.90,0.00,3.90,16.7,13.3,251,33.8
2024-05-23T16:00,19.1,0.00,0.00,0.00,19.9,5.1,135,27.0
2024-05-23T17:00,19.5,0.00,0.00,0.00,18.6,14.8,221,30.6
2024-05-23T18:00,18.7,0.00,0.00,0.00,18.3,10.8,255,31.3
2024-05-23T19:00,18.7,0.00,0.00,0.00,19.2,4.3,204,21.2
2024-05-23T20:00,17.2,0.00,0.00,0.00,18.1,4.2,160,9.7
2024-05-23T21:00,17.0,0.00,0.00,0.00,17.4,5.0,180,7.9
2024-05-23T22:00,14.9,0.00,0.00,0.00,15.3,3.9,34,6.1
2024-05-23T23:00,14.2,0.00,0.00,0.00,14.4,4.8,27,8.6
2024-05-24T00:00,13.6,0.00,0.00,0.00,13.3,6.8,25,9.0
2024-05-24T01:00,12.7,0.00,0.00,0.00,12.0,8.4,10,10.8
2024-05-24T02:00,12.7,0.00,0.00,0.00,12.1,6.1,357,10.1
2024-05-24T03:00,13.0,0.20,0.00,0.20,12.8,5.0,240,9.7
2024-05-24T04:00,13.2,0.10,0.00,0.10,13.5,2.9,330,11.2
2024-05-24T05:00,12.1,0.00,0.00,0.00,12.2,2.6,326,7.6
2024-05-24T06:00,11.6,0.00,0.00,0.00,11.4,3.1,324,7.2
2024-05-24T07:00,12.9,0.00,0.00,0.00,12.7,5.4,356,10.1
2024-05-24T08:00,14.9,0.00,0.00,0.00,15.0,4.6,18,11.9
2024-05-24T09:00,16.3,0.00,0.00,0.00,16.7,3.4,58,12.6
2024-05-24T10:00,17.7,0.00,0.00,0.00,18.2,4.5,104,17.6
2024-05-24T11:00,18.8,0.30,0.00,0.30,19.8,5.6,140,18.0
2024-05-24T12:00,19.4,0.20,0.00,0.20,21.0,5.7,125,19.8
2024-05-24T13:00,20.2,0.20,0.00,0.20,22.1,4.2,160,19.1
2024-05-24T14:00,21.2,0.20,0.00,0.20,22.2,5.4,180,16.9
2024-05-24T15:00,21.4,0.10,0.00,0.10,21.8,8.4,190,22.3
2024-05-24T16:00,21.4,0.10,0.00,0.10,21.8,9.0,185,22.3
2024-05-24T17:00,21.1,0.10,0.00,0.10,21.1,7.3,191,20.9
2024-05-24T18:00,20.2,0.30,0.00,0.30,20.6,5.0,201,18.4
2024-05-24T19:00,19.3,0.60,0.00,0.60,19.9,4.9,163,13.7
2024-05-24T20:00,18.3,0.00,0.00,0.00,19.9,2.2,81,10.1
2024-05-24T21:00,17.0,0.00,0.00,0.00,17.6,5.4,70,6.1
2024-05-24T22:00,16.1,0.00,0.00,0.00,16.4,6.1,45,7.6
2024-05-24T23:00,14.3,0.10,0.00,0.10,14.1,7.8,22,10.1
2024-05-25T00:00,14.5,2.60,0.00,2.60,14.0,9.5,299,17.3
2024-05-25T01:00,14.7,0.60,0.00,0.60,15.5,2.3,309,18.7
2024-05-25T02:00,14.1,0.60,0.00,0.60,14.3,5.4,360,9.7
2024-05-25T03:00,12.7,3.30,0.00,3.30,12.4,5.4,160,12.2
2024-05-25T04:00,13.2,0.20,0.00,0.20,12.9,6.6,338,12.2
2024-05-25T05:00,12.8,0.10,0.00,0.10,12.7,4.8,347,12.6
2024-05-25T06:00,12.8,0.00,0.00,0.00,12.8,3.7,349,7.6
2024-05-25T07:00,14.1,0.00,0.00,0.00,14.2,5.3,332,10.1
2024-05-25T08:00,14.7,1.50,0.00,1.50,14.4,8.4,230,20.9
2024-05-25T09:00,15.2,0.40,0.00,0.40,15.7,3.0,346,18.0
2024-05-25T10:00,16.6,0.10,0.00,0.10,16.9,4.8,42,13.0
2024-05-25T11:00,18.7,0.00,0.00,0.00,19.5,4.5,61,15.5
2024-05-25T12:00,20.2,0.00,0.00,0.00,22.0,5.1,98,16.9
2024-05-25T13:00,21.3,0.00,0.00,0.00,22.8,5.1,98,17.6
2024-05-25T14:00,21.7,0.20,0.00,0.20,22.2,7.4,113,19.1
2024-05-25T15:00,22.2,0.00,0.00,0.00,23.3,4.7,113,17.3
2024-05-25T16:00,22.2,0.00,0.00,0.00,22.2,5.9,128,18.4
2024-05-25T17:00,22.0,0.00,0.00,0.00,21.6,4.2,160,16.9
2024-05-25T18:00,21.4,0.00,0.00,0.00,21.1,4.7,176,13.0
2024-05-25T19:00,20.9,0.10,0.00,0.10,20.9,3.2,153,9.7
2024-05-25T20:00,18.6,0.00,0.00,0.00,19.5,5.3,118,6.8
2024-05-25T21:00,18.9,0.00,0.00,0.00,19.5,1.6,27,6.5
2024-05-25T22:00,15.0,0.00,0.00,0.00,15.0,5.1,315,6.1
2024-05-25T23:00,14.4,0.00,0.00,0.00,14.4,3.8,311,7.9
2024-05-26T00:00,12.9,0.00,0.00,0.00,12.7,5.4,307,10.8
2024-05-26T01:00,12.0,0.00,0.00,0.00,11.4,6.4,308,12.6
2024-05-26T02:00,11.8,0.00,0.00,0.00,11.1,6.9,309,13.3
2024-05-26T03:00,13.0,0.00,0.00,0.00,11.8,8.4,310,15.8
2024-05-26T04:00,13.0,0.00,0.00,0.00,11.5,9.2,315,16.9
2024-05-26T05:00,12.2,0.00,0.00,0.00,10.4,9.7,315,18.4
2024-05-26T06:00,11.6,0.00,0.00,0.00,9.8,8.7,318,18.4
2024-05-26T07:00,12.7,0.00,0.00,0.00,11.3,8.4,317,17.3
2024-05-26T08:00,16.0,0.00,0.00,0.00,15.8,5.5,328,15.8
2024-05-26T09:00,18.8,0.00,0.00,0.00,19.2,1.6,27,12.2
2024-05-26T10:00,20.8,0.00,0.00,0.00,21.3,2.3,72,10.8
2024-05-26T11:00,22.4,0.00,0.00,0.00,23.4,4.4,99,14.4
2024-05-26T12:00,23.4,0.00,0.00,0.00,24.9,5.2,115,16.2
2024-05-26T13:00,24.3,0.00,0.00,0.00,25.8,5.2,124,16.6
2024-05-26T14:00,24.7,0.00,0.00,0.00,26.5,5.2,146,16.6
2024-05-26T15:00,25.0,0.00,0.00,0.00,26.4,6.9,186,18.0
2024-05-26T16:00,24.9,0.00,0.00,0.00,25.6,7.6,180,18.7
2024-05-26T17:00,24.6,0.00,0.00,0.00,24.3,8.0,185,18.0
2024-05-26T18:00,23.8,0.00,0.00,0.00,23.7,7.4,166,17.6
2024-05-26T19:00,22.7,0.00,0.00,0.00,23.4,6.6,139,15.8
2024-05-26T20:00,20.4,0.00,0.00,0.00,21.9,4.8,117,13.0
2024-05-26T21:00,18.8,0.00,0.00,0.00,19.5,6.4,47,9.4
2024-05-26T22:00,17.2,0.00,0.00,0.00,17.5,8.2,29,9.7
2024-05-26T23:00,16.1,0.00,0.00,0.00,15.9,9.4,18,11.2
2024-05-27T00:00,16.0,0.00,0.00,0.00,16.0,5.8,353,11.5
2024-05-27T01:00,15.2,0.00,0.00,0.00,15.5,3.5,336,9.7
2024-05-27T02:00,14.6,0.00,0.00,0.00,14.9,3.2,333,7.9
2024-05-27T03:00,14.3,0.00,0.00,0.00,14.9,3.7,349,7.9
2024-05-27T04:00,14.0,0.00,0.00,0.00,14.6,2.9,330,7.6
2024-05-27T05:00,13.7,0.00,0.00,0.00,14.0,3.7,331,7.6
2024-05-27T06:00,13.9,0.00,0.00,0.00,14.0,4.8,333,9.0
2024-05-27T07:00,15.5,0.00,0.00,0.00,15.5,7.1,319,12.6
2024-05-27T08:00,18.7,0.00,0.00,0.00,19.3,6.4,322,14.4
2024-05-27T09:00,21.0,0.00,0.00,0.00,22.0,3.1,315,13.3
2024-05-27T10:00,22.2,0.00,0.00,0.00,23.4,1.5,194,10.4
2024-05-27T11:00,23.0,0.00,0.00,0.00,24.6,3.7,169,13.3
2024-05-27T12:00,24.0,0.00,0.00,0.00,26.6,4.1,165,14.8
2024-05-27T13:00,24.8,0.00,0.00,0.00,27.7,6.3,156,17.6
2024-05-27T14:00,25.0,0.00,0.00,0.00,27.8,6.7,164,19.4
2024-05-27T15:00,24.8,0.00,0.00,0.00,27.1,3.6,174,14.0
2024-05-27T16:00,24.9,0.00,0.00,0.00,26.8,3.4,198,13.3
2024-05-27T17:00,24.8,0.00,0.00,0.00,25.8,5.9,218,15.1
2024-05-27T18:00,24.2,0.00,0.00,0.00,25.2,4.8,193,14.8
2024-05-27T19:00,22.7,0.10,0.00,0.10,23.8,6.5,146,14.0
2024-05-27T20:00,21.3,0.00,0.00,0.00,23.3,4.6,108,13.0
2024-05-27T21:00,18.7,0.00,0.00,0.00,20.2,5.1,8,8.3
2024-05-27T22:00,18.3,0.00,0.00,0.00,19.1,7.6,360,13.0
2024-05-27T23:00,17.3,0.00,0.00,0.00,17.7,8.0,352,13.7
2024-05-28T00:00,16.5,0.00,0.00,0.00,16.8,7.2,354,15.1
2024-05-28T01:00,16.3,0.00,0.00,0.00,16.5,7.3,351,13.0
2024-05-28T02:00,16.4,0.00,0.00,0.00,16.3,9.4,317,17.3
2024-05-28T03:00,16.3,0.00,0.00,0.00,16.7,7.4,284,17.6
2024-05-28T04:00,16.6,0.20,0.00,0.20,16.9,7.0,348,15.8
2024-05-28T05:00,15.6,0.00,0.00,0.00,15.7,7.1,336,12.2
2024-05-28T06:00,15.5,0.00,0.00,0.00,15.7,5.9,322,13.0
2024-05-28T07:00,16.7,0.00,0.00,0.00,16.9,7.8,292,13.3
2024-05-28T08:00,17.9,0.10,0.00,0.10,18.4,7.6,352,15.5
2024-05-28T09:00,19.5,0.10,0.00,0.10,20.4,4.6,342,15.1
2024-05-28T10:00,19.5,0.10,0.00,0.10,20.4,4.0,333,12.2
2024-05-28T11:00,19.4,0.40,0.00,0.40,20.3,5.0,360,12.6
2024-05-28T12:00,19.8,0.70,0.00,0.70,21.4,1.8,37,12.2
2024-05-28T13:00,20.5,0.40,0.00,0.40,21.8,3.3,347,11.2
2024-05-28T14:00,21.8,0.00,0.00,0.00,22.9,4.2,340,13.3
2024-05-28T15:00,23.5,0.00,0.00,0.00,26.0,3.0,104,14.8
2024-05-28T16:00,22.6,0.40,0.00,0.40,23.5,8.7,52,21.6
2024-05-28T17:00,22.5,0.00,0.00,0.00,24.2,1.5,346,20.2
2024-05-28T18:00,22.3,0.70,0.00,0.70,23.3,5.9,52,13.3
2024-05-28T19:00,21.1,0.30,0.00,0.30,21.8,8.8,55,20.9
2024-05-28T20:00,19.8,0.00,0.00,0.00,21.5,4.2,59,15.5
2024-05-28T21:00,17.7,0.00,0.00,0.00,18.7,6.5,357,8.3
2024-05-28T22:00,16.8,0.00,0.00,0.00,17.7,5.2,344,9.4
2024-05-28T23:00,15.4,0.00,0.00,0.00,16.0,5.8,330,11.5
2024-05-29T00:00,14.4,0.00,0.00,0.00,14.9,4.5,331,11.5
2024-05-29T01:00,13.7,0.00,0.00,0.00,14.2,3.2,333,9.7
2024-05-29T02:00,13.2,0.00,0.00,0.00,13.4,3.7,331,9.4
2024-05-29T03:00,13.8,0.00,0.00,0.00,14.0,5.3,332,11.9
2024-05-29T04:00,12.8,0.00,0.00,0.00,13.1,2.6,344,10.8
2024-05-29T05:00,12.8,0.00,0.00,0.00,12.9,3.8,343,8.3
2024-05-29T06:00,12.9,0.00,0.00,0.00,12.2,8.0,333,14.8
2024-05-29T07:00,14.6,0.00,0.00,0.00,14.2,7.5,343,14.8
2024-05-29T08:00,16.7,0.00,0.00,0.00,16.9,5.6,345,14.0
2024-05-29T09:00,18.8,0.00,0.00,0.00,19.1,3.9,22,12.2
2024-05-29T10:00,20.4,0.00,0.00,0.00,20.2,5.2,56,15.1
2024-05-29T11:00,21.5,0.00,0.00,0.00,21.8,6.2,83,16.9
2024-05-29T12:00,22.3,0.00,0.00,0.00,23.3,6.5,93,18.0
2024-05-29T13:00,23.1,0.00,0.00,0.00,24.3,6.8,108,18.7
2024-05-29T14:00,23.5,0.00,0.00,0.00,24.9,6.1,135,18.7
2024-05-29T15:00,24.1,0.00,0.00,0.00,24.3,5.7,162,14.8
2024-05-29T16:00,24.3,0.00,0.00,0.00,24.2,7.9,180,18.4
2024-05-29T17:00,24.1,0.00,0.00,0.00,23.5,9.1,187,20.2
2024-05-29T18:00,23.4,0.00,0.00,0.00,23.1,8.6,195,19.8
2024-05-29T19:00,22.3,0.00,0.00,0.00,22.6,8.0,188,17.6
2024-05-29T20:00,20.4,0.00,0.00,0.00,21.1,6.8,183,15.1
2024-05-29T21:00,17.5,0.00,0.00,0.00,18.0,8.7,175,11.9
2024-05-29T22:00,18.6,0.00,0.00,0.00,19.7,2.9,83,10.8
2024-05-29T23:00,16.1,0.00,0.00,0.00,16.9,4.4,9,6.8
2024-05-30T00:00,16.2,0.00,0.00,0.00,17.1,4.6,342,8.6
2024-05-30T01:00,15.2,0.00,0.00,0.00,15.7,5.2,335,8.6
2024-05-30T02:00,15.3,0.00,0.00,0.00,15.7,4.9,343,6.5
2024-05-30T03:00,16.4,0.10,0.00,0.10,17.4,4.6,18,7.6
2024-05-30T04:00,16.0,0.00,0.00,0.00,16.9,4.9,343,9.0
2024-05-30T05:00,16.0,0.00,0.00,0.00,17.0,3.7,29,5.4
2024-05-30T06:00,15.3,0.00,0.00,0.00,16.2,3.9,22,7.6
2024-05-30T07:00,16.4,0.50,0.00,0.50,17.7,2.7,247,9.7
2024-05-30T08:00,17.0,0.30,0.00,0.30,17.9,5.2,12,11.2
2024-05-30T09:00,17.3,3.30,0.00,3.30,18.2,5.0,339,16.6
2024-05-30T10:00,17.3,1.40,0.00,1.40,18.5,2.7,337,13.7
2024-05-30T11:00,17.0,3.20,0.00,3.20,17.9,5.6,345,18.4
2024-05-30T12:00,18.5,0.50,0.00,0.50,19.7,3.5,24,15.8
2024-05-30T13:00,18.3,1.00,0.00,1.00,19.1,5.6,40,16.2
2024-05-30T14:00,18.3,0.80,0.00,0.80,18.7,8.4,47,19.4
2024-05-30T15:00,18.9,0.60,0.00,0.60,19.1,10.5,63,24.8
2024-05-30T16:00,17.7,0.30,0.00,0.30,17.7,11.8,70,26.3
2024-05-30T17:00,18.0,0.30,0.00,0.30,18.2,11.5,76,23.0
2024-05-30T18:00,18.0,0.10,0.00,0.10,17.8,13.4,63,26.6
2024-05-30T19:00,17.6,0.00,0.00,0.00,17.7,10.6,66,26.3
2024-05-30T20:00,17.5,0.00,0.00,0.00,17.9,9.2,59,20.9
2024-05-30T21:00,16.5,0.00,0.00,0.00,16.7,9.0,61,16.9
2024-05-30T22:00,15.7,0.00,0.00,0.00,15.9,9.0,61,16.2
2024-05-30T23:00,15.3,0.00,0.00,0.00,15.3,9.5,37,17.6
2024-05-31T00:00,14.4,0.00,0.00,0.00,14.5,5.9,38,16.2
2024-05-31T01:00,14.2,0.00,0.00,0.00,14.0,7.7,53,13.0
2024-05-31T02:00,14.2,0.30,0.00,0.30,13.5,10.4,44,18.0
2024-05-31T03:00,16.1,0.00,0.00,0.00,16.2,9.4,47,16.9
2024-05-31T04:00,15.8,0.00,0.00,0.00,15.2,13.2,73,23.4
2024-05-31T05:00,15.3,0.00,0.00,0.00,14.4,14.1,58,26.6
2024-05-31T06:00,15.3,0.30,0.00,0.30,14.8,11.5,44,24.8
2024-05-31T07:00,15.9,8.50,0.00,8.50,15.7,10.5,38,20.9
2024-05-31T08:00,16.3,0.20,0.00,0.20,15.5,16.0,54,29.2
2024-05-31T09:00,16.5,10.10,0.00,10.10,15.7,15.6,56,32.0
2024-05-31T10:00,16.4,1.50,0.00,1.50,15.5,16.4,61,34.6
2024-05-31T11:00,17.0,0.90,0.00,0.90,15.9,18.2,65,34.6
2024-05-31T12:00,16.3,2.30,0.00,2.30,14.3,21.4,61,41.0
2024-05-31T13:00,16.8,0.20,0.00,0.20,14.5,23.2,42,44.6
2024-05-31T14:00,17.8,0.90,0.00,0.90,16.1,20.9,41,45.4
2024-05-31T15:00,20.3,0.00,0.00,0.00,21.2,7.6,135,28.8
2024-05-31T16:00,20.0,0.00,0.00,0.00,20.2,8.4,40,20.9
2024-05-31T17:00,16.3,2.90,0.00,2.90,16.3,8.0,8,24.1
2024-05-31T18:00,16.0,1.40,0.00,1.40,16.6,1.9,248,19.1
2024-05-31T19:00,15.7,0.00,0.00,0.00,15.0,12.0,49,21.2
2024-05-31T20:00,14.9,0.00,0.00,0.00,15.0,4.7,86,25.2
2024-05-31T21:00,13.7,0.00,0.00,0.00,13.8,5.2,34,9.4
2024-05-31T22:00,13.0,0.00,0.00,0.00,13.2,3.8,107,9.7
2024-05-31T23:00,13.1,0.50,0.00,0.50,12.9,6.3,347,12.2
2024-06-01T00:00,12.9,0.00,0.00,0.00,13.2,3.3,311,12.2
2024-06-01T01:00,12.6,0.00,0.00,0.00,12.6,3.8,311,7.9
2024-06-01T02:00,11.7,0.00,0.00,0.00,11.4,4.8,333,9.4
2024-06-01T03:00,13.1,0.00,0.00,0.00,13.6,1.3,326,5.4
2024-06-01T04:00,11.5,0.00,0.00,0.00,11.4,3.1,339,5.8
2024-06-01T05:00,11.3,0.00,0.00,0.00,11.2,2.6,304,6.8
2024-06-01T06:00,11.2,0.00,0.00,0.00,11.0,3.1,306,7.2
2024-06-01T07:00,12.6,0.00,0.00,0.00,12.7,3.2,297,9.0
2024-06-01T08:00,15.3,0.00,0.00,0.00,15.7,1.5,346,8.6
2024-06-01T09:00,16.2,0.00,0.00,0.00,16.1,2.9,60,11.2
2024-06-01T10:00,16.7,0.00,0.00,0.00,16.8,3.3,103,11.9
2024-06-01T11:00,18.2,0.00,0.00,0.00,19.1,4.0,117,15.5
2024-06-01T12:00,19.8,0.00,0.00,0.00,21.7,2.8,140,15.5
2024-06-01T13:00,20.6,0.00,0.00,0.00,21.6,5.6,130,17.6
2024-06-01T14:00,20.9,0.00,0.00,0.00,21.6,8.2,139,20.9
2024-06-01T15:00,22.1,0.00,0.00,0.00,22.6,4.4,235,16.6
2024-06-01T16:00,22.7,0.00,0.00,0.00,22.2,7.6,205,17.3
2024-06-01T17:00,21.3,0.00,0.00,0.00,20.7,11.4,193,24.5
2024-06-01T18:00,21.0,0.10,0.00,0.10,21.3,8.0,170,23.8
2024-06-01T19:00,20.1,0.30,0.00,0.30,20.6,6.6,151,17.6
2024-06-01T20:00,18.9,0.00,0.00,0.00,20.2,3.4,18,13.0
2024-06-01T21:00,17.0,0.00,0.00,0.00,17.6,8.0,5,11.9
2024-06-01T22:00,16.1,0.00,0.00,0.00,16.5,6.9,354,18.4
2024-06-01T23:00,15.5,0.00,0.00,0.00,15.5,8.3,358,14.0
2024-06-02T00:00,14.8,0.00,0.00,0.00,15.1,5.1,352,14.4
2024-06-02T01:00,14.2,0.00,0.00,0.00,14.5,5.1,356,10.4
2024-06-02T02:00,13.7,0.00,0.00,0.00,13.9,4.7,9,9.4
2024-06-02T03:00,14.7,0.00,0.00,0.00,15.1,4.8,347,17.3
2024-06-02T04:00,14.1,0.00,0.00,0.00,14.4,5.1,4,10.8
2024-06-02T05:00,13.1,0.00,0.00,0.00,13.2,4.7,356,9.0
2024-06-02T06:00,13.5,0.00,0.00,0.00,13.8,4.1,345,8.6
2024-06-02T07:00,15.0,0.00,0.00,0.00,15.3,6.3,336,11.5
2024-06-02T08:00,17.8,0.00,0.00,0.00,18.9,5.0,339,12.6
2024-06-02T09:00,19.6,0.00,0.00,0.00,20.7,3.2,360,12.2
2024-06-02T10:00,20.8,0.00,0.00,0.00,22.2,2.5,82,11.9
2024-06-02T11:00,21.8,0.00,0.00,0.00,23.7,5.4,94,16.2
2024-06-02T12:00,22.9,0.00,0.00,0.00,25.4,7.0,78,19.8
2024-06-02T13:00,23.4,0.00,0.00,0.00,25.2,8.4,80,20.9
2024-06-02T14:00,23.5,0.00,0.00,0.00,25.7,9.7,94,23.4
2024-06-02T15:00,22.5,0.20,0.00,0.20,23.4,9.0,88,25.6
2024-06-02T16:00,22.4,0.30,0.00,0.30,23.4,8.6,68,20.9
2024-06-02T17:00,23.0,0.00,0.00,0.00,23.7,9.4,72,21.6
2024-06-02T18:00,22.1,0.10,0.00,0.10,21.8,13.9,73,27.4
2024-06-02T19:00,21.4,0.00,0.00,0.00,22.2,8.8,71,27.4
2024-06-02T20:00,19.7,0.60,0.00,0.60,20.7,7.6,45,18.4
2024-06-02T21:00,18.2,0.90,0.00,0.90,18.9,7.9,60,13.3
2024-06-02T22:00,17.1,0.90,0.00,0.90,17.3,11.2,50,21.2
2024-06-02T23:00,16.2,0.20,0.00,0.20,15.8,13.3,33,22.7
2024-06-03T00:00,15.8,0.80,0.00,0.80,15.5,10.5,4,25.6
2024-06-03T01:00,15.6,0.80,0.00,0.80,15.3,9.7,345,18.4
2024-06-03T02:00,15.5,0.10,0.00,0.10,15.3,8.4,340,17.3
2024-06-03T03:00,15.9,0.00,0.00,0.00,17.0,3.4,288,6.8
2024-06-03T04:00,15.7,0.10,0.00,0.10,16.0,8.4,277,15.8
2024-06-03T05:00,15.6,0.00,0.00,0.00,16.1,6.5,289,15.5
2024-06-03T06:00,15.7,0.00,0.00,0.00,16.4,5.3,298,11.2
2024-06-03T07:00,16.1,0.00,0.00,0.00,17.0,4.8,312,9.4
2024-06-03T08:00,17.5,0.10,0.00,0.10,18.7,4.8,312,11.2
2024-06-03T09:00,18.7,0.00,0.00,0.00,19.7,3.2,333,12.6
2024-06-03T10:00,19.6,0.10,0.00,0.10,20.2,4.3,85,16.6
2024-06-03T11:00,20.1,0.20,0.00,0.20,21.1,4.6,108,19.8
2024-06-03T12:00,21.1,0.00,0.00,0.00,22.9,3.6,143,19.1
2024-06-03T13:00,22.1,0.00,0.00,0.00,24.7,3.4,122,16.6
2024-06-03T14:00,21.8,0.00,0.00,0.00,23.4,5.1,176,16.6
2024-06-03T15:00,21.7,0.00,0.00,0.00,22.9,4.1,218,14.4
2024-06-03T16:00,22.1,0.00,0.00,0.00,23.1,5.5,203,18.4
2024-06-03T17:00,22.0,0.00,0.00,0.00,22.5,4.3,265,17.3
2024-06-03T18:00,21.8,0.00,0.00,0.00,22.3,2.9,300,13.0
2024-06-03T19:00,21.2,0.00,0.00,0.00,22.0,2.7,293,8.6
2024-06-03T20:00,19.7,0.00,0.00,0.00,21.2,3.7,11,5.8
2024-06-03T21:00,17.2,0.00,0.00,0.00,17.9,6.4,52,7.6
2024-06-03T22:00,16.7,0.10,0.00,0.10,17.3,7.5,55,10.4
2024-06-03T23:00,15.8,0.00,0.00,0.00,16.3,6.3,24,8.6
2024-06-04T00:00,15.7,0.10,0.00,0.10,16.1,7.0,21,8.6
2024-06-04T01:00,15.9,0.00,0.00,0.00,16.7,4.1,15,9.0
2024-06-04T02:00,14.6,0.00,0.00,0.00,15.2,3.6,360,7.9
2024-06-04T03:00,15.5,0.00,0.00,0.00,16.2,4.7,23,8.6
2024-06-04T04:00,15.0,0.00,0.00,0.00,15.5,5.2,16,9.4
2024-06-04T05:00,14.4,0.00,0.00,0.00,14.9,4.7,23,9.4
2024-06-04T06:00,14.9,0.00,0.00,0.00,15.2,7.1,30,11.9
2024-06-04T07:00,16.2,0.00,0.00,0.00,16.5,8.5,36,16.6
2024-06-04T08:00,17.6,0.00,0.00,0.00,18.4,7.4,51,17.3
2024-06-04T09:00,19.1,0.00,0.00,0.00,20.1,7.3,81,18.4
2024-06-04T10:00,20.4,0.10,0.00,0.10,21.7,6.2,97,18.7
2024-06-04T11:00,21.4,0.20,0.00,0.20,23.0,5.5,113,17.6
2024-06-04T12:00,21.8,0.30,0.00,0.30,23.7,6.6,119,19.1
2024-06-04T13:00,22.4,0.40,0.00,0.40,24.7,6.4,128,20.5
2024-06-04T14:00,21.9,0.20,0.00,0.20,23.0,7.9,156,19.1
2024-06-04T15:00,20.4,0.00,0.00,0.00,22.2,4.1,15,13.3
2024-06-04T16:00,22.1,0.00,0.00,0.00,24.1,3.2,63,15.1
2024-06-04T17:00,21.3,0.10,0.00,0.10,22.4,7.2,217,19.1
2024-06-04T18:00,20.1,0.10,0.00,0.10,21.6,4.3,275,18.7
2024-06-04T19:00,20.0,0.00,0.00,0.00,21.9,1.8,191,10.1
2024-06-04T20:00,19.0,1.00,0.00,1.00,21.0,0.4,360,8.3
2024-06-04T21:00,17.1,0.00,0.00,0.00,18.5,5.0,30,7.2
2024-06-04T22:00,17.0,0.00,0.00,0.00,18.2,4.7,360,7.9
2024-06-04T23:00,15.9,0.00,0.00,0.00,16.7,6.0,17,6.5
2024-06-05T00:00,15.4,0.00,0.00,0.00,15.7,7.9,30,10.1
2024-06-05T01:00,15.7,0.00,0.00,0.00,16.3,5.8,7,9.4
2024-06-05T02:00,15.3,0.00,0.00,0.00,15.7,6.1,357,7.2
2024-06-05T03:00,15.7,0.00,0.00,0.00,16.6,4.5,331,10.8
2024-06-05T04:00,15.1,0.00,0.00,0.00,15.9,3.9,338,9.4
2024-06-05T05:00,15.1,0.00,0.00,0.00,15.8,4.7,337,10.4
2024-06-05T06:00,14.5,0.00,0.00,0.00,15.1,4.7,23,9.0
2024-06-05T07:00,16.4,0.00,0.00,0.00,16.9,8.4,40,16.6
2024-06-05T08:00,17.5,0.00,0.00,0.00,18.8,4.4,9,15.5
2024-06-05T09:00,18.9,0.00,0.00,0.00,20.6,3.9,68,13.7
2024-06-05T10:00,20.4,0.00,0.00,0.00,22.3,3.8,107,14.4
2024-06-05T11:00,21.8,0.10,0.00,0.10,24.4,2.9,173,14.4
2024-06-05T12:00,22.8,0.20,0.00,0.20,24.7,7.6,177,19.8
2024-06-05T13:00,23.4,0.20,0.00,0.20,25.6,8.7,187,22.3
2024-06-05T14:00,23.6,0.50,0.00,0.50,25.8,9.2,191,22.3
2024-06-05T15:00,24.0,0.00,0.00,0.00,25.5,7.6,188,20.9
2024-06-05T16:00,24.5,0.00,0.00,0.00,25.8,8.4,173,21.2
2024-06-05T17:00,23.4,1.40,0.00,1.40,24.8,9.8,163,22.3
2024-06-05T18:00,22.3,0.70,0.00,0.70,24.7,4.3,138,22.3
2024-06-05T19:00,22.2,0.10,0.00,0.10,24.4,5.2,155,16.2
2024-06-05T20:00,21.5,0.00,0.00,0.00,24.4,3.8,107,10.4
2024-06-05T21:00,19.4,0.00,0.00,0.00,21.6,6.1,90,8.6
2024-06-05T22:00,18.5,0.00,0.00,0.00,19.9,8.2,52,10.4
2024-06-05T23:00,17.7,0.00,0.00,0.00,18.9,7.9,24,10.4
2024-06-06T00:00,17.6,0.00,0.00,0.00,19.0,5.8,22,10.1
2024-06-06T01:00,17.4,0.00,0.00,0.00,18.8,5.2,12,9.0
2024-06-06T02:00,17.1,0.00,0.00,0.00,18.4,5.2,16,9.4
2024-06-06T03:00,16.8,0.00,0.00,0.00,17.9,6.9,9,9.0
2024-06-06T04:00,16.7,0.00,0.00,0.00,18.1,4.3,5,8.6
2024-06-06T05:00,16.3,0.00,0.00,0.00,17.3,5.8,4,9.7
2024-06-06T06:00,16.3,0.00,0.00,0.00,17.1,6.8,3,11.9
2024-06-06T07:00,18.0,0.00,0.00,0.00,18.9,8.2,15,14.0
2024-06-06T08:00,20.0,0.00,0.00,0.00,21.4,6.9,39,15.5
2024-06-06T09:00,21.3,0.00,0.00,0.00,23.1,8.2,61,18.7
2024-06-06T10:00,22.5,0.00,0.00,0.00,24.3,7.6,85,19.8
2024-06-06T11:00,23.5,0.00,0.00,0.00,26.4,5.7,125,19.4
2024-06-06T12:00,24.5,0.00,0.00,0.00,27.8,6.1,152,19.1
2024-06-06T13:00,24.9,0.00,0.00,0.00,27.9,7.6,172,20.2
2024-06-06T14:00,25.3,0.00,0.00,0.00,28.4,9.7,180,23.4
2024-06-06T15:00,25.8,0.00,0.00,0.00,28.9,9.4,198,24.5
2024-06-06T16:00,25.5,0.20,0.00,0.20,27.4,10.6,204,25.9
2024-06-06T17:00,25.3,0.20,0.00,0.20,26.9,9.0,196,23.8
2024-06-06T18:00,25.2,0.00,0.00,0.00,26.7,9.4,187,20.5
2024-06-06T19:00,24.4,0.00,0.00,0.00,26.5,7.2,174,19.8
2024-06-06T20:00,22.9,0.00,0.00,0.00,25.6,4.6,141,13.7
2024-06-06T21:00,20.9,0.00,0.00,0.00,23.1,5.8,83,8.3
2024-06-06T22:00,19.6,0.00,0.00,0.00,21.7,5.6,15,6.8
2024-06-06T23:00,19.1,0.00,0.00,0.00,21.4,4.1,345,6.8
2024-06-07T00:00,18.5,0.00,0.00,0.00,20.6,3.2,333,6.1
2024-06-07T01:00,18.7,0.00,0.00,0.00,20.9,2.4,333,4.7
2024-06-07T02:00,17.7,0.00,0.00,0.00,19.4,4.5,14,5.0
2024-06-07T03:00,18.8,0.00,0.00,0.00,20.6,4.7,4,8.3
2024-06-07T04:00,18.8,0.00,0.00,0.00,20.3,6.2,10,10.4
2024-06-07T05:00,17.7,0.00,0.00,0.00,19.1,5.1,8,10.8
2024-06-07T06:00,17.4,0.00,0.00,0.00,18.9,3.7,349,8.3
2024-06-07T07:00,19.2,0.00,0.00,0.00,20.5,8.0,5,13.7
2024-06-07T08:00,21.2,0.00,0.00,0.00,23.1,5.8,30,14.0
2024-06-07T09:00,22.6,0.00,0.00,0.00,24.7,5.9,47,15.5
2024-06-07T10:00,23.7,0.00,0.00,0.00,25.7,6.8,72,18.0
2024-06-07T11:00,24.8,0.00,0.00,0.00,27.7,6.1,93,18.0
2024-06-07T12:00,25.8,0.00,0.00,0.00,29.6,4.9,126,17.3
2024-06-07T13:00,26.5,0.00,0.00,0.00,30.1,6.7,164,18.0
2024-06-07T14:00,26.7,0.10,0.00,0.10,30.1,6.3,193,20.5
2024-06-07T15:00,27.1,0.00,0.00,0.00,29.1,6.6,202,15.8
2024-06-07T16:00,27.3,0.00,0.00,0.00,29.4,6.7,196,16.6
2024-06-07T17:00,27.3,0.00,0.00,0.00,29.4,7.0,201,16.6
2024-06-07T18:00,26.7,0.00,0.00,0.00,29.8,4.3,180,15.5
2024-06-07T19:00,26.4,0.00,0.00,0.00,29.7,4.4,145,10.8
2024-06-07T20:00,24.7,0.00,0.00,0.00,28.1,6.1,118,11.5
2024-06-07T21:00,22.0,0.00,0.00,0.00,25.0,7.4,141,11.2
2024-06-07T22:00,22.6,0.10,0.00,0.10,26.1,3.3,96,9.0
2024-06-07T23:00,20.3,0.20,0.00,0.20,23.1,5.4,360,5.8
2024-06-08T00:00,20.6,0.10,0.00,0.10,23.4,4.7,351,7.6
2024-06-08T01:00,20.2,0.00,0.00,0.00,22.5,6.6,347,11.5
2024-06-08T02:00,19.8,0.00,0.00,0.00,21.8,6.9,332,13.0
2024-06-08T03:00,19.0,0.00,0.00,0.00,21.1,5.7,72,25.6
2024-06-08T04:00,19.1,0.00,0.00,0.00,20.8,8.6,338,15.8
2024-06-08T05:00,19.5,0.00,0.00,0.00,21.9,2.9,270,16.2
2024-06-08T06:00,19.0,0.00,0.00,0.00,20.7,7.4,346,14.4
2024-06-08T07:00,19.7,0.00,0.00,0.00,21.4,8.1,339,14.0
2024-06-08T08:00,21.6,0.00,0.00,0.00,24.0,6.2,306,16.2
2024-06-08T09:00,23.3,0.00,0.00,0.00,25.7,5.0,300,13.7
2024-06-08T10:00,23.8,0.30,0.00,0.30,26.1,3.8,311,14.8
2024-06-08T11:00,24.5,0.00,0.00,0.00,26.9,4.0,333,13.7
2024-06-08T12:00,26.0,0.00,0.00,0.00,29.8,1.8,169,12.6
2024-06-08T13:00,27.0,0.00,0.00,0.00,30.7,5.8,158,16.6
2024-06-08T14:00,27.6,0.00,0.00,0.00,31.2,6.1,177,17.6
2024-06-08T15:00,26.5,0.00,0.00,0.00,30.2,3.6,127,16.6
2024-06-08T16:00,26.3,0.20,0.00,0.20,28.9,8.4,211,20.9
2024-06-08T17:00,25.5,0.00,0.00,0.00,28.1,6.6,257,21.2
2024-06-08T18:00,25.7,0.00,0.00,0.00,29.1,1.8,217,14.8
2024-06-08T19:00,25.6,0.00,0.00,0.00,29.0,3.2,180,7.6
2024-06-08T20:00,24.6,0.00,0.00,0.00,28.7,2.8,130,7.9
2024-06-08T21:00,23.0,0.00,0.00,0.00,26.3,5.5,122,9.0
2024-06-08T22:00,21.8,0.00,0.00,0.00,24.7,6.3,156,9.0
2024-06-08T23:00,21.6,0.00,0.00,0.00,25.2,0.5,315,7.6
2024-06-09T00:00,20.9,0.00,0.00,0.00,24.2,3.0,346,4.7
2024-06-09T01:00,20.5,0.00,0.00,0.00,23.3,4.7,356,6.5
2024-06-09T02:00,21.0,0.00,0.00,0.00,23.8,4.4,35,5.8
2024-06-09T03:00,18.9,0.00,0.00,0.00,20.9,5.6,45,7.9
2024-06-09T04:00,19.1,0.00,0.00,0.00,21.0,7.1,30,11.9
2024-06-09T05:00,19.0,0.00,0.00,0.00,20.8,7.4,29,14.0
2024-06-09T06:00,19.2,0.00,0.00,0.00,21.2,5.2,25,12.2
2024-06-09T07:00,20.5,0.00,0.00,0.00,22.3,9.0,37,15.1
2024-06-09T08:00,21.7,0.00,0.00,0.00,23.6,9.0,53,18.4
2024-06-09T09:00,22.5,0.00,0.00,0.00,24.6,10.0,69,20.9
2024-06-09T10:00,23.1,0.00,0.00,0.00,24.8,14.7,59,29.2
2024-06-09T11:00,24.1,0.00,0.00,0.00,25.8,14.3,78,29.9
2024-06-09T12:00,24.7,0.00,0.00,0.00,26.5,14.0,61,28.8
2024-06-09T13:00,26.2,0.00,0.00,0.00,28.8,12.1,80,29.5
2024-06-09T14:00,26.7,0.10,0.00,0.10,29.9,10.0,116,26.3
2024-06-09T15:00,25.6,2.40,0.00,2.40,28.2,8.5,298,24.5
2024-06-09T16:00,24.6,0.60,0.00,0.60,27.1,10.7,50,24.8
2024-06-09T17:00,25.1,0.00,0.00,0.00,27.4,10.7,33,23.4
2024-06-09T18:00,24.6,1.20,0.00,1.20,27.2,8.5,54,23.4
2024-06-09T19:00,22.9,1.10,0.00,1.10,25.3,11.7,81,19.8
2024-06-09T20:00,22.5,0.10,0.00,0.10,25.1,9.7,45,22.7
2024-06-09T21:00,21.6,0.00,0.00,0.00,24.2,9.4,58,17.6
2024-06-09T22:00,20.4,1.10,0.00,1.10,23.4,5.4,360,17.3
2024-06-09T23:00,20.0,2.40,0.00,2.40,22.5,5.8,330,14.8
2024-06-10T00:00,19.4,1.50,0.00,1.50,20.9,9.4,337,16.6
2024-06-10T01:00,19.0,0.00,0.00,0.00,20.0,10.8,345,21.2
2024-06-10T02:00,18.4,1.00,0.00,1.00,19.2,11.0,311,24.5
2024-06-10T03:00,19.5,1.40,0.00,1.40,21.8,4.3,312,24.1
2024-06-10T04:00,18.5,3.10,0.00,3.10,19.5,11.9,205,17.6
2024-06-10T05:00,18.1,5.50,0.00,5.50,19.1,11.0,337,24.5
2024-06-10T06:00,18.0,0.20,0.00,0.20,19.9,4.7,99,21.2
2024-06-10T07:00,18.6,0.00,0.00,0.00,20.3,7.2,323,14.0
2024-06-10T08:00,19.7,0.00,0.00,0.00,22.3,1.9,292,14.8
2024-06-10T09:00,21.3,0.00,0.00,0.00,23.8,1.4,180,9.4
2024-06-10T10:00,20.7,0.60,0.00,0.60,22.9,2.3,39,10.1
2024-06-10T11:00,20.9,0.80,0.00,0.80,22.9,5.6,75,15.1
2024-06-10T12:00,21.5,0.20,0.00,0.20,23.6,5.4,127,16.6
2024-06-10T13:00,22.9,0.20,0.00,0.20,26.3,2.1,149,16.2
2024-06-10T14:00,24.3,0.10,0.00,0.10,28.0,3.6,186,16.2
2024-06-10T15:00,25.8,0.00,0.00,0.00,28.6,10.3,209,25.2
2024-06-10T16:00,26.4,0.00,0.00,0.00,28.9,9.5,209,24.8
2024-06-10T17:00,26.8,0.00,0.00,0.00,28.4,8.6,213,25.2
2024-06-10T18:00,23.5,2.50,0.00,2.50,26.3,1.8,180,20.5
2024-06-10T19:00,20.5,3.20,0.00,3.20,22.3,8.4,43,29.2
2024-06-10T20:00,20.8,0.00,0.00,0.00,23.3,4.3,66,15.5
2024-06-10T21:00,19.5,0.00,0.00,0.00,20.7,10.6,62,21.2
2024-06-10T22:00,18.7,3.60,0.00,3.60,20.0,10.0,69,19.1
2024-06-10T23:00,18.1,4.80,0.00,4.80,19.2,10.7,50,20.5
2024-06-11T00:00,18.0,4.50,0.00,4.50,19.0,11.3,81,25.9
2024-06-11T01:00,18.0,1.40,0.00,1.40,19.8,6.3,66,19.8
2024-06-11T02:00,17.9,0.20,0.00,0.20,19.8,4.9,36,11.2
2024-06-11T03:00,18.5,1.30,0.00,1.30,20.9,3.0,76,11.5
2024-06-11T04:00,17.9,1.70,0.00,1.70,20.3,1.3,326,9.7
2024-06-11T05:00,17.9,0.10,0.00,0.10,19.3,7.4,331,13.3
2024-06-11T06:00,17.5,0.10,0.00,0.10,19.1,4.4,305,14.0
2024-06-11T07:00,18.2,0.00,0.00,0.00,20.0,4.2,329,8.6
2024-06-11T08:00,19.5,0.00,0.00,0.00,21.6,2.6,34,8.6
2024-06-11T09:00,20.1,0.00,0.00,0.00,20.6,8.5,78,18.0
2024-06-11T10:00,20.3,0.00,0.00,0.00,19.6,13.4,84,27.7
2024-06-11T11:00,20.9,0.00,0.00,0.00,19.6,16.4,81,32.8
2024-06-11T12:00,21.2,0.00,0.00,0.00,19.6,20.5,79,40.3
2024-06-11T13:00,21.7,0.00,0.00,0.00,20.9,21.3,79,43.9
2024-06-11T14:00,22.2,0.00,0.00,0.00,21.5,19.7,81,42.8
2024-06-11T15:00,19.8,0.00,0.00,0.00,19.4,14.4,68,29.9
2024-06-11T16:00,19.6,0.00,0.00,0.00,18.8,14.6,70,30.2
2024-06-11T17:00,21.0,0.00,0.00,0.00,19.8,17.4,63,34.2
2024-06-11T18:00,20.6,0.00,0.00,0.00,19.7,15.8,66,34.2
2024-06-11T19:00,20.0,0.00,0.00,0.00,19.5,13.2,73,30.6
2024-06-11T20:00,19.4,0.00,0.00,0.00,19.4,10.1,63,24.8
2024-06-11T21:00,18.0,0.00,0.00,0.00,18.3,6.9,51,18.7
2024-06-11T22:00,17.6,0.00,0.00,0.00,17.6,8.0,63,14.0
2024-06-11T23:00,17.2,0.00,0.00,0.00,16.6,12.4,64,21.2
2024-06-12T00:00,16.6,0.00,0.00,0.00,15.8,13.0,66,24.5
2024-06-12T01:00,16.4,0.60,0.00,0.60,16.3,8.0,54,23.4
2024-06-12T02:00,16.2,0.30,0.00,0.30,16.3,7.7,53,16.2
2024-06-12T03:00,16.5,0.00,0.00,0.00,17.2,6.1,360,14.8
2024-06-12T04:00,15.8,0.00,0.00,0.00,16.6,5.4,53,10.8
2024-06-12T05:00,16.0,1.00,0.00,1.00,16.5,7.3,20,15.8
2024-06-12T06:00,15.9,0.40,0.00,0.40,16.1,9.2,51,17.3
2024-06-12T07:00,16.6,0.10,0.00,0.10,16.8,10.1,35,17.3
2024-06-12T08:00,17.7,0.00,0.00,0.00,17.1,14.0,55,25.9
2024-06-12T09:00,18.3,0.00,0.00,0.00,17.6,13.8,62,27.0
2024-06-12T10:00,18.7,0.00,0.00,0.00,17.5,15.2,68,28.1
2024-06-12T11:00,19.4,0.00,0.00,0.00,17.7,17.5,71,34.2
2024-06-12T12:00,20.5,0.00,0.00,0.00,18.8,15.7,74,34.6
2024-06-12T13:00,21.3,0.00,0.00,0.00,19.8,17.1,72,34.9
2024-06-12T14:00,21.2,0.00,0.00,0.00,19.0,20.3,78,40.0
2024-06-12T15:00,19.5,0.00,0.00,0.00,16.7,25.8,78,49.7
2024-06-12T16:00,19.2,0.00,0.00,0.00,15.9,25.0,72,51.5
2024-06-12T17:00,18.4,0.00,0.00,0.00,15.4,22.2,65,47.9
2024-06-12T18:00,18.5,0.00,0.00,0.00,15.9,19.9,70,42.5
2024-06-12T19:00,18.1,0.00,0.00,0.00,15.9,16.4,64,38.2
2024-06-12T20:00,17.4,0.00,0.00,0.00,15.2,16.1,66,30.2
2024-06-12T21:00,16.9,0.00,0.00,0.00,14.6,15.5,72,29.9
2024-06-12T22:00,16.5,0.00,0.00,0.00,14.0,16.9,79,31.7
2024-06-12T23:00,15.6,0.00,0.00,0.00,14.3,9.8,96,31.0
2024-06-13T00:00,14.7,1.40,0.00,1.40,13.4,11.8,63,20.2
2024-06-13T01:00,14.0,0.00,0.00,0.00,13.0,9.3,54,22.3
2024-06-13T02:00,14.1,0.00,0.00,0.00,12.9,10.3,54,18.7
2024-06-13T03:00,13.9,0.20,0.00,0.20,13.1,10.6,62,18.7
2024-06-13T04:00,13.5,0.00,0.00,0.00,12.8,9.0,37,19.1
2024-06-13T05:00,12.2,0.00,0.00,0.00,11.5,6.8,360,16.2
2024-06-13T06:00,13.5,0.00,0.00,0.00,13.7,2.9,353,9.7
2024-06-13T07:00,15.0,0.00,0.00,0.00,15.4,4.7,328,9.0
2024-06-13T08:00,16.6,0.00,0.00,0.00,16.9,6.2,324,12.2
2024-06-13T09:00,17.3,0.00,0.00,0.00,16.2,10.2,337,20.5
2024-06-13T10:00,17.6,0.00,0.00,0.00,16.2,11.4,336,24.8
2024-06-13T11:00,18.9,0.00,0.00,0.00,18.3,7.6,352,24.1
2024-06-13T12:00,20.0,0.00,0.00,0.00,20.4,6.8,72,19.1
2024-06-13T13:00,20.4,0.00,0.00,0.00,20.1,9.0,85,22.3
2024-06-13T14:00,21.3,0.00,0.00,0.00,21.8,9.5,79,24.8
2024-06-13T15:00,20.0,0.00,0.00,0.00,19.4,14.0,89,29.9
2024-06-13T16:00,19.8,0.00,0.00,0.00,18.2,15.6,83,33.1
2024-06-13T17:00,19.7,0.00,0.00,0.00,18.0,12.1,80,32.4
2024-06-13T18:00,19.6,0.00,0.00,0.00,17.9,9.0,67,24.5
2024-06-13T19:00,19.2,0.00,0.00,0.00,18.5,4.7,58,18.4
2024-06-13T20:00,18.8,0.00,0.00,0.00,18.6,3.0,14,9.0
2024-06-13T21:00,16.2,0.00,0.00,0.00,15.5,5.1,352,5.8
2024-06-13T22:00,14.5,0.00,0.00,0.00,13.7,4.3,336,7.6
2024-06-13T23:00,13.8,0.00,0.00,0.00,12.8,4.9,324,10.1
2024-06-14T00:00,12.4,0.00,0.00,0.00,11.5,4.8,318,10.8
2024-06-14T01:00,11.5,0.00,0.00,0.00,10.6,5.1,309,11.2
2024-06-14T02:00,11.4,0.00,0.00,0.00,10.6,5.6,315,12.2
2024-06-14T03:00,12.2,0.00,0.00,0.00,11.8,4.0,333,10.4
2024-06-14T04:00,11.6,0.00,0.00,0.00,11.4,2.9,353,8.3
2024-06-14T05:00,11.6,0.00,0.00,0.00,11.2,3.9,338,8.3
2024-06-14T06:00,11.8,0.00,0.00,0.00,11.5,3.9,338,8.6
2024-06-14T07:00,14.2,0.00,0.00,0.00,14.5,3.1,324,9.4
2024-06-14T08:00,17.0,0.00,0.00,0.00,17.4,1.6,297,8.3
2024-06-14T09:00,18.6,0.00,0.00,0.00,19.1,0.8,153,8.6
2024-06-14T10:00,19.9,0.00,0.00,0.00,20.0,2.9,173,12.2
2024-06-14T11:00,20.9,0.00,0.00,0.00,21.2,6.5,186,17.3
2024-06-14T12:00,21.7,0.00,0.00,0.00,22.4,7.6,199,19.4
2024-06-14T13:00,21.7,0.00,0.00,0.00,21.1,10.2,228,21.2
2024-06-14T14:00,22.4,0.00,0.00,0.00,21.9,11.7,227,25.6
2024-06-14T15:00,21.7,0.00,0.00,0.00,21.2,11.7,225,28.4
2024-06-14T16:00,22.3,0.00,0.00,0.00,21.7,12.3,230,25.2
2024-06-14T17:00,22.4,0.00,0.00,0.00,21.8,12.8,232,26.3
2024-06-14T18:00,22.2,0.00,0.00,0.00,21.8,11.5,238,25.9
2024-06-14T19:00,21.8,0.00,0.00,0.00,22.1,7.3,237,23.0
2024-06-14T20:00,20.7,0.00,0.00,0.00,22.6,3.6,186,13.3
2024-06-14T21:00,17.6,0.00,0.00,0.00,18.1,7.7,127,9.7
2024-06-14T22:00,16.4,0.00,0.00,0.00,16.6,8.1,122,10.4
2024-06-14T23:00,15.7,0.00,0.00,0.00,16.3,4.5,29,9.7
2024-06-15T00:00,15.7,0.00,0.00,0.00,16.1,6.8,3,11.9
2024-06-15T01:00,14.8,0.00,0.00,0.00,15.0,6.8,357,11.9
2024-06-15T02:00,14.9,0.00,0.00,0.00,14.9,7.0,12,9.4
2024-06-15T03:00,17.2,0.00,0.00,0.00,17.7,4.9,17,8.3
2024-06-15T04:00,16.7,0.00,0.00,0.00,17.2,4.7,23,7.9
2024-06-15T05:00,16.0,0.00,0.00,0.00,16.4,4.8,13,8.3
2024-06-15T06:00,15.8,0.00,0.00,0.00,16.0,5.8,356,10.4
2024-06-15T07:00,17.0,0.00,0.00,0.00,17.4,7.0,12,12.2
2024-06-15T08:00,18.6,0.00,0.00,0.00,19.2,6.4,38,14.0
2024-06-15T09:00,19.4,0.00,0.00,0.00,20.0,8.0,54,18.0
2024-06-15T10:00,21.0,0.00,0.00,0.00,21.7,8.8,71,21.2
2024-06-15T11:00,21.9,0.10,0.00,0.10,23.5,6.5,87,21.2
2024-06-15T12:00,22.7,0.10,0.00,0.10,24.9,5.2,124,18.4
2024-06-15T13:00,23.4,0.20,0.00,0.20,25.3,6.5,161,17.6
2024-06-15T14:00,23.8,0.10,0.00,0.10,25.3,8.1,167,20.5
2024-06-15T15:00,23.3,0.00,0.00,0.00,23.7,8.1,212,18.7
2024-06-15T16:00,23.2,0.10,0.00,0.10,23.6,8.7,228,19.4
2024-06-15T17:00,23.1,0.00,0.00,0.00,24.2,3.5,246,19.1
2024-06-15T18:00,23.4,0.00,0.00,0.00,24.8,2.2,279,9.7
2024-06-15T19:00,23.1,0.00,0.00,0.00,24.4,4.7,171,10.1
2024-06-15T20:00,21.5,0.00,0.00,0.00,23.3,5.2,146,11.5
2024-06-15T21:00,19.3,0.00,0.00,0.00,20.7,7.2,162,9.0
2024-06-15T22:00,20.0,0.00,0.00,0.00,21.5,4.3,138,9.0
2024-06-15T23:00,18.3,0.00,0.00,0.00,19.7,4.0,10,5.0
2024-06-16T00:00,17.7,0.00,0.00,0.00,18.8,5.8,7,10.1
2024-06-16T01:00,17.2,0.00,0.00,0.00,18.1,5.8,360,10.1
2024-06-16T02:00,16.5,0.00,0.00,0.00,17.3,5.8,4,10.1
2024-06-16T03:00,16.9,0.00,0.00,0.00,17.5,8.7,45,16.2
2024-06-16T04:00,16.8,0.00,0.00,0.00,17.5,6.8,25,17.6
2024-06-16T05:00,15.5,0.00,0.00,0.00,15.9,6.6,13,11.5
2024-06-16T06:00,16.4,0.00,0.00,0.00,17.4,3.7,349,8.6
2024-06-16T07:00,17.9,0.00,0.00,0.00,18.9,5.9,349,10.1
2024-06-16T08:00,19.6,0.00,0.00,0.00,20.8,5.6,15,13.7
2024-06-16T09:00,20.9,0.00,0.00,0.00,22.3,5.6,50,14.8
2024-06-16T10:00,21.8,0.00,0.00,0.00,22.9,8.2,75,20.5
2024-06-16T11:00,22.5,0.00,0.00,0.00,24.5,7.2,93,20.5
2024-06-16T12:00,23.3,0.00,0.00,0.00,26.4,5.2,102,19.8
2024-06-16T13:00,23.9,0.00,0.00,0.00,27.0,3.6,135,17.6
2024-06-16T14:00,24.4,0.00,0.00,0.00,27.4,3.1,201,16.6
2024-06-16T15:00,25.0,0.00,0.00,0.00,27.2,8.9,227,22.0
2024-06-16T16:00,24.8,0.00,0.00,0.00,25.6,8.6,213,21.6
2024-06-16T17:00,25.3,0.00,0.00,0.00,25.7,8.4,223,20.5
2024-06-16T18:00,25.3,0.00,0.00,0.00,26.4,2.8,140,19.4
2024-06-16T19:00,22.9,0.00,0.00,0.00,23.9,11.4,79,21.6
2024-06-16T20:00,20.6,0.00,0.00,0.00,22.0,10.4,70,23.8
2024-06-16T21:00,19.2,0.00,0.00,0.00,21.1,6.1,87,18.7
2024-06-16T22:00,18.6,0.00,0.00,0.00,20.6,5.6,63,10.8
2024-06-16T23:00,18.5,0.00,0.00,0.00,20.2,6.7,16,11.5
2024-06-17T00:00,18.1,0.00,0.00,0.00,19.8,4.7,360,11.9
2024-06-17T01:00,17.2,0.00,0.00,0.00,18.7,4.9,343,8.3
2024-06-17T02:00,16.8,0.00,0.00,0.00,18.3,3.7,349,7.6
2024-06-17T03:00,17.3,0.00,0.00,0.00,18.4,5.7,342,11.2
2024-06-17T04:00,16.0,0.00,0.00,0.00,17.1,4.0,355,10.8
2024-06-17T05:00,16.1,0.00,0.00,0.00,17.1,5.0,360,9.4
2024-06-17T06:00,16.2,0.00,0.00,0.00,17.2,4.3,355,9.4
2024-06-17T07:00,18.1,0.00,0.00,0.00,19.1,7.4,14,13.0
2024-06-17T08:00,19.9,0.00,0.00,0.00,21.3,6.3,24,14.4
2024-06-17T09:00,21.4,0.00,0.00,0.00,23.2,5.4,42,15.1
2024-06-17T10:00,22.9,0.00,0.00,0.00,25.0,5.2,78,15.5
2024-06-17T11:00,24.1,0.00,0.00,0.00,27.1,5.2,106,16.2
2024-06-17T12:00,25.2,0.10,0.00,0.10,28.5,4.0,153,16.2
2024-06-17T13:00,26.1,0.00,0.00,0.00,29.1,6.5,180,18.0
2024-06-17T14:00,26.7,0.00,0.00,0.00,29.2,8.7,187,20.5
2024-06-17T15:00,26.8,0.00,0.00,0.00,28.5,11.0,191,23.8
2024-06-17T16:00,26.4,0.00,0.00,0.00,27.7,11.6,202,25.6
2024-06-17T17:00,26.5,0.00,0.00,0.00,28.0,9.7,202,24.8
2024-06-17T18:00,26.0,0.00,0.00,0.00,27.2,9.7,195,21.2
2024-06-17T19:00,25.3,0.00,0.00,0.00,27.2,7.7,169,19.8
2024-06-17T20:00,23.4,0.00,0.00,0.00,25.3,6.6,139,14.8
2024-06-17T21:00,22.1,0.00,0.00,0.00,23.6,5.1,98,12.2
2024-06-17T22:00,20.1,0.00,0.00,0.00,22.0,3.2,333,5.8
2024-06-17T23:00,19.3,0.00,0.00,0.00,21.2,4.1,322,6.5
2024-06-18T00:00,18.9,0.00,0.00,0.00,20.6,3.8,311,6.5
2024-06-18T01:00,18.4,0.00,0.00,0.00,19.9,4.1,308,5.8
2024-06-18T02:00,17.8,0.00,0.00,0.00,19.4,3.3,319,5.8
2024-06-18T03:00,17.7,0.00,0.00,0.00,19.3,3.3,319,7.6
2024-06-18T04:00,16.6,0.00,0.00,0.00,17.9,4.1,322,9.4
2024-06-18T05:00,16.1,0.00,0.00,0.00,17.0,5.4,340,10.8
2024-06-18T06:00,16.3,0.00,0.00,0.00,16.8,7.7,349,13.7
2024-06-18T07:00,18.5,0.00,0.00,0.00,19.2,8.0,355,14.8
2024-06-18T08:00,20.5,0.00,0.00,0.00,21.8,6.1,3,14.4
2024-06-18T09:00,22.4,0.00,0.00,0.00,24.1,4.8,27,14.4
2024-06-18T10:00,23.9,0.00,0.00,0.00,26.1,3.6,90,13.7
2024-06-18T11:00,25.2,0.00,0.00,0.00,27.9,6.0,115,16.9
2024-06-18T12:00,26.2,0.00,0.00,0.00,29.5,6.2,126,18.0
2024-06-18T13:00,27.1,0.00,0.00,0.00,30.7,6.6,139,18.0
2024-06-18T14:00,27.8,0.00,0.00,0.00,31.6,7.4,157,19.4
2024-06-18T15:00,27.8,0.00,0.00,0.00,30.7,11.5,180,25.6
2024-06-18T16:00,27.5,0.00,0.00,0.00,29.4,12.2,180,26.6
2024-06-18T17:00,27.1,0.00,0.00,0.00,28.2,10.8,182,26.3
2024-06-18T18:00,26.5,0.00,0.00,0.00,27.8,9.1,171,22.7
2024-06-18T19:00,25.6,0.00,0.00,0.00,27.5,6.4,137,18.4
2024-06-18T20:00,24.0,0.00,0.00,0.00,27.1,3.4,108,12.2
2024-06-18T21:00,23.8,0.00,0.00,0.00,26.0,3.1,54,5.8
2024-06-18T22:00,23.0,0.00,0.00,0.00,25.4,1.5,14,3.6
2024-06-18T23:00,21.8,0.00,0.00,0.00,24.1,1.8,323,2.9
2024-06-19T00:00,20.2,0.00,0.00,0.00,22.1,4.4,325,5.4
2024-06-19T01:00,19.5,0.00,0.00,0.00,21.4,4.5,331,7.2
2024-06-19T02:00,18.9,0.00,0.00,0.00,20.9,3.9,326,7.6
2024-06-19T03:00,19.4,0.00,0.00,0.00,21.4,4.1,308,8.6
2024-06-19T04:00,18.9,0.00,0.00,0.00,20.9,4.5,331,9.0
2024-06-19T05:00,18.4,0.00,0.00,0.00,20.2,5.7,18,9.0
2024-06-19T06:00,18.8,0.00,0.00,0.00,20.3,7.2,37,12.2
2024-06-19T07:00,20.3,0.00,0.00,0.00,21.8,7.8,22,14.0
2024-06-19T08:00,21.8,0.00,0.00,0.00,23.6,7.1,24,15.5
2024-06-19T09:00,23.3,0.00,0.00,0.00,25.3,6.7,54,16.6
2024-06-19T10:00,24.6,0.00,0.00,0.00,26.8,6.5,90,17.3
2024-06-19T11:00,25.9,0.00,0.00,0.00,29.0,6.3,103,18.4
2024-06-19T12:00,27.2,0.00,0.00,0.00,31.1,5.5,113,17.6
2024-06-19T13:00,28.2,0.00,0.00,0.00,32.6,5.5,113,17.3
2024-06-19T14:00,28.9,0.00,0.00,0.00,33.6,5.9,128,17.3
2024-06-19T15:00,29.3,0.00,0.00,0.00,33.8,5.9,166,16.9
2024-06-19T16:00,29.1,0.00,0.00,0.00,33.0,8.0,175,19.1
2024-06-19T17:00,28.6,0.00,0.00,0.00,32.0,8.1,167,19.4
2024-06-19T18:00,28.2,0.00,0.00,0.00,31.1,9.5,189,20.2
2024-06-19T19:00,27.5,0.00,0.00,0.00,31.0,6.2,190,19.4
2024-06-19T20:00,26.4,0.00,0.00,0.00,31.2,2.8,130,12.2
2024-06-19T21:00,24.3,0.00,0.00,0.00,28.3,4.7,81,7.9
2024-06-19T22:00,23.2,0.00,0.00,0.00,27.0,4.8,77,7.9
2024-06-19T23:00,22.9,0.00,0.00,0.00,26.6,3.7,209,9.0
2024-06-20T00:00,22.1,0.00,0.00,0.00,25.8,3.3,311,6.8
2024-06-20T01:00,21.6,0.00,0.00,0.00,25.1,3.4,328,6.8
2024-06-20T02:00,21.2,0.00,0.00,0.00,24.5,4.3,360,7.6
2024-06-20T03:00,20.5,0.00,0.00,0.00,24.1,1.6,297,7.2
2024-06-20T04:00,20.8,0.00,0.00,0.00,24.2,2.0,315,5.8
2024-06-20T05:00,20.3,0.00,0.00,0.00,23.1,5.3,28,7.6
2024-06-20T06:00,20.5,0.00,0.00,0.00,23.1,8.4,47,14.0
2024-06-20T07:00,21.5,0.00,0.00,0.00,24.2,10.0,49,18.7
2024-06-20T08:00,23.0,0.00,0.00,0.00,25.8,11.1,65,22.3
2024-06-20T09:00,24.4,0.00,0.00,0.00,27.2,12.1,60,26.3
2024-06-20T10:00,25.5,0.00,0.00,0.00,28.3,12.1,63,26.3
2024-06-20T11:00,26.3,0.00,0.00,0.00,29.1,11.4,72,30.6
2024-06-20T12:00,27.4,0.00,0.00,0.00,31.8,9.5,99,25.2
2024-06-20T13:00,28.4,0.00,0.00,0.00,33.2,7.2,87,23.0
2024-06-20T14:00,29.1,0.00,0.00,0.00,33.8,6.0,73,19.1
2024-06-20T15:00,29.5,0.00,0.00,0.00,35.3,1.3,326,17.6
2024-06-20T16:00,30.1,0.00,0.00,0.00,34.5,1.9,22,11.9
2024-06-20T17:00,29.5,0.00,0.00,0.00,33.2,5.0,60,11.9
2024-06-20T18:00,29.3,0.00,0.00,0.00,33.4,2.3,51,12.6
2024-06-20T19:00,29.1,0.00,0.00,0.00,33.6,3.9,202,8.3
2024-06-20T20:00,27.8,0.00,0.00,0.00,33.7,2.5,188,9.0
2024-06-20T21:00,27.3,0.00,0.00,0.00,32.2,3.2,153,5.0
2024-06-20T22:00,25.7,0.00,0.00,0.00,30.7,3.3,264,4.7
2024-06-20T23:00,23.4,0.00,0.00,0.00,27.5,3.9,326,5.0
2024-06-21T00:00,22.7,0.00,0.00,0.00,26.3,3.7,331,7.9
2024-06-21T01:00,22.0,0.00,0.00,0.00,25.3,4.0,297,9.0
2024-06-21T02:00,21.4,0.00,0.00,0.00,24.7,3.8,319,11.2
2024-06-21T03:00,21.7,0.00,0.00,0.00,25.4,1.8,307,5.0
2024-06-21T04:00,21.5,0.00,0.00,0.00,24.3,8.5,306,14.4
2024-06-21T05:00,21.6,0.00,0.00,0.00,24.7,6.1,320,15.8
2024-06-21T06:00,21.7,0.00,0.00,0.00,24.3,8.2,331,15.5
2024-06-21T07:00,22.4,0.00,0.00,0.00,25.3,6.3,336,14.8
2024-06-21T08:00,24.4,0.00,0.00,0.00,27.5,7.6,19,16.2
2024-06-21T09:00,25.9,0.00,0.00,0.00,29.8,4.2,70,16.9
2024-06-21T10:00,27.4,0.00,0.00,0.00,31.8,4.1,75,14.0
2024-06-21T11:00,29.0,0.00,0.00,0.00,34.1,3.7,79,16.2
2024-06-21T12:00,30.1,0.00,0.00,0.00,35.3,5.6,135,16.6
2024-06-21T13:00,30.6,0.00,0.00,0.00,34.4,9.7,117,24.5
2024-06-21T14:00,30.8,0.00,0.00,0.00,35.1,5.4,184,22.7
2024-06-21T15:00,29.8,0.00,0.00,0.00,33.3,13.1,159,33.5
2024-06-21T16:00,28.4,0.00,0.00,0.00,31.3,9.2,132,27.4
2024-06-21T17:00,27.8,0.00,0.00,0.00,30.4,10.8,111,24.5
2024-06-21T18:00,26.8,0.00,0.00,0.00,29.8,8.1,69,22.3
2024-06-21T19:00,26.4,0.00,0.00,0.00,29.1,11.3,107,22.3
2024-06-21T20:00,25.0,0.00,0.00,0.00,28.6,7.3,81,22.3
2024-06-21T21:00,23.5,2.20,0.00,2.20,27.4,4.8,48,17.3
2024-06-21T22:00,22.0,16.90,0.00,16.90,25.2,7.6,295,18.0
2024-06-21T23:00,22.0,4.90,0.00,4.90,25.1,7.4,317,14.4
2024-06-22T00:00,20.8,0.10,0.00,0.10,21.9,12.2,358,27.7
2024-06-22T01:00,19.9,0.00,0.00,0.00,22.3,4.7,23,20.9
2024-06-22T02:00,18.5,0.00,0.00,0.00,20.5,6.1,357,8.6
2024-06-22T03:00,20.0,0.00,0.00,0.00,22.5,5.1,94,11.2
2024-06-22T04:00,20.1,0.00,0.00,0.00,21.5,13.4,27,24.5
2024-06-22T05:00,19.8,0.00,0.00,0.00,21.7,6.6,45,24.5
2024-06-22T06:00,19.5,0.00,0.00,0.00,21.5,5.8,60,11.2
2024-06-22T07:00,20.4,0.00,0.00,0.00,23.5,1.8,90,6.8
2024-06-22T08:00,21.8,0.00,0.00,0.00,24.8,2.7,67,9.7
2024-06-22T09:00,23.0,0.00,0.00,0.00,25.7,4.0,63,12.6
2024-06-22T10:00,24.1,0.00,0.00,0.00,26.7,4.7,81,15.1
2024-06-22T11:00,25.2,0.00,0.00,0.00,28.6,5.1,86,15.8
2024-06-22T12:00,26.4,0.00,0.00,0.00,30.1,6.6,81,18.4
2024-06-22T13:00,27.0,0.00,0.00,0.00,31.1,6.2,83,19.8
2024-06-22T14:00,27.8,0.00,0.00,0.00,32.2,5.1,86,19.1
2024-06-22T15:00,29.4,0.00,0.00,0.00,32.6,5.8,173,16.2
2024-06-22T16:00,28.6,0.00,0.00,0.00,30.4,7.6,183,18.0
2024-06-22T17:00,28.5,0.00,0.00,0.00,30.6,4.8,193,17.6
2024-06-22T18:00,27.5,0.70,0.00,0.70,29.6,5.1,172,13.7
2024-06-22T19:00,26.3,0.00,0.00,0.00,28.5,5.9,76,13.7
2024-06-22T20:00,24.2,0.20,0.00,0.20,25.8,10.5,38,18.7
2024-06-22T21:00,22.4,0.00,0.00,0.00,23.7,11.2,360,22.0
2024-06-22T22:00,21.8,0.00,0.00,0.00,24.0,5.2,12,19.4
2024-06-22T23:00,21.4,0.00,0.00,0.00,23.1,8.7,5,14.8
2024-06-23T00:00,18.8,11.40,0.00,11.40,19.4,13.7,325,27.7
2024-06-23T01:00,19.0,1.70,0.00,1.70,20.1,10.1,35,26.6
2024-06-23T02:00,19.3,0.40,0.00,0.40,20.7,8.3,358,18.0
2024-06-23T03:00,20.5,0.00,0.00,0.00,21.9,12.1,37,21.2
2024-06-23T04:00,20.2,0.00,0.00,0.00,21.3,9.8,17,22.7
2024-06-23T05:00,20.0,0.00,0.00,0.00,20.7,11.1,13,18.0
2024-06-23T06:00,20.1,0.00,0.00,0.00,19.5,17.5,9,32.0
2024-06-23T07:00,19.5,0.80,0.00,0.80,19.4,15.2,346,31.7
2024-06-23T08:00,18.7,3.70,0.00,3.70,19.4,10.7,327,29.9
2024-06-23T09:00,19.2,0.10,0.00,0.10,18.9,15.7,9,27.4
2024-06-23T10:00,19.4,0.20,0.00,0.20,19.6,13.4,355,28.1
2024-06-23T11:00,21.7,0.00,0.00,0.00,22.9,11.4,325,23.8
2024-06-23T12:00,23.5,0.00,0.00,0.00,24.7,10.9,333,25.6
2024-06-23T13:00,25.3,0.00,0.00,0.00,27.2,8.3,18,26.6
2024-06-23T14:00,24.8,1.50,0.00,1.50,26.8,12.5,51,33.5
2024-06-23T15:00,24.8,0.00,0.00,0.00,24.4,15.3,63,29.9
2024-06-23T16:00,25.4,0.00,0.00,0.00,25.8,8.9,58,29.9
2024-06-23T17:00,25.2,0.00,0.00,0.00,26.2,7.9,16,17.6
2024-06-23T18:00,25.9,0.00,0.00,0.00,26.6,7.2,3,18.7
2024-06-23T19:00,24.8,0.00,0.00,0.00,26.3,6.2,339,14.4
2024-06-23T20:00,23.3,0.00,0.00,0.00,25.0,6.8,342,11.9
2024-06-23T21:00,22.6,0.00,0.00,0.00,23.6,9.8,352,16.9
2024-06-23T22:00,22.3,0.00,0.00,0.00,23.1,9.5,351,17.6
2024-06-23T23:00,22.1,0.00,0.00,0.00,23.0,8.0,5,16.6
2024-06-24T00:00,21.3,0.00,0.00,0.00,22.2,6.9,9,14.4
2024-06-24T01:00,21.1,0.00,0.00,0.00,22.2,5.2,335,12.2
2024-06-24T02:00,21.0,0.00,0.00,0.00,22.1,6.4,344,11.2
2024-06-24T03:00,18.1,4.10,0.00,4.10,18.8,11.0,67,37.8
2024-06-24T04:00,18.0,5.60,0.00,5.60,19.9,3.0,256,25.2
2024-06-24T05:00,18.6,0.80,0.00,0.80,19.4,11.1,324,22.3
2024-06-24T06:00,18.7,0.00,0.00,0.00,19.6,10.0,334,20.2
2024-06-24T07:00,19.6,0.00,0.00,0.00,20.9,9.4,358,19.1
2024-06-24T08:00,20.8,0.30,0.00,0.30,22.7,7.6,355,15.8
2024-06-24T09:00,21.9,0.50,0.00,0.50,24.1,5.4,340,18.0
2024-06-24T10:00,23.9,0.00,0.00,0.00,26.2,5.5,349,21.2
2024-06-24T11:00,25.2,0.00,0.00,0.00,25.7,11.8,27,23.4
2024-06-24T12:00,25.1,0.00,0.00,0.00,25.6,11.8,27,24.1
2024-06-24T13:00,26.0,0.00,0.00,0.00,25.4,17.0,54,33.1
2024-06-24T14:00,26.5,0.00,0.00,0.00,26.1,17.7,61,35.6
2024-06-24T15:00,23.3,6.60,0.00,6.60,23.9,16.1,70,47.2
2024-06-24T16:00,23.2,0.30,0.00,0.30,24.3,11.3,333,34.2
2024-06-24T17:00,24.9,0.00,0.00,0.00,26.9,6.6,22,23.4
2024-06-24T18:00,25.6,0.00,0.00,0.00,27.7,6.5,3,16.2
2024-06-24T19:00,25.5,0.00,0.00,0.00,28.0,6.5,354,14.4
2024-06-24T20:00,24.5,0.00,0.00,0.00,26.2,9.2,48,17.3
2024-06-24T21:00,22.9,0.00,0.00,0.00,24.2,9.8,28,16.9
2024-06-24T22:00,22.6,0.00,0.00,0.00,23.3,11.0,32,20.2
2024-06-24T23:00,22.8,0.00,0.00,0.00,22.9,11.2,45,23.4
2024-06-25T00:00,21.7,0.00,0.00,0.00,22.9,7.9,39,20.5
2024-06-25T01:00,19.6,1.80,0.00,1.80,19.9,14.7,248,32.4
2024-06-25T02:00,20.1,0.10,0.00,0.10,21.3,9.3,344,32.0
2024-06-25T03:00,20.0,6.20,0.00,6.20,20.6,13.3,327,21.2
2024-06-25T04:00,20.4,0.00,0.00,0.00,20.1,18.3,340,32.4
2024-06-25T05:00,20.2,0.00,0.00,0.00,20.2,14.9,352,32.4
2024-06-25T06:00,19.4,0.00,0.00,0.00,19.8,12.7,345,26.3
2024-06-25T07:00,20.1,0.00,0.00,0.00,21.2,10.1,360,23.4
2024-06-25T08:00,22.0,0.00,0.00,0.00,24.3,7.6,357,18.0
2024-06-25T09:00,22.3,2.20,0.00,2.20,24.7,3.1,21,15.8
2024-06-25T10:00,23.7,0.10,0.00,0.10,25.6,7.6,45,17.6
2024-06-25T11:00,24.6,0.50,0.00,0.50,25.9,12.4,98,25.6
2024-06-25T12:00,23.3,3.10,0.00,3.10,25.3,11.6,106,32.4
2024-06-25T13:00,25.0,0.40,0.00,0.40,28.3,6.5,87,24.5
2024-06-25T14:00,24.9,0.20,0.00,0.20,27.3,5.2,56,21.6
2024-06-25T15:00,24.8,0.00,0.00,0.00,25.6,16.3,98,35.6
2024-06-25T16:00,25.6,0.00,0.00,0.00,26.7,11.9,95,32.8
2024-06-25T17:00,26.3,0.10,0.00,0.10,28.0,11.7,81,27.4
2024-06-25T18:00,25.0,0.10,0.00,0.10,26.7,10.2,80,24.8
2024-06-25T19:00,24.2,0.00,0.00,0.00,26.5,6.8,18,20.5
2024-06-25T20:00,23.5,0.00,0.00,0.00,25.6,6.2,350,14.4
2024-06-25T21:00,21.4,0.00,0.00,0.00,23.4,5.5,337,11.2
2024-06-25T22:00,20.5,0.00,0.00,0.00,21.0,13.7,18,23.8
2024-06-25T23:00,19.1,0.90,0.00,0.90,20.7,4.8,167,24.8
2024-06-26T00:00,17.9,1.10,0.00,1.10,18.0,15.1,327,25.9
2024-06-26T01:00,18.1,0.20,0.00,0.20,19.9,2.9,7,28.4
2024-06-26T02:00,18.1,0.10,0.00,0.10,19.7,5.6,345,16.2
2024-06-26T03:00,18.6,0.50,0.00,0.50,20.6,4.3,355,15.1
2024-06-26T04:00,18.1,0.10,0.00,0.10,19.8,4.8,333,7.6
2024-06-26T05:00,17.5,0.00,0.00,0.00,18.9,5.5,337,12.6
2024-06-26T06:00,17.1,0.00,0.00,0.00,18.9,2.6,326,10.4
2024-06-26T07:00,18.5,0.00,0.00,0.00,20.3,5.8,330,10.8
2024-06-26T08:00,20.9,0.00,0.00,0.00,23.6,2.6,326,11.5
2024-06-26T09:00,22.7,0.00,0.00,0.00,25.2,0.8,243,8.6
2024-06-26T10:00,24.0,0.00,0.00,0.00,26.1,2.9,90,11.2
2024-06-26T11:00,24.8,0.00,0.00,0.00,26.8,8.3,92,22.0
2024-06-26T12:00,25.1,0.00,0.00,0.00,27.1,8.4,97,22.7
2024-06-26T13:00,25.6,0.10,0.00,0.10,29.0,6.9,129,22.0
2024-06-26T14:00,25.6,0.20,0.00,0.20,29.3,7.0,102,20.5
2024-06-26T15:00,24.6,0.10,0.00,0.10,27.7,4.2,110,21.2
2024-06-26T16:00,25.2,0.00,0.00,0.00,28.4,3.9,68,17.6
2024-06-26T17:00,24.5,0.20,0.00,0.20,26.0,8.4,110,21.2
2024-06-26T18:00,23.5,0.00,0.00,0.00,25.4,6.8,32,20.2
2024-06-26T19:00,23.2,0.00,0.00,0.00,25.3,5.6,15,15.1
2024-06-26T20:00,22.5,0.00,0.00,0.00,25.6,2.4,27,11.9
2024-06-26T21:00,22.2,0.00,0.00,0.00,24.4,4.1,15,5.4
2024-06-26T22:00,20.5,0.00,0.00,0.00,23.0,2.1,329,4.7
2024-06-26T23:00,18.6,0.00,0.00,0.00,20.6,2.8,320,4.7
2024-06-27T00:00,18.5,0.00,0.00,0.00,20.6,2.5,315,6.1
2024-06-27T01:00,17.8,0.00,0.00,0.00,19.1,7.1,294,12.2
2024-06-27T02:00,17.8,0.00,0.00,0.00,18.8,8.6,285,15.5
2024-06-27T03:00,16.8,0.00,0.00,0.00,17.9,6.3,301,12.6
2024-06-27T04:00,16.7,0.00,0.00,0.00,17.8,6.0,303,12.2
2024-06-27T05:00,16.6,0.00,0.00,0.00,17.5,6.4,308,13.0
2024-06-27T06:00,16.7,0.00,0.00,0.00,17.5,6.1,310,11.9
2024-06-27T07:00,18.5,0.00,0.00,0.00,19.4,6.1,332,11.9
2024-06-27T08:00,20.8,0.00,0.00,0.00,22.8,4.1,345,11.9
2024-06-27T09:00,23.0,0.00,0.00,0.00,24.8,3.1,54,10.4
2024-06-27T10:00,24.2,0.00,0.00,0.00,26.1,4.6,108,14.0
2024-06-27T11:00,25.4,0.00,0.00,0.00,28.5,3.9,124,14.0
2024-06-27T12:00,26.5,0.00,0.00,0.00,30.4,5.2,146,15.8
2024-06-27T13:00,27.7,0.00,0.00,0.00,32.1,6.1,177,17.6
2024-06-27T14:00,27.5,0.10,0.00,0.10,30.6,9.7,207,22.0
2024-06-27T15:00,27.7,0.00,0.00,0.00,30.6,10.4,226,23.4
2024-06-27T16:00,27.6,0.00,0.00,0.00,30.2,8.4,223,23.0
2024-06-27T17:00,28.0,0.00,0.00,0.00,30.7,5.9,223,18.7
2024-06-27T18:00,27.8,0.00,0.00,0.00,30.7,4.8,222,14.4
2024-06-27T19:00,27.4,0.00,0.00,0.00,30.8,3.4,212,11.2
2024-06-27T20:00,26.5,0.00,0.00,0.00,30.2,3.2,180,7.2
2024-06-27T21:00,24.0,0.00,0.00,0.00,26.9,7.1,120,7.9
2024-06-27T22:00,22.3,0.00,0.00,0.00,25.4,7.3,110,10.4
2024-06-27T23:00,21.2,0.00,0.00,0.00,24.2,6.4,43,8.6
2024-06-28T00:00,21.4,0.00,0.00,0.00,24.6,5.0,21,9.0
2024-06-28T01:00,21.4,0.00,0.00,0.00,24.2,5.8,4,9.4
2024-06-28T02:00,20.4,0.00,0.00,0.00,23.0,5.1,356,6.8
2024-06-28T03:00,20.3,0.00,0.00,0.00,23.1,3.5,336,6.5
2024-06-28T04:00,19.7,0.00,0.00,0.00,22.3,3.4,342,6.5
2024-06-28T05:00,19.7,0.00,0.00,0.00,21.8,5.2,12,8.6
2024-06-28T06:00,19.7,0.00,0.00,0.00,21.6,6.7,16,11.5
2024-06-28T07:00,21.2,0.00,0.00,0.00,23.4,7.1,15,12.6
2024-06-28T08:00,22.8,0.00,0.00,0.00,25.7,5.3,28,13.0
2024-06-28T09:00,24.3,0.00,0.00,0.00,27.8,3.9,56,12.6
2024-06-28T10:00,25.5,0.00,0.00,0.00,29.4,4.7,99,14.8
2024-06-28T11:00,26.8,0.00,0.00,0.00,31.8,3.6,143,15.1
2024-06-28T12:00,28.1,0.00,0.00,0.00,33.2,4.5,209,14.8
2024-06-28T13:00,29.3,0.00,0.00,0.00,33.9,6.0,205,15.8
2024-06-28T14:00,29.8,0.00,0.00,0.00,33.6,6.4,196,17.3
2024-06-28T15:00,30.0,0.00,0.00,0.00,35.1,7.6,199,18.7
2024-06-28T16:00,30.1,0.00,0.00,0.00,34.7,5.1,219,19.1
2024-06-28T17:00,30.2,0.00,0.00,0.00,34.0,5.2,205,13.7
2024-06-28T18:00,29.9,0.00,0.00,0.00,33.8,4.1,195,13.3
2024-06-28T19:00,29.1,0.00,0.00,0.00,33.6,4.5,151,10.1
2024-06-28T20:00,27.0,0.00,0.00,0.00,32.0,7.0,145,13.0
2024-06-28T21:00,24.4,0.00,0.00,0.00,28.8,6.8,183,13.0
2024-06-28T22:00,23.4,0.00,0.00,0.00,27.8,4.0,280,7.9
2024-06-28T23:00,22.8,0.00,0.00,0.00,27.0,3.6,315,5.4
2024-06-29T00:00,22.4,0.00,0.00,0.00,26.4,3.2,333,5.0
2024-06-29T01:00,22.1,0.00,0.00,0.00,26.1,2.0,315,5.4
2024-06-29T02:00,21.6,0.00,0.00,0.00,25.2,2.8,320,6.8
2024-06-29T03:00,22.3,0.00,0.00,0.00,25.8,3.6,315,10.4
2024-06-29T04:00,21.5,0.00,0.00,0.00,25.0,3.1,324,8.6
2024-06-29T05:00,20.8,0.00,0.00,0.00,23.8,4.4,325,9.4
2024-06-29T06:00,20.6,0.00,0.00,0.00,23.2,5.6,333,11.2
2024-06-29T07:00,22.4,0.00,0.00,0.00,25.6,5.2,326,11.2
2024-06-29T08:00,25.1,0.00,0.00,0.00,28.9,3.3,354,10.4
2024-06-29T09:00,27.0,0.00,0.00,0.00,31.0,1.3,34,9.0
2024-06-29T10:00,28.4,0.00,0.00,0.00,33.1,0.8,117,9.0
2024-06-29T11:00,29.5,0.00,0.00,0.00,34.7,3.6,127,12.6
2024-06-29T12:00,30.3,0.00,0.00,0.00,35.8,5.0,120,15.1
2024-06-29T13:00,30.7,0.00,0.00,0.00,36.3,6.3,114,17.3
2024-06-29T14:00,31.4,0.00,0.00,0.00,37.6,5.4,143,16.9
2024-06-29T15:00,31.4,0.00,0.00,0.00,37.2,7.7,191,19.4
2024-06-29T16:00,31.3,0.00,0.00,0.00,36.5,8.6,165,19.8
2024-06-29T17:00,30.2,0.00,0.00,0.00,33.8,10.9,171,23.0
2024-06-29T18:00,28.9,0.00,0.00,0.00,32.9,6.9,141,23.0
2024-06-29T19:00,27.6,0.00,0.00,0.00,31.9,6.6,209,14.0
2024-06-29T20:00,27.0,0.00,0.00,0.00,32.6,1.9,292,16.2
2024-06-29T21:00,25.1,0.00,0.00,0.00,28.9,8.3,85,15.1
2024-06-29T22:00,25.1,0.00,0.00,0.00,29.5,3.3,6,14.0
2024-06-29T23:00,23.0,0.00,0.00,0.00,27.1,4.0,333,7.6
2024-06-30T00:00,22.9,0.00,0.00,0.00,26.9,3.7,331,6.5
2024-06-30T01:00,23.4,0.00,0.00,0.00,27.3,5.2,348,9.0
2024-06-30T02:00,22.5,0.00,0.00,0.00,25.7,7.3,327,13.0
2024-06-30T03:00,22.3,0.00,0.00,0.00,26.1,2.9,353,5.4
2024-06-30T04:00,21.9,0.00,0.00,0.00,25.0,6.1,360,8.6
2024-06-30T05:00,21.8,0.00,0.00,0.00,24.8,6.1,62,9.7
2024-06-30T06:00,21.7,0.00,0.00,0.00,24.7,5.4,48,9.4
2024-06-30T07:00,22.9,0.00,0.00,0.00,26.0,6.8,25,11.2
2024-06-30T08:00,24.1,0.00,0.00,0.00,27.3,7.7,53,16.2
2024-06-30T09:00,25.2,0.00,0.00,0.00,28.2,9.9,71,20.9
2024-06-30T10:00,26.3,0.00,0.00,0.00,29.2,10.6,80,23.0
2024-06-30T11:00,26.9,1.30,0.00,1.30,30.0,9.5,79,23.4
2024-06-30T12:00,27.0,2.90,0.00,2.90,31.5,6.1,93,22.7
2024-06-30T13:00,26.6,2.70,0.00,2.70,31.3,4.1,285,18.4
2024-06-30T14:00,27.1,0.80,0.00,0.80,31.7,5.0,330,21.6
2024-06-30T15:00,29.2,0.10,0.00,0.10,31.8,13.4,211,28.1
2024-06-30T16:00,29.3,0.00,0.00,0.00,31.0,12.9,216,28.1
2024-06-30T17:00,28.9,0.00,0.00,0.00,29.5,15.1,220,30.2
2024-06-30T18:00,28.2,0.00,0.00,0.00,29.0,13.8,227,31.0
2024-06-30T19:00,27.6,0.00,0.00,0.00,29.8,8.2,218,26.6
2024-06-30T20:00,26.1,0.00,0.00,0.00,29.4,5.2,192,16.2
2024-06-30T21:00,24.9,0.00,0.00,0.00,27.6,6.3,156,9.7
2024-06-30T22:00,24.4,0.00,0.00,0.00,27.2,3.8,107,7.9
2024-06-30T23:00,22.0,0.00,0.00,0.00,24.8,5.4,48,5.8
2024-07-01T00:00,21.9,0.00,0.00,0.00,24.1,9.7,42,15.1
2024-07-01T01:00,21.7,0.00,0.00,0.00,23.6,10.8,53,19.4
2024-07-01T02:00,21.2,0.00,0.00,0.00,23.6,7.4,43,18.4
2024-07-01T03:00,21.0,0.00,0.00,0.00,23.6,6.3,31,11.2
2024-07-01T04:00,20.8,0.00,0.00,0.00,23.3,6.8,25,12.2
2024-07-01T05:00,20.6,0.00,0.00,0.00,22.9,6.6,29,12.2
2024-07-01T06:00,20.6,0.00,0.00,0.00,22.8,6.9,28,13.0
2024-07-01T07:00,20.8,5.20,0.00,5.20,22.2,12.4,324,22.7
2024-07-01T08:00,20.6,2.80,0.00,2.80,22.7,8.1,21,24.8
2024-07-01T09:00,21.8,0.10,0.00,0.10,23.8,9.3,54,20.5
2024-07-01T10:00,23.1,0.00,0.00,0.00,25.6,5.4,48,20.5
2024-07-01T11:00,23.9,0.00,0.00,0.00,26.1,6.5,71,16.2
2024-07-01T12:00,25.3,0.20,0.00,0.20,28.0,5.8,94,18.7
2024-07-01T13:00,25.6,0.00,0.00,0.00,28.5,6.5,90,17.6
2024-07-01T14:00,25.4,1.20,0.00,1.20,28.9,5.6,105,19.4
2024-07-01T15:00,26.6,0.50,0.00,0.50,30.4,9.4,67,23.8
2024-07-01T16:00,23.9,1.40,0.00,1.40,26.6,6.1,87,22.7
2024-07-01T17:00,22.8,1.30,0.00,1.30,24.7,12.3,38,24.5
2024-07-01T18:00,23.2,0.00,0.00,0.00,26.0,4.7,360,24.1
2024-07-01T19:00,22.2,0.20,0.00,0.20,24.2,8.7,336,19.4
2024-07-01T20:00,21.3,0.10,0.00,0.10,22.4,12.5,316,23.0
2024-07-01T21:00,20.1,0.00,0.00,0.00,22.2,5.4,360,22.7
2024-07-01T22:00,19.6,0.00,0.00,0.00,21.8,5.6,345,10.8
2024-07-01T23:00,19.2,0.00,0.00,0.00,21.9,2.6,326,10.1
2024-07-02T00:00,18.9,0.00,0.00,0.00,21.7,1.0,315,6.1
2024-07-02T01:00,18.2,0.00,0.00,0.00,20.7,1.9,292,5.0
2024-07-02T02:00,17.8,0.00,0.00,0.00,20.3,0.4,360,5.4
2024-07-02T03:00,18.2,0.00,0.00,0.00,19.7,7.8,283,22.7
2024-07-02T04:00,17.7,0.00,0.00,0.00,19.4,5.3,298,13.7
2024-07-02T05:00,17.1,0.00,0.00,0.00,18.4,5.0,300,10.8
2024-07-02T06:00,16.5,0.00,0.00,0.00,17.8,4.2,329,10.1
2024-07-02T07:00,17.9,0.00,0.00,0.00,19.3,5.7,342,10.8
2024-07-02T08:00,19.7,0.00,0.00,0.00,21.8,4.5,331,11.9
2024-07-02T09:00,22.3,0.00,0.00,0.00,24.6,1.5,346,11.5
2024-07-02T10:00,24.1,0.00,0.00,0.00,26.0,1.3,146,9.4
2024-07-02T11:00,25.2,0.00,0.00,0.00,27.3,4.0,170,13.3
2024-07-02T12:00,26.0,0.00,0.00,0.00,28.1,5.8,173,16.2
2024-07-02T13:00,26.3,0.00,0.00,0.00,27.7,7.8,193,18.7
2024-07-02T14:00,25.9,0.00,0.00,0.00,26.4,10.9,224,23.8
2024-07-02T15:00,25.5,0.00,0.00,0.00,26.7,5.4,233,20.5
2024-07-02T16:00,26.2,0.00,0.00,0.00,27.9,5.0,330,16.9
2024-07-02T17:00,24.8,1.30,0.00,1.30,27.1,1.5,315,16.9
2024-07-02T18:00,24.9,0.30,0.00,0.30,26.9,2.3,18,11.2
2024-07-02T19:00,24.7,0.00,0.00,0.00,26.8,3.9,22,9.0
2024-07-02T20:00,23.0,0.50,0.00,0.50,25.6,4.0,27,11.9
2024-07-02T21:00,20.7,0.00,0.00,0.00,22.4,7.3,9,9.0
2024-07-02T22:00,20.5,0.00,0.00,0.00,22.1,6.3,13,9.7
2024-07-02T23:00,19.0,0.60,0.00,0.60,18.8,14.1,3,31.7
2024-07-03T00:00,17.7,2.40,0.00,2.40,18.7,7.8,326,24.8
2024-07-03T01:00,17.5,0.40,0.00,0.40,17.9,12.0,303,20.2
2024-07-03T02:00,18.1,1.10,0.00,1.10,18.8,10.0,308,24.1
2024-07-03T03:00,18.5,0.90,0.00,0.90,18.8,10.7,42,20.2
2024-07-03T04:00,17.6,5.00,0.00,5.00,17.4,12.0,39,22.3
2024-07-03T05:00,16.9,5.10,0.00,5.10,16.5,12.9,36,26.6
2024-07-03T06:00,16.5,3.50,0.00,3.50,16.3,11.0,23,25.6
2024-07-03T07:00,16.1,3.80,0.00,3.80,15.9,11.2,345,23.0
2024-07-03T08:00,16.5,2.60,0.00,2.60,16.1,12.6,323,23.4
2024-07-03T09:00,17.9,0.70,0.00,0.70,18.6,8.0,355,22.3
2024-07-03T10:00,19.7,0.00,0.00,0.00,20.2,6.7,16,16.2
2024-07-03T11:00,20.8,0.00,0.00,0.00,21.2,6.5,56,15.1
2024-07-03T12:00,22.1,0.00,0.00,0.00,22.5,6.9,62,17.6
2024-07-03T13:00,23.1,0.00,0.00,0.00,24.0,5.5,79,18.0
2024-07-03T14:00,23.4,0.00,0.00,0.00,24.0,2.7,113,16.2
2024-07-03T15:00,23.5,0.00,0.00,0.00,24.6,3.5,114,15.1
2024-07-03T16:00,23.2,0.00,0.00,0.00,23.4,2.9,173,13.3
2024-07-03T17:00,23.4,0.00,0.00,0.00,23.5,4.7,184,11.9
2024-07-03T18:00,23.0,0.00,0.00,0.00,23.5,3.8,229,12.2
2024-07-03T19:00,22.3,0.10,0.00,0.10,23.2,4.0,275,9.0
2024-07-03T20:00,20.7,0.00,0.00,0.00,21.1,6.2,324,11.5
2024-07-03T21:00,19.2,0.20,0.00,0.20,19.2,6.9,313,14.4
2024-07-03T22:00,17.9,0.80,0.00,0.80,18.6,4.7,293,12.2
2024-07-03T23:00,17.7,0.10,0.00,0.10,19.6,1.1,288,7.9
2024-07-04T00:00,17.4,0.10,0.00,0.10,19.2,2.2,279,5.0
2024-07-04T01:00,17.4,0.00,0.00,0.00,18.6,3.8,287,6.8
2024-07-04T02:00,16.8,0.00,0.00,0.00,18.0,4.1,322,9.0
2024-07-04T03:00,16.6,0.00,0.00,0.00,17.8,4.7,32,9.7
2024-07-04T04:00,15.6,0.00,0.00,0.00,16.4,5.8,356,8.6
2024-07-04T05:00,15.6,0.00,0.00,0.00,16.7,3.9,326,7.2
2024-07-04T06:00,15.7,0.00,0.00,0.00,17.0,2.0,315,5.8
2024-07-04T07:00,17.2,0.00,0.00,0.00,18.5,5.7,288,10.1
2024-07-04T08:00,19.3,0.00,0.00,0.00,20.9,4.7,293,11.9
2024-07-04T09:00,20.9,0.00,0.00,0.00,22.5,3.6,307,11.9
2024-07-04T10:00,22.5,0.00,0.00,0.00,24.1,1.3,326,11.5
2024-07-04T11:00,23.5,0.00,0.00,0.00,25.0,3.3,103,13.0
2024-07-04T12:00,24.2,0.00,0.00,0.00,25.3,6.3,114,17.3
2024-07-04T13:00,24.7,0.00,0.00,0.00,26.3,5.8,112,18.0
2024-07-04T14:00,25.1,0.00,0.00,0.00,27.1,4.6,135,16.9
2024-07-04T15:00,25.2,0.00,0.00,0.00,27.1,7.0,201,19.8
2024-07-04T16:00,25.1,0.00,0.00,0.00,26.2,8.0,216,19.1
2024-07-04T17:00,25.2,0.00,0.00,0.00,26.1,5.9,218,19.1
2024-07-04T18:00,25.3,0.00,0.00,0.00,26.1,5.8,210,15.1
2024-07-04T19:00,24.6,0.00,0.00,0.00,26.1,4.5,209,13.0
2024-07-04T20:00,23.0,0.00,0.00,0.00,25.4,3.7,169,9.4
2024-07-04T21:00,20.6,0.00,0.00,0.00,22.2,6.8,148,8.6
2024-07-04T22:00,21.2,0.00,0.00,0.00,23.0,3.3,41,7.9
2024-07-04T23:00,18.5,0.00,0.00,0.00,20.0,5.4,340,6.5
2024-07-05T00:00,17.9,0.00,0.00,0.00,19.6,3.1,324,7.2
2024-07-05T01:00,17.4,0.00,0.00,0.00,19.1,1.6,333,5.8
2024-07-05T02:00,17.5,0.00,0.00,0.00,18.9,2.4,333,6.5
2024-07-05T03:00,17.9,0.00,0.00,0.00,19.0,2.8,310,6.5
2024-07-05T04:00,17.1,0.00,0.00,0.00,17.9,4.4,325,9.4
2024-07-05T05:00,16.1,0.00,0.00,0.00,16.9,5.3,332,10.8
2024-07-05T06:00,16.2,0.00,0.00,0.00,16.7,6.2,339,11.2
2024-07-05T07:00,18.0,0.00,0.00,0.00,18.7,6.4,344,12.6
2024-07-05T08:00,20.3,0.00,0.00,0.00,21.8,4.3,5,12.2
2024-07-05T09:00,22.2,0.00,0.00,0.00,23.9,2.8,50,11.2
2024-07-05T10:00,23.6,0.00,0.00,0.00,25.4,3.5,114,12.6
2024-07-05T11:00,24.7,0.00,0.00,0.00,27.4,4.4,145,15.1
2024-07-05T12:00,25.7,0.00,0.00,0.00,28.6,5.8,176,16.9
2024-07-05T13:00,26.7,0.00,0.00,0.00,29.5,5.9,194,17.3
2024-07-05T14:00,27.3,0.00,0.00,0.00,29.5,6.8,205,17.6
2024-07-05T15:00,27.8,0.00,0.00,0.00,29.2,7.9,210,18.7
2024-07-05T16:00,27.4,0.00,0.00,0.00,28.1,11.6,185,23.4
2024-07-05T17:00,26.0,0.00,0.00,0.00,26.8,13.6,168,29.2
2024-07-05T18:00,25.0,0.00,0.00,0.00,26.0,11.6,150,27.7
2024-07-05T19:00,24.5,0.00,0.00,0.00,26.5,6.0,155,22.7
2024-07-05T20:00,24.1,0.00,0.00,0.00,26.7,3.1,54,11.9
2024-07-05T21:00,21.5,0.00,0.00,0.00,23.7,6.1,28,7.9
2024-07-05T22:00,22.9,0.00,0.00,0.00,25.4,1.5,315,7.2
2024-07-05T23:00,20.5,0.00,0.00,0.00,22.8,3.2,270,4.0
2024-07-06T00:00,19.7,0.00,0.00,0.00,21.7,4.4,279,6.1
2024-07-06T01:00,19.7,0.00,0.00,0.00,22.0,2.3,309,5.8
2024-07-06T02:00,18.8,0.00,0.00,0.00,20.8,4.0,333,5.0
2024-07-06T03:00,19.6,0.00,0.00,0.00,21.3,5.0,300,10.4
2024-07-06T04:00,19.0,0.00,0.00,0.00,20.8,4.4,325,8.6
2024-07-06T05:00,18.5,0.00,0.00,0.00,20.3,4.6,342,8.6
2024-07-06T06:00,18.4,0.00,0.00,0.00,20.2,4.7,360,8.6
2024-07-06T07:00,19.9,0.00,0.00,0.00,21.8,6.4,27,10.8
2024-07-06T08:00,21.3,0.00,0.00,0.00,23.3,5.8,60,13.7
2024-07-06T09:00,22.5,0.00,0.00,0.00,24.5,7.4,76,17.3
2024-07-06T10:00,23.8,0.00,0.00,0.00,25.7,8.0,80,19.8
2024-07-06T11:00,25.0,0.00,0.00,0.00,27.4,7.9,93,20.2
2024-07-06T12:00,25.9,0.00,0.00,0.00,29.1,7.3,101,20.2
2024-07-06T13:00,26.7,0.00,0.00,0.00,30.2,6.8,115,19.4
2024-07-06T14:00,27.1,0.30,0.00,0.30,30.3,6.2,144,18.4
2024-07-06T15:00,27.2,0.10,0.00,0.10,30.0,8.8,171,20.5
2024-07-06T16:00,27.0,0.10,0.00,0.10,29.5,9.1,173,21.6
2024-07-06T17:00,26.8,0.20,0.00,0.20,28.9,8.1,167,20.9
2024-07-06T18:00,26.5,0.10,0.00,0.10,29.4,3.6,143,18.7
2024-07-06T19:00,26.3,0.00,0.00,0.00,29.4,2.9,150,10.1
2024-07-06T20:00,24.9,0.00,0.00,0.00,28.4,4.3,114,9.7
2024-07-06T21:00,22.8,0.00,0.00,0.00,25.9,7.3,101,8.3
2024-07-06T22:00,23.6,0.00,0.00,0.00,26.9,3.9,56,9.0
2024-07-06T23:00,22.3,0.20,0.00,0.20,25.2,4.7,4,11.5
2024-07-07T00:00,21.9,0.00,0.00,0.00,23.6,10.5,4,18.7
2024-07-07T01:00,21.1,0.00,0.00,0.00,22.7,8.7,5,19.1
2024-07-07T02:00,20.0,0.00,0.00,0.00,21.8,6.8,18,14.8
2024-07-07T03:00,19.2,0.30,0.00,0.30,20.3,15.1,40,32.4
2024-07-07T04:00,19.7,0.00,0.00,0.00,21.4,9.7,31,27.4
2024-07-07T05:00,19.6,0.00,0.00,0.00,21.7,5.4,360,15.8
2024-07-07T06:00,19.5,0.00,0.00,0.00,21.8,4.4,9,9.4
2024-07-07T07:00,20.5,0.00,0.00,0.00,22.9,6.2,350,10.8
2024-07-07T08:00,22.1,0.00,0.00,0.00,24.8,6.3,13,13.3
2024-07-07T09:00,23.7,0.00,0.00,0.00,25.6,10.0,38,20.2
2024-07-07T10:00,24.9,0.00,0.00,0.00,26.4,13.0,56,26.6
2024-07-07T11:00,25.7,0.00,0.00,0.00,28.0,13.6,73,29.2
2024-07-07T12:00,26.5,0.10,0.00,0.10,29.4,13.0,92,29.2
2024-07-07T13:00,26.6,0.00,0.00,0.00,29.6,7.8,112,28.4
2024-07-07T14:00,26.7,0.10,0.00,0.10,30.1,5.9,166,18.7
2024-07-07T15:00,27.1,0.10,0.00,0.10,30.9,4.3,114,23.4
2024-07-07T16:00,25.8,0.70,0.00,0.70,28.1,6.0,245,19.4
2024-07-07T17:00,21.6,3.60,0.00,3.60,23.4,12.9,293,36.0
2024-07-07T18:00,23.9,0.00,0.00,0.00,27.0,5.6,333,24.1
2024-07-07T19:00,24.7,0.00,0.00,0.00,27.9,4.0,10,13.0
2024-07-07T20:00,24.3,0.00,0.00,0.00,28.1,3.2,360,7.9
2024-07-07T21:00,22.6,0.00,0.00,0.00,25.7,5.8,360,7.6
2024-07-07T22:00,22.6,0.00,0.00,0.00,26.1,3.1,324,6.5
2024-07-07T23:00,21.7,0.00,0.00,0.00,24.7,5.5,328,9.7
2024-07-08T00:00,21.2,0.00,0.00,0.00,23.9,6.6,331,12.2
2024-07-08T01:00,20.5,0.10,0.00,0.10,22.9,6.1,320,12.6
2024-07-08T02:00,20.4,0.00,0.00,0.00,22.7,6.2,324,12.6
2024-07-08T03:00,19.8,0.00,0.00,0.00,21.6,7.2,323,14.8
2024-07-08T04:00,19.6,0.00,0.00,0.00,21.3,7.7,332,13.7
2024-07-08T05:00,19.9,0.00,0.00,0.00,21.3,8.6,338,16.6
2024-07-08T06:00,19.6,0.00,0.00,0.00,21.6,4.2,340,15.5
2024-07-08T07:00,20.3,0.00,0.00,0.00,21.9,7.8,326,15.1
2024-07-08T08:00,22.4,0.00,0.00,0.00,25.1,4.9,324,14.8
2024-07-08T09:00,24.5,0.00,0.00,0.00,27.1,3.3,347,11.2
2024-07-08T10:00,26.2,0.00,0.00,0.00,29.0,1.1,342,10.4
2024-07-08T11:00,27.4,0.00,0.00,0.00,30.7,1.9,158,10.1
2024-07-08T12:00,28.2,0.00,0.00,0.00,32.1,4.2,160,14.0
2024-07-08T13:00,28.7,0.00,0.00,0.00,32.8,5.4,180,16.2
2024-07-08T14:00,29.2,0.00,0.00,0.00,33.3,5.8,187,16.6
2024-07-08T15:00,29.7,0.00,0.00,0.00,33.4,7.0,192,17.3
2024-07-08T16:00,29.6,0.00,0.00,0.00,32.7,8.9,207,19.8
2024-07-08T17:00,29.4,0.00,0.00,0.00,31.9,8.3,214,19.8
2024-07-08T18:00,29.0,0.00,0.00,0.00,31.2,7.9,231,18.0
2024-07-08T19:00,28.4,0.00,0.00,0.00,31.7,5.2,245,16.2
2024-07-08T20:00,27.2,0.00,0.00,0.00,32.4,3.6,276,10.1
2024-07-08T21:00,26.8,0.00,0.00,0.00,30.1,2.1,59,4.3
2024-07-08T22:00,25.4,0.00,0.00,0.00,28.8,1.8,323,3.2
2024-07-08T23:00,22.1,0.00,0.00,0.00,25.2,2.9,330,4.7
2024-07-09T00:00,21.7,0.00,0.00,0.00,24.4,3.7,331,8.6
2024-07-09T01:00,20.5,0.00,0.00,0.00,23.0,4.4,325,10.1
2024-07-09T02:00,19.9,0.00,0.00,0.00,22.1,5.9,322,11.5
2024-07-09T03:00,20.7,0.00,0.00,0.00,22.6,7.5,325,14.0
2024-07-09T04:00,20.8,0.00,0.00,0.00,22.4,8.7,322,15.5
2024-07-09T05:00,20.7,0.00,0.00,0.00,22.0,9.1,326,16.9
2024-07-09T06:00,20.3,0.00,0.00,0.00,21.5,8.1,339,16.6
2024-07-09T07:00,21.1,0.00,0.00,0.00,22.5,9.1,326,16.9
2024-07-09T08:00,23.9,0.00,0.00,0.00,26.1,8.1,328,17.6
2024-07-09T09:00,26.7,0.00,0.00,0.00,30.2,5.0,339,15.5
2024-07-09T10:00,29.1,0.00,0.00,0.00,32.2,3.6,360,12.6
2024-07-09T11:00,30.0,0.00,0.00,0.00,33.7,5.8,60,14.8
2024-07-09T12:00,30.6,0.00,0.00,0.00,34.7,8.0,72,18.7
2024-07-09T13:00,30.8,0.00,0.00,0.00,35.0,8.4,80,19.8
2024-07-09T14:00,31.1,0.00,0.00,0.00,35.6,6.5,93,19.8
2024-07-09T15:00,32.0,0.00,0.00,0.00,36.3,6.0,123,16.2
2024-07-09T16:00,32.1,0.00,0.00,0.00,36.3,5.6,130,15.5
2024-07-09T17:00,31.8,0.00,0.00,0.00,35.3,5.9,137,14.8
2024-07-09T18:00,31.4,0.00,0.00,0.00,35.1,5.0,150,14.0
2024-07-09T19:00,30.7,0.00,0.00,0.00,35.3,4.4,145,11.2
2024-07-09T20:00,28.8,0.00,0.00,0.00,35.0,3.8,131,8.3
2024-07-09T21:00,29.3,0.00,0.00,0.00,34.2,0.8,333,5.8
2024-07-09T22:00,25.2,0.00,0.00,0.00,29.6,4.1,315,5.0
2024-07-09T23:00,24.5,0.00,0.00,0.00,28.1,4.8,312,9.7
2024-07-10T00:00,23.0,0.00,0.00,0.00,25.9,6.6,315,13.0
2024-07-10T01:00,22.3,0.00,0.00,0.00,24.8,8.4,320,15.1
2024-07-10T02:00,22.5,0.00,0.00,0.00,24.7,9.5,331,16.9
2024-07-10T03:00,24.7,0.00,0.00,0.00,28.0,4.8,318,16.2
2024-07-10T04:00,24.3,0.10,0.00,0.10,26.6,9.4,313,18.4
2024-07-10T05:00,23.1,0.00,0.00,0.00,26.2,4.7,337,16.9
2024-07-10T06:00,23.3,0.00,0.00,0.00,25.2,10.1,354,16.6
2024-07-10T07:00,24.0,0.00,0.00,0.00,25.8,12.3,339,23.8
2024-07-10T08:00,25.9,0.00,0.00,0.00,28.6,10.9,326,22.0
2024-07-10T09:00,28.0,0.00,0.00,0.00,31.6,9.2,329,18.7
2024-07-10T10:00,30.1,0.00,0.00,0.00,33.3,8.1,339,18.7
2024-07-10T11:00,31.6,0.00,0.00,0.00,35.8,4.7,23,17.3
2024-07-10T12:00,32.2,0.00,0.00,0.00,37.1,6.1,90,16.2
2024-07-10T13:00,32.5,0.00,0.00,0.00,37.1,7.4,119,18.0
2024-07-10T14:00,33.0,0.00,0.00,0.00,37.6,6.1,140,18.4
2024-07-10T15:00,33.2,0.00,0.00,0.00,37.4,6.8,155,20.9
2024-07-10T16:00,33.1,0.00,0.00,0.00,36.7,4.8,193,16.2
2024-07-10T17:00,33.0,0.00,0.00,0.00,36.1,4.6,231,12.6
2024-07-10T18:00,32.7,0.00,0.00,0.00,36.0,4.3,228,11.2
2024-07-10T19:00,32.4,0.00,0.00,0.00,35.5,6.0,205,11.9
2024-07-10T20:00,29.7,0.00,0.00,0.00,34.4,5.1,225,11.2
2024-07-10T21:00,27.1,0.00,0.00,0.00,30.9,7.3,259,10.1
2024-07-10T22:00,25.9,0.00,0.00,0.00,29.8,5.6,297,9.7
2024-07-10T23:00,24.8,0.00,0.00,0.00,28.7,4.1,315,8.3
2024-07-11T00:00,24.0,0.00,0.00,0.00,27.7,2.3,309,6.1
2024-07-11T01:00,23.0,0.00,0.00,0.00,26.5,3.8,319,8.6
2024-07-11T02:00,22.1,0.00,0.00,0.00,25.5,5.2,326,11.2
2024-07-11T03:00,22.9,0.00,0.00,0.00,25.8,6.2,339,12.6
2024-07-11T04:00,23.0,0.00,0.00,0.00,25.6,6.4,344,12.2
2024-07-11T05:00,22.9,0.00,0.00,0.00,25.0,7.6,341,13.3
2024-07-11T06:00,22.7,0.00,0.00,0.00,24.5,8.6,338,15.8
2024-07-11T07:00,23.5,0.00,0.00,0.00,25.7,8.1,347,15.8
2024-07-11T08:00,25.6,0.00,0.00,0.00,28.7,7.2,354,15.8
2024-07-11T09:00,28.0,0.00,0.00,0.00,31.6,5.2,12,14.8
2024-07-11T10:00,29.8,0.00,0.00,0.00,33.9,3.3,41,12.6
2024-07-11T11:00,30.9,0.00,0.00,0.00,36.2,4.0,85,13.0
2024-07-11T12:00,31.8,0.00,0.00,0.00,37.3,7.2,96,18.0
2024-07-11T13:00,32.1,0.60,0.00,0.60,37.1,8.4,97,20.2
2024-07-11T14:00,32.5,0.20,0.00,0.20,38.0,6.2,97,19.8
2024-07-11T15:00,32.2,0.00,0.00,0.00,38.4,1.6,117,13.0
2024-07-11T16:00,32.8,0.00,0.00,0.00,38.3,2.5,188,11.5
2024-07-11T17:00,33.0,0.00,0.00,0.00,37.2,4.8,207,14.0
2024-07-11T18:00,32.6,0.00,0.00,0.00,36.4,5.1,219,14.4
2024-07-11T19:00,31.9,0.00,0.00,0.00,37.2,3.1,234,10.8
2024-07-11T20:00,30.3,0.00,0.00,0.00,36.1,4.4,235,9.0
2024-07-11T21:00,30.2,0.00,0.00,0.00,34.8,2.5,172,5.4
2024-07-11T22:00,26.6,0.00,0.00,0.00,31.1,7.0,55,7.2
2024-07-11T23:00,25.7,0.00,0.00,0.00,29.9,8.4,43,10.4
2024-07-12T00:00,25.2,0.00,0.00,0.00,29.3,6.2,353,10.1
2024-07-12T01:00,25.0,0.00,0.00,0.00,28.8,4.9,343,9.0
2024-07-12T02:00,23.9,0.00,0.00,0.00,27.8,3.1,324,8.6
2024-07-12T03:00,23.8,0.00,0.00,0.00,27.7,4.0,350,7.9
2024-07-12T04:00,23.7,0.00,0.00,0.00,27.5,4.0,360,6.5
2024-07-12T05:00,23.1,0.00,0.00,0.00,26.4,5.9,346,10.8
2024-07-12T06:00,22.4,0.00,0.00,0.00,25.0,8.2,345,14.8
2024-07-12T07:00,23.3,0.00,0.00,0.00,26.0,8.6,345,15.5
2024-07-12T08:00,25.6,0.00,0.00,0.00,29.0,7.6,341,16.2
2024-07-12T09:00,27.6,0.00,0.00,0.00,31.2,5.8,7,14.4
2024-07-12T10:00,28.6,0.00,0.00,0.00,31.9,6.1,360,13.7
2024-07-12T11:00,24.2,6.90,0.00,6.90,27.2,8.9,302,36.4
2024-07-12T12:00,24.6,0.30,0.00,0.30,28.1,8.4,335,19.4
2024-07-12T13:00,28.4,0.00,0.00,0.00,33.8,5.6,345,22.0
2024-07-12T14:00,30.1,0.00,0.00,0.00,36.1,3.5,66,16.6
2024-07-12T15:00,27.4,0.20,0.00,0.20,32.5,4.8,347,20.2
2024-07-12T16:00,29.1,0.00,0.00,0.00,35.6,2.5,135,15.5
2024-07-12T17:00,29.5,0.60,0.00,0.60,34.0,4.7,184,20.9
2024-07-12T18:00,28.9,0.00,0.00,0.00,33.0,6.2,100,14.4
2024-07-12T19:00,27.8,0.00,0.00,0.00,32.0,8.3,88,17.6
2024-07-12T20:00,26.6,0.00,0.00,0.00,30.9,8.5,54,17.3
2024-07-12T21:00,25.1,0.00,0.00,0.00,29.6,6.2,36,15.1
2024-07-12T22:00,24.8,0.00,0.00,0.00,29.3,4.6,18,12.6
2024-07-12T23:00,24.1,0.00,0.00,0.00,27.8,7.9,344,13.7
2024-07-13T00:00,23.5,0.00,0.00,0.00,26.6,8.7,318,14.8
2024-07-13T01:00,22.1,2.20,0.00,2.20,24.1,8.2,319,35.6
2024-07-13T02:00,21.6,0.10,0.00,0.10,24.2,6.4,308,13.7
2024-07-13T03:00,21.0,0.00,0.00,0.00,23.6,6.9,9,14.4
2024-07-13T04:00,20.6,0.00,0.00,0.00,22.9,9.1,99,19.1
2024-07-13T05:00,20.5,0.00,0.00,0.00,23.2,5.8,4,15.8
2024-07-13T06:00,20.2,0.00,0.00,0.00,23.1,4.7,360,14.4
2024-07-13T07:00,21.5,0.00,0.00,0.00,24.3,5.8,22,11.5
2024-07-13T08:00,22.5,0.00,0.00,0.00,26.0,2.3,51,11.5
2024-07-13T09:00,23.6,0.00,0.00,0.00,26.8,4.8,13,14.0
2024-07-13T10:00,25.5,0.00,0.00,0.00,28.9,4.0,10,13.7
2024-07-13T11:00,27.3,0.00,0.00,0.00,32.1,0.5,45,13.3
2024-07-13T12:00,28.7,0.00,0.00,0.00,34.1,2.9,173,14.8
2024-07-13T13:00,29.3,0.00,0.00,0.00,35.0,4.7,171,18.7
2024-07-13T14:00,29.5,0.00,0.00,0.00,35.2,6.7,196,22.0
2024-07-13T15:00,30.2,0.00,0.00,0.00,33.3,10.0,229,25.2
2024-07-13T16:00,30.3,0.00,0.00,0.00,32.9,9.4,220,22.3
2024-07-13T17:00,30.1,0.00,0.00,0.00,31.9,10.6,215,22.0
2024-07-13T18:00,29.7,0.00,0.00,0.00,31.6,9.5,217,22.3
2024-07-13T19:00,28.9,0.00,0.00,0.00,32.1,5.9,223,19.4
2024-07-13T20:00,27.2,0.00,0.00,0.00,31.6,4.8,222,11.9
2024-07-13T21:00,27.6,0.00,0.00,0.00,30.8,2.9,263,8.3
2024-07-13T22:00,26.6,0.00,0.00,0.00,29.8,2.8,140,4.0
2024-07-13T23:00,25.6,0.00,0.00,0.00,29.0,0.8,333,3.6
2024-07-14T00:00,22.9,0.00,0.00,0.00,25.8,3.7,349,6.5
2024-07-14T01:00,21.9,0.00,0.00,0.00,24.6,4.8,347,7.6
2024-07-14T02:00,22.0,0.00,0.00,0.00,24.6,3.5,336,6.8
2024-07-14T03:00,22.6,0.10,0.00,0.10,24.5,13.9,73,25.2
2024-07-14T04:00,22.2,0.00,0.00,0.00,24.8,6.8,32,24.1
2024-07-14T05:00,21.7,0.00,0.00,0.00,24.5,5.8,22,12.6
2024-07-14T06:00,21.8,0.00,0.00,0.00,24.3,6.5,354,11.5
2024-07-14T07:00,22.7,0.00,0.00,0.00,25.4,6.4,344,13.0
2024-07-14T08:00,24.3,0.00,0.00,0.00,27.4,6.3,329,12.2
2024-07-14T09:00,26.4,0.00,0.00,0.00,29.3,4.9,324,13.3
2024-07-14T10:00,27.9,0.00,0.00,0.00,31.3,1.6,243,11.9
2024-07-14T11:00,28.9,0.00,0.00,0.00,32.6,4.4,189,14.0
2024-07-14T12:00,29.7,0.00,0.00,0.00,33.6,6.2,201,17.3
2024-07-14T13:00,30.4,0.00,0.00,0.00,33.3,9.2,219,20.9
2024-07-14T14:00,30.7,0.00,0.00,0.00,32.6,12.0,229,25.9
2024-07-14T15:00,30.7,0.00,0.00,0.00,32.8,10.5,221,26.6
2024-07-14T16:00,30.6,0.00,0.00,0.00,32.5,9.7,222,23.4
2024-07-14T17:00,30.3,0.00,0.00,0.00,32.1,8.7,225,21.2
2024-07-14T18:00,30.0,0.00,0.00,0.00,32.0,7.1,221,18.7
2024-07-14T19:00,29.2,0.00,0.00,0.00,32.3,5.3,208,15.1
2024-07-14T20:00,27.2,0.00,0.00,0.00,31.3,5.0,210,10.8
2024-07-14T21:00,26.3,0.00,0.00,0.00,29.3,5.4,233,9.0
2024-07-14T22:00,25.4,0.00,0.00,0.00,28.7,2.3,321,6.5
2024-07-14T23:00,22.1,0.00,0.00,0.00,24.7,6.9,6,8.3
2024-07-15T00:00,21.6,0.00,0.00,0.00,24.3,4.0,350,8.6
2024-07-15T01:00,21.6,0.00,0.00,0.00,23.9,5.2,344,10.4
2024-07-15T02:00,21.2,0.00,0.00,0.00,23.1,6.3,336,11.5
2024-07-15T03:00,19.8,0.00,0.00,0.00,21.5,7.0,325,13.3
2024-07-15T04:00,19.9,0.00,0.00,0.00,21.5,6.5,3,13.0
2024-07-15T05:00,20.0,0.00,0.00,0.00,21.6,6.1,357,11.5
2024-07-15T06:00,19.9,0.00,0.00,0.00,21.4,5.6,345,11.2
2024-07-15T07:00,21.3,0.00,0.00,0.00,22.9,7.0,348,13.0
2024-07-15T08:00,23.5,0.00,0.00,0.00,26.0,5.0,360,13.3
2024-07-15T09:00,25.9,0.00,0.00,0.00,28.2,5.3,28,13.3
2024-07-15T10:00,27.5,0.00,0.00,0.00,29.9,6.3,59,16.2
2024-07-15T11:00,28.7,0.00,0.00,0.00,31.9,7.3,79,18.4
2024-07-15T12:00,29.9,0.00,0.00,0.00,33.6,7.6,90,19.4
2024-07-15T13:00,30.7,0.00,0.00,0.00,34.7,6.4,106,19.4
2024-07-15T14:00,31.4,0.00,0.00,0.00,35.5,5.4,138,17.6
2024-07-15T15:00,31.7,0.00,0.00,0.00,35.7,6.6,171,17.3
2024-07-15T16:00,31.8,0.00,0.00,0.00,35.2,8.0,188,18.7
2024-07-15T17:00,31.5,0.00,0.00,0.00,34.1,7.9,204,18.7
2024-07-15T18:00,31.0,0.00,0.00,0.00,33.3,6.6,221,17.3
2024-07-15T19:00,30.2,0.00,0.00,0.00,33.5,4.3,228,14.4
2024-07-15T20:00,28.3,0.00,0.00,0.00,33.2,5.3,208,8.6
2024-07-15T21:00,28.3,0.00,0.00,0.00,31.0,4.6,198,6.8
2024-07-15T22:00,27.1,0.00,0.00,0.00,30.2,3.4,252,5.8
2024-07-15T23:00,24.5,0.00,0.00,0.00,27.7,2.5,315,4.3
2024-07-16T00:00,23.3,0.00,0.00,0.00,25.8,3.3,319,7.2
2024-07-16T01:00,21.9,0.00,0.00,0.00,24.4,3.3,311,8.6
2024-07-16T02:00,20.9,0.00,0.00,0.00,23.3,4.8,312,10.4
2024-07-16T03:00,22.1,0.00,0.00,0.00,23.8,4.1,308,9.4
2024-07-16T04:00,20.9,0.00,0.00,0.00,22.6,4.7,302,9.7
2024-07-16T05:00,19.9,0.00,0.00,0.00,21.8,5.0,330,11.2
2024-07-16T06:00,19.9,0.00,0.00,0.00,21.7,6.9,6,11.9
2024-07-16T07:00,22.0,0.00,0.00,0.00,24.1,6.5,3,12.6
2024-07-16T08:00,24.6,0.00,0.00,0.00,27.3,4.8,13,11.5
2024-07-16T09:00,26.6,0.00,0.00,0.00,29.4,3.1,54,10.4
2024-07-16T10:00,28.1,0.00,0.00,0.00,31.0,3.1,111,11.5
2024-07-16T11:00,29.3,0.00,0.00,0.00,33.0,4.6,141,14.8
2024-07-16T12:00,30.4,0.00,0.00,0.00,34.8,6.4,164,17.3
2024-07-16T13:00,31.3,0.00,0.00,0.00,35.9,7.6,177,21.2
2024-07-16T14:00,32.1,0.00,0.00,0.00,36.4,7.7,191,21.6
2024-07-16T15:00,32.3,0.00,0.00,0.00,36.3,9.3,208,22.3
2024-07-16T16:00,32.1,0.00,0.00,0.00,35.0,8.8,215,21.6
2024-07-16T17:00,32.1,0.00,0.00,0.00,34.6,8.6,213,19.8
2024-07-16T18:00,31.8,0.00,0.00,0.00,34.5,6.4,223,18.4
2024-07-16T19:00,31.2,0.00,0.00,0.00,34.9,4.1,225,14.0
2024-07-16T20:00,29.1,0.00,0.00,0.00,34.4,5.5,191,8.6
2024-07-16T21:00,29.3,0.00,0.00,0.00,32.6,4.8,153,6.8
2024-07-16T22:00,28.4,0.00,0.00,0.00,32.1,2.4,297,5.8
2024-07-16T23:00,24.5,0.00,0.00,0.00,28.4,3.3,319,4.7
2024-07-17T00:00,24.0,0.00,0.00,0.00,27.8,3.6,323,8.3
2024-07-17T01:00,22.8,0.00,0.00,0.00,26.5,4.6,321,9.7
2024-07-17T02:00,22.3,0.00,0.00,0.00,25.5,6.9,321,12.6
2024-07-17T03:00,22.7,0.00,0.00,0.00,25.8,6.1,320,13.0
2024-07-17T04:00,22.2,0.00,0.00,0.00,25.3,6.0,335,12.2
2024-07-17T05:00,22.2,0.00,0.00,0.00,25.0,6.8,342,12.2
2024-07-17T06:00,22.4,0.00,0.00,0.00,24.3,9.2,334,16.6
2024-07-17T07:00,22.9,0.00,0.00,0.00,24.6,10.0,330,18.7
2024-07-17T08:00,25.2,0.00,0.00,0.00,28.1,6.8,357,18.4
2024-07-17T09:00,27.8,0.00,0.00,0.00,31.0,5.2,25,14.0
2024-07-17T10:00,29.5,0.00,0.00,0.00,31.8,10.3,65,20.9
2024-07-17T11:00,30.5,0.00,0.00,0.00,32.4,14.6,74,29.9
2024-07-17T12:00,31.3,0.00,0.00,0.00,33.6,13.8,81,30.2
2024-07-17T13:00,31.8,0.00,0.00,0.00,35.0,11.4,79,28.4
2024-07-17T14:00,32.3,0.00,0.00,0.00,35.9,8.5,78,24.5
2024-07-17T15:00,33.0,0.00,0.00,0.00,37.2,5.8,90,19.8
2024-07-17T16:00,33.6,0.00,0.00,0.00,37.4,3.7,119,15.5
2024-07-17T17:00,33.7,0.00,0.00,0.00,36.8,3.3,131,11.5
2024-07-17T18:00,33.3,0.00,0.00,0.00,36.2,3.8,107,9.7
2024-07-17T19:00,31.9,0.00,0.00,0.00,35.4,4.9,107,10.8
2024-07-17T20:00,29.7,0.00,0.00,0.00,33.6,5.6,105,10.4
2024-07-17T21:00,28.3,0.00,0.00,0.00,31.1,7.6,65,10.4
2024-07-17T22:00,26.3,0.00,0.00,0.00,28.8,6.9,6,9.7
2024-07-17T23:00,26.6,0.00,0.00,0.00,27.9,9.2,21,14.4
2024-07-18T00:00,26.3,0.00,0.00,0.00,27.3,9.4,32,19.1
2024-07-18T01:00,25.8,0.00,0.00,0.00,26.9,9.5,29,16.2
2024-07-18T02:00,26.2,0.00,0.00,0.00,26.8,12.3,38,22.3
2024-07-18T03:00,23.4,0.00,0.00,0.00,25.9,7.2,18,10.4
2024-07-18T04:00,23.4,0.00,0.00,0.00,25.9,5.9,14,9.7
2024-07-18T05:00,24.2,0.00,0.00,0.00,26.2,7.3,9,13.7
2024-07-18T06:00,23.8,0.00,0.00,0.00,25.9,7.1,15,12.6
2024-07-18T07:00,24.5,0.00,0.00,0.00,26.8,7.4,29,13.0
2024-07-18T08:00,25.7,0.00,0.00,0.00,28.0,8.4,43,17.3
2024-07-18T09:00,26.9,0.00,0.00,0.00,29.8,5.0,360,16.2
2024-07-18T10:00,28.2,0.00,0.00,0.00,30.1,10.0,69,19.8
2024-07-18T11:00,29.6,0.00,0.00,0.00,31.0,13.4,76,28.1
2024-07-18T12:00,30.6,0.00,0.00,0.00,32.9,12.4,82,28.1
2024-07-18T13:00,31.4,0.00,0.00,0.00,34.6,10.2,82,26.6
2024-07-18T14:00,31.9,0.00,0.00,0.00,35.7,7.9,90,23.4
2024-07-18T15:00,32.6,0.00,0.00,0.00,36.1,6.7,106,21.6
2024-07-18T16:00,32.9,0.00,0.00,0.00,36.2,5.1,129,17.3
2024-07-18T17:00,32.8,0.00,0.00,0.00,35.3,4.7,148,14.4
2024-07-18T18:00,32.5,0.00,0.00,0.00,34.9,4.3,156,12.2
2024-07-18T19:00,32.4,0.00,0.00,0.00,34.5,4.0,117,10.1
2024-07-18T20:00,29.9,0.00,0.00,0.00,34.5,3.3,77,9.4
2024-07-18T21:00,29.1,0.00,0.00,0.00,31.8,4.7,32,7.6
2024-07-18T22:00,26.4,0.00,0.00,0.00,29.1,5.0,339,7.6
2024-07-18T23:00,25.6,0.00,0.00,0.00,28.3,4.9,324,9.7
2024-07-19T00:00,24.5,0.00,0.00,0.00,27.1,6.9,351,11.9
2024-07-19T01:00,24.9,0.00,0.00,0.00,27.1,6.6,9,13.3
2024-07-19T02:00,24.1,0.00,0.00,0.00,26.5,5.5,349,10.1
2024-07-19T03:00,24.1,0.00,0.00,0.00,26.3,5.8,353,10.4
2024-07-19T04:00,23.6,0.00,0.00,0.00,25.8,6.3,336,11.9
2024-07-19T05:00,23.1,0.00,0.00,0.00,25.0,7.9,321,14.8
2024-07-19T06:00,23.3,0.00,0.00,0.00,24.6,9.7,321,17.6
2024-07-19T07:00,24.1,0.00,0.00,0.00,25.7,9.6,326,18.7
2024-07-19T08:00,26.1,0.00,0.00,0.00,29.1,5.8,356,18.0
2024-07-19T09:00,28.3,0.00,0.00,0.00,31.5,5.2,65,13.3
2024-07-19T10:00,30.0,0.00,0.00,0.00,32.5,6.6,68,15.8
2024-07-19T11:00,31.3,0.00,0.00,0.00,33.7,8.4,59,19.4
2024-07-19T12:00,32.3,0.00,0.00,0.00,35.6,7.1,66,19.8
2024-07-19T13:00,32.9,0.00,0.00,0.00,37.2,4.3,95,18.0
2024-07-19T14:00,33.4,0.00,0.00,0.00,37.9,3.4,122,14.8
2024-07-19T15:00,33.8,0.00,0.00,0.00,38.1,1.9,112,12.2
2024-07-19T16:00,34.0,0.00,0.00,0.00,37.3,4.7,99,13.3
2024-07-19T17:00,33.5,0.00,0.00,0.00,35.9,6.1,90,15.5
2024-07-19T18:00,33.7,0.00,0.00,0.00,36.4,3.4,32,14.8
2024-07-19T19:00,31.1,0.00,0.00,0.00,33.1,11.3,329,19.1
2024-07-19T20:00,28.9,0.00,0.00,0.00,31.2,12.0,339,28.1
2024-07-19T21:00,27.7,0.00,0.00,0.00,29.8,10.0,339,22.0
2024-07-19T22:00,27.3,0.00,0.00,0.00,29.1,10.8,334,19.4
2024-07-19T23:00,25.2,0.50,0.00,0.50,27.2,12.1,350,22.3
2024-07-20T00:00,22.6,8.00,0.00,8.00,24.1,15.3,309,29.2
2024-07-20T01:00,22.8,1.90,0.00,1.90,24.4,14.0,316,27.4
2024-07-20T02:00,22.8,1.00,0.00,1.00,25.0,12.5,314,25.2
2024-07-20T03:00,22.9,0.00,0.00,0.00,25.7,4.5,14,7.2
2024-07-20T04:00,22.6,0.00,0.00,0.00,25.2,6.4,322,12.6
2024-07-20T05:00,22.5,0.00,0.00,0.00,25.0,7.2,288,13.3
2024-07-20T06:00,22.5,0.00,0.00,0.00,25.3,4.4,305,13.3
2024-07-20T07:00,23.0,0.00,0.00,0.00,26.0,4.3,5,8.3
2024-07-20T08:00,24.4,0.00,0.00,0.00,26.9,5.8,338,11.5
2024-07-20T09:00,25.7,0.00,0.00,0.00,27.7,5.4,307,12.2
2024-07-20T10:00,26.5,0.00,0.00,0.00,28.6,4.8,297,13.3
2024-07-20T11:00,27.8,0.00,0.00,0.00,30.2,1.8,307,12.2
2024-07-20T12:00,29.3,0.00,0.00,0.00,32.6,3.0,166,12.6
2024-07-20T13:00,30.2,0.00,0.00,0.00,33.7,5.4,160,16.2
2024-07-20T14:00,30.4,0.00,0.00,0.00,32.8,6.8,155,18.0
2024-07-20T15:00,28.1,0.00,0.00,0.00,31.0,4.6,225,20.5
2024-07-20T16:00,28.9,0.00,0.00,0.00,31.6,4.9,163,14.8
2024-07-20T17:00,28.5,0.50,0.00,0.50,30.3,7.6,155,17.3
2024-07-20T18:00,27.8,0.00,0.00,0.00,30.2,6.1,135,18.0
2024-07-20T19:00,27.3,0.00,0.00,0.00,30.2,4.7,122,14.0
2024-07-20T20:00,26.2,0.00,0.00,0.00,29.7,4.2,121,10.4
2024-07-20T21:00,24.2,0.00,0.00,0.00,27.4,6.4,117,8.3
2024-07-20T22:00,24.9,0.00,0.00,0.00,28.0,3.0,76,7.9
2024-07-20T23:00,23.1,0.00,0.00,0.00,26.6,2.1,329,3.2
2024-07-21T00:00,22.1,0.00,0.00,0.00,25.4,3.6,323,5.0
2024-07-21T01:00,21.7,0.00,0.00,0.00,25.0,2.5,352,5.0
2024-07-21T02:00,21.2,0.00,0.00,0.00,24.6,1.9,338,5.0
2024-07-21T03:00,21.7,0.00,0.00,0.00,25.1,4.0,350,7.9
2024-07-21T04:00,21.4,0.00,0.00,0.00,24.6,4.2,340,7.6
2024-07-21T05:00,21.1,0.00,0.00,0.00,24.2,4.6,321,8.3
2024-07-21T06:00,20.7,0.00,0.00,0.00,23.8,4.1,322,8.3
2024-07-21T07:00,21.9,0.00,0.00,0.00,24.9,5.4,340,10.1
2024-07-21T08:00,23.5,0.00,0.00,0.00,26.8,3.0,14,10.4
2024-07-21T09:00,24.9,0.00,0.00,0.00,28.5,1.6,63,9.7
2024-07-21T10:00,26.2,0.00,0.00,0.00,29.9,2.3,108,11.9
2024-07-21T11:00,27.5,0.00,0.00,0.00,31.9,3.9,158,14.4
2024-07-21T12:00,28.8,0.00,0.00,0.00,33.2,6.8,198,18.7
2024-07-21T13:00,29.4,0.00,0.00,0.00,33.0,9.0,196,22.0
2024-07-21T14:00,30.3,0.00,0.00,0.00,34.6,6.7,196,22.0
2024-07-21T15:00,31.3,0.00,0.00,0.00,35.3,9.3,216,21.2
2024-07-21T16:00,29.6,0.10,0.00,0.10,32.3,9.0,268,25.6
2024-07-21T17:00,30.0,0.00,0.00,0.00,33.2,6.8,245,19.4
2024-07-21T18:00,29.3,0.00,0.00,0.00,31.8,12.0,229,25.2
2024-07-21T19:00,28.5,0.00,0.00,0.00,31.8,7.8,193,24.1
2024-07-21T20:00,27.2,0.00,0.00,0.00,31.2,6.4,164,16.2
2024-07-21T21:00,25.6,0.00,0.00,0.00,29.6,5.5,157,12.2
2024-07-21T22:00,25.2,0.00,0.00,0.00,29.3,4.0,207,9.0
2024-07-21T23:00,23.7,0.00,0.00,0.00,28.2,1.9,338,5.0
2024-07-22T00:00,23.5,0.00,0.00,0.00,28.0,1.9,338,4.3
2024-07-22T01:00,23.1,0.00,0.00,0.00,27.5,2.4,333,4.3
2024-07-22T02:00,23.1,0.00,0.00,0.00,27.3,3.2,333,5.0
2024-07-22T03:00,23.0,0.00,0.00,0.00,25.3,7.8,304,15.1
2024-07-22T04:00,22.8,0.00,0.00,0.00,25.2,8.0,36,14.0
2024-07-22T05:00,22.4,0.00,0.00,0.00,24.8,7.4,14,14.4
2024-07-22T06:00,22.1,0.00,0.00,0.00,25.4,0.7,180,13.7
2024-07-22T07:00,22.1,0.00,0.00,0.00,25.6,1.1,342,4.3
2024-07-22T08:00,23.1,0.00,0.00,0.00,26.7,1.6,117,7.6
2024-07-22T09:00,24.9,0.00,0.00,0.00,28.3,3.1,21,11.2
2024-07-22T10:00,27.0,0.00,0.00,0.00,30.5,1.8,349,11.5
2024-07-22T11:00,29.0,0.00,0.00,0.00,33.5,0.8,117,10.4
2024-07-22T12:00,30.0,0.00,0.00,0.00,34.5,4.8,117,15.5
2024-07-22T13:00,31.0,0.00,0.00,0.00,34.9,7.3,99,22.7
2024-07-22T14:00,29.5,0.60,0.00,0.60,33.5,8.8,71,25.2
2024-07-22T15:00,30.9,0.00,0.00,0.00,35.1,9.7,92,32.8
2024-07-22T16:00,31.1,0.00,0.00,0.00,34.1,7.9,16,23.0
2024-07-22T17:00,29.8,0.00,0.00,0.00,32.3,8.4,205,19.1
2024-07-22T18:00,27.8,0.00,0.00,0.00,31.8,4.9,324,24.5
2024-07-22T19:00,28.2,0.00,0.00,0.00,32.0,3.4,288,16.2
2024-07-22T20:00,27.5,0.00,0.00,0.00,30.7,7.9,16,14.0
2024-07-22T21:00,25.9,0.00,0.00,0.00,28.9,7.2,357,15.1
2024-07-22T22:00,24.4,0.00,0.00,0.00,27.2,7.1,345,14.4
2024-07-22T23:00,23.1,0.00,0.00,0.00,25.8,7.1,330,13.0
2024-07-23T00:00,22.5,0.00,0.00,0.00,25.2,7.4,317,14.0
2024-07-23T01:00,22.2,0.00,0.00,0.00,24.7,7.7,311,14.4
2024-07-23T02:00,21.7,0.00,0.00,0.00,24.6,4.6,315,14.4
2024-07-23T03:00,21.7,0.00,0.00,0.00,24.7,5.5,302,13.0
2024-07-23T04:00,21.1,0.00,0.00,0.00,24.4,3.3,319,9.7
2024-07-23T05:00,21.3,0.00,0.00,0.00,24.2,5.5,11,8.6
2024-07-23T06:00,21.9,1.20,0.00,1.20,22.5,17.2,340,30.6
2024-07-23T07:00,21.9,1.90,0.00,1.90,23.5,12.2,346,33.1
2024-07-23T08:00,22.9,0.20,0.00,0.20,24.9,14.5,337,24.1
2024-07-23T09:00,24.8,0.00,0.00,0.00,27.6,11.3,333,27.0
2024-07-23T10:00,27.0,0.00,0.00,0.00,29.6,10.0,339,22.0
2024-07-23T11:00,29.2,0.00,0.00,0.00,31.8,6.1,357,20.9
2024-07-23T12:00,30.1,0.00,0.00,0.00,32.8,3.8,49,15.5
2024-07-23T13:00,30.1,0.10,0.00,0.10,32.8,2.6,164,12.2
2024-07-23T14:00,30.3,0.00,0.00,0.00,33.3,3.6,186,14.4
2024-07-23T15:00,30.4,0.00,0.00,0.00,34.2,4.1,218,13.3
2024-07-23T16:00,29.9,0.00,0.00,0.00,32.1,9.5,245,21.6
2024-07-23T17:00,30.2,0.00,0.00,0.00,32.7,5.5,293,21.6
2024-07-23T18:00,30.2,0.00,0.00,0.00,33.1,2.7,247,13.0
2024-07-23T19:00,29.5,0.00,0.00,0.00,33.7,2.2,171,7.9
2024-07-23T20:00,28.4,0.00,0.00,0.00,32.3,3.3,229,8.3
2024-07-23T21:00,28.1,0.00,0.00,0.00,31.6,0.8,333,4.0
2024-07-23T22:00,24.8,0.00,0.00,0.00,28.0,4.7,351,6.8
2024-07-23T23:00,23.9,0.00,0.00,0.00,27.3,3.7,349,7.6
2024-07-24T00:00,22.6,0.00,0.00,0.00,26.1,3.3,347,6.8
2024-07-24T01:00,22.5,0.00,0.00,0.00,26.0,3.0,346,5.8
2024-07-24T02:00,21.9,0.00,0.00,0.00,25.1,4.3,336,9.7
2024-07-24T03:00,21.3,0.00,0.00,0.00,24.3,2.8,320,7.6
2024-07-24T04:00,20.6,0.00,0.00,0.00,23.5,4.6,321,9.7
2024-07-24T05:00,20.2,0.00,0.00,0.00,23.3,3.9,22,6.8
2024-07-24T06:00,20.1,0.00,0.00,0.00,22.8,5.2,326,10.4
2024-07-24T07:00,21.3,0.00,0.00,0.00,24.0,6.3,347,10.8
2024-07-24T08:00,23.5,0.00,0.00,0.00,26.2,5.8,353,11.9
2024-07-24T09:00,25.6,0.00,0.00,0.00,28.4,3.3,319,12.2
2024-07-24T10:00,27.5,0.00,0.00,0.00,30.0,2.8,310,10.1
2024-07-24T11:00,29.2,0.00,0.00,0.00,32.1,1.9,68,10.4
2024-07-24T12:00,29.8,0.00,0.00,0.00,32.3,6.9,96,17.6
2024-07-24T13:00,30.5,0.00,0.00,0.00,32.7,9.3,106,22.7
2024-07-24T14:00,29.5,0.20,0.00,0.20,31.7,7.2,90,22.3
2024-07-24T15:00,29.2,0.00,0.00,0.00,32.0,9.1,34,27.4
2024-07-24T16:00,29.0,0.00,0.00,0.00,30.8,8.8,19,21.2
2024-07-24T17:00,29.2,0.00,0.00,0.00,31.0,5.1,39,20.5
2024-07-24T18:00,29.1,0.00,0.00,0.00,30.4,7.6,65,16.6
2024-07-24T19:00,28.1,0.00,0.00,0.00,29.8,6.2,83,16.9
2024-07-24T20:00,26.5,0.00,0.00,0.00,29.2,4.7,58,12.2
2024-07-24T21:00,24.2,0.00,0.00,0.00,25.9,7.7,11,10.1
2024-07-24T22:00,24.0,0.00,0.00,0.00,25.6,5.6,345,9.7
2024-07-24T23:00,22.8,0.00,0.00,0.00,24.2,7.1,345,13.3
2024-07-25T00:00,22.1,0.00,0.00,0.00,23.4,7.7,11,13.3
2024-07-25T01:00,22.2,0.00,0.00,0.00,23.6,6.4,16,13.7
2024-07-25T02:00,22.0,0.00,0.00,0.00,23.2,7.2,18,11.9
2024-07-25T03:00,22.1,1.30,0.00,1.30,23.0,13.1,351,25.6
2024-07-25T04:00,22.5,0.00,0.00,0.00,23.5,13.3,347,22.7
2024-07-25T05:00,21.4,0.00,0.00,0.00,22.2,12.7,335,23.8
2024-07-25T06:00,20.4,0.00,0.00,0.00,20.8,13.7,330,25.9
2024-07-25T07:00,21.1,0.00,0.00,0.00,21.8,11.9,335,25.2
2024-07-25T08:00,22.9,0.00,0.00,0.00,24.2,11.0,341,22.0
2024-07-25T09:00,24.7,0.00,0.00,0.00,26.6,7.6,360,19.1
2024-07-25T10:00,26.0,0.00,0.00,0.00,26.8,7.4,43,15.8
2024-07-25T11:00,26.7,0.00,0.00,0.00,26.5,10.3,65,21.6
2024-07-25T12:00,28.3,0.00,0.00,0.00,29.0,10.6,80,24.5
2024-07-25T13:00,29.1,0.00,0.00,0.00,30.5,8.3,92,24.1
2024-07-25T14:00,29.8,0.00,0.00,0.00,31.8,6.8,115,20.9
2024-07-25T15:00,30.4,0.00,0.00,0.00,32.5,6.4,196,18.4
2024-07-25T16:00,30.3,0.00,0.00,0.00,31.6,9.8,204,22.3
2024-07-25T17:00,29.6,0.00,0.00,0.00,29.9,11.6,206,24.1
2024-07-25T18:00,28.7,0.00,0.00,0.00,29.0,11.5,180,24.5
2024-07-25T19:00,28.1,0.00,0.00,0.00,29.0,8.7,175,23.4
2024-07-25T20:00,26.3,0.00,0.00,0.00,27.8,6.5,180,16.9
2024-07-25T21:00,24.3,0.00,0.00,0.00,25.7,7.6,211,11.2
2024-07-25T22:00,23.2,0.00,0.00,0.00,25.0,4.2,329,8.6
2024-07-25T23:00,22.9,0.00,0.00,0.00,24.8,2.9,330,6.5
2024-07-26T00:00,22.3,0.00,0.00,0.00,24.2,2.8,320,5.8
2024-07-26T01:00,21.7,0.00,0.00,0.00,23.3,4.3,318,9.0
2024-07-26T02:00,20.5,0.00,0.00,0.00,22.5,3.1,324,9.4
2024-07-26T03:00,20.8,0.00,0.00,0.00,22.6,3.7,299,7.9
2024-07-26T04:00,20.1,0.00,0.00,0.00,22.1,3.3,319,8.3
2024-07-26T05:00,19.5,0.00,0.00,0.00,21.4,4.8,347,9.0
2024-07-26T06:00,19.8,0.00,0.00,0.00,21.5,5.4,352,10.1
2024-07-26T07:00,21.3,0.00,0.00,0.00,23.0,6.9,354,11.5
2024-07-26T08:00,23.5,0.00,0.00,0.00,25.3,5.5,11,12.6
2024-07-26T09:00,25.0,0.00,0.00,0.00,26.8,4.9,54,13.3
2024-07-26T10:00,26.4,0.00,0.00,0.00,28.2,4.0,80,14.0
2024-07-26T11:00,27.8,0.00,0.00,0.00,30.3,3.6,135,13.7
2024-07-26T12:00,28.9,0.00,0.00,0.00,31.8,6.1,180,18.0
2024-07-26T13:00,29.5,0.00,0.00,0.00,32.4,7.6,188,20.5
2024-07-26T14:00,30.8,0.00,0.00,0.00,34.0,7.3,213,20.5
2024-07-26T15:00,30.2,0.00,0.00,0.00,32.4,9.3,196,22.3
2024-07-26T16:00,30.3,0.00,0.00,0.00,32.1,8.7,185,22.7
2024-07-26T17:00,30.6,0.00,0.00,0.00,32.5,7.7,169,20.5
2024-07-26T18:00,29.4,0.00,0.00,0.00,30.9,12.3,148,24.8
2024-07-26T19:00,27.5,0.00,0.00,0.00,28.8,13.2,151,28.1
2024-07-26T20:00,26.3,0.00,0.00,0.00,30.1,3.3,174,24.8
2024-07-26T21:00,26.2,0.00,0.00,0.00,29.3,1.5,315,5.4
2024-07-26T22:00,23.8,0.00,0.00,0.00,27.2,3.1,324,4.3
2024-07-26T23:00,23.7,0.00,0.00,0.00,26.6,3.9,326,7.9
2024-07-27T00:00,22.7,0.00,0.00,0.00,25.6,4.7,328,8.6
2024-07-27T01:00,21.9,0.00,0.00,0.00,24.8,4.3,318,9.0
2024-07-27T02:00,21.3,0.00,0.00,0.00,24.3,3.8,311,9.4
2024-07-27T03:00,21.9,0.00,0.00,0.00,24.7,3.8,319,8.6
2024-07-27T04:00,21.3,0.00,0.00,0.00,24.0,5.1,321,10.1
2024-07-27T05:00,20.7,0.00,0.00,0.00,23.7,3.8,343,10.8
2024-07-27T06:00,20.4,0.00,0.00,0.00,23.2,4.5,346,8.6
2024-07-27T07:00,22.1,0.00,0.00,0.00,24.7,7.2,6,12.2
2024-07-27T08:00,24.3,0.00,0.00,0.00,27.1,5.6,27,13.3
2024-07-27T09:00,26.0,0.00,0.00,0.00,28.9,5.1,45,14.0
2024-07-27T10:00,27.7,0.00,0.00,0.00,30.8,2.2,90,14.0
2024-07-27T11:00,29.2,0.00,0.00,0.00,32.3,5.1,172,15.5
2024-07-27T12:00,30.2,0.00,0.00,0.00,33.6,8.0,185,20.9
2024-07-27T13:00,31.1,0.00,0.00,0.00,34.6,9.1,198,22.3
2024-07-27T14:00,32.0,0.00,0.00,0.00,35.5,10.0,206,23.8
2024-07-27T15:00,31.7,0.00,0.00,0.00,35.5,8.9,207,22.3
2024-07-27T16:00,31.9,0.00,0.00,0.00,35.4,8.6,202,22.0
2024-07-27T17:00,31.8,0.00,0.00,0.00,34.5,9.8,197,22.0
2024-07-27T18:00,31.1,0.00,0.00,0.00,33.5,10.5,184,22.0
2024-07-27T19:00,29.7,0.00,0.00,0.00,32.3,10.0,167,22.0
2024-07-27T20:00,27.9,0.00,0.00,0.00,30.9,7.1,165,19.8
2024-07-27T21:00,27.2,0.00,0.00,0.00,30.4,3.3,193,13.0
2024-07-27T22:00,25.1,0.00,0.00,0.00,28.8,3.7,331,4.7
2024-07-27T23:00,24.9,0.00,0.00,0.00,28.6,3.4,288,5.0
2024-07-28T00:00,24.2,0.00,0.00,0.00,27.5,4.7,270,7.9
2024-07-28T01:00,24.0,0.00,0.00,0.00,27.3,4.7,293,8.6
2024-07-28T02:00,23.5,0.00,0.00,0.00,26.8,4.1,315,8.3
2024-07-28T03:00,23.4,0.00,0.00,0.00,26.9,3.6,307,9.7
2024-07-28T04:00,22.8,0.00,0.00,0.00,26.2,4.1,315,7.9
2024-07-28T05:00,22.4,0.00,0.00,0.00,25.5,5.7,325,10.4
2024-07-28T06:00,22.3,0.00,0.00,0.00,25.1,6.1,357,10.8
2024-07-28T07:00,23.5,0.00,0.00,0.00,26.3,6.9,9,12.2
2024-07-28T08:00,25.5,0.00,0.00,0.00,28.8,5.6,27,12.6
2024-07-28T09:00,27.2,0.00,0.00,0.00,30.6,5.2,56,14.0
2024-07-28T10:00,28.6,0.00,0.00,0.00,32.2,5.1,86,15.5
2024-07-28T11:00,29.9,0.00,0.00,0.00,34.0,5.6,117,17.3
2024-07-28T12:00,31.1,0.00,0.00,0.00,36.1,5.4,138,18.0
2024-07-28T13:00,32.3,0.00,0.00,0.00,37.7,5.1,172,16.9
2024-07-28T14:00,33.5,0.00,0.00,0.00,38.6,5.8,210,18.0
2024-07-28T15:00,33.5,0.00,0.00,0.00,38.3,5.7,235,19.4
2024-07-28T16:00,33.8,0.00,0.00,0.00,38.5,0.8,333,15.8
2024-07-28T17:00,33.1,0.00,0.00,0.00,36.9,5.7,108,14.0
2024-07-28T18:00,30.6,0.00,0.00,0.00,34.0,6.6,331,15.8
2024-07-28T19:00,29.7,0.00,0.00,0.00,33.2,6.4,333,14.8
2024-07-28T20:00,28.7,0.00,0.00,0.00,32.3,8.0,10,14.4
2024-07-28T21:00,25.5,2.40,0.00,2.40,27.3,19.8,333,33.5
2024-07-28T22:00,23.7,1.20,0.00,1.20,25.8,13.9,339,37.4
2024-07-28T23:00,23.8,0.00,0.00,0.00,26.0,12.8,338,25.2
2024-07-29T00:00,23.7,0.00,0.00,0.00,26.2,10.8,334,23.0
2024-07-29T01:00,23.3,0.00,0.00,0.00,26.1,9.8,332,19.4
2024-07-29T02:00,22.9,0.00,0.00,0.00,25.8,8.7,336,18.0
2024-07-29T03:00,22.6,0.00,0.00,0.00,25.8,5.8,330,10.4
2024-07-29T04:00,22.2,0.00,0.00,0.00,25.2,6.6,338,12.2
2024-07-29T05:00,21.8,0.00,0.00,0.00,24.8,5.1,356,12.6
2024-07-29T06:00,21.8,0.00,0.00,0.00,24.5,6.5,6,11.9
2024-07-29T07:00,23.0,0.00,0.00,0.00,25.2,9.8,28,15.8
2024-07-29T08:00,24.3,0.00,0.00,0.00,25.3,13.7,60,24.8
2024-07-29T09:00,25.4,0.00,0.00,0.00,25.7,14.5,67,28.4
2024-07-29T10:00,26.9,0.00,0.00,0.00,26.8,15.9,72,32.0
2024-07-29T11:00,28.4,0.00,0.00,0.00,28.6,15.5,77,32.8
2024-07-29T12:00,29.4,0.00,0.00,0.00,30.4,15.0,80,32.4
2024-07-29T13:00,30.2,0.00,0.00,0.00,31.7,14.1,84,32.4
2024-07-29T14:00,30.8,0.00,0.00,0.00,32.8,12.0,83,31.0
2024-07-29T15:00,31.2,0.00,0.00,0.00,34.2,8.0,100,21.6
2024-07-29T16:00,31.5,0.00,0.00,0.00,33.9,9.5,99,22.0
2024-07-29T17:00,31.3,0.00,0.00,0.00,32.7,10.1,94,22.7
2024-07-29T18:00,30.6,0.00,0.00,0.00,31.7,11.2,86,22.7
2024-07-29T19:00,29.6,0.00,0.00,0.00,31.0,9.4,86,22.3
2024-07-29T20:00,27.9,0.00,0.00,0.00,30.6,5.2,78,18.4
2024-07-29T21:00,26.9,0.00,0.00,0.00,29.2,6.3,24,9.7
2024-07-29T22:00,25.3,0.00,0.00,0.00,27.8,6.6,9,7.6
2024-07-29T23:00,25.3,0.00,0.00,0.00,26.9,7.4,51,11.5
2024-07-30T00:00,24.9,0.00,0.00,0.00,25.9,8.7,60,16.2
2024-07-30T01:00,24.2,0.00,0.00,0.00,25.2,7.4,47,15.1
2024-07-30T02:00,23.6,0.00,0.00,0.00,24.6,6.7,36,13.0
2024-07-30T03:00,22.7,0.00,0.00,0.00,24.3,6.5,34,11.2
2024-07-30T04:00,22.6,0.00,0.00,0.00,24.2,6.6,22,10.8
2024-07-30T05:00,22.3,0.00,0.00,0.00,23.7,6.6,22,11.2
2024-07-30T06:00,21.5,0.00,0.00,0.00,23.1,5.6,15,11.2
2024-07-30T07:00,22.6,0.00,0.00,0.00,24.4,6.1,360,10.8
2024-07-30T08:00,24.7,0.00,0.00,0.00,26.2,6.7,16,14.0
2024-07-30T09:00,25.9,0.00,0.00,0.00,26.9,8.3,56,18.7
2024-07-30T10:00,27.1,0.00,0.00,0.00,27.7,9.3,74,21.6
2024-07-30T11:00,28.3,0.00,0.00,0.00,29.8,8.0,80,22.0
2024-07-30T12:00,29.4,0.00,0.00,0.00,31.9,5.8,97,20.5
2024-07-30T13:00,30.4,0.00,0.00,0.00,33.6,4.6,135,18.0
2024-07-30T14:00,31.1,0.00,0.00,0.00,34.5,4.7,171,15.8
2024-07-30T15:00,31.2,0.00,0.00,0.00,34.3,6.1,177,18.4
2024-07-30T16:00,31.6,0.00,0.00,0.00,34.1,7.0,192,18.0
2024-07-30T17:00,31.4,0.00,0.00,0.00,33.1,8.7,163,19.8
2024-07-30T18:00,30.7,0.00,0.00,0.00,32.2,10.0,154,21.6
2024-07-30T19:00,29.7,0.00,0.00,0.00,31.4,9.7,153,22.0
2024-07-30T20:00,28.1,0.00,0.00,0.00,30.9,6.0,163,19.1
2024-07-30T21:00,25.9,0.00,0.00,0.00,29.1,5.8,202,10.8
2024-07-30T22:00,24.9,0.00,0.00,0.00,28.2,6.3,257,8.3
2024-07-30T23:00,24.5,0.00,0.00,0.00,27.9,4.7,293,7.9
2024-07-31T00:00,24.4,0.00,0.00,0.00,27.6,3.9,292,6.8
2024-07-31T01:00,24.0,0.00,0.00,0.00,26.9,4.8,297,9.4
2024-07-31T02:00,23.0,0.00,0.00,0.00,26.0,4.3,294,9.7
2024-07-31T03:00,22.4,0.00,0.00,0.00,25.6,4.4,305,9.0
2024-07-31T04:00,21.8,0.00,0.00,0.00,25.0,3.8,311,8.6
2024-07-31T05:00,21.3,0.00,0.00,0.00,24.3,4.3,336,8.3
2024-07-31T06:00,21.2,0.00,0.00,0.00,23.8,5.4,356,10.4
2024-07-31T07:00,22.4,0.00,0.00,0.00,25.0,5.9,349,10.4
2024-07-31T08:00,24.9,0.00,0.00,0.00,27.9,3.3,6,10.4
2024-07-31T09:00,26.7,0.00,0.00,0.00,30.0,1.8,79,9.4
2024-07-31T10:00,28.2,0.00,0.00,0.00,31.6,2.9,150,12.2
2024-07-31T11:00,29.5,0.00,0.00,0.00,33.3,5.9,191,16.9
2024-07-31T12:00,30.7,0.00,0.00,0.00,34.8,7.9,210,20.9
2024-07-31T13:00,31.8,0.00,0.00,0.00,36.2,8.0,207,21.6
2024-07-31T14:00,32.5,0.00,0.00,0.00,36.9,9.2,201,23.0
2024-07-31T15:00,32.4,0.00,0.00,0.00,36.8,9.2,206,25.9
2024-07-31T16:00,32.4,0.00,0.00,0.00,36.9,6.3,204,22.7
2024-07-31T17:00,32.4,0.00,0.00,0.00,35.8,7.9,196,18.7
2024-07-31T18:00,32.1,0.00,0.00,0.00,35.1,10.2,188,20.9
2024-07-31T19:00,31.1,0.00,0.00,0.00,34.3,9.1,189,22.3
2024-07-31T20:00,29.4,0.00,0.00,0.00,32.8,9.4,182,18.4
2024-07-31T21:00,27.4,0.00,0.00,0.00,31.6,4.9,163,17.6
2024-07-31T22:00,27.2,0.00,0.00,0.00,31.5,3.2,180,8.6
2024-07-31T23:00,26.8,0.00,0.00,0.00,31.1,2.5,270,4.3
2024-08-01T00:00,25.0,0.00,0.00,0.00,29.2,4.9,306,6.1
2024-08-01T01:00,24.8,0.00,0.00,0.00,29.0,4.6,321,6.8
2024-08-01T02:00,24.5,0.00,0.00,0.00,28.8,3.3,319,6.1
2024-08-01T03:00,23.4,0.00,0.00,0.00,27.1,5.5,302,10.4
2024-08-01T04:00,23.2,0.00,0.00,0.00,26.8,5.1,315,10.4
2024-08-01T05:00,22.9,0.00,0.00,0.00,26.6,4.3,318,9.4
2024-08-01T06:00,22.6,0.00,0.00,0.00,26.2,4.4,9,8.6
2024-08-01T07:00,23.9,0.00,0.00,0.00,27.0,8.9,27,15.1
2024-08-01T08:00,25.4,0.00,0.00,0.00,28.8,8.0,27,17.3
2024-08-01T09:00,26.9,0.00,0.00,0.00,30.7,7.0,55,17.3
2024-08-01T10:00,28.4,0.00,0.00,0.00,32.5,6.1,90,18.0
2024-08-01T11:00,29.8,0.00,0.00,0.00,34.6,5.4,132,17.3
2024-08-01T12:00,31.1,0.30,0.00,0.30,36.2,6.5,177,20.2
2024-08-01T13:00,30.9,0.20,0.00,0.20,35.4,8.0,185,22.0
2024-08-01T14:00,31.0,0.30,0.00,0.30,35.7,3.5,204,21.2
2024-08-01T15:00,33.2,0.00,0.00,0.00,36.3,10.8,201,22.7
2024-08-01T16:00,31.0,0.00,0.00,0.00,33.4,12.5,192,31.7
2024-08-01T17:00,30.3,0.00,0.00,0.00,33.4,11.2,180,24.8
2024-08-01T18:00,30.6,0.00,0.00,0.00,34.8,3.4,148,24.1
2024-08-01T19:00,29.0,0.00,0.00,0.00,32.0,11.1,103,22.0
2024-08-01T20:00,27.1,0.00,0.00,0.00,29.9,11.9,95,23.0
2024-08-01T21:00,25.5,0.00,0.00,0.00,28.0,12.0,69,22.7
2024-08-01T22:00,24.7,0.00,0.00,0.00,28.1,4.5,14,21.2
2024-08-01T23:00,24.3,0.00,0.00,0.00,27.8,3.6,315,7.9
2024-08-02T00:00,24.3,0.00,0.00,0.00,28.1,3.1,306,7.2
2024-08-02T01:00,23.9,0.00,0.00,0.00,27.1,7.5,235,13.0
2024-08-02T02:00,23.5,0.00,0.00,0.00,27.2,4.8,297,13.3
2024-08-02T03:00,20.1,0.00,0.00,0.00,23.3,3.6,264,9.0
2024-08-02T04:00,19.3,0.00,0.00,0.00,22.1,3.7,299,7.2
2024-08-02T05:00,19.7,0.00,0.00,0.00,22.2,6.6,315,12.2
2024-08-02T06:00,19.5,0.00,0.00,0.00,22.1,4.8,333,13.3
2024-08-02T07:00,20.6,0.00,0.00,0.00,23.2,6.4,322,11.2
2024-08-02T08:00,22.2,0.00,0.00,0.00,26.0,3.9,304,11.9
2024-08-02T09:00,24.2,0.00,0.00,0.00,28.2,2.5,278,10.8
2024-08-02T10:00,25.9,0.00,0.00,0.00,29.8,2.1,211,11.5
2024-08-02T11:00,27.4,0.00,0.00,0.00,31.5,4.3,175,14.8
2024-08-02T12:00,28.6,0.00,0.00,0.00,33.0,6.1,183,18.0
2024-08-02T13:00,29.7,0.00,0.00,0.00,34.0,7.6,199,20.5
2024-08-02T14:00,30.1,0.00,0.00,0.00,33.4,8.1,225,20.2
2024-08-02T15:00,29.8,0.10,0.00,0.10,33.6,8.1,201,23.0
2024-08-02T16:00,29.3,1.20,0.00,1.20,33.1,4.6,219,19.8
2024-08-02T17:00,29.8,0.00,0.00,0.00,33.5,4.1,225,15.5
2024-08-02T18:00,29.3,0.00,0.00,0.00,33.2,2.3,198,11.5
2024-08-02T19:00,28.6,0.00,0.00,0.00,32.6,2.0,135,10.1
2024-08-02T20:00,27.3,0.00,0.00,0.00,32.2,2.7,113,5.0
2024-08-02T21:00,25.1,0.00,0.00,0.00,29.2,7.2,96,8.6
2024-08-02T22:00,24.7,0.00,0.00,0.00,28.8,5.6,40,8.6
2024-08-02T23:00,24.7,0.00,0.00,0.00,28.9,2.9,353,6.8
2024-08-03T00:00,22.7,0.00,0.00,0.00,26.7,3.2,333,4.7
2024-08-03T01:00,22.1,0.00,0.00,0.00,26.0,2.3,342,5.4
2024-08-03T02:00,21.4,0.00,0.00,0.00,25.2,2.4,333,6.5
2024-08-03T03:00,20.8,0.00,0.00,0.00,23.0,8.9,317,15.8
2024-08-03T04:00,21.2,0.00,0.00,0.00,23.5,5.4,340,15.8
2024-08-03T05:00,20.2,0.00,0.00,0.00,22.1,6.5,360,11.5
2024-08-03T06:00,19.8,0.00,0.00,0.00,21.5,5.5,337,11.9
2024-08-03T07:00,20.8,0.00,0.00,0.00,21.9,8.5,348,15.5
2024-08-03T08:00,23.1,0.00,0.00,0.00,25.2,4.9,306,14.4
2024-08-03T09:00,25.8,0.00,0.00,0.00,28.2,3.8,287,12.6
2024-08-03T10:00,27.7,0.00,0.00,0.00,29.8,4.4,325,12.2
2024-08-03T11:00,29.4,0.00,0.00,0.00,30.5,10.0,30,21.6
2024-08-03T12:00,30.2,0.00,0.00,0.00,31.7,11.0,58,24.5
2024-08-03T13:00,30.6,0.00,0.00,0.00,32.2,11.7,99,25.9
2024-08-03T14:00,30.8,0.00,0.00,0.00,32.0,12.3,97,27.4
2024-08-03T15:00,30.1,0.00,0.00,0.00,31.6,10.9,81,28.4
2024-08-03T16:00,29.9,0.00,0.00,0.00,30.5,12.2,88,25.2
2024-08-03T17:00,29.1,0.00,0.00,0.00,29.4,13.7,88,28.4
2024-08-03T18:00,28.4,0.00,0.00,0.00,29.4,9.7,88,27.0
2024-08-03T19:00,27.4,0.00,0.00,0.00,29.7,5.4,53,19.8
2024-08-03T20:00,25.5,0.00,0.00,0.00,27.3,6.2,7,10.8
2024-08-03T21:00,23.8,0.00,0.00,0.00,25.6,5.2,344,11.2
2024-08-03T22:00,23.1,0.00,0.00,0.00,25.0,5.8,330,11.2
2024-08-03T23:00,21.9,0.00,0.00,0.00,23.8,6.2,324,12.2
2024-08-04T00:00,21.1,0.00,0.00,0.00,22.7,7.4,321,13.7
2024-08-04T01:00,20.7,0.00,0.00,0.00,22.3,6.4,333,14.0
2024-08-04T02:00,20.3,0.00,0.00,0.00,21.9,6.9,354,12.2
2024-08-04T03:00,21.2,0.00,0.00,0.00,23.3,5.8,356,10.4
2024-08-04T04:00,21.6,0.00,0.00,0.00,23.1,6.2,350,11.9
2024-08-04T05:00,21.3,0.00,0.00,0.00,23.0,5.1,352,10.8
2024-08-04T06:00,20.5,0.00,0.00,0.00,22.2,5.1,4,9.0
2024-08-04T07:00,21.6,0.00,0.00,0.00,23.3,6.5,357,11.5
2024-08-04T08:00,22.7,0.00,0.00,0.00,24.6,7.2,354,13.3
2024-08-04T09:00,25.3,0.00,0.00,0.00,27.2,5.9,14,14.4
2024-08-04T10:00,27.0,0.00,0.00,0.00,28.8,5.1,45,14.0
2024-08-04T11:00,28.4,0.00,0.00,0.00,30.3,4.1,75,14.0
2024-08-04T12:00,29.3,0.00,0.00,0.00,31.8,4.5,119,14.4
2024-08-04T13:00,29.8,0.00,0.00,0.00,32.9,5.5,157,17.6
2024-08-04T14:00,30.3,0.00,0.00,0.00,33.3,4.7,203,18.0
2024-08-04T15:00,29.1,0.00,0.00,0.00,32.6,4.7,270,15.1
2024-08-04T16:00,29.8,0.00,0.00,0.00,32.1,6.6,241,16.6
2024-08-04T17:00,29.9,0.00,0.00,0.00,31.7,6.9,208,18.4
2024-08-04T18:00,29.6,0.00,0.00,0.00,31.7,5.9,191,15.8
2024-08-04T19:00,28.3,0.00,0.00,0.00,31.5,5.0,159,13.3
2024-08-04T20:00,26.3,0.00,0.00,0.00,29.9,5.0,120,9.7
2024-08-04T21:00,24.6,0.00,0.00,0.00,27.8,5.6,45,8.6
2024-08-04T22:00,23.8,0.00,0.00,0.00,27.1,4.0,355,7.6
2024-08-04T23:00,22.8,0.00,0.00,0.00,25.9,3.2,333,6.5
2024-08-05T00:00,22.9,0.00,0.00,0.00,25.9,2.4,333,5.0
2024-08-05T01:00,22.8,0.00,0.00,0.00,25.2,3.9,326,8.3
2024-08-05T02:00,21.9,0.00,0.00,0.00,24.2,5.3,332,10.1
2024-08-05T03:00,21.7,0.00,0.00,0.00,23.8,8.6,345,19.1
2024-08-05T04:00,21.6,0.00,0.00,0.00,23.9,8.8,341,15.1
2024-08-05T05:00,21.4,0.00,0.00,0.00,24.1,5.8,360,15.1
2024-08-05T06:00,20.9,0.00,0.00,0.00,23.5,5.8,353,10.4
2024-08-05T07:00,21.4,0.00,0.00,0.00,24.0,6.2,350,10.8
2024-08-05T08:00,23.2,0.00,0.00,0.00,25.9,6.6,351,13.0
2024-08-05T09:00,25.2,0.00,0.00,0.00,27.4,5.8,7,13.7
2024-08-05T10:00,26.9,0.00,0.00,0.00,28.8,4.5,29,13.7
2024-08-05T11:00,28.3,0.00,0.00,0.00,30.6,3.9,68,13.3
2024-08-05T12:00,29.3,0.00,0.00,0.00,32.5,2.9,120,13.0
2024-08-05T13:00,30.1,0.00,0.00,0.00,33.5,4.6,162,14.8
2024-08-05T14:00,30.4,0.00,0.00,0.00,33.3,6.1,183,16.6
2024-08-05T15:00,29.9,0.00,0.00,0.00,33.2,6.0,213,16.9
2024-08-05T16:00,30.1,0.00,0.00,0.00,32.5,6.6,225,17.3
2024-08-05T17:00,30.3,0.00,0.00,0.00,32.3,6.6,229,16.6
2024-08-05T18:00,29.9,0.00,0.00,0.00,32.3,5.9,232,15.5
2024-08-05T19:00,29.1,0.00,0.00,0.00,32.5,3.6,217,13.0
2024-08-05T20:00,27.0,0.00,0.00,0.00,30.7,4.7,157,7.2
2024-08-05T21:00,24.8,0.00,0.00,0.00,27.9,7.4,129,9.0
2024-08-05T22:00,25.8,0.00,0.00,0.00,28.8,3.6,53,9.7
2024-08-05T23:00,23.8,0.00,0.00,0.00,27.0,4.0,355,7.2
2024-08-06T00:00,23.3,0.00,0.00,0.00,26.5,4.1,345,8.3
2024-08-06T01:00,23.0,0.00,0.00,0.00,26.2,2.7,337,6.5
2024-08-06T02:00,22.2,0.00,0.00,0.00,25.1,4.8,333,10.1
2024-08-06T03:00,22.4,0.00,0.00,0.00,25.1,5.5,328,10.8
2024-08-06T04:00,22.0,0.00,0.00,0.00,24.6,6.3,329,11.5
2024-08-06T05:00,22.0,0.00,0.00,0.00,24.5,6.9,6,12.2
2024-08-06T06:00,22.1,0.00,0.00,0.00,24.1,7.9,39,14.0
2024-08-06T07:00,22.4,0.00,0.00,0.00,24.3,8.2,38,14.8
2024-08-06T08:00,23.6,0.00,0.00,0.00,25.0,10.2,58,20.2
2024-08-06T09:00,24.5,0.00,0.00,0.00,26.0,9.8,66,21.2
2024-08-06T10:00,25.7,0.00,0.00,0.00,27.2,10.2,72,23.0
2024-08-06T11:00,26.9,0.00,0.00,0.00,29.0,9.3,77,23.0
2024-08-06T12:00,28.2,0.00,0.00,0.00,30.9,9.0,85,22.3
2024-08-06T13:00,29.1,0.00,0.00,0.00,32.2,9.1,97,22.3
2024-08-06T14:00,29.7,0.00,0.00,0.00,33.4,7.3,99,22.3
2024-08-06T15:00,30.5,0.00,0.00,0.00,35.0,1.3,124,15.1
2024-08-06T16:00,30.4,0.00,0.00,0.00,33.8,1.8,180,10.1
2024-08-06T17:00,30.4,0.00,0.00,0.00,33.6,1.8,191,9.7
2024-08-06T18:00,30.3,0.00,0.00,0.00,33.5,4.1,218,9.0
2024-08-06T19:00,29.5,0.00,0.00,0.00,33.3,4.0,185,10.1
2024-08-06T20:00,27.5,0.00,0.00,0.00,31.1,5.4,172,9.7
2024-08-06T21:00,25.7,0.00,0.00,0.00,29.2,5.8,187,9.4
2024-08-06T22:00,25.5,0.00,0.00,0.00,28.9,6.9,223,9.7
2024-08-06T23:00,25.1,0.00,0.00,0.00,28.9,4.2,301,8.3
2024-08-07T00:00,24.4,0.00,0.00,0.00,28.2,3.1,306,5.8
2024-08-07T01:00,23.5,2.00,0.00,2.00,25.4,14.6,327,24.5
2024-08-07T02:00,22.6,0.00,0.00,0.00,25.7,7.4,317,26.3
2024-08-07T03:00,22.6,0.00,0.00,0.00,25.6,4.5,346,17.3
2024-08-07T04:00,22.5,0.00,0.00,0.00,25.1,7.2,357,13.0
2024-08-07T05:00,22.4,0.00,0.00,0.00,25.0,6.9,317,13.0
2024-08-07T06:00,21.9,0.00,0.00,0.00,24.2,8.4,310,15.5
2024-08-07T07:00,22.1,0.00,0.00,0.00,24.4,7.5,325,15.1
2024-08-07T08:00,23.3,0.00,0.00,0.00,26.3,4.7,9,14.0
2024-08-07T09:00,25.7,0.00,0.00,0.00,28.5,4.8,63,12.6
2024-08-07T10:00,27.2,0.00,0.00,0.00,30.1,3.7,79,13.3
2024-08-07T11:00,28.6,0.00,0.00,0.00,32.2,3.1,144,12.6
2024-08-07T12:00,29.8,0.00,0.00,0.00,33.9,6.1,180,17.6
2024-08-07T13:00,30.5,0.00,0.00,0.00,35.0,6.0,213,18.4
2024-08-07T14:00,31.2,0.00,0.00,0.00,34.8,9.0,209,22.3
2024-08-07T15:00,28.7,2.20,0.00,2.20,33.1,1.5,14,24.5
2024-08-07T16:00,29.3,0.00,0.00,0.00,33.1,5.4,290,15.1
2024-08-07T17:00,29.8,0.00,0.00,0.00,34.2,2.3,309,14.4
2024-08-07T18:00,29.8,0.30,0.00,0.30,33.0,5.6,225,16.2
2024-08-07T19:00,28.8,0.00,0.00,0.00,32.7,5.6,207,13.3
2024-08-07T20:00,27.2,0.00,0.00,0.00,31.5,4.7,180,11.2
2024-08-07T21:00,25.8,0.00,0.00,0.00,29.8,5.0,201,8.3
2024-08-07T22:00,25.1,0.00,0.00,0.00,29.1,5.7,252,8.3
2024-08-07T23:00,24.4,0.00,0.00,0.00,28.5,4.2,301,7.9
2024-08-08T00:00,23.7,0.00,0.00,0.00,27.9,2.1,329,6.5
2024-08-08T01:00,22.9,0.00,0.00,0.00,26.9,2.5,315,6.8
2024-08-08T02:00,22.2,0.00,0.00,0.00,26.1,2.5,315,6.8
2024-08-08T03:00,20.4,0.00,0.00,0.00,23.1,4.9,343,9.7
2024-08-08T04:00,19.9,0.00,0.00,0.00,22.2,5.7,342,10.8
2024-08-08T05:00,19.4,0.00,0.00,0.00,21.5,5.7,342,11.2
2024-08-08T06:00,19.0,0.00,0.00,0.00,21.2,4.1,315,11.2
2024-08-08T07:00,19.7,0.00,0.00,0.00,21.5,6.1,315,11.2
2024-08-08T08:00,22.2,0.00,0.00,0.00,24.4,4.3,318,12.6
2024-08-08T09:00,24.7,0.00,0.00,0.00,27.3,1.5,346,10.1
2024-08-08T10:00,26.5,0.00,0.00,0.00,29.1,1.8,143,10.1
2024-08-08T11:00,27.9,0.00,0.00,0.00,31.2,1.9,158,11.5
2024-08-08T12:00,29.2,0.00,0.00,0.00,33.0,3.3,167,13.7
2024-08-08T13:00,30.2,0.00,0.00,0.00,34.3,4.7,176,15.8
2024-08-08T14:00,31.1,0.00,0.00,0.00,35.2,5.0,180,15.8
2024-08-08T15:00,31.4,0.00,0.00,0.00,34.2,7.3,191,18.7
2024-08-08T16:00,31.6,0.00,0.00,0.00,33.4,7.8,193,18.7
2024-08-08T17:00,31.7,0.00,0.00,0.00,33.4,6.5,199,17.6
2024-08-08T18:00,31.2,0.00,0.00,0.00,33.3,5.2,192,14.8
2024-08-08T19:00,29.9,0.00,0.00,0.00,33.3,4.0,180,11.5
2024-08-08T20:00,27.2,0.00,0.00,0.00,30.9,6.9,174,7.9
2024-08-08T21:00,27.8,0.00,0.00,0.00,30.2,3.5,204,8.3
2024-08-08T22:00,25.5,0.00,0.00,0.00,28.4,2.3,321,4.3
2024-08-08T23:00,23.4,0.00,0.00,0.00,26.0,3.4,328,6.8
2024-08-09T00:00,22.4,0.00,0.00,0.00,24.8,3.6,323,8.6
2024-08-09T01:00,21.2,0.00,0.00,0.00,23.6,3.6,323,9.0
2024-08-09T02:00,20.4,0.00,0.00,0.00,22.6,4.6,315,10.4
2024-08-09T03:00,21.7,0.00,0.00,0.00,24.2,4.5,346,9.4
2024-08-09T04:00,21.6,0.00,0.00,0.00,24.0,4.2,340,8.6
2024-08-09T05:00,21.1,0.00,0.00,0.00,23.2,6.0,335,11.5
2024-08-09T06:00,20.8,0.00,0.00,0.00,22.4,7.7,332,14.0
2024-08-09T07:00,21.6,0.00,0.00,0.00,23.3,6.6,338,14.0
2024-08-09T08:00,23.9,0.00,0.00,0.00,26.3,5.4,8,12.2
2024-08-09T09:00,25.9,0.00,0.00,0.00,28.5,4.3,48,12.2
2024-08-09T10:00,27.4,0.00,0.00,0.00,30.0,4.4,81,13.7
2024-08-09T11:00,28.7,0.00,0.00,0.00,31.5,6.2,97,16.9
2024-08-09T12:00,29.8,0.00,0.00,0.00,32.9,6.8,108,18.7
2024-08-09T13:00,30.8,0.00,0.00,0.00,34.3,5.8,120,18.7
2024-08-09T14:00,31.6,0.00,0.00,0.00,35.5,2.9,120,16.9
2024-08-09T15:00,31.6,0.00,0.00,0.00,36.1,2.4,153,14.8
2024-08-09T16:00,31.9,0.00,0.00,0.00,35.7,3.8,163,14.4
2024-08-09T17:00,32.2,0.00,0.00,0.00,34.8,5.8,176,14.8
2024-08-09T18:00,31.6,0.00,0.00,0.00,34.3,6.5,180,14.4
2024-08-09T19:00,30.3,0.00,0.00,0.00,33.4,6.1,180,14.4
2024-08-09T20:00,27.9,0.00,0.00,0.00,31.9,5.2,164,12.6
2024-08-09T21:00,27.5,0.00,0.00,0.00,30.6,6.3,149,9.7
2024-08-09T22:00,27.9,0.00,0.00,0.00,31.2,1.6,27,7.6
2024-08-09T23:00,24.9,0.00,0.00,0.00,28.4,4.2,340,6.1
2024-08-10T00:00,24.2,0.00,0.00,0.00,27.8,3.2,333,6.8
2024-08-10T01:00,23.3,0.00,0.00,0.00,27.1,2.0,315,6.5
2024-08-10T02:00,22.7,0.00,0.00,0.00,26.1,4.1,308,9.4
2024-08-10T03:00,22.3,0.00,0.00,0.00,25.4,6.4,313,12.2
2024-08-10T04:00,22.1,0.00,0.00,0.00,25.2,5.6,315,12.6
2024-08-10T05:00,21.9,0.00,0.00,0.00,24.9,6.2,339,11.5
2024-08-10T06:00,21.9,0.00,0.00,0.00,24.9,4.8,347,11.2
2024-08-10T07:00,23.0,0.00,0.00,0.00,25.8,5.8,338,10.4
2024-08-10T08:00,25.2,0.00,0.00,0.00,28.2,5.8,338,12.6
2024-08-10T09:00,27.9,0.00,0.00,0.00,31.2,4.0,360,12.2
2024-08-10T10:00,29.7,0.00,0.00,0.00,33.0,4.3,66,12.6
2024-08-10T11:00,30.8,0.00,0.00,0.00,33.9,7.2,87,18.4
2024-08-10T12:00,31.7,0.00,0.00,0.00,35.2,8.0,98,20.5
2024-08-10T13:00,32.5,0.00,0.00,0.00,36.3,7.4,104,20.5
2024-08-10T14:00,33.0,0.00,0.00,0.00,37.0,5.6,105,19.4
2024-08-10T15:00,33.5,0.00,0.00,0.00,37.4,4.3,114,16.9
2024-08-10T16:00,33.7,0.00,0.00,0.00,37.3,3.6,143,14.0
2024-08-10T17:00,33.5,0.00,0.00,0.00,36.4,4.1,142,11.9
2024-08-10T18:00,33.0,0.00,0.00,0.00,36.1,5.0,150,11.9
2024-08-10T19:00,32.1,0.00,0.00,0.00,35.8,4.5,151,11.2
2024-08-10T20:00,29.6,0.00,0.00,0.00,33.4,5.4,160,9.7
2024-08-10T21:00,27.6,0.00,0.00,0.00,31.0,7.9,177,10.4
2024-08-10T22:00,28.5,0.00,0.00,0.00,32.0,1.3,326,9.4
2024-08-10T23:00,26.0,0.00,0.00,0.00,29.8,3.8,343,5.0
2024-08-11T00:00,25.1,0.00,0.00,0.00,28.7,3.9,338,5.8
2024-08-11T01:00,24.5,0.00,0.00,0.00,27.8,4.0,360,6.8
2024-08-11T02:00,23.8,0.00,0.00,0.00,27.1,4.3,5,7.9
2024-08-11T03:00,23.1,0.00,0.00,0.00,26.3,4.1,345,7.2
2024-08-11T04:00,23.1,0.00,0.00,0.00,26.2,4.6,342,8.6
2024-08-11T05:00,22.8,0.00,0.00,0.00,25.5,6.3,347,11.5
2024-08-11T06:00,22.5,0.00,0.00,0.00,25.0,6.9,332,12.6
2024-08-11T07:00,23.1,0.00,0.00,0.00,25.3,8.6,327,15.5
2024-08-11T08:00,25.3,0.00,0.00,0.00,28.2,6.8,335,15.8
2024-08-11T09:00,28.2,0.00,0.00,0.00,32.1,2.5,8,13.7
2024-08-11T10:00,30.1,0.00,0.00,0.00,33.7,2.5,90,10.4
2024-08-11T11:00,31.4,0.00,0.00,0.00,35.0,5.2,106,15.5
2024-08-11T12:00,32.5,0.00,0.00,0.00,36.1,6.4,117,18.0
2024-08-11T13:00,33.5,0.00,0.00,0.00,37.0,6.3,121,18.4
2024-08-11T14:00,34.1,0.00,0.00,0.00,38.0,4.9,126,17.6
2024-08-11T15:00,34.4,0.00,0.00,0.00,38.3,4.1,142,15.8
2024-08-11T16:00,34.5,0.00,0.00,0.00,38.0,5.4,176,15.1
2024-08-11T17:00,34.1,0.00,0.00,0.00,36.8,6.8,183,16.2
2024-08-11T18:00,33.5,0.00,0.00,0.00,36.1,7.3,171,16.6
2024-08-11T19:00,32.0,0.00,0.00,0.00,35.2,6.2,173,15.8
2024-08-11T20:00,29.2,0.00,0.00,0.00,32.0,5.4,188,12.6
2024-08-11T21:00,27.8,0.00,0.00,0.00,30.4,6.2,249,10.1
2024-08-11T22:00,26.5,0.00,0.00,0.00,29.5,4.8,312,7.2
2024-08-11T23:00,26.0,0.00,0.00,0.00,29.7,3.9,326,6.8
2024-08-12T00:00,25.8,0.00,0.00,0.00,29.7,2.3,321,5.0
2024-08-12T01:00,24.4,0.00,0.00,0.00,28.2,3.2,333,5.0
2024-08-12T02:00,23.9,0.00,0.00,0.00,27.4,4.0,360,6.8
2024-08-12T03:00,23.0,0.00,0.00,0.00,26.5,3.4,342,6.8
2024-08-12T04:00,22.9,0.00,0.00,0.00,26.4,3.1,339,6.1
2024-08-12T05:00,22.2,0.00,0.00,0.00,25.5,5.3,332,10.8
2024-08-12T06:00,21.8,0.00,0.00,0.00,24.8,6.9,332,12.6
2024-08-12T07:00,22.8,0.00,0.00,0.00,25.3,8.8,325,15.8
2024-08-12T08:00,25.5,0.00,0.00,0.00,28.4,7.2,323,16.2
2024-08-12T09:00,28.1,0.00,0.00,0.00,31.9,3.9,338,14.4
2024-08-12T10:00,30.3,0.00,0.00,0.00,34.7,0.7,360,11.2
2024-08-12T11:00,31.9,0.00,0.00,0.00,36.4,2.3,162,11.2
2024-08-12T12:00,33.3,0.00,0.00,0.00,37.3,4.8,167,14.8
2024-08-12T13:00,34.1,0.00,0.00,0.00,38.2,5.4,180,16.2
2024-08-12T14:00,34.7,0.00,0.00,0.00,38.7,6.8,198,18.0
2024-08-12T15:00,34.9,0.00,0.00,0.00,38.7,8.9,220,21.2
2024-08-12T16:00,35.0,0.00,0.00,0.00,37.8,9.7,219,21.6
2024-08-12T17:00,34.5,0.00,0.00,0.00,36.3,11.1,245,24.1
2024-08-12T18:00,33.4,0.00,0.00,0.00,35.5,10.0,255,22.7
2024-08-12T19:00,32.5,0.00,0.00,0.00,36.3,5.2,236,19.1
2024-08-12T20:00,30.2,0.00,0.00,0.00,34.1,6.4,243,10.1
2024-08-12T21:00,28.9,0.00,0.00,0.00,32.1,5.7,252,10.1
2024-08-12T22:00,27.5,0.00,0.00,0.00,31.0,6.9,261,9.4
2024-08-12T23:00,26.9,0.00,0.00,0.00,30.7,4.9,306,9.4
2024-08-13T00:00,25.7,0.00,0.00,0.00,29.6,3.6,315,6.1
2024-08-13T01:00,24.8,0.00,0.00,0.00,28.6,2.3,321,5.0
2024-08-13T02:00,24.2,0.00,0.00,0.00,27.9,2.6,344,5.8
2024-08-13T03:00,24.4,0.00,0.00,0.00,28.5,2.4,333,7.2
2024-08-13T04:00,23.8,0.00,0.00,0.00,27.8,2.4,333,6.8
2024-08-13T05:00,23.2,0.00,0.00,0.00,27.2,2.4,333,6.5
2024-08-13T06:00,23.0,0.00,0.00,0.00,26.7,3.7,349,6.8
2024-08-13T07:00,23.9,0.00,0.00,0.00,27.2,5.9,349,10.1
2024-08-13T08:00,26.2,0.00,0.00,0.00,29.6,5.8,356,12.2
2024-08-13T09:00,28.6,0.00,0.00,0.00,32.1,4.2,31,11.9
2024-08-13T10:00,30.2,0.00,0.00,0.00,34.0,4.4,81,13.7
2024-08-13T11:00,31.4,0.00,0.00,0.00,35.9,5.5,101,16.6
2024-08-13T12:00,32.6,0.00,0.00,0.00,37.9,5.5,113,17.6
2024-08-13T13:00,33.7,0.00,0.00,0.00,39.0,3.6,135,18.4
2024-08-13T14:00,33.8,0.00,0.00,0.00,37.5,5.5,238,18.0
2024-08-13T15:00,31.8,0.00,0.00,0.00,35.3,7.1,156,17.3
2024-08-13T16:00,32.8,0.00,0.00,0.00,35.7,6.1,220,17.6
2024-08-13T17:00,32.7,0.00,0.00,0.00,35.2,5.0,291,14.8
2024-08-13T18:00,32.8,0.00,0.00,0.00,35.5,3.3,264,12.2
2024-08-13T19:00,31.8,0.00,0.00,0.00,36.0,3.2,243,8.6
2024-08-13T20:00,29.4,0.00,0.00,0.00,33.6,6.0,303,7.6
2024-08-13T21:00,28.0,0.00,0.00,0.00,31.8,2.9,300,7.6
2024-08-13T22:00,26.3,0.00,0.00,0.00,29.9,3.4,302,7.2
2024-08-13T23:00,25.3,0.00,0.00,0.00,28.7,5.4,312,10.1
2024-08-14T00:00,24.0,0.00,0.00,0.00,27.2,6.6,319,13.3
2024-08-14T01:00,23.2,0.00,0.00,0.00,26.3,6.0,327,13.0
2024-08-14T02:00,22.6,0.00,0.00,0.00,25.7,6.1,332,12.2
2024-08-14T03:00,23.6,0.00,0.00,0.00,26.1,6.9,332,14.4
2024-08-14T04:00,23.6,0.00,0.00,0.00,25.8,6.9,354,13.0
2024-08-14T05:00,23.7,0.00,0.00,0.00,25.7,5.9,346,12.2
2024-08-14T06:00,23.7,0.00,0.00,0.00,25.5,6.3,336,11.9
2024-08-14T07:00,23.9,0.00,0.00,0.00,25.3,8.9,317,15.5
2024-08-14T08:00,25.9,0.00,0.00,0.00,27.6,9.0,344,18.4
2024-08-14T09:00,28.9,0.00,0.00,0.00,31.6,4.0,355,16.9
2024-08-14T10:00,30.7,0.00,0.00,0.00,33.6,3.6,45,11.9
2024-08-14T11:00,31.8,0.00,0.00,0.00,35.4,3.6,84,13.0
2024-08-14T12:00,31.8,0.00,0.00,0.00,37.0,2.5,262,13.3
2024-08-14T13:00,32.0,0.00,0.00,0.00,36.8,3.6,174,15.1
2024-08-14T14:00,31.0,0.70,0.00,0.70,35.5,3.1,111,13.7
2024-08-14T15:00,33.2,0.00,0.00,0.00,36.0,5.6,345,27.7
2024-08-14T16:00,33.5,0.00,0.00,0.00,35.5,3.3,276,14.8
2024-08-14T17:00,33.6,0.00,0.00,0.00,35.4,5.0,249,11.9
2024-08-14T18:00,32.9,0.00,0.00,0.00,34.8,5.9,232,14.8
2024-08-14T19:00,31.6,0.00,0.00,0.00,34.4,5.2,236,13.0
2024-08-14T20:00,29.3,0.00,0.00,0.00,31.3,6.4,254,11.2
2024-08-14T21:00,28.4,0.00,0.00,0.00,30.0,6.8,273,13.0
2024-08-14T22:00,26.3,0.00,0.00,0.00,28.5,5.8,292,11.9
2024-08-14T23:00,25.2,0.00,0.00,0.00,27.8,4.1,308,8.3
2024-08-15T00:00,24.6,0.00,0.00,0.00,27.3,2.1,329,6.1
2024-08-15T01:00,23.8,0.00,0.00,0.00,26.2,3.5,336,7.9
2024-08-15T02:00,22.8,0.00,0.00,0.00,25.3,3.9,338,9.4
2024-08-15T03:00,22.3,0.00,0.00,0.00,24.0,4.3,318,11.2
2024-08-15T04:00,21.6,0.00,0.00,0.00,23.1,4.7,302,8.6
2024-08-15T05:00,21.5,0.00,0.00,0.00,22.4,7.2,307,13.0
2024-08-15T06:00,21.3,0.00,0.00,0.00,22.0,7.4,299,14.8
2024-08-15T07:00,21.4,0.00,0.00,0.00,22.1,8.2,308,15.1
2024-08-15T08:00,23.5,0.00,0.00,0.00,24.8,6.4,317,15.5
2024-08-15T09:00,26.6,0.00,0.00,0.00,29.0,1.8,307,13.3
2024-08-15T10:00,28.8,0.00,0.00,0.00,30.7,1.9,112,9.4
2024-08-15T11:00,30.2,0.00,0.00,0.00,32.2,4.7,176,14.4
2024-08-15T12:00,31.6,0.00,0.00,0.00,34.6,4.8,207,16.9
2024-08-15T13:00,32.7,0.00,0.00,0.00,36.2,5.6,207,17.3
2024-08-15T14:00,33.4,0.00,0.00,0.00,36.7,7.6,211,19.8
2024-08-15T15:00,32.7,0.00,0.00,0.00,35.8,10.2,225,24.5
2024-08-15T16:00,32.8,0.00,0.00,0.00,35.1,13.8,237,28.8
2024-08-15T17:00,32.7,0.00,0.00,0.00,34.7,11.3,233,29.5
2024-08-15T18:00,32.3,0.00,0.00,0.00,34.3,10.0,221,23.4
2024-08-15T19:00,30.9,0.00,0.00,0.00,33.2,9.5,217,20.9
2024-08-15T20:00,28.8,0.00,0.00,0.00,31.5,6.9,223,18.4
2024-08-15T21:00,26.2,0.00,0.00,0.00,29.2,8.6,237,12.2
2024-08-15T22:00,27.2,0.00,0.00,0.00,30.4,2.5,262,10.4
2024-08-15T23:00,25.1,0.00,0.00,0.00,28.4,4.0,275,5.0
2024-08-16T00:00,24.3,0.00,0.00,0.00,27.8,3.1,339,5.0
2024-08-16T01:00,23.3,0.00,0.00,0.00,26.4,5.9,349,7.2
2024-08-16T02:00,22.9,0.00,0.00,0.00,26.2,3.5,336,7.2
2024-08-16T03:00,22.3,0.00,0.00,0.00,25.6,3.8,319,8.6
2024-08-16T04:00,21.5,0.00,0.00,0.00,25.2,1.8,323,8.3
2024-08-16T05:00,21.9,0.00,0.00,0.00,25.1,3.7,331,7.9
2024-08-16T06:00,21.7,0.00,0.00,0.00,24.8,3.4,342,8.6
2024-08-16T07:00,22.2,0.00,0.00,0.00,25.2,3.5,336,6.8
2024-08-16T08:00,24.9,0.00,0.00,0.00,28.0,5.6,345,11.5
2024-08-16T09:00,27.2,0.00,0.00,0.00,30.6,2.3,342,11.5
2024-08-16T10:00,28.8,0.00,0.00,0.00,32.4,1.6,153,9.0
2024-08-16T11:00,30.2,0.00,0.00,0.00,33.8,3.1,144,12.6
2024-08-16T12:00,31.3,0.00,0.00,0.00,35.1,4.5,151,15.1
2024-08-16T13:00,32.6,0.00,0.00,0.00,36.8,5.3,152,16.9
2024-08-16T14:00,33.4,0.00,0.00,0.00,37.6,4.8,167,16.6
2024-08-16T15:00,32.9,0.00,0.00,0.00,36.4,6.3,211,17.3
2024-08-16T16:00,33.2,0.00,0.00,0.00,35.1,12.0,221,25.9
2024-08-16T17:00,32.6,0.00,0.00,0.00,33.8,12.3,232,27.0
2024-08-16T18:00,32.2,0.00,0.00,0.00,34.3,9.5,245,25.6
2024-08-16T19:00,31.3,0.00,0.00,0.00,34.9,5.2,236,19.8
2024-08-16T20:00,29.1,0.00,0.00,0.00,32.6,5.4,233,10.1
2024-08-16T21:00,28.1,0.00,0.00,0.00,31.3,5.9,256,10.4
2024-08-16T22:00,27.3,0.00,0.00,0.00,30.4,6.2,263,10.4
2024-08-16T23:00,26.5,0.00,0.00,0.00,29.6,5.8,277,10.8
2024-08-17T00:00,25.2,0.00,0.00,0.00,28.7,3.9,304,9.7
2024-08-17T01:00,24.4,0.00,0.00,0.00,28.0,3.1,306,7.6
2024-08-17T02:00,23.5,0.00,0.00,0.00,27.1,3.2,297,7.6
2024-08-17T03:00,23.3,0.00,0.00,0.00,26.1,6.6,315,11.9
2024-08-17T04:00,22.8,0.00,0.00,0.00,24.9,8.0,355,13.7
2024-08-17T05:00,22.6,0.00,0.00,0.00,24.1,8.1,339,14.8
2024-08-17T06:00,22.2,0.00,0.00,0.00,23.6,7.6,341,15.1
2024-08-17T07:00,22.2,0.00,0.00,0.00,23.6,7.8,338,14.0
2024-08-17T08:00,24.3,0.00,0.00,0.00,26.3,6.4,344,14.8
2024-08-17T09:00,27.2,0.00,0.00,0.00,29.7,3.1,21,13.0
2024-08-17T10:00,28.6,0.00,0.00,0.00,31.6,3.3,77,11.9
2024-08-17T11:00,29.4,0.00,0.00,0.00,33.3,3.2,117,13.0
2024-08-17T12:00,30.8,0.00,0.00,0.00,35.5,5.6,135,17.6
2024-08-17T13:00,30.9,0.20,0.00,0.20,36.2,3.7,151,19.1
2024-08-17T14:00,31.1,0.00,0.00,0.00,35.2,4.9,144,15.8
2024-08-17T15:00,29.9,0.00,0.00,0.00,34.0,5.4,127,15.5
2024-08-17T16:00,29.9,0.00,0.00,0.00,33.9,5.9,43,16.6
2024-08-17T17:00,28.1,3.90,0.00,3.90,31.7,5.1,94,19.4
2024-08-17T18:00,28.4,0.00,0.00,0.00,32.3,2.9,360,13.3
2024-08-17T19:00,28.3,0.00,0.00,0.00,32.7,1.1,270,8.6
2024-08-17T20:00,26.6,0.00,0.00,0.00,31.6,2.9,180,5.4
2024-08-17T21:00,25.9,0.00,0.00,0.00,30.5,4.2,110,5.8
2024-08-17T22:00,24.9,0.00,0.00,0.00,29.1,4.5,29,5.4
2024-08-17T23:00,24.2,0.00,0.00,0.00,28.4,3.6,6,7.2
2024-08-18T00:00,24.7,0.00,0.00,0.00,28.4,6.3,347,10.8
2024-08-18T01:00,24.2,0.00,0.00,0.00,28.0,4.6,342,10.8
2024-08-18T02:00,23.6,0.00,0.00,0.00,27.1,6.3,347,11.2
2024-08-18T03:00,22.5,0.00,0.00,0.00,26.4,5.4,53,25.2
2024-08-18T04:00,22.1,0.00,0.00,0.00,25.1,11.0,58,19.1
2024-08-18T05:00,22.0,0.00,0.00,0.00,25.3,5.2,65,20.2
2024-08-18T06:00,21.5,0.00,0.00,0.00,23.9,9.0,16,18.7
2024-08-18T07:00,21.7,0.00,0.00,0.00,23.8,9.8,306,21.6
2024-08-18T08:00,22.1,0.10,0.00,0.10,24.3,7.8,13,17.3
2024-08-18T09:00,23.0,0.00,0.00,0.00,25.9,4.3,5,15.5
2024-08-18T10:00,24.8,0.00,0.00,0.00,27.4,5.5,23,15.5
2024-08-18T11:00,25.3,0.00,0.00,0.00,27.5,7.8,347,19.4
2024-08-18T12:00,26.5,0.00,0.00,0.00,29.1,7.6,31,20.5
2024-08-18T13:00,27.0,0.00,0.00,0.00,29.5,8.9,27,22.0
2024-08-18T14:00,27.6,0.00,0.00,0.00,30.9,5.4,352,22.0
2024-08-18T15:00,28.3,1.30,0.00,1.30,31.5,2.5,188,17.3
2024-08-18T16:00,28.3,0.60,0.00,0.60,31.5,3.4,198,13.7
2024-08-18T17:00,26.8,1.40,0.00,1.40,29.0,9.9,100,19.1
2024-08-18T18:00,24.9,0.00,0.00,0.00,27.9,7.6,59,22.7
2024-08-18T19:00,24.4,0.00,0.00,0.00,27.5,4.3,336,14.4
2024-08-18T20:00,22.9,0.30,0.00,0.30,25.8,4.8,27,9.4
2024-08-18T21:00,22.4,0.00,0.00,0.00,24.8,6.5,354,11.9
2024-08-18T22:00,21.9,0.00,0.00,0.00,24.6,5.2,16,11.5
2024-08-18T23:00,21.3,0.00,0.00,0.00,23.8,6.8,18,11.9
2024-08-19T00:00,20.7,0.00,0.00,0.00,23.7,3.1,339,11.9
2024-08-19T01:00,20.8,0.00,0.00,0.00,23.8,4.4,325,7.9
2024-08-19T02:00,21.0,0.00,0.00,0.00,23.3,6.9,317,11.9
2024-08-19T03:00,20.9,0.00,0.00,0.00,23.5,5.2,304,13.7
2024-08-19T04:00,20.9,0.00,0.00,0.00,23.5,5.4,307,10.4
2024-08-19T05:00,20.5,0.00,0.00,0.00,23.2,4.2,301,10.4
2024-08-19T06:00,20.9,0.00,0.00,0.00,23.2,6.1,320,11.2
2024-08-19T07:00,20.8,0.00,0.00,0.00,23.0,7.0,339,13.0
2024-08-19T08:00,21.6,0.10,0.00,0.10,24.0,5.9,349,13.0
2024-08-19T09:00,21.7,0.80,0.00,0.80,24.5,4.6,321,10.8
2024-08-19T10:00,22.0,0.70,0.00,0.70,25.3,1.8,307,8.3
2024-08-19T11:00,22.2,0.70,0.00,0.70,25.2,4.3,24,8.3
2024-08-19T12:00,22.2,0.40,0.00,0.40,25.0,5.9,47,12.2
2024-08-19T13:00,22.6,0.50,0.00,0.50,25.5,4.5,76,14.0
2024-08-19T14:00,21.7,1.40,0.00,1.40,24.8,5.2,34,13.0
2024-08-19T15:00,23.6,9.10,0.00,9.10,25.9,9.3,13,33.1
2024-08-19T16:00,23.5,0.80,0.00,0.80,24.6,16.6,27,32.8
2024-08-19T17:00,24.3,0.00,0.00,0.00,27.0,7.6,341,33.5
2024-08-19T18:00,24.6,0.00,0.00,0.00,28.1,5.5,349,15.5
2024-08-19T19:00,24.9,0.00,0.00,0.00,28.2,6.9,313,13.0
2024-08-19T20:00,23.7,0.00,0.00,0.00,26.9,5.7,325,13.0
2024-08-19T21:00,22.3,0.00,0.00,0.00,25.2,6.6,315,13.3
2024-08-19T22:00,21.8,0.00,0.00,0.00,24.6,6.4,308,11.9
2024-08-19T23:00,21.3,0.00,0.00,0.00,24.1,6.5,304,12.2
2024-08-20T00:00,20.9,0.00,0.00,0.00,23.7,6.0,303,11.9
2024-08-20T01:00,20.5,0.00,0.00,0.00,23.4,5.0,300,11.9
2024-08-20T02:00,20.0,0.00,0.00,0.00,23.0,2.6,326,9.7
2024-08-20T03:00,21.0,1.00,0.00,1.00,23.6,10.1,358,23.4
2024-08-20T04:00,21.3,0.10,0.00,0.10,24.6,5.4,360,19.1
2024-08-20T05:00,21.3,0.00,0.00,0.00,24.4,6.7,324,12.6
2024-08-20T06:00,21.3,0.00,0.00,0.00,24.0,8.5,298,14.4
2024-08-20T07:00,21.2,0.00,0.00,0.00,23.3,10.4,290,18.7
2024-08-20T08:00,22.1,0.00,0.00,0.00,24.8,7.2,307,18.4
2024-08-20T09:00,23.3,0.00,0.00,0.00,26.9,5.4,94,13.3
2024-08-20T10:00,23.1,0.30,0.00,0.30,25.6,10.5,82,22.0
2024-08-20T11:00,22.8,1.70,0.00,1.70,25.7,6.4,47,22.0
2024-08-20T12:00,22.7,1.80,0.00,1.80,26.1,4.9,73,18.7
2024-08-20T13:00,22.5,1.10,0.00,1.10,26.0,5.2,245,14.0
2024-08-20T14:00,25.4,0.20,0.00,0.20,28.5,9.1,263,21.6
2024-08-20T15:00,29.2,0.00,0.00,0.00,32.1,9.9,224,23.0
2024-08-20T16:00,29.0,0.00,0.00,0.00,31.8,10.3,205,23.0
2024-08-20T17:00,28.8,0.00,0.00,0.00,31.2,9.8,216,23.0
2024-08-20T18:00,28.5,0.00,0.00,0.00,31.1,8.7,222,20.9
2024-08-20T19:00,27.3,0.00,0.00,0.00,30.5,6.8,198,18.0
2024-08-20T20:00,24.9,0.00,0.00,0.00,28.3,5.8,210,13.3
2024-08-20T21:00,23.7,0.00,0.00,0.00,27.0,5.9,259,9.4
2024-08-20T22:00,23.4,0.00,0.00,0.00,26.8,4.2,301,8.3
2024-08-20T23:00,22.5,0.00,0.00,0.00,26.1,3.1,306,7.2
2024-08-21T00:00,22.3,0.00,0.00,0.00,25.8,3.1,306,6.8
2024-08-21T01:00,21.5,0.00,0.00,0.00,24.8,4.8,312,10.1
2024-08-21T02:00,21.0,0.00,0.00,0.00,23.7,7.7,319,14.0
2024-08-21T03:00,22.3,0.00,0.00,0.00,24.0,10.5,333,22.3
2024-08-21T04:00,21.4,0.00,0.00,0.00,23.9,5.4,352,18.7
2024-08-21T05:00,20.6,0.00,0.00,0.00,23.1,4.4,325,9.4
2024-08-21T06:00,20.3,0.00,0.00,0.00,22.4,5.9,308,11.2
2024-08-21T07:00,20.4,0.00,0.00,0.00,22.2,6.4,308,11.9
2024-08-21T08:00,22.4,0.00,0.00,0.00,24.7,6.2,306,13.7
2024-08-21T09:00,25.4,0.00,0.00,0.00,28.4,3.3,283,13.0
2024-08-21T10:00,27.4,0.00,0.00,0.00,30.3,3.0,256,10.8
2024-08-21T11:00,28.9,0.00,0.00,0.00,31.9,3.9,236,13.0
2024-08-21T12:00,30.0,0.00,0.00,0.00,33.8,4.0,170,13.7
2024-08-21T13:00,30.5,0.00,0.00,0.00,34.2,5.2,146,20.9
2024-08-21T14:00,30.6,0.00,0.00,0.00,33.4,4.7,99,21.2
2024-08-21T15:00,29.9,0.10,0.00,0.10,32.7,3.6,90,15.1
2024-08-21T16:00,30.3,0.00,0.00,0.00,33.0,3.6,96,12.6
2024-08-21T17:00,30.4,0.00,0.00,0.00,32.9,4.9,107,12.2
2024-08-21T18:00,29.7,0.00,0.00,0.00,32.2,4.7,113,12.6
2024-08-21T19:00,28.6,0.00,0.00,0.00,32.3,3.4,108,10.8
2024-08-21T20:00,28.5,0.00,0.00,0.00,30.7,3.7,29,5.8
2024-08-21T21:00,24.9,0.00,0.00,0.00,27.5,6.1,3,7.6
2024-08-21T22:00,24.5,0.00,0.00,0.00,26.8,5.5,23,9.4
2024-08-21T23:00,24.6,0.00,0.00,0.00,26.0,9.2,26,16.6
2024-08-22T00:00,24.1,0.00,0.00,0.00,25.4,7.9,3,16.6
2024-08-22T01:00,23.9,0.00,0.00,0.00,25.7,5.5,23,14.0
2024-08-22T02:00,23.2,0.00,0.00,0.00,25.1,5.6,15,9.7
2024-08-22T03:00,23.2,0.00,0.00,0.00,25.1,6.5,71,16.6
2024-08-22T04:00,21.6,0.00,0.00,0.00,24.3,3.2,270,7.9
2024-08-22T05:00,21.8,0.00,0.00,0.00,23.8,6.3,329,11.2
2024-08-22T06:00,21.1,0.00,0.00,0.00,23.5,3.8,319,11.5
2024-08-22T07:00,21.9,0.00,0.00,0.00,24.1,6.1,360,10.1
2024-08-22T08:00,23.4,0.00,0.00,0.00,25.0,9.2,39,16.2
2024-08-22T09:00,24.7,0.00,0.00,0.00,25.8,11.2,50,20.5
2024-08-22T10:00,25.8,0.00,0.00,0.00,25.9,14.3,65,28.1
2024-08-22T11:00,26.6,0.00,0.00,0.00,26.6,13.7,72,29.2
2024-08-22T12:00,27.4,0.00,0.00,0.00,28.0,11.7,72,28.1
2024-08-22T13:00,28.2,0.00,0.00,0.00,29.8,9.7,75,25.2
2024-08-22T14:00,28.8,0.00,0.00,0.00,30.8,6.9,84,22.3
2024-08-22T15:00,29.2,0.00,0.00,0.00,32.2,2.8,140,14.8
2024-08-22T16:00,29.3,0.00,0.00,0.00,31.7,2.6,164,12.6
2024-08-22T17:00,29.2,0.00,0.00,0.00,31.2,3.7,191,11.2
2024-08-22T18:00,28.9,0.00,0.00,0.00,31.0,3.5,204,11.2
2024-08-22T19:00,27.8,0.00,0.00,0.00,31.0,3.4,212,9.0
2024-08-22T20:00,25.1,0.00,0.00,0.00,27.7,8.2,203,9.4
2024-08-22T21:00,24.4,0.00,0.00,0.00,26.6,7.6,211,9.7
2024-08-22T22:00,23.2,0.00,0.00,0.00,25.3,6.6,257,9.4
2024-08-22T23:00,23.3,0.00,0.00,0.00,25.4,4.4,305,8.6
2024-08-23T00:00,22.4,0.00,0.00,0.00,25.0,3.1,315,7.9
2024-08-23T01:00,21.8,0.00,0.00,0.00,24.4,2.8,320,6.5
2024-08-23T02:00,20.9,0.00,0.00,0.00,23.5,3.8,319,8.6
2024-08-23T03:00,20.8,0.00,0.00,0.00,23.4,4.3,318,9.0
2024-08-23T04:00,20.3,0.00,0.00,0.00,22.9,3.9,326,9.4
2024-08-23T05:00,20.1,0.00,0.00,0.00,22.2,5.9,349,11.2
2024-08-23T06:00,20.1,0.00,0.00,0.00,22.0,5.9,349,11.5
2024-08-23T07:00,20.6,0.00,0.00,0.00,22.3,6.6,347,11.9
2024-08-23T08:00,22.6,0.00,0.00,0.00,24.6,6.2,350,12.6
2024-08-23T09:00,25.0,0.00,0.00,0.00,27.5,4.4,9,12.2
2024-08-23T10:00,26.9,0.00,0.00,0.00,29.8,2.3,72,11.9
2024-08-23T11:00,28.2,0.00,0.00,0.00,31.5,3.3,139,12.6
2024-08-23T12:00,29.3,0.00,0.00,0.00,33.3,5.4,176,16.2
2024-08-23T13:00,30.2,0.00,0.00,0.00,34.0,8.7,197,24.5
2024-08-23T14:00,30.8,0.00,0.00,0.00,34.6,10.0,210,25.2
2024-08-23T15:00,30.9,0.00,0.00,0.00,33.5,13.3,229,28.4
2024-08-23T16:00,30.4,0.30,0.00,0.30,32.9,11.7,225,28.4
2024-08-23T17:00,30.7,0.00,0.00,0.00,33.1,9.4,212,24.8
2024-08-23T18:00,30.3,0.00,0.00,0.00,33.1,8.2,195,19.4
2024-08-23T19:00,28.4,0.00,0.00,0.00,31.1,10.9,163,20.2
2024-08-23T20:00,26.1,0.00,0.00,0.00,29.4,5.9,169,20.5
2024-08-23T21:00,26.0,0.00,0.00,0.00,29.6,2.6,286,9.7
2024-08-23T22:00,24.3,0.00,0.00,0.00,28.1,3.1,339,5.4
2024-08-23T23:00,23.9,0.00,0.00,0.00,27.9,2.4,333,5.8
2024-08-24T00:00,23.6,0.00,0.00,0.00,27.6,2.1,329,4.7
2024-08-24T01:00,23.2,0.00,0.00,0.00,26.9,3.5,336,5.4
2024-08-24T02:00,22.7,0.00,0.00,0.00,26.5,2.7,337,5.8
2024-08-24T03:00,22.7,0.00,0.00,0.00,26.2,3.1,339,6.1
2024-08-24T04:00,22.2,0.00,0.00,0.00,25.6,3.8,343,7.6
2024-08-24T05:00,22.0,0.00,0.00,0.00,25.0,5.8,356,10.1
2024-08-24T06:00,21.8,0.00,0.00,0.00,24.5,6.1,357,11.2
2024-08-24T07:00,22.0,0.00,0.00,0.00,24.6,5.9,349,11.2
2024-08-24T08:00,23.6,0.00,0.00,0.00,26.4,5.2,344,11.9
2024-08-24T09:00,25.8,0.00,0.00,0.00,28.9,4.3,360,12.2
2024-08-24T10:00,27.5,0.00,0.00,0.00,31.3,1.3,34,11.9
2024-08-24T11:00,28.8,0.00,0.00,0.00,33.0,2.3,162,11.5
2024-08-24T12:00,29.9,0.00,0.00,0.00,34.5,5.1,176,15.8
2024-08-24T13:00,30.9,0.00,0.00,0.00,35.4,6.8,180,19.1
2024-08-24T14:00,31.6,0.00,0.00,0.00,35.5,8.6,182,21.2
2024-08-24T15:00,31.5,0.00,0.00,0.00,34.8,11.1,205,25.9
2024-08-24T16:00,31.6,0.00,0.00,0.00,34.3,11.8,200,25.6
2024-08-24T17:00,30.9,0.00,0.00,0.00,33.4,11.3,189,25.6
2024-08-24T18:00,30.0,0.00,0.00,0.00,32.9,10.1,174,23.4
2024-08-24T19:00,28.5,0.00,0.00,0.00,31.7,7.8,158,20.5
2024-08-24T20:00,26.4,0.00,0.00,0.00,29.9,6.5,146,14.4
2024-08-24T21:00,26.7,0.00,0.00,0.00,30.5,0.8,297,7.6
2024-08-24T22:00,24.4,0.00,0.00,0.00,28.1,3.6,307,6.5
2024-08-24T23:00,23.7,0.00,0.00,0.00,27.5,3.8,311,6.5
2024-08-25T00:00,23.2,0.00,0.00,0.00,27.0,3.1,306,5.8
2024-08-25T01:00,23.0,0.00,0.00,0.00,26.8,3.1,315,7.2
2024-08-25T02:00,22.2,0.00,0.00,0.00,25.7,4.3,318,9.4
2024-08-25T03:00,22.4,0.00,0.00,0.00,25.7,4.4,325,11.5
2024-08-25T04:00,21.7,0.00,0.00,0.00,25.1,3.8,319,8.6
2024-08-25T05:00,21.4,0.00,0.00,0.00,24.3,5.8,338,10.8
2024-08-25T06:00,21.3,0.00,0.00,0.00,23.8,5.2,348,10.8
2024-08-25T07:00,21.5,0.00,0.00,0.00,24.1,4.1,345,9.4
2024-08-25T08:00,23.7,0.00,0.00,0.00,26.4,4.8,347,10.1
2024-08-25T09:00,25.9,0.00,0.00,0.00,29.0,3.6,360,11.5
2024-08-25T10:00,27.6,0.00,0.00,0.00,31.2,1.5,104,10.8
2024-08-25T11:00,29.0,0.00,0.00,0.00,32.7,4.6,135,14.4
2024-08-25T12:00,30.1,0.00,0.00,0.00,34.6,5.8,150,17.6
2024-08-25T13:00,31.2,0.00,0.00,0.00,35.9,6.3,167,18.4
2024-08-25T14:00,32.0,0.00,0.00,0.00,36.3,7.2,174,19.1
2024-08-25T15:00,32.5,0.00,0.00,0.00,36.7,7.0,201,18.7
2024-08-25T16:00,32.7,0.00,0.00,0.00,35.8,6.8,205,18.7
2024-08-25T17:00,32.5,0.00,0.00,0.00,35.2,6.9,208,18.0
2024-08-25T18:00,31.8,0.00,0.00,0.00,35.2,4.4,189,15.8
2024-08-25T19:00,30.5,0.00,0.00,0.00,35.6,3.4,162,10.1
2024-08-25T20:00,29.7,0.00,0.00,0.00,33.7,4.5,166,6.1
2024-08-25T21:00,26.3,0.00,0.00,0.00,30.8,3.9,326,5.0
2024-08-25T22:00,25.0,0.00,0.00,0.00,29.2,3.7,331,6.1
2024-08-25T23:00,24.6,0.00,0.00,0.00,28.3,5.7,325,10.1
2024-08-26T00:00,24.7,0.00,0.00,0.00,27.4,8.4,320,15.1
2024-08-26T01:00,24.8,0.00,0.00,0.00,26.4,9.8,8,16.6
2024-08-26T02:00,23.7,0.00,0.00,0.00,22.6,23.5,328,41.0
2024-08-26T03:00,21.9,0.00,0.00,0.00,20.3,23.5,310,43.2
2024-08-26T04:00,21.6,1.90,0.00,1.90,19.2,31.4,336,59.8
2024-08-26T05:00,21.3,1.00,0.00,1.00,20.9,18.5,339,58.7
2024-08-26T06:00,20.6,1.50,0.00,1.50,19.6,23.6,326,42.1
2024-08-26T07:00,21.3,0.30,0.00,0.30,20.9,18.4,348,42.5
2024-08-26T08:00,21.6,1.30,0.00,1.30,22.1,15.9,322,32.8
2024-08-26T09:00,23.6,0.00,0.00,0.00,25.7,10.9,352,27.7
2024-08-26T10:00,26.1,0.00,0.00,0.00,28.8,7.2,357,19.8
2024-08-26T11:00,28.3,0.00,0.00,0.00,30.7,4.7,4,15.8
2024-08-26T12:00,29.7,0.00,0.00,0.00,31.2,10.0,60,20.9
2024-08-26T13:00,30.9,0.00,0.00,0.00,32.2,11.3,73,24.1
2024-08-26T14:00,31.1,0.00,0.00,0.00,32.0,12.0,81,25.6
2024-08-26T15:00,30.2,0.00,0.00,0.00,31.7,10.8,345,25.2
2024-08-26T16:00,30.7,0.00,0.00,0.00,32.5,7.9,357,23.4
2024-08-26T17:00,30.7,0.00,0.00,0.00,32.7,7.2,3,18.0
2024-08-26T18:00,30.5,0.00,0.00,0.00,33.2,3.9,22,14.8
2024-08-26T19:00,29.4,0.00,0.00,0.00,34.3,4.2,31,8.6
2024-08-26T20:00,27.0,0.00,0.00,0.00,29.3,5.5,337,8.3
2024-08-26T21:00,25.9,0.00,0.00,0.00,28.3,5.6,345,10.4
2024-08-26T22:00,24.2,0.00,0.00,0.00,26.5,7.0,348,12.6
2024-08-26T23:00,24.3,0.00,0.00,0.00,26.1,8.3,18,14.4
2024-08-27T00:00,24.3,0.00,0.00,0.00,25.4,9.2,21,15.8
2024-08-27T01:00,23.9,0.00,0.00,0.00,24.9,8.5,12,16.2
2024-08-27T02:00,23.0,0.00,0.00,0.00,24.3,6.6,351,14.4
2024-08-27T03:00,23.0,0.00,0.00,0.00,24.3,5.4,352,17.6
2024-08-27T04:00,22.8,0.00,0.00,0.00,23.5,8.7,343,15.5
2024-08-27T05:00,21.6,0.00,0.00,0.00,21.9,10.2,321,19.1
2024-08-27T06:00,20.9,0.00,0.00,0.00,20.8,12.2,315,22.0
2024-08-27T07:00,20.8,0.00,0.00,0.00,20.8,10.7,327,22.0
2024-08-27T08:00,22.1,0.00,0.00,0.00,23.1,6.9,6,19.4
2024-08-27T09:00,25.1,0.00,0.00,0.00,26.4,7.4,39,16.2
2024-08-27T10:00,27.3,0.00,0.00,0.00,28.5,7.5,35,18.0
2024-08-27T11:00,28.9,0.00,0.00,0.00,29.2,13.7,72,28.8
2024-08-27T12:00,30.1,0.00,0.00,0.00,30.8,14.2,83,30.2
2024-08-27T13:00,31.2,0.00,0.00,0.00,31.9,15.2,83,32.4
2024-08-27T14:00,31.9,0.00,0.00,0.00,32.7,14.4,86,32.8
2024-08-27T15:00,30.1,0.00,0.00,0.00,31.3,7.5,55,24.1
2024-08-27T16:00,30.8,0.00,0.00,0.00,31.7,8.2,41,17.6
2024-08-27T17:00,30.6,0.00,0.00,0.00,31.6,7.7,49,17.6
2024-08-27T18:00,30.0,0.00,0.00,0.00,30.9,8.7,83,18.4
2024-08-27T19:00,28.7,0.00,0.00,0.00,31.7,4.3,85,16.9
2024-08-27T20:00,27.5,0.00,0.00,0.00,28.3,8.4,65,13.0
2024-08-27T21:00,26.6,0.00,0.00,0.00,27.4,8.7,52,17.6
2024-08-27T22:00,25.0,0.00,0.00,0.00,26.4,6.0,17,15.5
2024-08-27T23:00,24.8,0.00,0.00,0.00,25.9,8.3,18,14.0
2024-08-28T00:00,24.4,0.00,0.00,0.00,25.6,7.6,8,15.1
2024-08-28T01:00,23.2,0.00,0.00,0.00,24.9,5.6,345,13.0
2024-08-28T02:00,22.0,0.00,0.00,0.00,23.9,5.7,325,11.2
2024-08-28T03:00,22.7,0.00,0.00,0.00,22.7,13.5,326,24.8
2024-08-28T04:00,22.2,0.00,0.00,0.00,22.1,12.5,327,24.5
2024-08-28T05:00,21.3,0.00,0.00,0.00,21.6,10.5,338,22.7
2024-08-28T06:00,20.6,0.00,0.00,0.00,21.0,10.5,338,19.1
2024-08-28T07:00,20.9,0.00,0.00,0.00,21.1,10.8,330,19.8
2024-08-28T08:00,22.6,0.00,0.00,0.00,23.6,8.2,337,19.8
2024-08-28T09:00,26.0,0.00,0.00,0.00,27.8,5.8,360,16.6
2024-08-28T10:00,28.4,0.00,0.00,0.00,30.0,4.5,14,13.3
2024-08-28T11:00,29.6,0.00,0.00,0.00,31.0,9.0,67,21.2
2024-08-28T12:00,30.8,0.00,0.00,0.00,32.9,9.0,74,24.8
2024-08-28T13:00,31.7,0.00,0.00,0.00,33.9,9.8,82,24.8
2024-08-28T14:00,32.1,0.00,0.00,0.00,34.4,9.1,83,24.1
2024-08-28T15:00,32.7,0.00,0.00,0.00,34.7,9.4,92,22.0
2024-08-28T16:00,32.0,0.00,0.00,0.00,33.4,9.4,90,23.8
2024-08-28T17:00,32.0,0.00,0.00,0.00,33.5,7.4,76,20.5
2024-08-28T18:00,30.9,0.30,0.00,0.30,32.7,6.6,77,16.6
2024-08-28T19:00,29.5,0.00,0.00,0.00,33.3,3.7,61,13.3
2024-08-28T20:00,27.3,0.00,0.00,0.00,29.6,6.8,3,9.0
2024-08-28T21:00,26.2,0.00,0.00,0.00,28.4,4.2,340,8.3
2024-08-28T22:00,25.2,0.00,0.00,0.00,27.3,5.8,330,10.4
2024-08-28T23:00,23.8,0.00,0.00,0.00,25.9,7.8,326,14.0
2024-08-29T00:00,23.1,0.00,0.00,0.00,25.1,8.8,325,15.8
2024-08-29T01:00,22.5,0.00,0.00,0.00,24.6,7.9,336,15.8
2024-08-29T02:00,22.2,0.00,0.00,0.00,24.0,7.8,338,14.0
2024-08-29T03:00,22.1,0.00,0.00,0.00,24.3,6.0,327,14.4
2024-08-29T04:00,21.9,0.00,0.00,0.00,23.8,6.7,344,11.9
2024-08-29T05:00,21.8,0.00,0.00,0.00,23.0,8.9,333,15.8
2024-08-29T06:00,21.7,0.00,0.00,0.00,22.9,7.8,338,15.8
2024-08-29T07:00,21.7,0.00,0.00,0.00,22.6,8.9,339,16.6
2024-08-29T08:00,23.1,0.00,0.00,0.00,24.4,8.1,339,16.9
2024-08-29T09:00,26.4,0.00,0.00,0.00,28.4,7.1,330,15.8
2024-08-29T10:00,29.7,0.00,0.00,0.00,31.6,5.6,320,15.8
2024-08-29T11:00,31.4,0.00,0.00,0.00,34.1,1.3,236,14.4
2024-08-29T12:00,32.4,0.00,0.00,0.00,35.4,4.0,190,14.4
2024-08-29T13:00,33.2,0.00,0.00,0.00,36.3,5.6,195,16.9
2024-08-29T14:00,33.7,0.00,0.00,0.00,36.8,5.8,202,17.6
2024-08-29T15:00,33.7,0.00,0.00,0.00,35.8,8.1,238,21.2
2024-08-29T16:00,33.9,0.00,0.00,0.00,35.4,7.4,241,20.2
2024-08-29T17:00,33.8,0.00,0.00,0.00,35.0,6.2,216,17.6
2024-08-29T18:00,32.9,0.00,0.00,0.00,34.3,5.8,210,14.8
2024-08-29T19:00,30.6,0.00,0.00,0.00,34.6,5.9,232,13.7
2024-08-29T20:00,28.7,0.00,0.00,0.00,30.5,7.0,249,7.9
2024-08-29T21:00,27.7,0.00,0.00,0.00,29.4,7.1,255,9.4
2024-08-29T22:00,26.6,0.00,0.00,0.00,28.6,4.2,301,8.6
2024-08-29T23:00,25.3,0.00,0.00,0.00,27.1,3.3,319,6.1
2024-08-30T00:00,24.5,0.00,0.00,0.00,26.1,4.1,322,9.7
2024-08-30T01:00,22.8,0.00,0.00,0.00,24.7,4.8,318,10.8
2024-08-30T02:00,22.2,0.00,0.00,0.00,24.1,5.4,340,10.8
2024-08-30T03:00,24.0,0.00,0.00,0.00,25.3,6.7,16,15.8
2024-08-30T04:00,23.8,0.00,0.00,0.00,24.9,7.0,348,14.8
2024-08-30T05:00,22.9,0.00,0.00,0.00,23.7,7.9,344,14.4
2024-08-30T06:00,22.3,0.00,0.00,0.00,22.8,8.9,333,16.2
2024-08-30T07:00,22.2,0.00,0.00,0.00,22.4,10.2,328,19.1
2024-08-30T08:00,23.5,0.00,0.00,0.00,24.1,10.2,328,20.2
2024-08-30T09:00,26.9,0.00,0.00,0.00,28.9,5.2,344,19.4
2024-08-30T10:00,29.6,0.00,0.00,0.00,31.5,2.8,40,12.6
2024-08-30T11:00,31.3,0.00,0.00,0.00,33.2,3.6,90,13.0
2024-08-30T12:00,32.4,0.00,0.00,0.00,34.7,5.0,120,15.5
2024-08-30T13:00,33.3,0.00,0.00,0.00,36.1,5.4,143,16.6
2024-08-30T14:00,33.9,0.00,0.00,0.00,36.7,5.1,172,16.6
2024-08-30T15:00,32.7,0.00,0.00,0.00,35.6,2.3,309,13.0
2024-08-30T16:00,33.1,0.00,0.00,0.00,35.4,3.1,36,12.6
2024-08-30T17:00,32.5,0.00,0.00,0.00,34.7,3.6,45,14.0
2024-08-30T18:00,32.1,0.00,0.00,0.00,34.3,4.7,67,10.8
2024-08-30T19:00,30.4,0.00,0.00,0.00,33.5,4.8,77,10.4
2024-08-30T20:00,28.2,0.00,0.00,0.00,30.7,6.1,93,9.7
2024-08-30T21:00,27.0,0.00,0.00,0.00,29.7,7.9,60,10.8
2024-08-30T22:00,26.0,0.00,0.00,0.00,29.2,4.1,345,9.4
2024-08-30T23:00,25.6,0.00,0.00,0.00,28.6,3.3,319,7.2
2024-08-31T00:00,24.2,0.00,0.00,0.00,27.0,5.1,321,10.4
2024-08-31T01:00,22.9,0.00,0.00,0.00,25.5,6.4,317,12.2
2024-08-31T02:00,22.3,0.00,0.00,0.00,24.7,7.4,317,13.7
2024-08-31T03:00,24.0,0.00,0.00,0.00,26.1,7.8,326,14.8
2024-08-31T04:00,24.1,0.00,0.00,0.00,26.0,8.4,335,15.1
2024-08-31T05:00,23.5,0.00,0.00,0.00,25.4,7.8,347,15.5
2024-08-31T06:00,22.8,0.00,0.00,0.00,24.2,9.7,329,17.3
2024-08-31T07:00,22.6,0.00,0.00,0.00,23.7,9.8,332,18.0
2024-08-31T08:00,24.2,0.00,0.00,0.00,25.8,8.9,333,18.0
2024-08-31T09:00,27.6,0.00,0.00,0.00,30.2,5.7,342,17.3
2024-08-31T10:00,30.4,0.00,0.00,0.00,32.6,4.3,5,13.0
2024-08-31T11:00,32.0,0.00,0.00,0.00,33.6,4.9,73,14.4
2024-08-31T12:00,32.9,0.00,0.00,0.00,34.5,7.3,101,18.7
2024-08-31T13:00,33.7,0.00,0.00,0.00,35.6,7.6,115,20.2
2024-08-31T14:00,34.3,0.00,0.00,0.00,35.9,10.0,131,23.4
2024-08-31T15:00,33.1,0.00,0.00,0.00,34.1,8.4,170,20.9
2024-08-31T16:00,32.7,0.00,0.00,0.00,34.4,2.4,243,21.2
2024-08-31T17:00,32.6,0.00,0.00,0.00,34.0,6.2,306,13.7
2024-08-31T18:00,31.7,0.00,0.00,0.00,33.3,7.2,307,16.2
2024-08-31T19:00,30.2,0.00,0.00,0.00,32.8,5.1,321,15.5
2024-08-31T20:00,27.5,0.00,0.00,0.00,30.1,5.1,315,9.7
2024-08-31T21:00,26.2,0.00,0.00,0.00,28.9,5.1,315,9.4
2024-08-31T22:00,25.3,0.00,0.00,0.00,27.6,7.1,315,13.0
2024-08-31T23:00,24.4,0.00,0.00,0.00,26.8,6.1,320,13.0
2024-09-01T00:00,23.8,0.00,0.00,0.00,26.0,6.9,321,13.3
2024-09-01T01:00,23.1,0.00,0.00,0.00,25.5,6.5,326,13.3
2024-09-01T02:00,22.8,0.00,0.00,0.00,25.0,7.1,345,13.0
2024-09-01T03:00,23.0,0.00,0.00,0.00,25.5,4.7,356,12.2
2024-09-01T04:00,23.0,0.00,0.00,0.00,24.8,7.3,340,13.0
2024-09-01T05:00,22.8,0.00,0.00,0.00,24.0,9.9,327,17.6
2024-09-01T06:00,22.7,0.00,0.00,0.00,23.5,10.0,330,18.7
2024-09-01T07:00,22.6,0.00,0.00,0.00,23.1,10.8,334,19.8
2024-09-01T08:00,24.1,0.00,0.00,0.00,24.7,10.6,336,20.9
2024-09-01T09:00,27.2,0.00,0.00,0.00,28.8,8.1,347,20.2
2024-09-01T10:00,29.9,0.00,0.00,0.00,31.4,5.4,8,16.2
2024-09-01T11:00,31.6,0.00,0.00,0.00,32.4,6.8,65,16.6
2024-09-01T12:00,32.6,0.00,0.00,0.00,33.6,8.3,85,20.9
2024-09-01T13:00,33.5,0.00,0.00,0.00,34.3,8.3,85,20.5
2024-09-01T14:00,33.7,0.00,0.00,0.00,33.8,8.4,83,20.9
2024-09-01T15:00,34.0,0.00,0.00,0.00,35.1,5.9,101,20.2
2024-09-01T16:00,34.1,0.00,0.00,0.00,34.4,7.4,137,17.6
2024-09-01T17:00,33.6,0.00,0.00,0.00,33.2,9.7,165,20.9
2024-09-01T18:00,32.1,0.00,0.00,0.00,31.5,11.9,166,23.8
2024-09-01T19:00,30.1,0.00,0.00,0.00,30.4,7.6,172,23.0
2024-09-01T20:00,29.6,0.00,0.00,0.00,30.2,4.3,222,14.0
2024-09-01T21:00,27.1,0.00,0.00,0.00,28.6,3.2,333,5.4
2024-09-01T22:00,25.5,0.00,0.00,0.00,26.5,5.2,344,7.9
2024-09-01T23:00,25.1,0.00,0.00,0.00,26.5,2.6,326,7.9
2024-09-02T00:00,23.4,0.00,0.00,0.00,24.5,3.8,319,5.0
2024-09-02T01:00,22.8,0.00,0.00,0.00,23.8,6.0,335,11.5
2024-09-02T02:00,21.3,0.00,0.00,0.00,22.5,6.3,347,12.6
2024-09-02T03:00,20.2,0.00,0.00,0.00,21.3,7.4,317,14.8
2024-09-02T04:00,20.0,0.00,0.00,0.00,21.0,6.9,351,14.8
2024-09-02T05:00,20.7,0.00,0.00,0.00,21.4,7.4,346,13.7
2024-09-02T06:00,20.7,0.00,0.00,0.00,21.0,8.0,333,15.5
2024-09-02T07:00,20.6,0.00,0.00,0.00,21.1,6.8,328,14.4
2024-09-02T08:00,22.5,0.00,0.00,0.00,23.4,7.3,327,13.0
2024-09-02T09:00,25.8,0.00,0.00,0.00,27.4,5.1,321,13.3
2024-09-02T10:00,28.6,0.00,0.00,0.00,30.0,2.9,330,12.2
2024-09-02T11:00,30.5,0.00,0.00,0.00,31.9,2.0,45,10.8
2024-09-02T12:00,31.7,0.00,0.00,0.00,33.5,3.6,135,13.7
2024-09-02T13:00,32.5,0.00,0.00,0.00,34.4,4.7,157,15.8
2024-09-02T14:00,30.9,0.20,0.00,0.20,32.5,7.7,233,19.8
2024-09-02T15:00,32.4,0.00,0.00,0.00,32.6,9.5,209,22.7
2024-09-02T16:00,32.9,0.00,0.00,0.00,32.8,9.2,219,22.3
2024-09-02T17:00,30.9,0.00,0.00,0.00,29.8,17.5,189,35.6
2024-09-02T18:00,29.9,0.00,0.00,0.00,30.3,8.9,223,34.6
2024-09-02T19:00,28.3,0.00,0.00,0.00,30.2,4.5,241,18.0
2024-09-02T20:00,25.8,0.00,0.00,0.00,27.4,6.8,295,8.6
2024-09-02T21:00,24.7,0.00,0.00,0.00,26.4,5.5,328,8.3
2024-09-02T22:00,23.5,0.00,0.00,0.00,25.2,2.8,320,6.8
2024-09-02T23:00,22.6,0.00,0.00,0.00,24.4,2.3,309,7.2
2024-09-03T00:00,21.6,0.00,0.00,0.00,23.5,2.8,310,7.9
2024-09-03T01:00,20.8,0.00,0.00,0.00,22.7,3.4,328,8.6
2024-09-03T02:00,20.4,0.00,0.00,0.00,22.1,4.9,343,10.1
2024-09-03T03:00,20.8,0.60,0.00,0.60,22.8,9.2,329,23.0
2024-09-03T04:00,20.6,0.30,0.00,0.30,22.6,8.5,332,16.9
2024-09-03T05:00,19.9,0.00,0.00,0.00,21.9,7.4,337,15.1
2024-09-03T06:00,19.5,0.00,0.00,0.00,21.4,6.6,292,13.3
2024-09-03T07:00,19.2,0.00,0.00,0.00,20.7,7.1,330,13.3
2024-09-03T08:00,20.5,0.00,0.00,0.00,22.2,6.3,329,13.3
2024-09-03T09:00,23.4,0.00,0.00,0.00,25.9,5.9,317,15.1
2024-09-03T10:00,26.4,0.00,0.00,0.00,28.6,1.8,233,13.7
2024-09-03T11:00,28.1,0.00,0.00,0.00,29.7,3.6,186,14.0
2024-09-03T12:00,29.3,0.00,0.00,0.00,31.5,4.4,171,15.8
2024-09-03T13:00,30.2,0.00,0.00,0.00,32.9,3.6,143,15.8
2024-09-03T14:00,30.9,0.00,0.00,0.00,33.5,4.3,138,16.2
2024-09-03T15:00,30.9,0.00,0.00,0.00,33.8,2.3,39,15.8
2024-09-03T16:00,31.3,0.00,0.00,0.00,33.4,2.4,63,14.4
2024-09-03T17:00,31.3,0.00,0.00,0.00,32.7,4.9,107,14.0
2024-09-03T18:00,30.6,0.00,0.00,0.00,32.0,5.9,137,13.7
2024-09-03T19:00,29.0,0.00,0.00,0.00,31.1,4.6,141,13.7
2024-09-03T20:00,26.9,0.00,0.00,0.00,28.9,5.2,168,9.0
2024-09-03T21:00,25.5,0.00,0.00,0.00,27.9,6.8,245,9.7
2024-09-03T22:00,24.4,0.00,0.00,0.00,27.1,4.1,315,8.3
2024-09-03T23:00,23.1,0.00,0.00,0.00,26.1,2.9,330,6.5
2024-09-04T00:00,22.6,0.00,0.00,0.00,25.5,2.6,326,6.1
2024-09-04T01:00,21.8,0.00,0.00,0.00,24.3,5.6,320,11.5
2024-09-04T02:00,21.1,0.00,0.00,0.00,23.2,7.2,323,13.3
2024-09-04T03:00,21.0,0.00,0.00,0.00,22.2,6.7,324,12.2
2024-09-04T04:00,21.1,0.00,0.00,0.00,21.9,8.6,358,14.8
2024-09-04T05:00,21.5,0.00,0.00,0.00,22.5,5.8,353,14.8
2024-09-04T06:00,21.1,0.00,0.00,0.00,22.1,5.5,349,10.8
2024-09-04T07:00,20.8,0.00,0.00,0.00,21.6,6.4,344,11.2
2024-09-04T08:00,22.8,0.00,0.00,0.00,23.7,6.8,342,13.0
2024-09-04T09:00,25.5,0.00,0.00,0.00,26.6,5.1,352,12.6
2024-09-04T10:00,27.5,0.00,0.00,0.00,29.1,2.5,45,13.0
2024-09-04T11:00,28.9,0.00,0.00,0.00,30.8,1.3,146,10.8
2024-09-04T12:00,30.3,0.00,0.00,0.00,32.3,4.0,117,15.1
2024-09-04T13:00,31.2,0.00,0.00,0.00,33.4,5.9,104,19.4
2024-09-04T14:00,31.8,0.00,0.00,0.00,33.6,7.4,133,20.5
2024-09-04T15:00,31.7,0.00,0.00,0.00,32.5,5.1,184,18.4
2024-09-04T16:00,32.0,0.00,0.00,0.00,32.4,7.0,159,18.0
2024-09-04T17:00,30.9,0.00,0.00,0.00,30.8,11.3,171,24.5
2024-09-04T18:00,30.0,0.00,0.00,0.00,30.9,7.3,189,24.1
2024-09-04T19:00,28.6,0.00,0.00,0.00,30.5,4.0,190,15.1
2024-09-04T20:00,25.9,0.00,0.00,0.00,27.6,7.3,171,9.4
2024-09-04T21:00,25.6,0.00,0.00,0.00,27.9,5.6,140,10.4
2024-09-04T22:00,23.9,0.00,0.00,0.00,26.7,3.6,360,6.8
2024-09-04T23:00,24.2,0.00,0.00,0.00,25.8,5.2,348,9.0
2024-09-05T00:00,23.1,0.00,0.00,0.00,24.7,4.7,351,9.0
2024-09-05T01:00,22.6,0.00,0.00,0.00,24.2,4.5,346,7.9
2024-09-05T02:00,22.0,0.00,0.00,0.00,23.1,7.3,349,13.3
2024-09-05T03:00,22.1,0.00,0.00,0.00,22.8,9.1,351,19.4
2024-09-05T04:00,21.3,0.00,0.00,0.00,22.2,7.2,360,16.2
2024-09-05T05:00,20.9,0.00,0.00,0.00,21.8,6.7,344,13.3
2024-09-05T06:00,20.4,0.00,0.00,0.00,21.4,6.2,353,12.2
2024-09-05T07:00,21.2,0.00,0.00,0.00,21.7,9.0,16,15.5
2024-09-05T08:00,22.6,0.00,0.00,0.00,22.7,11.8,27,20.2
2024-09-05T09:00,24.8,0.00,0.00,0.00,25.1,10.0,41,22.3
2024-09-05T10:00,25.0,0.00,0.00,0.00,26.4,3.3,193,19.4
2024-09-05T11:00,22.3,0.90,0.00,0.90,24.2,8.6,270,22.3
2024-09-05T12:00,25.3,0.10,0.00,0.10,26.9,8.7,353,19.1
2024-09-05T13:00,25.4,0.50,0.00,0.50,27.0,8.9,140,22.7
2024-09-05T14:00,22.0,4.50,0.00,4.50,25.2,3.4,162,23.4
2024-09-05T15:00,20.0,7.70,0.00,7.70,23.0,3.1,36,22.0
2024-09-05T16:00,20.4,3.60,0.00,3.60,22.4,10.2,18,22.7
2024-09-05T17:00,20.2,4.60,0.00,4.60,21.1,13.0,354,30.2
2024-09-05T18:00,20.4,0.10,0.00,0.10,21.3,14.1,6,25.9
2024-09-05T19:00,21.3,0.00,0.00,0.00,22.2,13.7,3,24.8
2024-09-05T20:00,21.0,0.20,0.00,0.20,23.4,3.6,84,24.1
2024-09-05T21:00,19.6,0.40,0.00,0.40,21.8,7.0,159,18.4
2024-09-05T22:00,19.2,0.40,0.00,0.40,21.4,6.6,29,22.7
2024-09-05T23:00,19.3,0.60,0.00,0.60,20.8,10.5,262,19.4
2024-09-06T00:00,19.3,0.60,0.00,0.60,21.4,4.7,360,18.7
2024-09-06T01:00,19.2,1.50,0.00,1.50,20.9,6.3,347,11.5
2024-09-06T02:00,18.9,0.10,0.00,0.10,21.1,4.1,52,11.2
2024-09-06T03:00,18.3,0.00,0.00,0.00,20.0,5.4,8,11.2
2024-09-06T04:00,18.2,0.00,0.00,0.00,20.0,4.5,331,8.3
2024-09-06T05:00,17.7,0.00,0.00,0.00,19.5,4.2,340,9.0
2024-09-06T06:00,17.5,0.00,0.00,0.00,19.5,3.0,346,6.8
2024-09-06T07:00,17.8,0.00,0.00,0.00,19.7,3.9,338,8.3
2024-09-06T08:00,19.1,0.00,0.00,0.00,21.5,3.9,326,9.7
2024-09-06T09:00,21.4,0.00,0.00,0.00,23.3,3.7,349,9.7
2024-09-06T10:00,22.3,0.00,0.00,0.00,24.2,4.0,27,12.2
2024-09-06T11:00,23.2,0.00,0.00,0.00,25.0,5.8,94,15.8
2024-09-06T12:00,23.9,0.00,0.00,0.00,25.9,8.0,98,20.5
2024-09-06T13:00,24.5,0.00,0.00,0.00,26.7,8.3,90,20.9
2024-09-06T14:00,24.8,0.00,0.00,0.00,27.2,6.5,87,20.5
2024-09-06T15:00,23.3,0.00,0.00,0.00,24.4,9.8,96,24.5
2024-09-06T16:00,23.5,0.00,0.00,0.00,25.0,7.8,112,22.7
2024-09-06T17:00,23.5,0.00,0.00,0.00,25.4,5.5,113,18.7
2024-09-06T18:00,23.3,0.00,0.00,0.00,25.3,4.6,108,14.0
2024-09-06T19:00,22.4,0.00,0.00,0.00,25.2,2.9,97,10.8
2024-09-06T20:00,20.5,0.00,0.00,0.00,22.5,6.7,54,7.2
2024-09-06T21:00,20.2,0.00,0.00,0.00,22.1,5.1,45,8.6
2024-09-06T22:00,19.2,0.00,0.00,0.00,20.9,6.5,19,8.3
2024-09-06T23:00,18.7,0.00,0.00,0.00,20.6,4.3,355,7.9
2024-09-07T00:00,18.4,0.00,0.00,0.00,20.5,1.8,323,5.4
2024-09-07T01:00,18.3,0.00,0.00,0.00,20.4,2.3,321,5.0
2024-09-07T02:00,17.9,0.00,0.00,0.00,19.8,3.4,328,7.9
2024-09-07T03:00,18.0,0.00,0.00,0.00,20.0,3.1,315,6.8
2024-09-07T04:00,18.0,0.00,0.00,0.00,20.0,3.1,324,6.5
2024-09-07T05:00,17.7,0.00,0.00,0.00,19.4,4.8,333,9.0
2024-09-07T06:00,17.3,0.00,0.00,0.00,19.0,3.9,338,9.0
2024-09-07T07:00,17.2,0.00,0.00,0.00,18.8,4.0,355,7.2
2024-09-07T08:00,19.4,0.00,0.00,0.00,21.1,4.7,360,9.7
2024-09-07T09:00,21.2,0.00,0.00,0.00,23.2,4.3,24,11.9
2024-09-07T10:00,22.7,0.00,0.00,0.00,25.1,3.4,58,12.2
2024-09-07T11:00,23.9,0.00,0.00,0.00,26.5,3.4,108,13.7
2024-09-07T12:00,25.1,0.00,0.00,0.00,28.3,3.0,166,13.7
2024-09-07T13:00,26.1,0.00,0.00,0.00,29.1,4.3,185,14.8
2024-09-07T14:00,26.8,0.00,0.00,0.00,29.4,6.9,189,17.6
2024-09-07T15:00,26.7,0.00,0.00,0.00,28.6,10.7,220,24.8
2024-09-07T16:00,27.1,0.00,0.00,0.00,28.6,10.6,215,23.8
2024-09-07T17:00,26.6,0.00,0.00,0.00,27.8,11.2,195,23.4
2024-09-07T18:00,25.0,0.00,0.00,0.00,27.0,12.7,172,24.8
2024-09-07T19:00,23.8,0.00,0.00,0.00,26.8,5.6,165,24.5
2024-09-07T20:00,23.6,0.00,0.00,0.00,26.7,2.9,83,10.1
2024-09-07T21:00,20.8,0.00,0.00,0.00,23.6,4.4,351,6.1
2024-09-07T22:00,20.6,0.00,0.00,0.00,23.6,2.9,330,6.8
2024-09-07T23:00,20.0,0.00,0.00,0.00,23.1,2.1,329,6.8
2024-09-08T00:00,20.0,0.00,0.00,0.00,22.9,2.6,304,6.1
2024-09-08T01:00,19.4,0.00,0.00,0.00,22.0,4.3,312,9.0
2024-09-08T02:00,18.8,0.00,0.00,0.00,21.1,4.5,331,10.1
2024-09-08T03:00,20.2,0.00,0.00,0.00,23.1,3.9,304,8.6
2024-09-08T04:00,19.9,0.00,0.00,0.00,22.6,4.2,329,10.1
2024-09-08T05:00,19.1,0.00,0.00,0.00,21.9,1.8,307,7.9
2024-09-08T06:00,19.0,0.00,0.00,0.00,21.2,5.0,339,9.4
2024-09-08T07:00,19.2,0.00,0.00,0.00,21.0,6.6,13,12.6
2024-09-08T08:00,20.5,0.00,0.00,0.00,22.6,6.4,16,11.9
2024-09-08T09:00,21.8,0.10,0.00,0.10,24.2,5.6,15,20.2
2024-09-08T10:00,22.7,0.00,0.00,0.00,25.4,6.4,43,15.8
2024-09-08T11:00,23.9,0.00,0.00,0.00,26.8,7.7,53,18.4
2024-09-08T12:00,25.3,0.00,0.00,0.00,28.2,8.1,58,20.5
2024-09-08T13:00,25.7,0.50,0.00,0.50,28.8,6.2,80,22.3
2024-09-08T14:00,23.7,0.90,0.00,0.90,27.4,2.5,8,21.2
2024-09-08T15:00,23.0,2.90,0.00,2.90,27.0,1.1,108,14.0
2024-09-08T16:00,22.5,2.00,0.00,2.00,25.6,8.6,57,17.3
2024-09-08T17:00,22.6,0.70,0.00,0.70,26.3,3.7,331,16.9
2024-09-08T18:00,21.6,5.30,0.00,5.30,25.3,2.6,326,12.6
2024-09-08T19:00,21.1,2.60,0.00,2.60,23.8,9.4,7,16.9
2024-09-08T20:00,21.1,3.30,0.00,3.30,24.3,5.2,25,17.6
2024-09-08T21:00,21.0,4.00,0.00,4.00,24.2,4.9,17,15.1
2024-09-08T22:00,20.6,5.30,0.00,5.30,23.3,7.8,68,17.6
2024-09-08T23:00,20.3,6.60,0.00,6.60,22.5,10.0,49,31.0
2024-09-09T00:00,20.1,9.10,0.00,9.10,21.3,16.3,55,37.4
2024-09-09T01:00,20.0,6.10,0.00,6.10,21.1,17.3,69,37.4
2024-09-09T02:00,20.0,7.50,0.00,7.50,21.0,17.3,73,37.4
2024-09-09T03:00,20.0,2.60,0.00,2.60,21.3,15.6,64,28.1
2024-09-09T04:00,20.0,0.90,0.00,0.90,20.6,18.8,78,33.8
2024-09-09T05:00,19.4,0.40,0.00,0.40,20.4,13.9,59,33.8
2024-09-09T06:00,19.0,2.20,0.00,2.20,20.0,13.3,71,26.6
2024-09-09T07:00,18.9,1.50,0.00,1.50,20.0,12.6,66,23.8
2024-09-09T08:00,19.1,0.50,0.00,0.50,20.3,10.9,46,22.7
2024-09-09T09:00,19.6,0.10,0.00,0.10,21.0,9.3,36,20.2
2024-09-09T10:00,20.5,0.00,0.00,0.00,22.0,8.4,50,19.4
2024-09-09T11:00,22.1,0.00,0.00,0.00,24.4,3.3,41,18.4
2024-09-09T12:00,22.8,0.40,0.00,0.40,24.1,8.9,320,21.6
2024-09-09T13:00,23.1,0.10,0.00,0.10,25.6,1.5,315,22.3
2024-09-09T14:00,24.3,0.00,0.00,0.00,26.2,7.9,30,22.0
2024-09-09T15:00,27.0,0.00,0.00,0.00,28.1,5.8,86,14.8
2024-09-09T16:00,25.9,0.00,0.00,0.00,25.7,14.1,109,27.7
2024-09-09T17:00,25.3,0.00,0.00,0.00,25.9,8.8,109,28.4
2024-09-09T18:00,24.8,0.00,0.00,0.00,26.2,7.0,78,17.3
2024-09-09T19:00,22.5,0.00,0.00,0.00,22.7,11.6,83,22.7
2024-09-09T20:00,19.8,0.00,0.00,0.00,20.8,7.4,67,20.9
2024-09-09T21:00,19.9,0.00,0.00,0.00,21.1,3.8,343,9.4
2024-09-09T22:00,20.6,0.00,0.00,0.00,21.9,1.8,349,5.0
2024-09-09T23:00,18.6,0.00,0.00,0.00,19.8,3.2,333,6.5
2024-09-10T00:00,17.6,0.00,0.00,0.00,18.8,4.1,322,8.3
2024-09-10T01:00,16.5,0.00,0.00,0.00,17.8,3.6,315,9.4
2024-09-10T02:00,15.9,0.00,0.00,0.00,17.1,4.6,315,10.1
2024-09-10T03:00,15.9,0.00,0.00,0.00,17.2,2.9,353,6.8
2024-09-10T04:00,15.9,0.00,0.00,0.00,17.1,3.4,342,7.2
2024-09-10T05:00,15.3,0.00,0.00,0.00,16.2,4.3,318,9.0
2024-09-10T06:00,14.9,0.00,0.00,0.00,15.4,5.1,309,10.1
2024-09-10T07:00,14.7,0.00,0.00,0.00,14.6,6.1,320,11.9
2024-09-10T08:00,16.5,0.00,0.00,0.00,16.1,7.5,325,13.3
2024-09-10T09:00,19.6,0.00,0.00,0.00,20.1,5.9,313,14.4
2024-09-10T10:00,22.3,0.00,0.00,0.00,23.1,2.2,261,12.2
2024-09-10T11:00,23.8,0.00,0.00,0.00,25.2,3.8,221,12.6
2024-09-10T12:00,24.9,0.00,0.00,0.00,26.9,6.1,208,16.6
2024-09-10T13:00,25.7,0.00,0.00,0.00,27.6,7.1,204,18.0
2024-09-10T14:00,26.1,0.00,0.00,0.00,27.3,9.2,228,20.9
2024-09-10T15:00,25.8,0.00,0.00,0.00,27.7,4.7,270,15.8
2024-09-10T16:00,24.1,0.00,0.00,0.00,25.8,5.5,238,22.7
2024-09-10T17:00,24.4,0.00,0.00,0.00,26.1,4.7,356,13.7
2024-09-10T18:00,24.5,0.00,0.00,0.00,26.6,2.5,45,11.2
2024-09-10T19:00,22.2,0.00,0.00,0.00,24.7,5.3,62,6.8
2024-09-10T20:00,22.3,0.00,0.00,0.00,24.3,3.4,32,7.9
2024-09-10T21:00,21.6,0.00,0.00,0.00,23.9,0.8,333,4.0
2024-09-10T22:00,19.3,0.00,0.00,0.00,21.0,3.0,346,3.6
2024-09-10T23:00,18.5,0.00,0.00,0.00,19.9,5.2,348,7.9
2024-09-11T00:00,18.0,2.50,0.00,2.50,18.4,12.0,254,27.7
2024-09-11T01:00,18.2,0.40,0.00,0.40,18.8,10.7,310,19.8
2024-09-11T02:00,18.0,0.20,0.00,0.20,19.5,4.1,345,20.5
2024-09-11T03:00,18.5,0.00,0.00,0.00,18.9,9.0,337,16.2
2024-09-11T04:00,17.6,0.00,0.00,0.00,17.9,8.6,327,16.2
2024-09-11T05:00,17.3,0.00,0.00,0.00,17.6,7.9,330,16.9
2024-09-11T06:00,16.5,0.00,0.00,0.00,16.8,7.4,346,14.4
2024-09-11T07:00,16.2,0.00,0.00,0.00,16.6,6.5,360,13.7
2024-09-11T08:00,17.8,0.00,0.00,0.00,18.4,6.8,360,12.2
2024-09-11T09:00,19.5,0.00,0.00,0.00,19.6,7.7,41,16.2
2024-09-11T10:00,20.2,0.00,0.00,0.00,20.7,6.8,90,17.6
2024-09-11T11:00,20.8,0.00,0.00,0.00,21.6,6.2,69,16.9
2024-09-11T12:00,22.1,0.00,0.00,0.00,23.1,5.8,90,16.9
2024-09-11T13:00,22.2,0.10,0.00,0.10,23.7,5.4,110,19.8
2024-09-11T14:00,22.6,0.10,0.00,0.10,24.6,4.1,105,19.8
2024-09-11T15:00,23.2,0.00,0.00,0.00,24.8,5.9,104,21.2
2024-09-11T16:00,22.8,0.00,0.00,0.00,24.4,6.8,87,20.2
2024-09-11T17:00,22.4,0.00,0.00,0.00,23.9,6.2,21,19.1
2024-09-11T18:00,21.6,0.00,0.00,0.00,23.0,7.6,8,15.1
2024-09-11T19:00,20.8,0.00,0.00,0.00,21.7,9.7,356,16.9
2024-09-11T20:00,19.7,0.00,0.00,0.00,19.7,13.0,357,22.7
2024-09-11T21:00,18.0,2.40,0.00,2.40,18.4,11.0,349,27.0
2024-09-11T22:00,17.7,3.00,0.00,3.00,18.3,10.5,329,19.1
2024-09-11T23:00,17.6,4.60,0.00,4.60,18.7,7.8,34,20.2
2024-09-12T00:00,17.6,2.90,0.00,2.90,18.6,7.9,30,20.9
2024-09-12T01:00,17.2,7.70,0.00,7.70,18.7,4.2,20,18.4
2024-09-12T02:00,17.1,2.60,0.00,2.60,18.3,6.5,34,14.0
2024-09-12T03:00,16.8,0.20,0.00,0.20,16.7,13.5,56,23.8
2024-09-12T04:00,16.2,0.10,0.00,0.10,16.3,10.9,63,24.1
2024-09-12T05:00,16.2,2.70,0.00,2.70,16.6,9.0,37,20.5
2024-09-12T06:00,16.7,3.10,0.00,3.10,16.9,8.9,43,16.9
2024-09-12T07:00,16.6,3.70,0.00,3.70,17.1,8.9,69,15.8
2024-09-12T08:00,16.9,8.00,0.00,8.00,17.0,9.8,66,18.7
2024-09-12T09:00,17.1,0.80,0.00,0.80,16.9,12.9,67,24.1
2024-09-12T10:00,18.0,5.50,0.00,5.50,17.9,13.4,59,25.9
2024-09-12T11:00,18.2,1.60,0.00,1.60,18.0,16.1,70,29.9
2024-09-12T12:00,17.9,1.30,0.00,1.30,18.0,14.7,65,31.3
2024-09-12T13:00,17.4,0.60,0.00,0.60,17.0,12.6,90,30.2
2024-09-12T14:00,16.9,0.60,0.00,0.60,17.2,8.4,70,25.6
2024-09-12T15:00,16.8,1.50,0.00,1.50,15.7,12.6,24,24.8
2024-09-12T16:00,16.7,0.30,0.00,0.30,15.4,10.7,20,23.4
2024-09-12T17:00,15.7,0.90,0.00,0.90,14.0,13.9,10,23.8
2024-09-12T18:00,15.6,0.00,0.00,0.00,13.9,11.2,2,25.2
2024-09-12T19:00,15.0,0.40,0.00,0.40,13.7,8.7,7,19.4
2024-09-12T20:00,13.7,0.80,0.00,0.80,11.0,17.8,346,31.0
2024-09-12T21:00,13.6,0.40,0.00,0.40,10.2,19.4,345,34.6
2024-09-12T22:00,12.9,0.50,0.00,0.50,8.8,23.2,348,42.1
2024-09-12T23:00,12.2,0.70,0.00,0.70,8.5,20.1,345,40.7
2024-09-13T00:00,12.3,0.40,0.00,0.40,8.7,19.5,348,38.2
2024-09-13T01:00,12.3,0.50,0.00,0.50,9.4,14.4,357,34.2
2024-09-13T02:00,11.9,1.00,0.00,1.00,9.7,11.6,355,25.2
2024-09-13T03:00,13.4,0.00,0.00,0.00,11.9,6.2,7,11.5
2024-09-13T04:00,13.1,0.10,0.00,0.10,11.8,3.7,11,11.5
2024-09-13T05:00,12.8,0.00,0.00,0.00,12.5,1.1,90,6.8
2024-09-13T06:00,12.5,0.00,0.00,0.00,12.0,2.7,157,5.8
2024-09-13T07:00,12.2,0.00,0.00,0.00,11.9,1.8,180,5.8
2024-09-13T08:00,12.1,0.10,0.00,0.10,11.6,3.8,163,8.3
2024-09-13T09:00,12.5,0.00,0.00,0.00,12.0,3.9,214,9.7
2024-09-13T10:00,13.3,0.00,0.00,0.00,12.7,5.1,231,12.2
2024-09-13T11:00,14.2,0.00,0.00,0.00,13.7,4.7,189,13.3
2024-09-13T12:00,14.6,0.00,0.00,0.00,13.6,7.2,198,16.6
2024-09-13T13:00,15.1,0.00,0.00,0.00,13.8,8.2,218,18.7
2024-09-13T14:00,15.9,0.00,0.00,0.00,14.6,7.6,225,19.1
2024-09-13T15:00,17.1,0.00,0.00,0.00,15.6,10.0,210,19.4
2024-09-13T16:00,17.2,0.00,0.00,0.00,15.6,12.5,237,24.8
2024-09-13T17:00,17.6,0.00,0.00,0.00,16.0,11.8,243,26.3
2024-09-13T18:00,17.3,0.00,0.00,0.00,16.4,8.4,263,23.0
2024-09-13T19:00,16.5,0.00,0.00,0.00,15.4,8.0,297,15.5
2024-09-13T20:00,16.2,0.00,0.00,0.00,13.4,8.3,326,17.3
2024-09-13T21:00,14.9,0.00,0.00,0.00,12.4,6.6,315,14.8
2024-09-13T22:00,14.2,0.00,0.00,0.00,12.1,6.3,294,11.5
2024-09-13T23:00,13.5,0.00,0.00,0.00,11.1,8.1,283,14.0
2024-09-14T00:00,13.3,0.00,0.00,0.00,10.2,10.4,270,18.4
2024-09-14T01:00,13.7,0.00,0.00,0.00,9.8,13.4,265,23.0
2024-09-14T02:00,13.9,0.00,0.00,0.00,9.8,13.8,263,24.5
2024-09-14T03:00,13.5,0.00,0.00,0.00,10.0,10.1,274,21.2
2024-09-14T04:00,14.0,0.00,0.00,0.00,10.5,10.5,274,20.2
2024-09-14T05:00,13.9,0.00,0.00,0.00,10.5,9.8,278,18.4
2024-09-14T06:00,13.1,0.00,0.00,0.00,9.8,9.3,286,17.3
2024-09-14T07:00,12.9,0.00,0.00,0.00,9.6,9.8,287,17.3
2024-09-14T08:00,13.8,0.00,0.00,0.00,10.5,11.7,281,20.9
2024-09-14T09:00,14.8,0.00,0.00,0.00,12.2,9.7,268,20.9
2024-09-14T10:00,17.4,0.00,0.00,0.00,14.8,11.7,252,21.2
2024-09-14T11:00,18.6,0.00,0.00,0.00,15.6,11.0,259,25.9
2024-09-14T12:00,19.3,0.00,0.00,0.00,16.9,6.8,273,21.6
2024-09-14T13:00,19.2,0.00,0.00,0.00,16.9,7.2,270,15.8
2024-09-14T14:00,19.5,0.00,0.00,0.00,17.4,5.7,288,14.4
2024-09-14T15:00,19.2,0.00,0.00,0.00,15.5,17.3,12,32.4
2024-09-14T16:00,17.6,0.00,0.00,0.00,15.3,10.1,17,32.4
2024-09-14T17:00,17.9,0.00,0.00,0.00,16.6,6.4,16,18.7
2024-09-14T18:00,18.2,0.00,0.00,0.00,17.5,2.7,337,10.8
2024-09-14T19:00,17.3,0.00,0.00,0.00,16.7,3.6,96,5.0
2024-09-14T20:00,15.6,0.00,0.00,0.00,14.4,7.2,90,11.9
2024-09-14T21:00,14.1,0.00,0.00,0.00,13.6,4.1,52,13.0
2024-09-14T22:00,13.8,0.00,0.00,0.00,13.6,2.7,337,6.1
2024-09-14T23:00,13.9,0.00,0.00,0.00,13.3,2.5,315,5.0
2024-09-15T00:00,13.9,0.00,0.00,0.00,12.7,5.2,304,10.1
2024-09-15T01:00,13.9,0.00,0.00,0.00,12.1,7.4,284,13.3
2024-09-15T02:00,13.9,0.00,0.00,0.00,12.2,7.2,273,13.3
2024-09-15T03:00,12.4,0.00,0.00,0.00,11.6,3.7,299,9.4
2024-09-15T04:00,12.4,0.00,0.00,0.00,11.1,3.3,319,7.2
2024-09-15T05:00,13.3,0.00,0.00,0.00,11.3,6.2,324,11.5
2024-09-15T06:00,12.3,0.00,0.00,0.00,10.3,6.2,306,11.5
2024-09-15T07:00,12.6,0.00,0.00,0.00,10.4,6.8,295,14.0
2024-09-15T08:00,13.2,0.00,0.00,0.00,11.5,6.9,321,12.2
2024-09-15T09:00,15.3,0.00,0.00,0.00,14.3,6.2,339,12.2
2024-09-15T10:00,18.6,0.00,0.00,0.00,18.1,2.7,337,13.0
2024-09-15T11:00,19.5,0.00,0.00,0.00,18.7,2.6,286,9.4
2024-09-15T12:00,20.4,0.00,0.00,0.00,19.6,1.1,342,9.4
2024-09-15T13:00,21.1,0.00,0.00,0.00,20.1,5.1,86,13.3
2024-09-15T14:00,20.6,0.00,0.00,0.00,19.3,9.0,85,19.4
2024-09-15T15:00,21.9,0.00,0.00,0.00,21.0,7.8,68,15.8
2024-09-15T16:00,21.2,0.00,0.00,0.00,20.2,5.8,60,18.0
2024-09-15T17:00,21.0,0.00,0.00,0.00,20.9,4.0,100,11.5
2024-09-15T18:00,19.4,0.00,0.00,0.00,19.5,7.6,85,13.3
2024-09-15T19:00,17.1,0.00,0.00,0.00,17.4,6.1,62,13.7
2024-09-15T20:00,15.6,0.00,0.00,0.00,15.3,8.2,49,9.7
2024-09-15T21:00,16.0,0.00,0.00,0.00,15.0,7.2,53,11.5
2024-09-15T22:00,14.3,0.00,0.00,0.00,12.9,7.9,39,12.2
2024-09-15T23:00,13.7,0.00,0.00,0.00,12.8,5.4,356,10.4
2024-09-16T00:00,14.0,0.00,0.00,0.00,13.2,3.4,342,7.6
2024-09-16T01:00,13.7,0.40,0.00,0.40,12.3,7.0,325,11.9
2024-09-16T02:00,12.7,0.10,0.00,0.10,11.1,8.9,313,15.8
2024-09-16T03:00,12.4,0.10,0.00,0.10,11.6,5.5,328,10.4
2024-09-16T04:00,11.4,0.00,0.00,0.00,10.6,5.4,323,10.8
2024-09-16T05:00,11.1,0.00,0.00,0.00,9.8,7.4,317,14.0
2024-09-16T06:00,11.5,0.00,0.00,0.00,10.6,5.1,321,14.0
2024-09-16T07:00,10.2,0.00,0.00,0.00,9.2,5.2,344,9.7
2024-09-16T08:00,12.2,0.00,0.00,0.00,11.1,6.7,324,11.9
2024-09-16T09:00,15.1,0.00,0.00,0.00,14.8,5.2,344,13.7
2024-09-16T10:00,17.8,0.00,0.00,0.00,17.2,4.6,315,12.2
2024-09-16T11:00,19.7,0.00,0.00,0.00,18.6,5.4,290,14.4
2024-09-16T12:00,20.8,0.00,0.00,0.00,19.8,4.6,252,14.4
2024-09-16T13:00,20.8,0.00,0.00,0.00,20.2,1.6,243,13.3
2024-09-16T14:00,21.2,0.00,0.00,0.00,20.4,2.8,40,9.7
2024-09-16T15:00,20.9,0.00,0.00,0.00,20.6,4.3,336,10.8
2024-09-16T16:00,21.3,0.00,0.00,0.00,20.7,5.8,22,14.0
2024-09-16T17:00,19.0,0.20,0.00,0.20,18.3,9.4,72,16.6
2024-09-16T18:00,17.1,0.50,0.00,0.50,17.0,9.0,88,19.1
2024-09-16T19:00,16.3,0.00,0.00,0.00,16.4,8.0,95,15.5
2024-09-16T20:00,15.6,0.10,0.00,0.10,15.8,6.1,87,14.8
2024-09-16T21:00,15.0,0.10,0.00,0.10,15.2,5.1,82,10.1
2024-09-16T22:00,14.3,0.10,0.00,0.10,14.1,6.3,59,15.1
2024-09-16T23:00,14.3,1.10,0.00,1.10,14.4,4.1,45,10.8
2024-09-17T00:00,14.3,2.50,0.00,2.50,14.9,1.5,76,7.2
2024-09-17T01:00,14.1,1.00,0.00,1.00,14.3,4.1,38,7.2
2024-09-17T02:00,13.6,0.00,0.00,0.00,13.5,3.5,336,7.2
2024-09-17T03:00,13.2,0.00,0.00,0.00,12.4,8.2,337,15.1
2024-09-17T04:00,12.8,0.40,0.00,0.40,11.7,8.8,341,15.1
2024-09-17T05:00,11.9,0.00,0.00,0.00,11.2,5.4,340,16.2
2024-09-17T06:00,12.2,0.30,0.00,0.30,11.0,9.0,355,16.9
2024-09-17T07:00,12.6,0.10,0.00,0.10,11.8,6.6,347,17.6
2024-09-17T08:00,12.9,0.00,0.00,0.00,11.0,12.4,338,22.0
2024-09-17T09:00,14.1,0.00,0.00,0.00,13.3,7.9,360,22.0
2024-09-17T10:00,16.0,0.00,0.00,0.00,15.2,6.8,18,15.8
2024-09-17T11:00,17.5,0.00,0.00,0.00,16.3,6.9,43,16.9
2024-09-17T12:00,18.9,0.00,0.00,0.00,17.6,11.4,62,24.8
2024-09-17T13:00,19.6,0.10,0.00,0.10,16.5,20.4,73,37.4
2024-09-17T14:00,20.2,0.10,0.00,0.10,16.5,22.2,82,43.2
2024-09-17T15:00,20.0,0.00,0.00,0.00,16.6,20.7,77,43.9
2024-09-17T16:00,20.5,0.00,0.00,0.00,17.2,20.1,81,39.2
2024-09-17T17:00,19.9,0.00,0.00,0.00,16.7,20.3,78,41.4
2024-09-17T18:00,19.0,0.00,0.00,0.00,16.3,17.7,86,38.2
2024-09-17T19:00,17.4,0.00,0.00,0.00,15.0,14.8,90,33.1
2024-09-17T20:00,16.2,0.00,0.00,0.00,13.9,12.6,77,27.0
2024-09-17T21:00,15.0,0.00,0.00,0.00,13.4,8.0,54,22.3
2024-09-17T22:00,13.6,0.00,0.00,0.00,12.3,6.3,31,14.4
2024-09-17T23:00,12.7,0.00,0.00,0.00,11.5,6.4,16,10.4
2024-09-18T00:00,12.2,0.00,0.00,0.00,10.9,6.0,17,9.7
2024-09-18T01:00,12.3,0.00,0.00,0.00,11.1,5.4,360,10.4
2024-09-18T02:00,11.2,0.00,0.00,0.00,9.9,5.9,349,11.9
2024-09-18T03:00,11.0,0.00,0.00,0.00,9.8,4.7,356,10.8
2024-09-18T04:00,10.9,0.00,0.00,0.00,9.4,6.2,339,11.2
2024-09-18T05:00,10.7,0.00,0.00,0.00,8.6,8.3,342,15.5
2024-09-18T06:00,10.0,0.00,0.00,0.00,7.7,8.4,340,16.6
2024-09-18T07:00,9.7,0.00,0.00,0.00,7.1,9.4,337,17.3
2024-09-18T08:00,11.0,0.00,0.00,0.00,8.6,10.4,340,19.1
2024-09-18T09:00,14.4,0.00,0.00,0.00,12.9,9.1,353,19.1
2024-09-18T10:00,17.7,0.00,0.00,0.00,16.8,6.5,6,18.4
2024-09-18T11:00,19.8,0.00,0.00,0.00,19.4,4.8,48,15.5
2024-09-18T12:00,21.4,0.00,0.00,0.00,19.6,14.6,74,26.6
2024-09-18T13:00,22.3,0.00,0.00,0.00,19.2,22.5,74,42.8
2024-09-18T14:00,22.5,0.00,0.00,0.00,20.0,22.2,73,43.9
2024-09-18T15:00,21.3,0.00,0.00,0.00,19.7,14.8,86,28.1
2024-09-18T16:00,21.1,0.00,0.00,0.00,20.1,12.1,113,32.0
2024-09-18T17:00,20.9,0.00,0.00,0.00,21.6,3.1,159,22.7
2024-09-18T18:00,19.8,0.00,0.00,0.00,20.9,3.2,333,6.5
2024-09-18T19:00,18.2,0.00,0.00,0.00,18.1,7.4,14,10.1
2024-09-18T20:00,17.4,0.00,0.00,0.00,16.8,7.3,20,11.5
2024-09-18T21:00,16.7,0.00,0.00,0.00,16.0,7.7,28,11.5
2024-09-18T22:00,16.7,0.00,0.00,0.00,15.9,6.8,25,12.6
2024-09-18T23:00,15.3,0.00,0.00,0.00,14.7,5.8,356,11.9
2024-09-19T00:00,13.9,0.00,0.00,0.00,13.2,6.3,336,12.2
2024-09-19T01:00,13.1,0.00,0.00,0.00,12.2,7.4,331,14.0
2024-09-19T02:00,13.8,0.00,0.00,0.00,12.5,8.9,333,16.6
2024-09-19T03:00,14.9,0.00,0.00,0.00,13.2,10.2,342,17.3
2024-09-19T04:00,15.7,0.00,0.00,0.00,13.9,9.7,338,20.9
2024-09-19T05:00,14.2,0.00,0.00,0.00,12.6,8.4,335,16.9
2024-09-19T06:00,14.1,0.00,0.00,0.00,12.1,11.3,338,20.5
2024-09-19T07:00,15.0,0.00,0.00,0.00,12.7,12.9,342,23.4
2024-09-19T08:00,15.4,0.00,0.00,0.00,13.5,12.2,341,23.4
2024-09-19T09:00,17.5,0.00,0.00,0.00,16.1,12.2,346,22.7
2024-09-19T10:00,20.2,0.00,0.00,0.00,19.8,10.9,8,22.7
2024-09-19T11:00,22.0,0.00,0.00,0.00,19.8,17.8,58,32.0
2024-09-19T12:00,22.2,0.00,0.00,0.00,19.3,19.8,57,37.8
2024-09-19T13:00,22.5,0.00,0.00,0.00,19.7,19.3,45,38.2
2024-09-19T14:00,21.9,0.00,0.00,0.00,20.1,14.6,20,37.1
2024-09-19T15:00,22.1,0.10,0.00,0.10,22.1,9.0,5,24.5
2024-09-19T16:00,22.9,0.00,0.00,0.00,21.1,13.2,45,27.7
2024-09-19T17:00,22.8,0.00,0.00,0.00,21.4,11.6,54,28.8
2024-09-19T18:00,21.5,0.00,0.00,0.00,20.8,8.4,47,22.0
2024-09-19T19:00,18.3,0.00,0.00,0.00,17.2,10.2,32,15.5
2024-09-19T20:00,17.1,0.00,0.00,0.00,15.8,9.4,23,13.3
2024-09-19T21:00,17.2,0.00,0.00,0.00,16.4,6.5,354,12.6
2024-09-19T22:00,17.5,0.00,0.00,0.00,17.0,5.8,4,9.4
2024-09-19T23:00,18.6,0.00,0.00,0.00,17.1,9.2,42,15.1
2024-09-20T00:00,19.2,0.00,0.00,0.00,17.4,9.7,27,18.7
2024-09-20T01:00,18.8,0.00,0.00,0.00,16.9,11.3,351,19.4
2024-09-20T02:00,18.3,0.00,0.00,0.00,16.4,11.7,351,20.5
2024-09-20T03:00,17.1,0.00,0.00,0.00,16.3,6.4,313,11.9
2024-09-20T04:00,16.9,0.00,0.00,0.00,16.3,5.8,353,11.5
2024-09-20T05:00,16.4,0.00,0.00,0.00,15.7,5.9,349,10.8
2024-09-20T06:00,15.7,0.00,0.00,0.00,14.3,8.9,339,15.8
2024-09-20T07:00,15.5,0.00,0.00,0.00,13.8,10.6,332,19.4
2024-09-20T08:00,16.0,0.00,0.00,0.00,14.8,9.7,329,19.1
2024-09-20T09:00,17.7,0.00,0.00,0.00,17.4,7.8,338,17.6
2024-09-20T10:00,20.6,0.00,0.00,0.00,20.7,5.4,356,15.1
2024-09-20T11:00,22.5,0.00,0.00,0.00,22.3,4.1,38,12.6
2024-09-20T12:00,23.7,0.00,0.00,0.00,23.0,8.1,77,18.4
2024-09-20T13:00,24.1,0.00,0.00,0.00,23.0,11.6,83,24.5
2024-09-20T14:00,24.2,0.00,0.00,0.00,23.2,10.9,81,24.8
2024-09-20T15:00,23.3,0.00,0.00,0.00,23.2,5.1,45,15.5
2024-09-20T16:00,23.3,0.00,0.00,0.00,22.8,7.6,3,15.5
2024-09-20T17:00,23.2,0.00,0.00,0.00,22.9,7.2,18,16.6
2024-09-20T18:00,22.0,0.00,0.00,0.00,22.3,6.1,90,14.0
2024-09-20T19:00,19.5,0.00,0.00,0.00,19.6,8.4,80,11.2
2024-09-20T20:00,18.4,0.00,0.00,0.00,18.3,6.9,43,12.6
2024-09-20T21:00,18.2,0.00,0.00,0.00,17.7,8.8,35,14.4
2024-09-20T22:00,18.1,0.00,0.00,0.00,17.2,9.2,39,16.6
2024-09-20T23:00,18.0,0.00,0.00,0.00,16.9,9.2,42,16.2
2024-09-21T00:00,17.8,0.00,0.00,0.00,16.8,8.5,36,16.2
2024-09-21T01:00,16.8,0.00,0.00,0.00,16.3,6.4,27,15.1
2024-09-21T02:00,15.6,0.00,0.00,0.00,15.2,5.1,356,10.4
2024-09-21T03:00,16.1,0.00,0.00,0.00,16.1,6.5,360,12.6
2024-09-21T04:00,17.1,0.00,0.00,0.00,16.9,7.4,346,13.0
2024-09-21T05:00,16.1,0.00,0.00,0.00,15.8,8.5,332,15.1
2024-09-21T06:00,15.4,0.00,0.00,0.00,14.8,9.9,327,17.6
2024-09-21T07:00,14.8,0.00,0.00,0.00,14.1,9.7,329,18.4
2024-09-21T08:00,15.6,0.00,0.00,0.00,15.1,9.0,331,18.0
2024-09-21T09:00,18.3,0.00,0.00,0.00,18.7,6.7,344,16.6
2024-09-21T10:00,20.6,0.00,0.00,0.00,21.1,4.7,23,14.0
2024-09-21T11:00,21.7,0.00,0.00,0.00,21.6,8.2,67,18.4
2024-09-21T12:00,22.6,0.00,0.00,0.00,21.9,12.6,77,26.6
2024-09-21T13:00,23.2,0.00,0.00,0.00,22.6,12.5,78,27.0
2024-09-21T14:00,23.7,0.00,0.00,0.00,23.2,12.1,80,26.6
2024-09-21T15:00,23.9,0.00,0.00,0.00,23.1,9.8,82,25.6
2024-09-21T16:00,24.2,0.00,0.00,0.00,23.9,6.5,71,20.5
2024-09-21T17:00,24.2,0.00,0.00,0.00,24.6,3.8,73,13.7
2024-09-21T18:00,22.6,0.00,0.00,0.00,24.3,4.5,151,7.9
2024-09-21T19:00,19.6,0.00,0.00,0.00,19.9,8.3,182,10.1
2024-09-21T20:00,19.9,0.00,0.00,0.00,20.2,5.2,254,10.1
2024-09-21T21:00,17.3,0.00,0.00,0.00,17.6,5.1,309,6.5
2024-09-21T22:00,16.5,0.00,0.00,0.00,16.7,3.9,338,7.6
2024-09-21T23:00,15.9,0.00,0.00,0.00,15.8,5.1,352,9.4
2024-09-22T00:00,15.3,0.00,0.00,0.00,14.9,5.8,4,9.7
2024-09-22T01:00,14.8,0.00,0.00,0.00,14.4,5.4,352,9.7
2024-09-22T02:00,14.2,0.00,0.00,0.00,13.9,5.4,340,10.4
2024-09-22T03:00,14.7,0.00,0.00,0.00,14.1,6.2,350,11.2
2024-09-22T04:00,14.1,0.00,0.00,0.00,13.4,6.4,344,11.9
2024-09-22T05:00,14.0,0.00,0.00,0.00,13.2,7.3,340,13.7
2024-09-22T06:00,13.7,0.00,0.00,0.00,12.9,6.8,328,13.7
2024-09-22T07:00,13.4,0.00,0.00,0.00,12.3,8.4,329,15.5
2024-09-22T08:00,14.5,0.00,0.00,0.00,13.5,9.2,334,16.6
2024-09-22T09:00,17.4,0.00,0.00,0.00,17.2,7.1,336,16.6
2024-09-22T10:00,20.2,0.00,0.00,0.00,20.8,4.0,355,14.4
2024-09-22T11:00,21.8,0.00,0.00,0.00,21.9,3.4,58,11.5
2024-09-22T12:00,22.3,0.00,0.00,0.00,22.0,5.7,108,15.1
2024-09-22T13:00,22.7,0.00,0.00,0.00,22.4,5.5,122,15.5
2024-09-22T14:00,22.6,0.00,0.00,0.00,22.2,5.5,122,15.1
2024-09-22T15:00,23.3,0.00,0.00,0.00,23.2,3.4,198,13.0
2024-09-22T16:00,23.2,0.00,0.00,0.00,23.1,3.8,229,10.8
2024-09-22T17:00,22.9,0.00,0.00,0.00,23.3,3.4,238,9.4
2024-09-22T18:00,21.8,0.00,0.00,0.00,23.4,3.3,229,9.7
2024-09-22T19:00,19.0,0.00,0.00,0.00,19.3,7.8,248,9.0
2024-09-22T20:00,17.2,0.00,0.00,0.00,17.2,7.1,285,10.1
2024-09-22T21:00,15.9,0.00,0.00,0.00,16.0,4.6,315,9.4
2024-09-22T22:00,15.0,0.00,0.00,0.00,15.3,2.5,315,6.5
2024-09-22T23:00,14.6,0.00,0.00,0.00,14.9,2.3,309,6.5
2024-09-23T00:00,13.9,0.00,0.00,0.00,14.0,3.6,315,8.6
2024-09-23T01:00,13.2,0.00,0.00,0.00,13.2,3.7,331,9.7
2024-09-23T02:00,12.7,0.00,0.00,0.00,12.4,6.3,347,11.9
2024-09-23T03:00,13.5,0.00,0.00,0.00,13.3,4.3,355,9.4
2024-09-23T04:00,13.3,0.00,0.00,0.00,13.1,4.3,360,7.9
2024-09-23T05:00,12.8,0.00,0.00,0.00,12.5,4.0,350,7.9
2024-09-23T06:00,12.4,0.00,0.00,0.00,12.1,4.5,346,8.6
2024-09-23T07:00,12.2,0.00,0.00,0.00,11.7,4.8,347,9.7
2024-09-23T08:00,13.6,0.00,0.00,0.00,12.9,7.6,357,12.2
2024-09-23T09:00,16.8,0.00,0.00,0.00,16.5,6.8,18,14.8
2024-09-23T10:00,18.3,0.00,0.00,0.00,18.3,6.1,45,14.8
2024-09-23T11:00,19.8,0.00,0.00,0.00,20.2,7.3,79,18.4
2024-09-23T12:00,21.1,0.00,0.00,0.00,21.8,7.9,93,20.2
2024-09-23T13:00,21.9,0.00,0.00,0.00,22.6,7.6,93,20.2
2024-09-23T14:00,22.3,0.00,0.00,0.00,22.8,7.0,102,19.1
2024-09-23T15:00,21.5,0.00,0.00,0.00,21.9,6.0,123,15.8
2024-09-23T16:00,21.8,0.00,0.00,0.00,22.0,8.4,121,17.3
2024-09-23T17:00,21.0,0.00,0.00,0.00,21.6,7.4,113,17.6
2024-09-23T18:00,19.6,0.40,0.00,0.40,20.4,8.0,188,16.9
2024-09-23T19:00,18.5,1.20,0.00,1.20,20.2,4.7,356,18.7
2024-09-23T20:00,17.9,1.60,0.00,1.60,19.5,4.2,340,11.9
2024-09-23T21:00,17.8,1.10,0.00,1.10,18.8,8.0,63,16.6
2024-09-23T22:00,16.8,1.10,0.00,1.10,17.0,11.3,59,24.8
2024-09-23T23:00,16.7,2.00,0.00,2.00,16.9,11.6,74,24.5
2024-09-24T00:00,16.6,5.30,0.00,5.30,16.8,11.8,52,22.7
2024-09-24T01:00,16.5,4.60,0.00,4.60,16.9,9.2,79,20.9
2024-09-24T02:00,16.3,4.30,0.00,4.30,16.3,11.5,49,20.5
2024-09-24T03:00,16.6,0.00,0.00,0.00,17.0,7.5,35,18.0
2024-09-24T04:00,15.4,0.00,0.00,0.00,15.8,6.5,6,12.2
2024-09-24T05:00,15.2,0.00,0.00,0.00,15.8,5.0,300,8.6
2024-09-24T06:00,15.9,0.00,0.00,0.00,16.2,7.6,273,12.6
2024-09-24T07:00,15.4,0.00,0.00,0.00,15.2,9.8,262,17.6
2024-09-24T08:00,15.5,0.00,0.00,0.00,15.5,9.0,254,17.6
2024-09-24T09:00,16.7,0.00,0.00,0.00,17.5,5.5,247,15.8
2024-09-24T10:00,17.9,0.00,0.00,0.00,19.4,3.4,198,13.3
2024-09-24T11:00,19.0,0.00,0.00,0.00,20.3,5.1,172,15.8
2024-09-24T12:00,20.1,0.00,0.00,0.00,21.2,6.1,180,18.0
2024-09-24T13:00,21.4,0.00,0.00,0.00,22.8,4.3,185,17.6
2024-09-24T14:00,22.3,0.10,0.00,0.10,22.9,6.7,196,17.3
2024-09-24T15:00,20.9,0.90,0.00,0.90,21.4,7.8,214,23.4
2024-09-24T16:00,21.2,0.40,0.00,0.40,22.5,3.0,166,19.8
2024-09-24T17:00,20.3,1.20,0.00,1.20,21.5,3.6,186,15.5
2024-09-24T18:00,19.4,0.40,0.00,0.40,20.7,5.2,25,11.2
2024-09-24T19:00,16.6,1.60,0.00,1.60,17.2,8.8,19,17.3
2024-09-24T20:00,16.5,0.20,0.00,0.20,18.1,1.6,153,15.1
2024-09-24T21:00,16.3,0.10,0.00,0.10,17.0,7.4,346,12.6
2024-09-24T22:00,16.0,1.40,0.00,1.40,16.8,5.1,352,15.8
2024-09-24T23:00,15.5,0.20,0.00,0.20,16.1,6.4,63,11.2
2024-09-25T00:00,15.0,0.00,0.00,0.00,15.4,7.3,79,12.6
2024-09-25T01:00,14.7,0.10,0.00,0.10,15.0,7.7,62,13.7
2024-09-25T02:00,14.5,0.00,0.00,0.00,15.1,5.2,56,13.3
2024-09-25T03:00,14.6,0.00,0.00,0.00,15.2,5.4,69,9.4
2024-09-25T04:00,14.7,0.00,0.00,0.00,15.2,6.3,15,9.0
2024-09-25T05:00,14.8,0.00,0.00,0.00,15.2,5.5,9,12.2
2024-09-25T06:00,14.3,0.00,0.00,0.00,14.6,5.2,358,9.4
2024-09-25T07:00,13.4,0.00,0.00,0.00,13.7,4.1,2,9.0
2024-09-25T08:00,14.0,0.00,0.00,0.00,14.3,4.5,7,6.8
2024-09-25T09:00,16.0,0.00,0.00,0.00,16.7,4.7,28,11.5
2024-09-25T10:00,17.3,0.00,0.00,0.00,17.8,6.9,41,16.6
2024-09-25T11:00,18.7,0.00,0.00,0.00,19.0,8.9,72,20.5
2024-09-25T12:00,20.0,0.00,0.00,0.00,20.4,7.0,102,21.2
2024-09-25T13:00,20.7,0.10,0.00,0.10,21.4,5.6,138,18.7
2024-09-25T14:00,21.4,0.00,0.00,0.00,22.4,6.3,153,19.1
2024-09-25T15:00,21.9,0.10,0.00,0.10,21.2,10.3,223,22.0
2024-09-25T16:00,21.7,0.10,0.00,0.10,21.0,10.5,217,22.3
2024-09-25T17:00,21.2,0.10,0.00,0.10,20.8,10.1,227,21.6
2024-09-25T18:00,20.4,0.00,0.00,0.00,21.4,5.0,235,19.1
2024-09-25T19:00,18.4,0.00,0.00,0.00,18.9,6.6,202,9.4
2024-09-25T20:00,18.9,0.00,0.00,0.00,19.4,6.0,196,8.3
2024-09-25T21:00,17.7,0.20,0.00,0.20,18.1,6.4,158,10.4
2024-09-25T22:00,15.3,0.10,0.00,0.10,16.0,4.0,357,7.9
2024-09-25T23:00,15.3,0.00,0.00,0.00,15.1,8.8,360,15.1
2024-09-26T00:00,15.2,0.00,0.00,0.00,15.2,6.6,347,15.5
2024-09-26T01:00,15.4,0.00,0.00,0.00,15.7,5.7,351,12.2
2024-09-26T02:00,15.1,0.00,0.00,0.00,15.6,4.1,358,10.1
2024-09-26T03:00,15.2,0.00,0.00,0.00,16.0,3.6,340,9.7
2024-09-26T04:00,14.5,0.00,0.00,0.00,15.2,3.9,347,6.8
2024-09-26T05:00,15.7,0.00,0.00,0.00,16.7,3.5,152,6.1
2024-09-26T06:00,15.1,0.00,0.00,0.00,16.2,2.2,355,5.4
2024-09-26T07:00,15.2,0.00,0.00,0.00,16.1,3.4,25,7.2
2024-09-26T08:00,15.8,0.00,0.00,0.00,16.5,5.4,37,7.9
2024-09-26T09:00,17.0,0.00,0.00,0.00,18.0,5.1,51,12.6
2024-09-26T10:00,18.0,0.00,0.00,0.00,19.0,5.4,60,14.4
2024-09-26T11:00,19.1,0.00,0.00,0.00,20.3,4.7,67,14.4
2024-09-26T12:00,19.2,0.00,0.00,0.00,20.4,4.7,62,14.0
2024-09-26T13:00,19.5,0.00,0.00,0.00,20.5,6.4,65,14.8
2024-09-26T14:00,20.9,0.00,0.00,0.00,22.2,6.1,76,17.3
2024-09-26T15:00,19.1,0.00,0.00,0.00,19.4,6.7,27,16.2
2024-09-26T16:00,19.1,0.00,0.00,0.00,19.5,6.8,18,14.8
2024-09-26T17:00,19.0,0.20,0.00,0.20,20.1,3.8,352,13.3
2024-09-26T18:00,19.1,0.00,0.00,0.00,20.1,5.1,8,8.6
2024-09-26T19:00,18.4,0.10,0.00,0.10,19.1,6.6,9,10.8
2024-09-26T20:00,18.0,0.00,0.00,0.00,18.9,6.5,5,11.2
2024-09-26T21:00,17.2,0.00,0.00,0.00,18.2,6.4,16,11.2
2024-09-26T22:00,18.0,0.00,0.00,0.00,18.9,6.9,37,10.4
2024-09-26T23:00,17.9,0.00,0.00,0.00,18.3,10.5,33,17.6
2024-09-27T00:00,17.6,0.00,0.00,0.00,18.1,9.3,34,18.0
2024-09-27T01:00,17.9,0.00,0.00,0.00,18.6,8.0,8,15.8
2024-09-27T02:00,18.2,0.00,0.00,0.00,18.8,9.0,13,15.1
2024-09-27T03:00,17.6,1.20,0.00,1.20,18.7,8.7,5,28.1
2024-09-27T04:00,17.6,4.30,0.00,4.30,18.9,7.1,43,25.9
2024-09-27T05:00,17.4,12.00,0.00,12.00,18.7,7.0,46,24.5
2024-09-27T06:00,17.3,3.10,0.00,3.10,18.4,8.1,58,26.6
2024-09-27T07:00,17.3,2.70,0.00,2.70,18.3,8.2,58,25.9
2024-09-27T08:00,17.3,4.30,0.00,4.30,18.7,5.6,29,24.5
2024-09-27T09:00,17.9,7.70,0.00,7.70,19.6,4.8,20,23.8
2024-09-27T10:00,18.5,11.60,0.00,11.60,19.9,8.4,67,29.5
2024-09-27T11:00,19.3,2.80,0.00,2.80,21.3,4.9,28,31.7
2024-09-27T12:00,20.7,0.00,0.00,0.00,23.0,2.7,58,14.0
2024-09-27T13:00,22.3,0.00,0.00,0.00,24.7,4.6,144,14.8
2024-09-27T14:00,23.4,0.00,0.00,0.00,25.3,8.4,173,32.8
2024-09-27T15:00,24.0,0.10,0.00,0.10,24.6,13.9,205,34.6
2024-09-27T16:00,24.1,0.10,0.00,0.10,25.6,9.3,209,26.6
2024-09-27T17:00,23.8,0.00,0.00,0.00,25.9,6.5,172,19.1
2024-09-27T18:00,22.5,0.50,0.00,0.50,25.4,4.2,130,17.6
2024-09-27T19:00,20.4,0.90,0.00,0.90,23.0,4.1,23,14.8
2024-09-27T20:00,19.3,0.80,0.00,0.80,21.2,6.4,352,19.4
2024-09-27T21:00,18.3,0.20,0.00,0.20,20.0,5.6,27,11.5
2024-09-27T22:00,18.1,0.10,0.00,0.10,19.5,7.1,56,12.2
2024-09-27T23:00,17.5,0.00,0.00,0.00,18.8,6.9,60,12.2
2024-09-28T00:00,17.0,0.00,0.00,0.00,17.8,10.1,65,17.3
2024-09-28T01:00,16.6,0.00,0.00,0.00,17.1,10.5,66,18.7
2024-09-28T02:00,16.3,0.00,0.00,0.00,17.2,7.5,63,17.6
2024-09-28T03:00,15.8,0.00,0.00,0.00,16.5,4.6,9,5.0
2024-09-28T04:00,15.3,0.00,0.00,0.00,15.6,5.6,360,7.2
2024-09-28T05:00,15.0,0.00,0.00,0.00,14.9,8.0,50,8.6
2024-09-28T06:00,14.4,0.00,0.00,0.00,14.0,8.9,36,11.2
2024-09-28T07:00,14.2,0.00,0.00,0.00,13.8,8.5,21,10.1
2024-09-28T08:00,15.7,0.00,0.00,0.00,15.4,8.4,332,13.3
2024-09-28T09:00,17.4,0.00,0.00,0.00,16.9,9.9,356,19.1
2024-09-28T10:00,18.3,0.00,0.00,0.00,17.3,13.1,353,25.2
2024-09-28T11:00,17.3,0.00,0.00,0.00,15.6,17.3,329,34.6
2024-09-28T12:00,16.4,3.50,0.00,3.50,17.4,3.6,330,34.9
2024-09-28T13:00,16.4,1.60,0.00,1.60,15.8,7.4,104,17.6
2024-09-28T14:00,17.2,0.30,0.00,0.30,17.2,7.2,76,19.8
2024-09-28T15:00,17.7,4.00,0.00,4.00,18.0,7.0,157,32.8
2024-09-28T16:00,18.1,0.00,0.00,0.00,18.5,7.5,105,19.1
2024-09-28T17:00,18.3,0.00,0.00,0.00,16.5,15.9,85,29.5
2024-09-28T18:00,17.2,0.00,0.00,0.00,15.6,12.6,85,31.3
2024-09-28T19:00,14.8,0.00,0.00,0.00,13.9,6.7,76,23.4
2024-09-28T20:00,13.5,0.00,0.00,0.00,12.1,9.3,74,11.9
2024-09-28T21:00,15.4,0.00,0.00,0.00,14.1,5.3,57,11.9
2024-09-28T22:00,12.8,0.00,0.00,0.00,12.1,3.1,324,6.5
2024-09-28T23:00,12.3,0.00,0.00,0.00,11.9,3.5,309,7.2
2024-09-29T00:00,11.5,0.00,0.00,0.00,11.2,2.8,288,7.2
2024-09-29T01:00,10.7,0.00,0.00,0.00,10.1,3.5,294,6.5
2024-09-29T02:00,10.8,0.00,0.00,0.00,10.4,2.6,309,6.1
2024-09-29T03:00,12.6,0.00,0.00,0.00,11.6,6.5,321,19.4
2024-09-29T04:00,11.1,0.00,0.00,0.00,9.9,7.2,307,11.5
2024-09-29T05:00,11.2,0.00,0.00,0.00,10.3,5.5,341,10.4
2024-09-29T06:00,10.5,0.00,0.00,0.00,9.5,5.1,342,11.5
2024-09-29T07:00,10.4,0.00,0.00,0.00,8.9,6.8,349,12.2
2024-09-29T08:00,11.0,0.00,0.00,0.00,9.4,7.0,357,13.3
2024-09-29T09:00,12.8,0.00,0.00,0.00,11.8,5.8,4,13.3
2024-09-29T10:00,15.2,0.00,0.00,0.00,14.6,3.2,56,12.6
2024-09-29T11:00,16.6,0.00,0.00,0.00,15.8,4.0,108,13.3
2024-09-29T12:00,17.7,0.00,0.00,0.00,16.3,6.2,105,16.6
2024-09-29T13:00,18.3,0.00,0.00,0.00,16.9,5.9,110,18.0
2024-09-29T14:00,19.0,0.00,0.00,0.00,18.0,3.1,140,16.2
2024-09-29T15:00,19.8,0.00,0.00,0.00,18.7,4.3,225,13.0
2024-09-29T16:00,19.2,0.00,0.00,0.00,17.7,7.9,215,17.3
2024-09-29T17:00,18.6,0.00,0.00,0.00,17.4,6.6,223,17.6
2024-09-29T18:00,17.6,0.00,0.00,0.00,18.1,3.4,267,13.7
2024-09-29T19:00,14.9,0.00,0.00,0.00,14.0,6.4,297,7.6
2024-09-29T20:00,14.1,0.00,0.00,0.00,13.5,4.5,320,8.3
2024-09-29T21:00,12.4,0.00,0.00,0.00,11.7,4.5,326,7.9
2024-09-29T22:00,11.8,0.00,0.00,0.00,11.3,3.2,341,6.1
2024-09-29T23:00,12.0,0.00,0.00,0.00,11.2,4.4,353,7.6
2024-09-30T00:00,13.8,0.00,0.00,0.00,12.2,8.7,24,14.4
2024-09-30T01:00,14.1,0.00,0.00,0.00,11.8,11.5,45,20.2
2024-09-30T02:00,14.1,0.00,0.00,0.00,11.2,11.6,44,21.6
2024-09-30T03:00,14.7,0.00,0.00,0.00,12.0,11.8,54,24.1
2024-09-30T04:00,14.3,0.00,0.00,0.00,11.9,9.4,54,21.6
2024-09-30T05:00,13.9,0.00,0.00,0.00,11.3,9.4,66,17.6
2024-09-30T06:00,13.7,0.00,0.00,0.00,11.1,9.0,60,18.0
2024-09-30T07:00,13.5,0.00,0.00,0.00,11.1,7.6,56,16.2
2024-09-30T08:00,13.3,0.00,0.00,0.00,11.2,6.6,43,13.7
2024-09-30T09:00,13.4,0.00,0.00,0.00,11.4,6.4,50,12.6
2024-09-30T10:00,13.9,0.00,0.00,0.00,12.2,5.2,65,13.3
2024-09-30T11:00,14.5,0.00,0.00,0.00,13.1,4.5,85,13.0
2024-09-30T12:00,15.5,0.00,0.00,0.00,14.4,3.5,105,13.0
2024-09-30T13:00,15.8,0.00,0.00,0.00,14.8,3.1,149,12.2
2024-09-30T14:00,16.9,0.00,0.00,0.00,16.3,2.5,188,12.6
2024-09-30T15:00,18.3,0.00,0.00,0.00,17.7,4.3,222,13.3
2024-09-30T16:00,18.9,0.00,0.00,0.00,18.0,7.5,230,16.9
2024-09-30T17:00,18.5,0.00,0.00,0.00,17.7,7.5,217,17.3
2024-09-30T18:00,17.6,0.00,0.00,0.00,17.4,5.4,174,15.5
2024-09-30T19:00,15.0,0.00,0.00,0.00,14.6,5.5,144,10.4
2024-09-30T20:00,15.3,0.00,0.00,0.00,15.0,3.5,168,10.1
2024-09-30T21:00,13.4,0.00,0.00,0.00,13.2,3.7,331,4.3
2024-09-30T22:00,13.2,0.00,0.00,0.00,13.0,3.5,336,6.8
2024-09-30T23:00,12.5,0.00,0.00,0.00,12.1,5.0,339,6.5
2024-10-01T00:00,13.5,0.00,0.00,0.00,13.2,3.8,360,6.1
2024-10-01T01:00,13.7,0.00,0.00,0.00,13.4,3.4,25,5.0
2024-10-01T02:00,13.9,0.00,0.00,0.00,13.9,2.7,28,4.3
2024-10-01T03:00,13.4,0.00,0.00,0.00,13.3,2.7,356,4.7
2024-10-01T04:00,12.2,0.00,0.00,0.00,11.7,5.4,40,6.5
2024-10-01T05:00,11.3,0.00,0.00,0.00,10.5,5.7,24,9.4
2024-10-01T06:00,12.4,0.00,0.00,0.00,11.8,5.4,4,9.7
2024-10-01T07:00,11.9,0.00,0.00,0.00,11.5,4.0,10,9.7
2024-10-01T08:00,12.4,0.00,0.00,0.00,11.9,4.8,25,7.6
2024-10-01T09:00,13.8,0.00,0.00,0.00,13.1,6.3,37,13.0
2024-10-01T10:00,13.9,0.10,0.00,0.10,13.2,6.7,34,13.7
2024-10-01T11:00,14.0,0.20,0.00,0.20,13.5,6.1,47,14.0
2024-10-01T12:00,14.8,0.00,0.00,0.00,14.5,5.8,60,14.0
2024-10-01T13:00,15.4,0.00,0.00,0.00,15.1,5.8,74,14.4
2024-10-01T14:00,15.9,0.00,0.00,0.00,15.5,7.0,80,16.2
2024-10-01T15:00,16.7,0.00,0.00,0.00,16.7,6.0,80,15.8
2024-10-01T16:00,17.1,0.00,0.00,0.00,17.3,5.6,90,15.8
2024-10-01T17:00,16.9,0.00,0.00,0.00,17.3,4.7,94,14.4
2024-10-01T18:00,16.3,0.10,0.00,0.10,16.8,4.0,82,11.5
2024-10-01T19:00,15.2,0.10,0.00,0.10,16.0,3.1,31,8.3
2024-10-01T20:00,15.4,0.20,0.00,0.20,15.7,5.9,27,10.1
2024-10-01T21:00,15.2,0.20,0.00,0.20,15.5,5.4,37,10.8
2024-10-01T22:00,15.0,0.50,0.00,0.50,15.5,4.6,59,9.0
2024-10-01T23:00,14.7,0.50,0.00,0.50,15.2,5.2,61,8.6
2024-10-02T00:00,14.5,0.30,0.00,0.30,14.7,7.0,55,12.2
2024-10-02T01:00,14.4,0.50,0.00,0.50,14.6,6.9,37,13.0
2024-10-02T02:00,14.5,0.40,0.00,0.40,14.6,7.8,19,13.3
2024-10-02T03:00,14.2,0.40,0.00,0.40,14.6,4.4,21,14.0
2024-10-02T04:00,14.3,0.10,0.00,0.10,14.4,6.8,32,11.5
2024-10-02T05:00,14.3,0.10,0.00,0.10,14.4,6.7,63,11.9
2024-10-02T06:00,14.2,0.10,0.00,0.10,14.4,5.7,28,11.9
2024-10-02T07:00,14.1,0.20,0.00,0.20,14.1,6.9,28,11.5
2024-10-02T08:00,14.4,0.00,0.00,0.00,14.3,7.9,21,14.0
2024-10-02T09:00,14.9,0.10,0.00,0.10,14.9,6.9,31,13.7
2024-10-02T10:00,15.4,0.60,0.00,0.60,15.8,5.7,53,14.8
2024-10-02T11:00,15.6,0.90,0.00,0.90,16.2,5.8,22,12.2
2024-10-02T12:00,15.6,1.30,0.00,1.30,16.0,6.5,34,13.0
2024-10-02T13:00,15.9,2.90,0.00,2.90,16.6,5.4,358,21.2
2024-10-02T14:00,16.2,1.70,0.00,1.70,17.7,0.7,104,20.2
2024-10-02T15:00,16.9,0.70,0.00,0.70,18.4,1.3,8,10.1
2024-10-02T16:00,17.0,0.30,0.00,0.30,18.1,5.2,31,10.1
2024-10-02T17:00,17.4,0.00,0.00,0.00,18.2,7.5,63,15.8
2024-10-02T18:00,16.7,0.00,0.00,0.00,17.3,8.6,82,18.7
2024-10-02T19:00,15.6,0.00,0.00,0.00,16.6,5.2,63,15.1
2024-10-02T20:00,15.2,0.00,0.00,0.00,16.1,4.4,21,9.4
2024-10-02T21:00,14.9,0.00,0.00,0.00,15.7,4.3,2,9.4
2024-10-02T22:00,15.2,0.00,0.00,0.00,15.9,5.3,18,8.6
2024-10-02T23:00,15.1,0.00,0.00,0.00,15.0,9.4,26,16.6
2024-10-03T00:00,14.9,0.00,0.00,0.00,14.6,9.0,53,16.9
2024-10-03T01:00,14.3,0.00,0.00,0.00,14.3,6.4,47,15.8
2024-10-03T02:00,14.0,0.00,0.00,0.00,14.0,6.0,5,11.5
2024-10-03T03:00,14.4,0.00,0.00,0.00,13.1,12.0,60,22.0
2024-10-03T04:00,13.8,0.00,0.00,0.00,12.7,8.7,50,21.6
2024-10-03T05:00,13.1,0.00,0.00,0.00,12.4,6.7,20,16.6
2024-10-03T06:00,12.7,0.00,0.00,0.00,12.2,5.6,40,9.4
2024-10-03T07:00,13.5,0.00,0.00,0.00,12.5,9.2,47,15.8
2024-10-03T08:00,13.8,0.10,0.00,0.10,12.4,10.7,37,18.7
2024-10-03T09:00,14.2,0.50,0.00,0.50,12.4,12.6,43,22.0
2024-10-03T10:00,14.0,1.40,0.00,1.40,12.4,12.4,47,24.1
2024-10-03T11:00,13.8,1.80,0.00,1.80,12.4,11.8,63,22.7
2024-10-03T12:00,14.0,2.20,0.00,2.20,12.8,10.7,44,23.0
2024-10-03T13:00,14.2,3.10,0.00,3.10,13.0,11.0,30,19.8
2024-10-03T14:00,14.9,3.20,0.00,3.20,14.2,9.5,22,21.6
2024-10-03T15:00,14.2,2.50,0.00,2.50,12.8,12.9,20,25.6
2024-10-03T16:00,13.7,1.90,0.00,1.90,11.8,14.1,10,27.4
2024-10-03T17:00,13.1,1.40,0.00,1.40,11.0,13.9,354,25.9
2024-10-03T18:00,12.6,2.50,0.00,2.50,10.7,12.7,354,25.2
2024-10-03T19:00,12.4,2.70,0.00,2.70,10.6,11.6,356,30.6
2024-10-03T20:00,12.3,3.00,0.00,3.00,9.4,18.3,347,32.4
2024-10-03T21:00,12.3,5.20,0.00,5.20,10.5,10.1,340,41.0
2024-10-03T22:00,12.1,2.40,0.00,2.40,10.6,9.3,37,18.4
2024-10-03T23:00,11.9,1.80,0.00,1.80,10.6,8.4,28,17.6
2024-10-04T00:00,11.8,1.10,0.00,1.10,11.3,3.8,5,15.1
2024-10-04T01:00,12.1,0.80,0.00,0.80,11.9,0.9,143,6.8
2024-10-04T02:00,11.8,1.00,0.00,1.00,11.5,2.5,159,6.1
2024-10-04T03:00,11.3,1.00,0.00,1.00,10.2,6.5,44,17.6
2024-10-04T04:00,11.2,0.70,0.00,0.70,10.3,5.5,13,13.7
2024-10-04T05:00,11.3,0.80,0.00,0.80,10.5,4.9,354,9.7
2024-10-04T06:00,11.5,0.60,0.00,0.60,10.7,5.5,347,9.7
2024-10-04T07:00,11.6,0.60,0.00,0.60,10.8,5.3,8,9.7
2024-10-04T08:00,11.7,0.70,0.00,0.70,11.1,3.9,22,9.0
2024-10-04T09:00,12.0,0.90,0.00,0.90,11.7,2.7,23,6.8
2024-10-04T10:00,12.3,1.10,0.00,1.10,12.2,1.6,276,4.7
2024-10-04T11:00,12.9,0.80,0.00,0.80,13.0,1.4,337,6.5
2024-10-04T12:00,13.2,2.60,0.00,2.60,12.9,3.7,14,13.0
2024-10-04T13:00,13.4,2.40,0.00,2.40,12.5,6.7,346,14.4
2024-10-04T14:00,13.5,0.60,0.00,0.60,12.8,5.5,19,12.6
2024-10-04T15:00,13.4,0.20,0.00,0.20,11.9,9.2,11,30.2
2024-10-04T16:00,12.9,0.20,0.00,0.20,11.1,10.9,348,19.4
2024-10-04T17:00,12.8,0.10,0.00,0.10,11.0,11.0,334,20.5
2024-10-04T18:00,12.8,0.10,0.00,0.10,11.4,9.3,332,19.1
2024-10-04T19:00,12.5,0.60,0.00,0.60,11.4,7.6,335,16.2
2024-10-04T20:00,12.3,0.40,0.00,0.40,11.3,6.5,341,13.3
2024-10-04T21:00,12.1,0.20,0.00,0.20,10.8,7.0,350,11.5
2024-10-04T22:00,11.9,0.30,0.00,0.30,10.7,6.8,349,13.3
2024-10-04T23:00,11.9,0.00,0.00,0.00,10.6,7.0,337,12.2
2024-10-05T00:00,11.8,0.00,0.00,0.00,10.5,7.3,343,12.6
2024-10-05T01:00,11.7,0.30,0.00,0.30,10.1,9.5,338,16.6
2024-10-05T02:00,11.8,0.10,0.00,0.10,10.0,9.9,339,17.3
2024-10-05T03:00,11.4,0.30,0.00,0.30,10.6,4.9,6,10.1
2024-10-05T04:00,11.3,0.00,0.00,0.00,10.1,6.8,357,12.6
2024-10-05T05:00,11.5,0.00,0.00,0.00,10.3,7.0,360,12.6
2024-10-05T06:00,11.5,0.00,0.00,0.00,10.3,7.0,359,12.6
2024-10-05T07:00,11.1,0.30,0.00,0.30,10.2,4.9,4,12.6
2024-10-05T08:00,11.4,0.00,0.00,0.00,10.2,6.7,16,11.5
2024-10-05T09:00,12.5,0.20,0.00,0.20,11.7,4.8,45,12.2
2024-10-05T10:00,13.0,0.00,0.00,0.00,12.3,4.0,82,10.4
2024-10-05T11:00,13.2,0.00,0.00,0.00,12.6,2.6,102,10.8
2024-10-05T12:00,13.7,0.00,0.00,0.00,13.2,1.9,17,8.6
2024-10-05T13:00,14.6,0.00,0.00,0.00,13.8,2.8,101,9.0
2024-10-05T14:00,15.5,0.00,0.00,0.00,14.4,5.2,96,13.3
2024-10-05T15:00,16.7,0.10,0.00,0.10,14.7,10.3,68,26.6
2024-10-05T16:00,16.7,0.00,0.00,0.00,14.5,10.4,73,22.0
2024-10-05T17:00,15.9,0.00,0.00,0.00,13.7,12.3,72,23.8
2024-10-05T18:00,14.4,0.00,0.00,0.00,13.2,7.0,78,23.8
2024-10-05T19:00,12.9,0.00,0.00,0.00,11.6,6.3,35,12.6
2024-10-05T20:00,12.1,0.00,0.00,0.00,11.1,5.3,350,7.9
2024-10-05T21:00,12.1,0.00,0.00,0.00,11.1,4.5,331,8.3
2024-10-05T22:00,11.1,0.00,0.00,0.00,10.0,5.7,316,10.4
2024-10-05T23:00,10.1,0.00,0.00,0.00,8.8,6.7,316,12.2
2024-10-06T00:00,9.6,0.00,0.00,0.00,8.2,6.8,323,12.2
2024-10-06T01:00,9.1,0.00,0.00,0.00,7.7,6.5,318,12.6
2024-10-06T02:00,8.7,0.00,0.00,0.00,7.2,5.9,315,12.2
2024-10-06T03:00,10.2,0.00,0.00,0.00,8.8,6.7,336,11.9
2024-10-06T04:00,10.0,0.00,0.00,0.00,8.4,7.6,329,13.3
2024-10-06T05:00,9.6,0.00,0.00,0.00,7.8,8.7,317,15.8
2024-10-06T06:00,9.4,0.00,0.00,0.00,7.6,7.9,325,15.8
2024-10-06T07:00,8.7,0.00,0.00,0.00,7.1,6.1,326,14.4
2024-10-06T08:00,9.1,0.00,0.00,0.00,7.5,5.8,326,11.5
2024-10-06T09:00,12.1,0.00,0.00,0.00,11.1,4.5,326,11.5
2024-10-06T10:00,14.8,0.00,0.00,0.00,14.5,1.0,315,10.4
2024-10-06T11:00,16.4,0.00,0.00,0.00,15.9,2.5,184,10.8
2024-10-06T12:00,17.4,0.00,0.00,0.00,16.2,6.7,204,17.3
2024-10-06T13:00,17.9,0.00,0.00,0.00,16.2,9.7,214,22.7
2024-10-06T14:00,18.0,0.00,0.00,0.00,16.1,9.9,224,23.0
2024-10-06T15:00,17.5,0.00,0.00,0.00,15.7,11.7,236,23.8
2024-10-06T16:00,17.7,0.00,0.00,0.00,16.2,9.5,238,23.4
2024-10-06T17:00,17.6,0.00,0.00,0.00,16.3,9.1,219,18.7
2024-10-06T18:00,16.3,0.00,0.00,0.00,15.8,5.1,207,17.6
2024-10-06T19:00,13.6,0.00,0.00,0.00,12.7,6.7,164,9.0
2024-10-06T20:00,14.4,0.00,0.00,0.00,13.7,4.9,182,8.3
2024-10-06T21:00,13.2,0.00,0.00,0.00,12.7,3.5,305,6.1
2024-10-06T22:00,11.3,0.00,0.00,0.00,10.6,4.0,330,5.4
2024-10-06T23:00,10.4,0.00,0.00,0.00,9.6,3.5,336,5.8
2024-10-07T00:00,10.2,0.00,0.00,0.00,9.3,3.4,344,5.0
2024-10-07T01:00,10.5,0.00,0.00,0.00,9.6,3.4,354,4.7
2024-10-07T02:00,10.0,0.00,0.00,0.00,8.8,5.4,15,8.6
2024-10-07T03:00,9.4,0.00,0.00,0.00,7.9,6.8,358,9.7
2024-10-07T04:00,9.8,0.00,0.00,0.00,8.7,4.9,4,9.4
2024-10-07T05:00,9.9,0.00,0.00,0.00,8.8,4.7,360,9.0
2024-10-07T06:00,9.5,0.00,0.00,0.00,8.5,4.1,347,8.3
2024-10-07T07:00,9.8,0.00,0.00,0.00,8.7,4.6,347,8.6
2024-10-07T08:00,10.3,0.00,0.00,0.00,9.1,5.5,347,9.7
2024-10-07T09:00,12.9,0.00,0.00,0.00,12.0,5.9,360,12.6
2024-10-07T10:00,14.7,0.00,0.00,0.00,14.1,5.9,27,14.4
2024-10-07T11:00,15.7,0.00,0.00,0.00,15.1,6.4,65,16.2
2024-10-07T12:00,16.2,0.00,0.00,0.00,15.6,7.6,78,18.4
2024-10-07T13:00,17.3,0.00,0.00,0.00,17.1,6.1,88,19.4
2024-10-07T14:00,17.6,0.00,0.00,0.00,17.3,5.8,92,17.3
2024-10-07T15:00,16.5,0.00,0.00,0.00,16.6,2.7,180,14.0
2024-10-07T16:00,16.6,0.00,0.00,0.00,17.0,0.6,162,9.7
2024-10-07T17:00,16.7,0.00,0.00,0.00,16.9,1.8,204,6.5
2024-10-07T18:00,16.4,0.00,0.00,0.00,17.1,0.7,194,6.1
2024-10-07T19:00,15.4,0.00,0.00,0.00,15.9,3.1,152,4.3
2024-10-07T20:00,15.0,0.00,0.00,0.00,15.4,3.2,90,5.0
2024-10-07T21:00,14.8,0.00,0.00,0.00,15.2,3.4,72,6.1
2024-10-07T22:00,14.7,0.00,0.00,0.00,14.4,6.6,29,11.2
2024-10-07T23:00,14.5,0.00,0.00,0.00,14.3,6.1,24,11.5
2024-10-08T00:00,14.6,0.10,0.00,0.10,14.4,5.9,18,10.4
2024-10-08T01:00,14.6,0.10,0.00,0.10,14.4,6.2,33,10.4
2024-10-08T02:00,14.6,0.00,0.00,0.00,14.7,4.6,31,10.4
2024-10-08T03:00,14.1,0.20,0.00,0.20,14.6,3.7,43,6.5
2024-10-08T04:00,14.1,0.10,0.00,0.10,14.3,5.2,29,8.6
2024-10-08T05:00,14.1,0.10,0.00,0.10,14.1,7.3,17,12.6
2024-10-08T06:00,14.5,0.10,0.00,0.10,14.5,6.4,11,13.3
2024-10-08T07:00,14.7,0.00,0.00,0.00,14.9,6.1,19,10.8
2024-10-08T08:00,15.0,0.00,0.00,0.00,15.0,7.6,45,12.6
2024-10-08T09:00,15.2,0.10,0.00,0.10,14.8,10.2,45,16.9
2024-10-08T10:00,15.6,0.10,0.00,0.10,15.0,12.1,37,21.2
2024-10-08T11:00,17.1,0.00,0.00,0.00,16.8,12.2,47,26.3
2024-10-08T12:00,17.5,0.70,0.00,0.70,17.4,13.0,56,24.1
2024-10-08T13:00,16.6,1.70,0.00,1.70,15.9,16.9,45,33.5
2024-10-08T14:00,16.6,5.80,0.00,5.80,16.5,12.8,50,32.8
2024-10-08T15:00,17.5,5.20,0.00,5.20,18.3,12.1,110,20.2
2024-10-08T16:00,17.8,6.50,0.00,6.50,17.7,17.7,110,31.7
2024-10-08T17:00,17.7,4.00,0.00,4.00,17.4,17.9,120,38.5
2024-10-08T18:00,17.9,4.90,0.00,4.90,17.3,21.0,135,38.5
2024-10-08T19:00,18.2,1.60,0.00,1.60,17.5,21.3,156,43.6
2024-10-08T20:00,18.4,0.80,0.00,0.80,17.9,20.6,163,40.0
2024-10-08T21:00,18.4,0.40,0.00,0.40,18.0,19.7,184,40.7
2024-10-08T22:00,17.9,3.30,0.00,3.30,18.4,12.7,212,36.0
2024-10-08T23:00,17.6,0.50,0.00,0.50,18.2,11.3,222,23.0
2024-10-09T00:00,17.2,0.00,0.00,0.00,18.1,9.7,235,20.9
2024-10-09T01:00,16.6,0.00,0.00,0.00,17.6,7.4,238,17.6
2024-10-09T02:00,16.2,0.00,0.00,0.00,17.4,5.2,245,13.7
2024-10-09T03:00,15.9,0.00,0.00,0.00,17.0,4.7,293,15.5
2024-10-09T04:00,15.3,0.00,0.00,0.00,16.1,4.9,219,9.0
2024-10-09T05:00,14.8,0.00,0.00,0.00,15.5,4.7,227,9.4
2024-10-09T06:00,15.2,0.00,0.00,0.00,16.3,3.4,212,7.6
2024-10-09T07:00,15.3,0.00,0.00,0.00,16.2,4.5,182,9.0
2024-10-09T08:00,15.1,0.00,0.00,0.00,16.0,4.3,197,9.0
2024-10-09T09:00,15.6,0.00,0.00,0.00,16.5,4.4,232,11.5
2024-10-09T10:00,15.9,0.00,0.00,0.00,17.5,0.9,233,11.5
2024-10-09T11:00,16.9,0.00,0.00,0.00,18.0,4.8,138,13.7
2024-10-09T12:00,17.9,0.00,0.00,0.00,18.8,4.7,180,15.8
2024-10-09T13:00,19.4,0.00,0.00,0.00,20.2,4.6,189,14.0
2024-10-09T14:00,20.5,0.00,0.00,0.00,20.8,8.0,220,18.4
2024-10-09T15:00,19.8,0.10,0.00,0.10,19.1,15.0,219,29.5
2024-10-09T16:00,20.3,0.40,0.00,0.40,19.7,13.3,215,32.4
2024-10-09T17:00,19.3,0.10,0.00,0.10,20.0,7.3,222,25.9
2024-10-09T18:00,18.6,0.00,0.00,0.00,20.5,3.3,167,13.3
2024-10-09T19:00,17.5,0.60,0.00,0.60,19.1,2.3,4,14.0
2024-10-09T20:00,16.9,0.50,0.00,0.50,18.2,5.1,17,17.6
2024-10-09T21:00,16.7,0.00,0.00,0.00,18.2,3.3,9,8.6
2024-10-09T22:00,16.4,0.00,0.00,0.00,17.8,3.6,351,7.2
2024-10-09T23:00,15.5,0.00,0.00,0.00,16.5,4.3,343,8.3
2024-10-10T00:00,15.6,0.00,0.00,0.00,16.7,4.0,355,9.4
2024-10-10T01:00,15.7,0.00,0.00,0.00,16.8,4.0,355,7.2
2024-10-10T02:00,15.9,0.10,0.00,0.10,16.7,5.3,10,9.4
2024-10-10T03:00,15.7,0.10,0.00,0.10,16.7,4.5,2,9.4
2024-10-10T04:00,15.5,0.00,0.00,0.00,16.2,6.4,11,11.5
2024-10-10T05:00,15.3,0.10,0.00,0.10,15.8,6.8,22,11.5
2024-10-10T06:00,15.7,0.00,0.00,0.00,16.0,7.5,44,13.0
2024-10-10T07:00,15.7,0.40,0.00,0.40,15.8,9.6,73,16.9
2024-10-10T08:00,15.6,0.70,0.00,0.70,15.6,11.3,63,19.1
2024-10-10T09:00,16.1,0.50,0.00,0.50,16.0,12.4,57,24.5
2024-10-10T10:00,16.2,4.20,0.00,4.20,16.0,13.2,58,24.5
2024-10-10T11:00,16.6,4.60,0.00,4.60,16.7,12.9,54,32.8
2024-10-10T12:00,17.7,0.60,0.00,0.60,18.7,8.8,67,30.6
2024-10-10T13:00,19.8,0.90,0.00,0.90,21.7,6.7,109,23.0
2024-10-10T14:00,19.9,3.40,0.00,3.40,20.7,12.2,253,28.4
2024-10-10T15:00,21.5,0.20,0.00,0.20,22.3,12.5,237,33.8
2024-10-10T16:00,21.3,0.10,0.00,0.10,22.2,10.1,230,32.0
2024-10-10T17:00,20.5,0.10,0.00,0.10,21.4,8.9,214,22.0
2024-10-10T18:00,19.0,0.00,0.00,0.00,21.0,3.2,297,17.3
2024-10-10T19:00,17.3,0.40,0.00,0.40,18.5,5.9,20,12.2
2024-10-10T20:00,15.9,1.50,0.00,1.50,16.3,9.0,5,23.8
2024-10-10T21:00,16.0,0.30,0.00,0.30,15.8,13.2,59,21.2
2024-10-10T22:00,14.8,0.00,0.00,0.00,14.1,10.8,90,26.6
2024-10-10T23:00,13.2,0.00,0.00,0.00,12.7,6.3,75,19.1
2024-10-11T00:00,12.4,0.00,0.00,0.00,11.6,6.2,78,11.5
2024-10-11T01:00,11.3,0.00,0.00,0.00,9.7,9.4,45,12.6
2024-10-11T02:00,11.7,0.00,0.00,0.00,10.7,5.7,349,11.5
2024-10-11T03:00,11.9,0.00,0.00,0.00,10.3,10.0,34,13.3
2024-10-11T04:00,11.6,0.00,0.00,0.00,10.6,5.2,333,12.6
2024-10-11T05:00,10.2,0.00,0.00,0.00,9.5,3.1,315,6.8
2024-10-11T06:00,9.5,0.00,0.00,0.00,8.8,2.4,343,5.8
2024-10-11T07:00,9.6,0.00,0.00,0.00,8.8,3.9,326,9.4
2024-10-11T08:00,9.5,0.00,0.00,0.00,8.3,6.2,327,11.9
2024-10-11T09:00,12.1,0.00,0.00,0.00,10.8,8.4,335,15.8
2024-10-11T10:00,15.1,0.00,0.00,0.00,14.9,5.5,343,15.8
2024-10-11T11:00,17.9,0.00,0.00,0.00,17.6,2.9,360,13.3
2024-10-11T12:00,19.5,0.00,0.00,0.00,18.8,2.3,51,10.8
2024-10-11T13:00,20.4,0.00,0.00,0.00,19.6,4.3,75,13.0
2024-10-11T14:00,20.9,0.00,0.00,0.00,19.9,5.7,72,14.8
2024-10-11T15:00,21.0,0.00,0.00,0.00,20.0,5.5,101,14.0
2024-10-11T16:00,20.7,0.00,0.00,0.00,19.8,5.9,113,14.0
2024-10-11T17:00,19.8,0.00,0.00,0.00,19.7,4.5,113,13.0
2024-10-11T18:00,17.5,0.00,0.00,0.00,17.2,7.2,68,8.6
2024-10-11T19:00,16.1,0.00,0.00,0.00,15.2,6.2,7,8.6
2024-10-11T20:00,15.1,0.00,0.00,0.00,14.4,4.2,335,9.0
2024-10-11T21:00,14.1,0.00,0.00,0.00,12.9,7.4,328,13.7
2024-10-11T22:00,12.8,0.00,0.00,0.00,11.6,7.4,334,15.1
2024-10-11T23:00,12.0,0.00,0.00,0.00,11.1,5.2,344,13.7
2024-10-12T00:00,11.8,0.00,0.00,0.00,10.7,6.5,336,12.2
2024-10-12T01:00,12.0,0.00,0.00,0.00,10.4,9.0,330,16.2
2024-10-12T02:00,11.5,0.00,0.00,0.00,10.0,8.1,329,16.9
2024-10-12T03:00,10.7,0.00,0.00,0.00,9.2,6.9,327,13.3
2024-10-12T04:00,10.7,0.00,0.00,0.00,9.1,7.4,338,14.4
2024-10-12T05:00,10.8,0.00,0.00,0.00,9.2,6.9,351,14.0
2024-10-12T06:00,10.4,0.00,0.00,0.00,8.9,6.0,343,13.0
2024-10-12T07:00,9.7,0.00,0.00,0.00,8.2,5.8,338,11.2
2024-10-12T08:00,10.1,0.00,0.00,0.00,8.5,6.4,344,11.5
2024-10-12T09:00,12.8,0.00,0.00,0.00,11.3,8.0,346,14.4
2024-10-12T10:00,15.3,0.00,0.00,0.00,14.2,5.5,13,14.8
2024-10-12T11:00,16.5,0.00,0.00,0.00,15.2,7.2,58,16.6
2024-10-12T12:00,17.5,0.00,0.00,0.00,16.0,8.4,74,20.2
2024-10-12T13:00,18.3,0.00,0.00,0.00,17.2,5.8,81,20.2
2024-10-12T14:00,18.6,0.00,0.00,0.00,17.6,4.9,92,16.2
2024-10-12T15:00,18.5,0.00,0.00,0.00,18.2,2.2,81,12.2
2024-10-12T16:00,18.4,0.00,0.00,0.00,18.2,1.6,96,10.1
2024-10-12T17:00,18.2,0.00,0.00,0.00,18.1,2.2,204,7.6
2024-10-12T18:00,17.8,0.00,0.00,0.00,17.4,3.1,208,5.8
2024-10-12T19:00,16.1,0.00,0.00,0.00,15.3,6.7,175,7.9
2024-10-12T20:00,15.6,0.00,0.00,0.00,15.2,5.2,205,8.6
2024-10-12T21:00,13.7,0.00,0.00,0.00,13.6,3.5,298,6.5
2024-10-12T22:00,13.1,0.00,0.00,0.00,12.7,4.1,299,6.8
2024-10-12T23:00,13.1,0.00,0.00,0.00,12.7,3.8,295,7.2
2024-10-13T00:00,12.7,0.00,0.00,0.00,12.2,4.0,300,7.6
2024-10-13T01:00,12.7,0.00,0.00,0.00,12.4,3.1,310,7.2
2024-10-13T02:00,12.3,0.00,0.00,0.00,11.9,3.1,329,7.6
2024-10-13T03:00,12.5,0.10,0.00,0.10,12.0,4.0,306,8.3
2024-10-13T04:00,11.8,0.10,0.00,0.10,11.7,2.4,312,7.9
2024-10-13T05:00,11.7,0.00,0.00,0.00,11.7,2.3,331,6.1
2024-10-13T06:00,11.3,0.00,0.00,0.00,11.2,2.2,336,6.8
2024-10-13T07:00,11.1,0.00,0.00,0.00,10.6,4.0,350,7.9
2024-10-13T08:00,11.8,0.00,0.00,0.00,10.9,7.0,4,11.5
2024-10-13T09:00,13.7,0.00,0.00,0.00,13.4,5.9,27,12.2
2024-10-13T10:00,15.0,0.00,0.00,0.00,14.9,5.5,46,13.3
2024-10-13T11:00,16.4,0.00,0.00,0.00,16.3,6.8,55,17.3
2024-10-13T12:00,17.1,0.00,0.00,0.00,17.0,6.2,64,17.3
2024-10-13T13:00,17.8,0.00,0.00,0.00,18.1,3.8,93,16.2
2024-10-13T14:00,18.3,0.00,0.00,0.00,18.6,3.1,144,13.3
2024-10-13T15:00,18.5,0.00,0.00,0.00,18.8,5.5,107,14.0
2024-10-13T16:00,18.7,0.00,0.00,0.00,19.2,4.8,70,15.1
2024-10-13T17:00,18.2,0.00,0.00,0.00,18.3,6.4,52,13.7
2024-10-13T18:00,16.6,0.00,0.00,0.00,17.3,4.2,59,13.3
2024-10-13T19:00,14.6,0.00,0.00,0.00,14.4,7.1,21,8.3
2024-10-13T20:00,14.7,0.00,0.00,0.00,14.8,4.7,353,9.0
2024-10-13T21:00,14.4,0.00,0.00,0.00,14.1,6.7,9,11.9
2024-10-13T22:00,14.3,0.00,0.00,0.00,13.9,6.9,20,13.3
2024-10-13T23:00,13.1,0.00,0.00,0.00,12.7,5.9,358,11.9
2024-10-14T00:00,12.4,0.00,0.00,0.00,11.8,5.6,353,8.6
2024-10-14T01:00,12.0,0.00,0.00,0.00,11.5,4.4,353,7.9
2024-10-14T02:00,11.9,0.00,0.00,0.00,11.1,6.9,340,11.9
2024-10-14T03:00,12.5,0.00,0.00,0.00,11.2,9.9,335,19.4
2024-10-14T04:00,11.5,0.00,0.00,0.00,10.3,8.7,330,18.0
2024-10-14T05:00,11.1,0.00,0.00,0.00,9.9,7.9,339,16.2
2024-10-14T06:00,10.6,0.00,0.00,0.00,9.5,6.7,333,14.8
2024-10-14T07:00,11.5,0.00,0.00,0.00,10.3,6.7,340,13.7
2024-10-14T08:00,12.2,0.00,0.00,0.00,11.0,7.0,320,13.0
2024-10-14T09:00,13.8,0.00,0.00,0.00,13.0,6.1,336,13.7
2024-10-14T10:00,15.9,0.00,0.00,0.00,15.6,5.1,333,12.2
2024-10-14T11:00,17.0,0.00,0.00,0.00,17.0,2.7,352,11.2
2024-10-14T12:00,17.6,0.00,0.00,0.00,17.8,2.3,29,9.4
2024-10-14T13:00,18.2,0.00,0.00,0.00,18.7,2.2,138,9.7
2024-10-14T14:00,18.2,0.00,0.00,0.00,18.7,3.0,147,10.8
2024-10-14T15:00,19.1,0.00,0.00,0.00,19.7,3.6,177,11.9
2024-10-14T16:00,19.2,0.00,0.00,0.00,19.6,4.6,191,12.2
2024-10-14T17:00,18.6,0.00,0.00,0.00,18.6,7.2,217,15.1
2024-10-14T18:00,16.8,0.00,0.00,0.00,17.4,4.3,246,14.4
2024-10-14T19:00,15.0,0.00,0.00,0.00,15.4,4.9,272,9.0
2024-10-14T20:00,14.3,0.00,0.00,0.00,14.5,4.5,310,8.6
2024-10-14T21:00,13.7,0.00,0.00,0.00,14.0,3.6,330,7.9
2024-10-14T22:00,12.5,0.00,0.00,0.00,12.6,3.1,332,7.6
2024-10-14T23:00,11.8,0.00,0.00,0.00,11.9,1.8,315,6.8
2024-10-15T00:00,11.6,0.00,0.00,0.00,11.7,1.5,306,5.4
2024-10-15T01:00,11.4,0.00,0.00,0.00,11.2,3.0,322,8.3
2024-10-15T02:00,11.3,0.00,0.00,0.00,10.9,3.9,323,9.0
2024-10-15T03:00,10.7,0.00,0.00,0.00,9.5,8.1,321,14.8
2024-10-15T04:00,10.8,0.00,0.00,0.00,9.9,6.0,335,14.4
2024-10-15T05:00,10.8,0.00,0.00,0.00,9.9,5.4,346,11.5
2024-10-15T06:00,10.7,0.00,0.00,0.00,9.7,5.4,340,10.4
2024-10-15T07:00,10.7,0.00,0.00,0.00,9.5,5.5,347,10.4
2024-10-15T08:00,10.6,0.00,0.00,0.00,9.2,6.6,338,11.9
2024-10-15T09:00,13.0,0.00,0.00,0.00,11.9,6.1,346,13.3
2024-10-15T10:00,15.5,0.00,0.00,0.00,15.2,3.6,3,12.6
2024-10-15T11:00,17.3,0.00,0.00,0.00,17.7,1.8,90,10.4
2024-10-15T12:00,18.2,0.00,0.00,0.00,18.6,4.9,114,15.1
2024-10-15T13:00,18.7,0.00,0.00,0.00,19.3,5.5,109,16.6
2024-10-15T14:00,18.7,0.00,0.00,0.00,19.6,3.7,104,16.2
2024-10-15T15:00,19.1,0.00,0.00,0.00,19.7,5.9,79,15.8
2024-10-15T16:00,19.2,0.00,0.00,0.00,20.1,3.1,90,15.8
2024-10-15T17:00,18.8,0.00,0.00,0.00,19.8,1.5,76,10.1
2024-10-15T18:00,17.7,0.00,0.00,0.00,18.7,2.1,75,4.7
2024-10-15T19:00,16.0,0.00,0.00,0.00,16.7,2.7,8,4.3
2024-10-15T20:00,14.0,0.00,0.00,0.00,14.3,3.8,329,5.0
2024-10-15T21:00,13.7,0.00,0.00,0.00,14.0,2.7,328,6.1
2024-10-15T22:00,13.8,0.00,0.00,0.00,14.2,2.6,326,6.8
2024-10-15T23:00,13.1,0.00,0.00,0.00,13.4,2.5,315,7.6
2024-10-16T00:00,12.6,0.00,0.00,0.00,12.6,3.9,313,9.4
2024-10-16T01:00,12.2,0.00,0.00,0.00,12.1,4.4,322,10.4
2024-10-16T02:00,12.1,0.00,0.00,0.00,11.9,3.9,336,9.7
2024-10-16T03:00,12.1,0.00,0.00,0.00,11.9,4.6,309,12.2
2024-10-16T04:00,12.3,0.00,0.00,0.00,11.8,6.1,348,11.2
2024-10-16T05:00,12.9,0.00,0.00,0.00,12.5,5.9,349,11.5
2024-10-16T06:00,13.2,0.00,0.00,0.00,12.6,7.8,8,14.0
2024-10-16T07:00,12.6,0.00,0.00,0.00,12.2,5.6,4,14.0
2024-10-16T08:00,12.5,0.00,0.00,0.00,11.9,5.2,354,9.7
2024-10-16T09:00,14.5,0.00,0.00,0.00,13.6,9.8,23,17.3
2024-10-16T10:00,16.0,0.00,0.00,0.00,15.3,8.1,47,19.1
2024-10-16T11:00,17.1,0.00,0.00,0.00,16.4,9.6,57,20.9
2024-10-16T12:00,17.5,0.00,0.00,0.00,16.9,9.3,75,21.6
2024-10-16T13:00,17.8,0.00,0.00,0.00,17.3,8.7,76,20.2
2024-10-16T14:00,18.9,0.00,0.00,0.00,18.4,9.0,77,19.8
2024-10-16T15:00,18.0,0.10,0.00,0.10,17.9,6.0,57,16.2
2024-10-16T16:00,17.6,0.60,0.00,0.60,17.6,7.8,48,16.9
2024-10-16T17:00,16.9,0.60,0.00,0.60,17.6,6.3,108,13.7
2024-10-16T18:00,16.4,0.20,0.00,0.20,17.1,5.6,61,11.2
2024-10-16T19:00,16.1,0.60,0.00,0.60,16.9,4.7,43,9.7
2024-10-16T20:00,16.1,0.40,0.00,0.40,16.3,7.8,61,13.7
2024-10-16T21:00,15.5,0.30,0.00,0.30,15.5,8.1,61,14.4
2024-10-16T22:00,15.1,0.40,0.00,0.40,14.7,10.0,57,16.9
2024-10-16T23:00,14.7,0.00,0.00,0.00,14.4,8.5,65,17.3
2024-10-17T00:00,14.4,0.00,0.00,0.00,14.0,8.6,70,14.8
2024-10-17T01:00,14.3,0.00,0.00,0.00,13.8,8.5,61,15.5
2024-10-17T02:00,14.3,0.00,0.00,0.00,13.8,8.0,46,14.4
2024-10-17T03:00,14.3,0.80,0.00,0.80,14.5,5.3,55,9.4
2024-10-17T04:00,14.2,0.90,0.00,0.90,14.3,6.2,64,10.4
2024-10-17T05:00,14.1,0.20,0.00,0.20,13.9,7.8,56,13.3
2024-10-17T06:00,14.0,0.00,0.00,0.00,13.7,8.0,48,15.5
2024-10-17T07:00,14.1,0.00,0.00,0.00,14.1,5.7,28,13.7
2024-10-17T08:00,14.3,0.00,0.00,0.00,14.2,6.6,26,11.2
2024-10-17T09:00,15.0,0.00,0.00,0.00,14.9,7.6,25,13.3
2024-10-17T10:00,15.9,0.00,0.00,0.00,16.0,6.9,76,13.7
2024-10-17T11:00,16.4,0.00,0.00,0.00,16.4,7.9,74,17.6
2024-10-17T12:00,17.0,0.00,0.00,0.00,17.0,8.5,63,18.4
2024-10-17T13:00,17.0,0.00,0.00,0.00,17.1,8.1,62,18.7
2024-10-17T14:00,17.5,0.00,0.00,0.00,17.6,8.3,70,17.6
2024-10-17T15:00,17.8,1.10,0.00,1.10,18.1,10.2,59,21.6
2024-10-17T16:00,18.0,0.00,0.00,0.00,18.2,11.8,67,23.0
2024-10-17T17:00,17.9,0.00,0.00,0.00,18.4,9.4,79,23.8
2024-10-17T18:00,17.2,0.00,0.00,0.00,17.7,9.3,56,17.6
2024-10-17T19:00,17.2,0.00,0.00,0.00,17.5,9.0,47,18.0
2024-10-17T20:00,17.1,0.50,0.00,0.50,17.6,7.4,51,15.8
2024-10-17T21:00,16.8,1.00,0.00,1.00,17.3,7.8,48,13.7
2024-10-17T22:00,16.6,0.40,0.00,0.40,17.2,7.6,54,14.0
2024-10-17T23:00,16.4,0.40,0.00,0.40,17.0,7.6,59,13.3
2024-10-18T00:00,16.3,0.50,0.00,0.50,16.8,8.1,59,14.8
2024-10-18T01:00,16.0,0.40,0.00,0.40,16.2,9.9,55,18.0
2024-10-18T02:00,15.7,0.50,0.00,0.50,15.9,9.0,57,18.0
2024-10-18T03:00,15.9,1.40,0.00,1.40,15.4,12.9,58,23.4
2024-10-18T04:00,16.0,1.60,0.00,1.60,15.5,13.2,70,23.8
2024-10-18T05:00,16.1,1.80,0.00,1.80,15.4,14.6,58,26.3
2024-10-18T06:00,16.0,1.60,0.00,1.60,15.3,15.1,64,27.4
2024-10-18T07:00,15.9,2.30,0.00,2.30,14.8,16.9,61,31.0
2024-10-18T08:00,15.9,3.20,0.00,3.20,14.7,18.4,63,32.8
2024-10-18T09:00,15.9,2.40,0.00,2.40,14.5,18.9,62,35.3
2024-10-18T10:00,16.0,2.30,0.00,2.30,14.9,17.1,63,34.6
2024-10-18T11:00,16.5,0.90,0.00,0.90,15.7,15.1,61,32.0
2024-10-18T12:00,16.2,0.10,0.00,0.10,15.2,16.3,62,28.4
2024-10-18T13:00,16.9,0.30,0.00,0.30,16.1,16.2,59,32.0
2024-10-18T14:00,17.0,2.80,0.00,2.80,16.6,14.1,65,32.0
2024-10-18T15:00,15.9,6.10,0.00,6.10,15.6,12.9,7,32.4
2024-10-18T16:00,16.8,2.30,0.00,2.30,16.3,15.7,24,27.0
2024-10-18T17:00,17.1,0.70,0.00,0.70,17.1,11.6,26,27.7
2024-10-18T18:00,16.8,0.00,0.00,0.00,16.9,9.7,43,20.2
2024-10-18T19:00,16.1,0.00,0.00,0.00,15.9,10.7,57,18.0
2024-10-18T20:00,16.2,0.00,0.00,0.00,15.9,10.4,48,19.4
2024-10-18T21:00,16.7,0.00,0.00,0.00,16.4,10.8,44,18.7
2024-10-18T22:00,16.1,0.00,0.00,0.00,15.4,13.0,63,22.7
2024-10-18T23:00,15.8,0.00,0.00,0.00,14.9,14.4,68,25.6
2024-10-19T00:00,15.7,0.00,0.00,0.00,15.4,10.7,57,25.2
2024-10-19T01:00,15.9,0.00,0.00,0.00,16.2,6.4,58,18.7
2024-10-19T02:00,15.0,0.00,0.00,0.00,15.3,6.2,41,11.2
2024-10-19T03:00,14.6,0.00,0.00,0.00,15.0,5.1,10,11.2
2024-10-19T04:00,14.4,0.00,0.00,0.00,14.5,6.3,13,10.8
2024-10-19T05:00,14.7,0.00,0.00,0.00,14.5,9.0,55,15.5
2024-10-19T06:00,14.9,0.00,0.00,0.00,14.5,10.8,44,19.4
2024-10-19T07:00,15.0,0.00,0.00,0.00,15.1,7.6,34,19.8
2024-10-19T08:00,15.0,0.00,0.00,0.00,15.3,7.0,10,13.3
2024-10-19T09:00,15.6,0.90,0.00,0.90,15.9,7.9,17,15.5
2024-10-19T10:00,16.8,1.10,0.00,1.10,17.3,8.5,333,14.8
2024-10-19T11:00,18.0,0.00,0.00,0.00,18.8,6.9,5,17.6
2024-10-19T12:00,19.4,0.30,0.00,0.30,20.7,4.9,33,15.5
2024-10-19T13:00,20.4,0.00,0.00,0.00,21.6,6.4,61,15.1
2024-10-19T14:00,21.5,0.00,0.00,0.00,21.4,12.4,68,24.5
2024-10-19T15:00,20.8,0.00,0.00,0.00,20.6,13.5,44,32.0
2024-10-19T16:00,20.4,0.00,0.00,0.00,20.5,11.2,53,25.6
2024-10-19T17:00,19.5,0.40,0.00,0.40,19.4,11.4,69,21.2
2024-10-19T18:00,17.6,1.90,0.00,1.90,17.5,14.4,81,25.6
2024-10-19T19:00,16.4,3.90,0.00,3.90,15.2,18.2,63,34.6
2024-10-19T20:00,16.0,1.20,0.00,1.20,15.0,17.6,62,33.5
2024-10-19T21:00,15.8,2.40,0.00,2.40,14.8,15.8,61,32.0
2024-10-19T22:00,15.5,4.40,0.00,4.40,14.9,12.1,60,28.8
2024-10-19T23:00,15.3,1.80,0.00,1.80,15.1,9.5,76,21.2
2024-10-20T00:00,15.2,1.10,0.00,1.10,15.0,9.0,61,17.3
2024-10-20T01:00,14.8,1.20,0.00,1.20,15.1,5.1,45,16.2
2024-10-20T02:00,15.0,1.90,0.00,1.90,15.0,7.6,43,13.0
2024-10-20T03:00,15.5,0.70,0.00,0.70,14.7,13.5,76,24.5
2024-10-20T04:00,15.7,0.00,0.00,0.00,15.4,10.0,38,24.8
2024-10-20T05:00,14.5,0.00,0.00,0.00,14.7,6.0,10,16.9
2024-10-20T06:00,14.6,0.00,0.00,0.00,14.8,6.6,35,9.4
2024-10-20T07:00,15.1,0.00,0.00,0.00,15.7,4.8,25,8.6
2024-10-20T08:00,14.7,0.00,0.00,0.00,15.2,4.5,37,8.6
2024-10-20T09:00,15.9,0.00,0.00,0.00,16.2,7.2,35,13.0
2024-10-20T10:00,16.9,0.00,0.00,0.00,17.2,6.8,32,15.1
2024-10-20T11:00,18.0,0.00,0.00,0.00,18.1,7.2,37,16.6
2024-10-20T12:00,19.0,0.00,0.00,0.00,19.4,6.5,62,16.9
2024-10-20T13:00,20.1,0.00,0.00,0.00,20.4,6.8,92,17.6
2024-10-20T14:00,21.0,0.00,0.00,0.00,21.3,5.8,94,17.6
2024-10-20T15:00,21.4,0.00,0.00,0.00,21.5,5.4,88,15.8
2024-10-20T16:00,21.2,0.00,0.00,0.00,21.4,5.6,75,13.7
2024-10-20T17:00,20.5,0.00,0.00,0.00,21.8,2.7,70,12.2
2024-10-20T18:00,18.9,0.00,0.00,0.00,19.5,4.6,351,5.4
2024-10-20T19:00,17.0,0.00,0.00,0.00,17.4,4.1,319,5.8
2024-10-20T20:00,15.0,0.00,0.00,0.00,15.2,5.1,293,6.5
2024-10-20T21:00,14.8,0.00,0.00,0.00,15.1,3.8,295,7.9
2024-10-20T22:00,14.1,0.00,0.00,0.00,14.5,2.9,313,7.6
2024-10-20T23:00,13.9,0.00,0.00,0.00,14.1,3.2,341,7.6
2024-10-21T00:00,12.8,0.00,0.00,0.00,12.6,4.8,347,7.6
2024-10-21T01:00,12.7,0.00,0.00,0.00,12.4,4.9,343,6.5
2024-10-21T02:00,12.3,0.00,0.00,0.00,12.0,4.7,337,6.8
2024-10-21T03:00,12.7,0.00,0.00,0.00,12.8,3.0,335,6.5
2024-10-21T04:00,12.3,0.00,0.00,0.00,12.1,4.0,360,7.6
2024-10-21T05:00,11.9,0.00,0.00,0.00,11.7,3.7,349,7.6
2024-10-21T06:00,11.6,0.00,0.00,0.00,11.3,3.4,344,6.8
2024-10-21T07:00,11.3,0.00,0.00,0.00,11.0,3.1,339,6.8
2024-10-21T08:00,11.4,0.00,0.00,0.00,11.1,2.4,324,6.5
2024-10-21T09:00,14.2,0.00,0.00,0.00,14.1,4.2,335,9.0
2024-10-21T10:00,17.1,0.00,0.00,0.00,18.0,2.1,15,9.7
2024-10-21T11:00,18.6,0.00,0.00,0.00,19.5,2.3,90,10.1
2024-10-21T12:00,19.5,0.00,0.00,0.00,20.3,4.2,133,13.7
2024-10-21T13:00,20.3,0.00,0.00,0.00,21.2,4.7,152,14.4
2024-10-21T14:00,21.0,0.00,0.00,0.00,21.9,5.3,170,15.1
2024-10-21T15:00,21.3,0.00,0.00,0.00,22.0,6.2,210,15.1
2024-10-21T16:00,21.4,0.00,0.00,0.00,21.9,6.6,209,15.1
2024-10-21T17:00,20.6,0.00,0.00,0.00,21.5,5.8,200,14.0
2024-10-21T18:00,18.0,0.00,0.00,0.00,18.8,5.7,191,11.2
2024-10-21T19:00,15.7,0.00,0.00,0.00,15.9,8.2,212,10.8
2024-10-21T20:00,15.4,0.00,0.00,0.00,15.9,5.4,270,9.7
2024-10-21T21:00,14.3,0.00,0.00,0.00,14.5,5.4,312,7.2
2024-10-21T22:00,13.8,0.00,0.00,0.00,14.1,3.6,311,7.2
2024-10-21T23:00,13.0,0.00,0.00,0.00,13.3,3.1,298,5.0
2024-10-22T00:00,14.2,0.00,0.00,0.00,14.7,3.1,324,7.2
2024-10-22T01:00,14.5,0.00,0.00,0.00,14.9,3.8,341,8.3
2024-10-22T02:00,14.4,0.00,0.00,0.00,15.0,3.1,339,7.6
2024-10-22T03:00,14.1,0.00,0.00,0.00,14.5,4.0,339,7.9
2024-10-22T04:00,12.8,0.00,0.00,0.00,12.8,4.5,344,7.9
2024-10-22T05:00,13.1,0.00,0.00,0.00,13.1,3.6,351,6.8
2024-10-22T06:00,12.7,0.00,0.00,0.00,12.7,3.5,348,8.6
2024-10-22T07:00,12.1,0.00,0.00,0.00,12.1,2.7,340,6.5
2024-10-22T08:00,12.4,0.00,0.00,0.00,12.5,2.4,333,6.1
2024-10-22T09:00,14.1,0.00,0.00,0.00,14.5,2.7,8,7.6
2024-10-22T10:00,16.1,0.00,0.00,0.00,16.8,3.2,71,10.4
2024-10-22T11:00,17.4,0.00,0.00,0.00,18.3,4.1,90,12.6
2024-10-22T12:00,18.5,0.00,0.00,0.00,19.5,4.6,101,14.4
2024-10-22T13:00,19.7,0.00,0.00,0.00,21.0,4.2,126,14.8
2024-10-22T14:00,20.3,0.00,0.00,0.00,21.6,4.4,142,14.4
2024-10-22T15:00,21.2,0.00,0.00,0.00,22.0,7.2,208,16.9
2024-10-22T16:00,21.1,0.00,0.00,0.00,21.9,7.1,207,16.6
2024-10-22T17:00,20.1,0.00,0.00,0.00,20.9,8.5,187,16.6
2024-10-22T18:00,18.3,0.00,0.00,0.00,19.6,5.1,172,16.2
2024-10-22T19:00,17.5,0.00,0.00,0.00,18.7,4.1,142,9.0
2024-10-22T20:00,15.8,0.00,0.00,0.00,17.0,2.5,356,5.0
2024-10-22T21:00,15.2,0.00,0.00,0.00,16.2,3.2,344,5.0
2024-10-22T22:00,15.2,0.00,0.00,0.00,16.4,1.7,319,4.0
2024-10-22T23:00,14.9,0.00,0.00,0.00,15.9,2.7,290,4.7
2024-10-23T00:00,15.0,0.00,0.00,0.00,15.9,2.9,292,5.4
2024-10-23T01:00,14.5,0.00,0.00,0.00,15.2,3.5,291,6.1
2024-10-23T02:00,14.6,0.20,0.00,0.20,15.5,2.8,305,8.3
2024-10-23T03:00,16.0,0.00,0.00,0.00,17.1,3.3,331,6.5
2024-10-23T04:00,15.0,0.00,0.00,0.00,16.0,3.3,13,9.0
2024-10-23T05:00,14.8,0.00,0.00,0.00,15.7,3.1,360,6.1
2024-10-23T06:00,14.3,0.00,0.00,0.00,14.9,4.3,358,7.9
2024-10-23T07:00,14.2,0.00,0.00,0.00,14.7,4.0,333,7.9
2024-10-23T08:00,14.3,1.70,0.00,1.70,14.7,4.6,296,9.0
2024-10-23T09:00,15.1,2.50,0.00,2.50,15.6,6.6,344,10.8
2024-10-23T10:00,15.8,2.00,0.00,2.00,16.4,5.9,348,12.6
2024-10-23T11:00,16.4,1.40,0.00,1.40,17.3,5.8,296,10.8
2024-10-23T12:00,16.7,1.80,0.00,1.80,18.0,3.6,27,10.4
2024-10-23T13:00,17.0,3.50,0.00,3.50,18.3,3.5,282,8.6
2024-10-23T14:00,16.8,3.10,0.00,3.10,17.8,5.1,23,8.3
2024-10-23T15:00,18.0,3.60,0.00,3.60,18.6,9.7,78,19.1
2024-10-23T16:00,17.0,4.00,0.00,4.00,18.1,5.1,58,17.3
2024-10-23T17:00,16.8,4.40,0.00,4.40,18.1,3.7,346,9.7
2024-10-23T18:00,16.9,5.80,0.00,5.80,17.8,6.5,19,10.4
2024-10-23T19:00,16.8,6.00,0.00,6.00,17.3,8.2,33,15.5
2024-10-23T20:00,16.5,5.90,0.00,5.90,17.1,7.2,55,14.4
2024-10-23T21:00,16.1,3.30,0.00,3.30,15.9,11.5,68,20.5
2024-10-23T22:00,15.9,2.00,0.00,2.00,15.8,10.3,55,20.9
2024-10-23T23:00,15.8,1.50,0.00,1.50,15.5,11.1,56,19.8
2024-10-24T00:00,15.8,1.20,0.00,1.20,15.0,14.3,57,25.6
2024-10-24T01:00,15.6,0.50,0.00,0.50,14.9,13.1,54,25.9
2024-10-24T02:00,15.7,0.20,0.00,0.20,15.0,11.8,51,23.8
2024-10-24T03:00,15.4,0.10,0.00,0.10,14.9,11.1,74,19.4
2024-10-24T04:00,15.1,0.10,0.00,0.10,14.6,10.7,61,20.2
2024-10-24T05:00,15.2,0.00,0.00,0.00,14.5,12.0,55,21.2
2024-10-24T06:00,15.2,0.00,0.00,0.00,14.6,11.1,63,21.6
2024-10-24T07:00,15.0,0.00,0.00,0.00,14.5,9.5,68,19.8
2024-10-24T08:00,15.1,0.00,0.00,0.00,14.7,8.9,61,16.9
2024-10-24T09:00,15.5,0.00,0.00,0.00,14.7,11.9,72,20.5
2024-10-24T10:00,15.6,0.60,0.00,0.60,14.7,12.7,63,24.1
2024-10-24T11:00,15.7,1.30,0.00,1.30,15.6,8.8,73,22.7
2024-10-24T12:00,16.5,0.30,0.00,0.30,16.1,10.1,65,22.3
2024-10-24T13:00,16.3,0.00,0.00,0.00,15.9,9.6,78,21.2
2024-10-24T14:00,16.7,0.00,0.00,0.00,16.4,9.5,71,20.2
2024-10-24T15:00,16.0,0.00,0.00,0.00,15.9,7.5,80,21.2
2024-10-24T16:00,16.9,0.00,0.00,0.00,16.6,8.7,72,18.4
2024-10-24T17:00,16.4,0.00,0.00,0.00,16.0,10.3,68,19.4
2024-10-24T18:00,15.0,0.00,0.00,0.00,15.1,5.7,62,19.1
2024-10-24T19:00,14.0,0.00,0.00,0.00,13.8,6.6,16,10.4
2024-10-24T20:00,14.6,0.00,0.00,0.00,14.8,3.8,335,8.3
2024-10-24T21:00,14.5,0.00,0.00,0.00,14.9,3.3,331,7.6
2024-10-24T22:00,14.4,0.00,0.00,0.00,14.8,3.2,341,6.1
2024-10-24T23:00,14.6,0.00,0.00,0.00,15.1,2.9,338,6.5
2024-10-25T00:00,14.7,0.00,0.00,0.00,15.3,2.7,340,5.4
2024-10-25T01:00,14.8,0.00,0.00,0.00,15.3,3.2,357,5.8
2024-10-25T02:00,14.8,0.00,0.00,0.00,15.2,3.7,349,6.1
2024-10-25T03:00,12.6,0.00,0.00,0.00,12.6,4.2,342,9.0
2024-10-25T04:00,13.0,0.00,0.00,0.00,12.8,6.3,347,11.2
2024-10-25T05:00,13.1,0.00,0.00,0.00,12.9,6.4,349,12.6
2024-10-25T06:00,12.5,0.00,0.00,0.00,12.3,4.7,344,11.5
2024-10-25T07:00,11.9,0.00,0.00,0.00,11.5,5.0,339,9.0
2024-10-25T08:00,11.9,0.00,0.00,0.00,11.4,5.2,340,10.4
2024-10-25T09:00,13.6,0.00,0.00,0.00,13.1,6.9,343,12.6
2024-10-25T10:00,15.8,0.00,0.00,0.00,16.0,4.1,13,12.6
2024-10-25T11:00,17.1,0.00,0.00,0.00,17.2,4.9,51,13.3
2024-10-25T12:00,17.8,0.00,0.00,0.00,17.8,5.9,76,15.5
2024-10-25T13:00,18.3,0.00,0.00,0.00,18.3,6.9,83,17.3
2024-10-25T14:00,18.5,0.00,0.00,0.00,18.6,7.0,86,17.3
2024-10-25T15:00,19.3,0.00,0.00,0.00,20.1,4.5,95,15.5
2024-10-25T16:00,19.3,0.00,0.00,0.00,20.2,3.4,72,13.0
2024-10-25T17:00,18.8,0.00,0.00,0.00,20.0,3.2,71,9.7
2024-10-25T18:00,17.1,0.00,0.00,0.00,17.8,6.3,127,6.8
2024-10-25T19:00,16.9,0.00,0.00,0.00,17.7,5.0,167,9.0
2024-10-25T20:00,15.6,0.00,0.00,0.00,16.5,3.8,11,5.8
2024-10-25T21:00,15.2,0.00,0.00,0.00,16.0,4.1,360,6.5
2024-10-25T22:00,15.0,0.00,0.00,0.00,15.6,3.8,8,6.5
2024-10-25T23:00,15.2,0.10,0.00,0.10,15.4,6.1,2,10.4
2024-10-26T00:00,15.2,0.90,0.00,0.90,15.7,5.6,7,11.5
2024-10-26T01:00,15.1,0.50,0.00,0.50,15.9,3.7,14,9.7
2024-10-26T02:00,14.7,1.20,0.00,1.20,15.4,3.6,360,6.8
2024-10-26T03:00,15.6,1.50,0.00,1.50,16.0,7.7,21,11.9
2024-10-26T04:00,15.6,3.90,0.00,3.90,16.6,3.1,121,15.1
2024-10-26T05:00,15.5,1.80,0.00,1.80,15.8,8.3,30,15.1
2024-10-26T06:00,15.3,0.70,0.00,0.70,15.2,9.9,12,17.3
2024-10-26T07:00,15.3,0.10,0.00,0.10,15.4,7.6,19,17.6
2024-10-26T08:00,14.8,0.00,0.00,0.00,15.1,5.7,28,13.0
2024-10-26T09:00,15.6,0.00,0.00,0.00,15.9,7.5,50,12.6
2024-10-26T10:00,16.4,0.00,0.00,0.00,16.9,6.9,49,15.1
2024-10-26T11:00,17.4,0.10,0.00,0.10,17.8,7.4,51,17.3
2024-10-26T12:00,17.9,0.30,0.00,0.30,18.3,8.6,60,19.1
2024-10-26T13:00,18.8,0.20,0.00,0.20,19.3,8.7,77,20.2
2024-10-26T14:00,19.0,0.20,0.00,0.20,19.6,8.8,91,20.2
2024-10-26T15:00,19.0,0.00,0.00,0.00,19.8,9.2,88,19.4
2024-10-26T16:00,17.8,0.40,0.00,0.40,18.5,9.5,88,20.5
2024-10-26T17:00,16.8,2.10,0.00,2.10,17.7,8.9,43,19.8
2024-10-26T18:00,16.5,0.00,0.00,0.00,17.9,4.9,28,16.9
2024-10-26T19:00,16.5,0.10,0.00,0.10,18.2,2.7,67,8.3
2024-10-26T20:00,16.5,0.00,0.00,0.00,17.9,4.5,83,7.2
2024-10-26T21:00,16.2,0.10,0.00,0.10,17.3,6.2,60,11.2
2024-10-26T22:00,16.1,2.10,0.00,2.10,17.4,3.8,17,13.7
2024-10-26T23:00,16.2,2.40,0.00,2.40,17.5,3.8,360,9.7
2024-10-27T00:00,16.1,0.10,0.00,0.10,17.4,3.6,3,6.8
2024-10-27T01:00,15.7,0.00,0.00,0.00,16.7,5.0,19,6.5
2024-10-27T02:00,16.1,0.20,0.00,0.20,17.6,2.7,4,6.1
2024-10-27T03:00,15.0,0.00,0.00,0.00,15.8,3.6,340,6.1
2024-10-27T04:00,14.5,0.00,0.00,0.00,15.6,0.5,315,5.8
2024-10-27T05:00,14.4,0.00,0.00,0.00,15.1,3.2,317,7.6
2024-10-27T06:00,14.2,0.00,0.00,0.00,14.8,4.4,328,9.0
2024-10-27T07:00,14.2,0.00,0.00,0.00,14.9,3.4,335,8.6
2024-10-27T08:00,13.7,0.00,0.00,0.00,14.2,3.4,354,7.2
2024-10-27T09:00,14.7,0.00,0.00,0.00,15.3,4.6,347,9.7
2024-10-27T10:00,16.5,0.00,0.00,0.00,17.4,4.2,12,11.2
2024-10-27T11:00,17.8,0.00,0.00,0.00,19.1,3.7,61,12.2
2024-10-27T12:00,18.9,0.00,0.00,0.00,20.4,4.4,97,14.0
2024-10-27T13:00,19.8,0.00,0.00,0.00,21.2,4.5,104,14.8
2024-10-27T14:00,20.3,0.00,0.00,0.00,21.6,3.9,114,14.4
2024-10-27T15:00,20.1,0.00,0.00,0.00,21.9,1.0,158,11.5
2024-10-27T16:00,20.2,0.00,0.00,0.00,21.9,0.5,360,8.3
2024-10-27T17:00,19.9,0.00,0.00,0.00,21.6,2.0,10,5.8
2024-10-27T18:00,17.5,0.00,0.00,0.00,18.6,5.3,55,6.5
2024-10-27T19:00,17.7,0.00,0.00,0.00,19.0,3.8,65,6.5
2024-10-27T20:00,15.2,0.00,0.00,0.00,15.7,6.6,237,7.6
2024-10-27T21:00,15.0,0.00,0.00,0.00,15.8,4.5,286,9.0
2024-10-27T22:00,14.6,0.00,0.00,0.00,15.1,4.8,301,7.6
2024-10-27T23:00,14.4,0.00,0.00,0.00,15.0,3.8,289,6.5
2024-10-28T00:00,13.7,0.00,0.00,0.00,14.2,2.9,313,5.0
2024-10-28T01:00,13.4,0.00,0.00,0.00,13.9,2.8,333,4.3
2024-10-28T02:00,13.5,0.00,0.00,0.00,13.9,4.2,12,5.4
2024-10-28T03:00,13.6,0.00,0.00,0.00,13.9,4.4,353,5.8
2024-10-28T04:00,13.9,0.00,0.00,0.00,14.5,2.9,338,5.8
2024-10-28T05:00,14.0,0.00,0.00,0.00,14.8,2.1,322,4.0
2024-10-28T06:00,13.8,0.00,0.00,0.00,14.1,4.3,303,5.0
2024-10-28T07:00,14.0,0.00,0.00,0.00,14.4,4.5,310,5.8
2024-10-28T08:00,14.2,0.00,0.00,0.00,14.9,2.5,339,5.4
2024-10-28T09:00,15.3,0.00,0.00,0.00,16.1,1.8,349,4.7
2024-10-28T10:00,16.5,0.00,0.00,0.00,17.3,1.9,29,7.6
2024-10-28T11:00,17.3,0.00,0.00,0.00,18.1,3.7,76,11.2
2024-10-28T12:00,18.1,0.00,0.00,0.00,19.1,4.3,92,13.3
2024-10-28T13:00,18.5,0.00,0.00,0.00,20.0,3.0,115,13.3
2024-10-28T14:00,19.5,0.00,0.00,0.00,21.0,2.2,171,11.2
2024-10-28T15:00,20.2,0.00,0.00,0.00,21.4,3.8,199,11.5
2024-10-28T16:00,20.1,0.00,0.00,0.00,21.0,5.1,203,11.9
2024-10-28T17:00,19.5,0.00,0.00,0.00,20.7,5.0,199,12.2
2024-10-28T18:00,16.7,0.00,0.00,0.00,17.4,7.5,207,9.7
2024-10-28T19:00,15.8,0.00,0.00,0.00,16.4,6.2,253,9.0
2024-10-28T20:00,14.9,0.00,0.00,0.00,15.4,5.5,293,7.6
2024-10-28T21:00,14.6,0.00,0.00,0.00,15.2,3.2,313,6.8
2024-10-28T22:00,13.2,0.00,0.00,0.00,13.4,3.6,311,5.0
2024-10-28T23:00,13.2,0.00,0.00,0.00,13.6,2.3,309,5.8
2024-10-29T00:00,12.9,0.00,0.00,0.00,13.1,2.7,318,6.5
2024-10-29T01:00,12.4,0.00,0.00,0.00,12.5,3.1,320,7.6
2024-10-29T02:00,11.8,0.00,0.00,0.00,11.7,3.3,311,7.9
2024-10-29T03:00,12.2,0.00,0.00,0.00,12.2,3.5,321,8.3
2024-10-29T04:00,12.2,0.00,0.00,0.00,12.0,4.3,338,8.6
2024-10-29T05:00,12.2,0.00,0.00,0.00,12.1,3.8,335,9.0
2024-10-29T06:00,12.0,0.00,0.00,0.00,11.7,4.0,324,7.9
2024-10-29T07:00,11.7,0.00,0.00,0.00,11.1,4.6,334,9.0
2024-10-29T08:00,11.1,0.00,0.00,0.00,10.3,5.1,333,9.7
2024-10-29T09:00,13.0,0.00,0.00,0.00,12.4,5.0,319,10.4
2024-10-29T10:00,15.5,0.00,0.00,0.00,15.3,2.6,304,10.1
2024-10-29T11:00,17.0,0.00,0.00,0.00,17.2,1.5,201,8.3
2024-10-29T12:00,18.0,0.00,0.00,0.00,18.3,3.8,191,12.6
2024-10-29T13:00,19.2,0.00,0.00,0.00,19.7,4.8,211,14.4
2024-10-29T14:00,20.2,0.00,0.00,0.00,21.0,5.5,229,15.1
2024-10-29T15:00,21.0,0.00,0.00,0.00,22.0,4.9,216,16.6
2024-10-29T16:00,21.1,0.00,0.00,0.00,22.2,3.7,227,13.0
2024-10-29T17:00,20.0,0.00,0.00,0.00,21.9,3.6,233,9.0
2024-10-29T18:00,16.7,0.00,0.00,0.00,17.2,7.0,267,9.0
2024-10-29T19:00,15.6,0.00,0.00,0.00,16.0,5.3,303,9.0
2024-10-29T20:00,15.1,0.00,0.00,0.00,15.7,3.1,315,8.6
2024-10-29T21:00,14.3,0.00,0.00,0.00,14.8,2.8,320,7.9
2024-10-29T22:00,13.5,0.00,0.00,0.00,13.9,2.8,320,8.3
2024-10-29T23:00,13.0,0.00,0.00,0.00,13.1,3.3,319,9.0
2024-10-30T00:00,12.4,0.00,0.00,0.00,12.2,4.4,322,10.8
2024-10-30T01:00,11.8,0.00,0.00,0.00,11.3,5.7,323,12.6
2024-10-30T02:00,11.4,0.00,0.00,0.00,10.7,6.5,318,13.3
2024-10-30T03:00,11.7,0.00,0.00,0.00,10.7,7.6,322,14.4
2024-10-30T04:00,11.7,0.00,0.00,0.00,10.6,7.3,324,14.4
2024-10-30T05:00,11.9,0.00,0.00,0.00,10.3,8.9,313,16.9
2024-10-30T06:00,11.7,0.00,0.00,0.00,10.1,8.5,316,16.9
2024-10-30T07:00,11.6,0.00,0.00,0.00,10.0,7.8,322,16.2
2024-10-30T08:00,11.6,0.00,0.00,0.00,10.0,7.0,328,15.1
2024-10-30T09:00,13.0,0.00,0.00,0.00,11.8,6.5,328,14.0
2024-10-30T10:00,15.6,0.00,0.00,0.00,15.4,4.3,336,13.3
2024-10-30T11:00,18.4,0.00,0.00,0.00,19.0,1.6,354,10.4
2024-10-30T12:00,20.2,0.00,0.00,0.00,21.0,0.8,153,8.3
2024-10-30T13:00,21.2,0.00,0.00,0.00,22.0,3.1,173,11.2
2024-10-30T14:00,21.8,0.00,0.00,0.00,22.7,3.8,185,11.9
2024-10-30T15:00,22.5,0.00,0.00,0.00,23.2,2.3,180,10.1
2024-10-30T16:00,22.3,0.00,0.00,0.00,23.2,2.9,187,8.3
2024-10-30T17:00,20.5,0.00,0.00,0.00,22.2,5.2,196,6.5
2024-10-30T18:00,18.3,0.00,0.00,0.00,18.7,5.8,272,7.6
2024-10-30T19:00,15.6,0.00,0.00,0.00,15.7,5.6,310,7.9
2024-10-30T20:00,15.0,0.00,0.00,0.00,15.0,3.7,317,7.9
2024-10-30T21:00,14.2,0.00,0.00,0.00,14.2,2.8,325,7.9
2024-10-30T22:00,12.9,0.00,0.00,0.00,12.8,2.6,321,8.3
2024-10-30T23:00,12.2,0.00,0.00,0.00,11.9,4.2,340,9.4
2024-10-31T00:00,12.0,0.00,0.00,0.00,11.7,3.6,333,9.7
2024-10-31T01:00,11.3,0.00,0.00,0.00,10.6,5.3,327,11.9
2024-10-31T02:00,10.5,0.00,0.00,0.00,9.4,7.0,331,14.0
2024-10-31T03:00,11.2,0.00,0.00,0.00,10.0,7.1,333,14.0
2024-10-31T04:00,11.2,0.00,0.00,0.00,9.7,7.6,335,14.4
2024-10-31T05:00,11.1,0.00,0.00,0.00,9.5,8.1,332,15.5
2024-10-31T06:00,10.9,0.00,0.00,0.00,9.3,7.4,331,15.5
2024-10-31T07:00,10.4,0.00,0.00,0.00,8.6,8.1,331,15.5
2024-10-31T08:00,10.2,0.00,0.00,0.00,8.5,7.3,330,15.5
2024-10-31T09:00,11.7,0.00,0.00,0.00,10.1,7.9,325,15.1
2024-10-31T10:00,14.8,0.00,0.00,0.00,14.2,5.5,319,15.1
2024-10-31T11:00,17.9,0.00,0.00,0.00,18.2,2.2,318,12.2
2024-10-31T12:00,19.7,0.00,0.00,0.00,20.4,0.9,143,9.0
2024-10-31T13:00,20.6,0.00,0.00,0.00,21.0,4.0,172,12.2
2024-10-31T14:00,21.0,0.00,0.00,0.00,21.3,5.0,182,13.3
2024-10-31T15:00,21.2,0.00,0.00,0.00,21.1,5.2,202,13.3
2024-10-31T16:00,20.8,0.00,0.00,0.00,20.8,4.7,212,12.6
2024-10-31T17:00,19.1,0.00,0.00,0.00,20.1,4.7,227,10.1
2024-10-31T18:00,15.6,0.00,0.00,0.00,15.1,8.2,261,11.2
2024-10-31T19:00,14.9,0.00,0.00,0.00,14.6,5.6,287,10.8
2024-10-31T20:00,13.6,0.00,0.00,0.00,13.2,5.2,304,9.7
2024-10-31T21:00,13.1,0.00,0.00,0.00,13.0,2.8,315,8.3
2024-10-31T22:00,12.4,0.00,0.00,0.00,12.2,3.0,308,7.9
2024-10-31T23:00,11.5,0.00,0.00,0.00,11.1,3.6,307,9.4
2024-11-01T00:00,10.8,0.00,0.00,0.00,10.1,4.5,307,10.8
2024-11-01T01:00,10.1,0.00,0.00,0.00,9.5,3.4,317,10.8
2024-11-01T02:00,9.8,0.00,0.00,0.00,8.9,4.4,333,10.1
2024-11-01T03:00,9.8,0.00,0.00,0.00,8.8,4.9,321,11.5
2024-11-01T04:00,9.2,0.00,0.00,0.00,8.3,3.9,317,11.5
2024-11-01T05:00,8.6,0.00,0.00,0.00,7.5,4.3,318,10.8
2024-11-01T06:00,7.9,0.00,0.00,0.00,6.6,5.3,325,11.5
2024-11-01T07:00,8.2,0.00,0.00,0.00,6.8,5.2,335,11.5
2024-11-01T08:00,8.4,0.00,0.00,0.00,7.2,3.6,323,10.8
2024-11-01T09:00,10.2,0.00,0.00,0.00,9.2,3.4,317,8.6
2024-11-01T10:00,13.4,0.00,0.00,0.00,13.1,1.7,302,8.6
2024-11-01T11:00,15.1,0.00,0.00,0.00,15.1,2.3,162,9.7
2024-11-01T12:00,16.5,0.00,0.00,0.00,16.6,3.2,164,11.9
2024-11-01T13:00,17.5,0.00,0.00,0.00,17.8,3.4,164,12.6
2024-11-01T14:00,18.2,0.00,0.00,0.00,18.6,3.6,177,12.6
2024-11-01T15:00,18.4,0.00,0.00,0.00,18.4,3.8,205,14.0
2024-11-01T16:00,18.3,0.00,0.00,0.00,18.4,3.3,202,11.5
2024-11-01T17:00,17.2,0.00,0.00,0.00,18.1,3.5,204,9.0
2024-11-01T18:00,15.9,0.00,0.00,0.00,15.7,5.1,225,6.1
2024-11-01T19:00,13.4,0.00,0.00,0.00,12.9,5.6,276,7.2
2024-11-01T20:00,12.1,0.00,0.00,0.00,11.3,5.7,307,7.2
2024-11-01T21:00,11.6,0.00,0.00,0.00,10.8,5.0,319,7.2
2024-11-01T22:00,11.6,0.00,0.00,0.00,10.9,4.2,324,6.5
2024-11-01T23:00,11.2,0.00,0.00,0.00,10.3,5.0,330,6.1
2024-11-02T00:00,10.3,0.00,0.00,0.00,9.0,7.2,346,8.6
2024-11-02T01:00,10.6,0.00,0.00,0.00,9.8,4.4,351,9.4
2024-11-02T02:00,10.3,0.00,0.00,0.00,9.6,3.8,352,7.9
2024-11-02T03:00,9.3,0.00,0.00,0.00,8.2,5.0,334,10.4
2024-11-02T04:00,9.1,0.00,0.00,0.00,8.0,4.2,335,10.8
2024-11-02T05:00,8.8,0.00,0.00,0.00,7.8,2.9,338,9.4
2024-11-02T06:00,8.4,0.00,0.00,0.00,7.3,2.6,335,7.2
2024-11-02T07:00,8.0,0.00,0.00,0.00,6.7,3.2,333,7.9
2024-11-02T08:00,7.8,0.00,0.00,0.00,6.5,3.0,335,7.9
2024-11-02T09:00,9.5,0.00,0.00,0.00,8.3,3.5,332,9.0
2024-11-02T10:00,12.0,0.00,0.00,0.00,11.4,1.7,347,8.6
2024-11-02T11:00,13.8,0.00,0.00,0.00,13.3,1.8,101,9.0
2024-11-02T12:00,15.0,0.00,0.00,0.00,14.7,2.7,127,11.5
2024-11-02T13:00,16.7,0.00,0.00,0.00,16.9,2.2,156,11.5
2024-11-02T14:00,18.0,0.00,0.00,0.00,18.5,2.0,175,11.2
2024-11-02T15:00,18.2,0.00,0.00,0.00,18.7,2.3,203,13.3
2024-11-02T16:00,18.7,0.00,0.00,0.00,19.4,1.9,209,9.4
2024-11-02T17:00,17.2,0.00,0.00,0.00,18.2,3.9,146,6.1
2024-11-02T18:00,16.8,0.00,0.00,0.00,17.1,4.0,10,5.4
2024-11-02T19:00,13.3,0.00,0.00,0.00,12.6,7.7,1,10.8
2024-11-02T20:00,12.4,0.00,0.00,0.00,10.7,12.6,44,14.0
2024-11-02T21:00,14.7,0.00,0.00,0.00,12.6,12.6,62,21.6
2024-11-02T22:00,13.8,0.00,0.00,0.00,11.4,12.2,65,22.3
2024-11-02T23:00,12.8,0.00,0.00,0.00,10.5,11.8,59,21.6
2024-11-03T00:00,12.2,0.00,0.00,0.00,10.1,10.7,49,21.2
2024-11-03T01:00,12.0,0.00,0.00,0.00,10.1,9.6,49,19.4
2024-11-03T02:00,10.4,0.00,0.00,0.00,8.7,8.0,23,17.3
2024-11-03T03:00,12.0,0.00,0.00,0.00,10.0,9.5,53,18.4
2024-11-03T04:00,11.7,0.00,0.00,0.00,9.7,8.7,42,16.9
2024-11-03T05:00,11.1,0.00,0.00,0.00,9.2,7.6,34,15.1
2024-11-03T06:00,10.0,0.00,0.00,0.00,8.1,7.1,16,13.3
2024-11-03T07:00,9.0,0.00,0.00,0.00,7.1,7.2,356,11.2
2024-11-03T08:00,8.6,0.00,0.00,0.00,6.9,5.0,345,10.4
2024-11-03T09:00,10.2,0.00,0.00,0.00,8.7,5.6,343,10.4
2024-11-03T10:00,13.1,0.00,0.00,0.00,12.0,4.5,34,11.2
2024-11-03T11:00,14.4,0.00,0.00,0.00,13.4,3.8,45,11.5
2024-11-03T12:00,15.5,0.00,0.00,0.00,14.2,6.8,55,16.9
2024-11-03T13:00,16.2,0.00,0.00,0.00,14.9,6.5,71,17.6
2024-11-03T14:00,16.6,0.00,0.00,0.00,15.5,6.5,77,16.6
2024-11-03T15:00,16.9,0.00,0.00,0.00,15.8,6.7,76,16.6
2024-11-03T16:00,16.8,0.00,0.00,0.00,15.9,5.3,55,15.8
2024-11-03T17:00,15.6,0.00,0.00,0.00,15.4,3.8,25,11.9
2024-11-03T18:00,12.4,0.00,0.00,0.00,11.4,6.5,3,9.7
2024-11-03T19:00,11.5,0.00,0.00,0.00,10.7,4.1,347,9.0
2024-11-03T20:00,10.5,0.00,0.00,0.00,9.4,4.3,345,7.2
2024-11-03T21:00,10.2,0.00,0.00,0.00,8.7,6.3,5,7.6
2024-11-03T22:00,10.1,0.00,0.00,0.00,8.2,8.2,29,9.7
2024-11-03T23:00,9.5,0.00,0.00,0.00,7.5,8.5,24,10.4
2024-11-04T00:00,8.5,0.00,0.00,0.00,6.6,7.0,3,10.1
2024-11-04T01:00,7.9,0.00,0.00,0.00,6.4,4.5,346,8.6
2024-11-04T02:00,7.8,0.00,0.00,0.00,6.5,2.7,337,6.8
2024-11-04T03:00,6.9,0.00,0.00,0.00,5.5,3.2,317,7.9
2024-11-04T04:00,6.5,0.00,0.00,0.00,5.0,2.9,313,7.9
2024-11-04T05:00,6.1,0.00,0.00,0.00,4.6,2.5,315,8.6
2024-11-04T06:00,5.8,0.00,0.00,0.00,4.3,2.1,329,7.6
2024-11-04T07:00,5.5,0.00,0.00,0.00,3.9,2.2,325,6.8
2024-11-04T08:00,5.3,0.00,0.00,0.00,3.6,2.4,312,6.5
2024-11-04T09:00,7.1,0.00,0.00,0.00,5.3,4.3,303,9.7
2024-11-04T10:00,10.9,0.00,0.00,0.00,10.1,2.2,275,9.7
2024-11-04T11:00,13.3,0.00,0.00,0.00,12.6,2.5,210,10.1
2024-11-04T12:00,14.9,0.00,0.00,0.00,14.3,4.1,214,13.3
2024-11-04T13:00,16.2,0.00,0.00,0.00,16.0,3.2,214,13.3
2024-11-04T14:00,17.0,0.00,0.00,0.00,17.1,2.0,180,12.2
2024-11-04T15:00,17.3,0.00,0.00,0.00,17.0,3.2,214,11.9
2024-11-04T16:00,17.1,0.00,0.00,0.00,16.9,3.4,227,10.4
2024-11-04T17:00,15.5,0.00,0.00,0.00,15.5,4.8,241,8.6
2024-11-04T18:00,14.2,0.00,0.00,0.00,13.7,4.2,282,6.1
2024-11-04T19:00,12.2,0.00,0.00,0.00,11.6,2.8,320,5.4
2024-11-04T20:00,10.9,0.00,0.00,0.00,9.7,4.9,336,6.1
2024-11-04T21:00,10.6,0.00,0.00,0.00,9.0,6.0,339,7.6
2024-11-04T22:00,9.9,0.00,0.00,0.00,8.2,6.1,341,8.3
2024-11-04T23:00,9.5,0.00,0.00,0.00,7.9,5.3,336,8.3
2024-11-05T00:00,8.4,0.00,0.00,0.00,7.0,3.5,339,8.3
2024-11-05T01:00,7.4,0.00,0.00,0.00,5.9,3.8,352,7.9
2024-11-05T02:00,6.8,0.00,0.00,0.00,5.1,4.8,347,10.1
2024-11-05T03:00,6.0,0.00,0.00,0.00,4.3,3.6,333,9.4
2024-11-05T04:00,5.8,0.00,0.00,0.00,3.8,5.2,340,11.2
2024-11-05T05:00,5.4,0.00,0.00,0.00,3.2,6.0,335,12.6
2024-11-05T06:00,4.7,0.00,0.00,0.00,2.4,6.0,333,13.3
2024-11-05T07:00,4.2,0.00,0.00,0.00,1.9,5.2,335,13.3
2024-11-05T08:00,3.8,0.00,0.00,0.00,1.6,4.4,339,11.9
2024-11-05T09:00,5.4,0.00,0.00,0.00,3.2,5.2,338,11.5
2024-11-05T10:00,9.8,0.00,0.00,0.00,8.2,5.6,2,11.9
2024-11-05T11:00,12.8,0.00,0.00,0.00,11.1,5.1,54,12.2
2024-11-05T12:00,14.0,0.00,0.00,0.00,11.9,7.0,64,16.6
2024-11-05T13:00,14.8,0.00,0.00,0.00,13.0,6.1,58,16.9
2024-11-05T14:00,15.6,0.00,0.00,0.00,14.1,4.5,56,15.5
2024-11-05T15:00,16.4,0.00,0.00,0.00,15.0,4.7,72,13.3
2024-11-05T16:00,16.1,0.00,0.00,0.00,15.0,3.9,66,11.9
2024-11-05T17:00,15.6,0.00,0.00,0.00,14.6,3.0,38,7.9
2024-11-05T18:00,13.0,0.00,0.00,0.00,11.6,4.0,342,4.7
2024-11-05T19:00,10.9,0.00,0.00,0.00,9.2,5.9,348,8.6
2024-11-05T20:00,11.2,0.00,0.00,0.00,9.6,5.2,346,9.7
2024-11-05T21:00,10.0,0.00,0.00,0.00,8.4,4.8,340,9.7
2024-11-05T22:00,8.7,0.00,0.00,0.00,6.7,6.9,353,9.0
2024-11-05T23:00,8.1,0.00,0.00,0.00,5.7,8.6,15,10.8
2024-11-06T00:00,7.9,0.00,0.00,0.00,5.7,7.9,11,10.8
2024-11-06T01:00,7.3,0.00,0.00,0.00,5.3,6.1,360,10.4
2024-11-06T02:00,7.0,0.00,0.00,0.00,5.2,4.5,353,9.0
2024-11-06T03:00,6.5,0.00,0.00,0.00,4.6,4.8,333,9.7
2024-11-06T04:00,5.9,0.00,0.00,0.00,3.8,5.3,332,11.5
2024-11-06T05:00,5.2,0.00,0.00,0.00,3.2,4.7,337,11.9
2024-11-06T06:00,4.8,0.00,0.00,0.00,2.8,3.7,349,10.4
2024-11-06T07:00,4.5,0.00,0.00,0.00,2.4,4.3,345,9.4
2024-11-06T08:00,4.3,0.00,0.00,0.00,2.1,4.3,338,9.7
2024-11-06T09:00,5.7,0.00,0.00,0.00,3.5,4.9,327,10.8
2024-11-06T10:00,9.7,0.00,0.00,0.00,8.3,3.8,343,10.8
2024-11-06T11:00,12.8,0.00,0.00,0.00,11.8,1.3,74,9.4
2024-11-06T12:00,14.3,0.00,0.00,0.00,13.3,2.5,120,10.4
2024-11-06T13:00,15.4,0.00,0.00,0.00,14.6,2.4,126,10.8
2024-11-06T14:00,16.1,0.00,0.00,0.00,15.3,2.6,141,10.8
2024-11-06T15:00,16.2,0.00,0.00,0.00,15.2,3.1,170,10.8
2024-11-06T16:00,15.9,0.00,0.00,0.00,15.0,2.9,184,10.1
2024-11-06T17:00,14.9,0.00,0.00,0.00,14.2,3.2,146,6.8
2024-11-06T18:00,14.0,0.00,0.00,0.00,13.2,1.9,56,4.3
2024-11-06T19:00,11.1,0.00,0.00,0.00,10.0,3.1,353,4.3
2024-11-06T20:00,9.4,0.00,0.00,0.00,7.9,4.4,333,6.8
2024-11-06T21:00,9.8,0.00,0.00,0.00,8.5,4.0,324,9.0
2024-11-06T22:00,8.5,0.00,0.00,0.00,7.1,4.0,321,10.1
2024-11-06T23:00,7.4,0.00,0.00,0.00,5.9,4.0,321,10.4
2024-11-07T00:00,7.0,0.00,0.00,0.00,5.4,3.4,328,10.4
2024-11-07T01:00,6.7,0.00,0.00,0.00,5.1,3.1,339,9.0
2024-11-07T02:00,6.6,0.00,0.00,0.00,4.9,3.5,332,8.3
2024-11-07T03:00,5.7,0.00,0.00,0.00,3.7,4.5,317,11.2
2024-11-07T04:00,5.3,0.00,0.00,0.00,3.6,2.4,318,11.2
2024-11-07T05:00,5.0,0.00,0.00,0.00,3.0,3.9,336,9.4
2024-11-07T06:00,4.9,0.00,0.00,0.00,2.6,5.3,332,11.2
2024-11-07T07:00,4.3,0.00,0.00,0.00,2.0,5.1,328,11.5
2024-11-07T08:00,3.8,0.00,0.00,0.00,1.5,4.8,333,11.2
2024-11-07T09:00,5.1,0.00,0.00,0.00,2.8,5.6,329,11.9
2024-11-07T10:00,9.5,0.00,0.00,0.00,7.9,4.5,346,11.9
2024-11-07T11:00,12.6,0.00,0.00,0.00,11.6,2.1,70,10.4
2024-11-07T12:00,14.1,0.00,0.00,0.00,12.8,3.6,90,11.9
2024-11-07T13:00,14.9,0.00,0.00,0.00,13.4,4.5,85,13.3
2024-11-07T14:00,15.4,0.00,0.00,0.00,13.9,4.5,88,13.3
2024-11-07T15:00,15.1,0.00,0.00,0.00,13.9,3.6,117,14.8
2024-11-07T16:00,15.1,0.00,0.00,0.00,14.3,1.3,135,10.8
2024-11-07T17:00,14.8,0.00,0.00,0.00,13.8,1.6,84,5.0
2024-11-07T18:00,13.5,0.00,0.00,0.00,12.3,3.4,32,4.3
2024-11-07T19:00,10.8,0.00,0.00,0.00,9.5,3.2,344,4.7
2024-11-07T20:00,8.7,0.00,0.00,0.00,7.2,3.3,324,4.7
2024-11-07T21:00,8.1,0.00,0.00,0.00,6.5,3.9,313,6.5
2024-11-07T22:00,8.5,0.00,0.00,0.00,7.0,3.3,311,7.9
2024-11-07T23:00,7.3,0.00,0.00,0.00,5.6,4.0,300,9.0
2024-11-08T00:00,6.2,0.00,0.00,0.00,4.3,4.6,301,10.8
2024-11-08T01:00,5.4,0.00,0.00,0.00,3.5,4.6,301,11.2
2024-11-08T02:00,4.9,0.00,0.00,0.00,2.9,4.0,302,10.8
2024-11-08T03:00,4.3,0.00,0.00,0.00,2.1,5.0,308,11.9
2024-11-08T04:00,3.8,0.00,0.00,0.00,1.8,3.3,311,10.8
2024-11-08T05:00,3.5,0.00,0.00,0.00,1.4,3.8,315,9.4
2024-11-08T06:00,3.5,0.00,0.00,0.00,1.4,3.7,317,9.7
2024-11-08T07:00,3.6,0.00,0.00,0.00,1.6,2.7,307,9.0
2024-11-08T08:00,3.6,0.00,0.00,0.00,1.3,4.3,312,9.4
2024-11-08T09:00,5.0,0.00,0.00,0.00,2.9,4.1,308,9.7
2024-11-08T10:00,8.5,0.00,0.00,0.00,6.9,2.7,328,9.4
2024-11-08T11:00,10.8,0.00,0.00,0.00,9.7,0.7,76,9.0
2024-11-08T12:00,12.6,0.00,0.00,0.00,11.7,2.1,128,10.4
2024-11-08T13:00,13.9,0.00,0.00,0.00,13.2,3.0,142,12.2
2024-11-08T14:00,14.8,0.00,0.00,0.00,14.3,2.7,152,12.2
2024-11-08T15:00,14.9,0.00,0.00,0.00,14.2,3.8,185,13.0
2024-11-08T16:00,15.0,0.00,0.00,0.00,14.4,3.5,219,11.5
2024-11-08T17:00,13.5,0.00,0.00,0.00,13.0,5.0,195,8.3
2024-11-08T18:00,12.2,0.00,0.00,0.00,11.1,6.3,231,7.6
2024-11-08T19:00,11.2,0.00,0.00,0.00,10.3,3.9,298,7.6
2024-11-08T20:00,9.1,0.00,0.00,0.00,8.0,3.0,335,5.0
2024-11-08T21:00,8.1,0.00,0.00,0.00,6.8,3.1,332,5.4
2024-11-08T22:00,8.3,0.00,0.00,0.00,7.0,2.7,323,7.2
2024-11-08T23:00,7.4,0.00,0.00,0.00,6.1,2.4,324,7.9
2024-11-09T00:00,7.1,0.00,0.00,0.00,5.8,1.9,331,7.6
2024-11-09T01:00,6.5,0.00,0.00,0.00,4.9,3.1,350,6.1
2024-11-09T02:00,6.1,0.00,0.00,0.00,4.3,4.3,360,7.9
2024-11-09T03:00,5.6,0.00,0.00,0.00,4.0,2.0,333,6.5
2024-11-09T04:00,5.7,0.00,0.00,0.00,3.9,3.8,315,9.4
2024-11-09T05:00,5.5,0.00,0.00,0.00,3.5,4.5,310,10.4
2024-11-09T06:00,5.5,0.00,0.00,0.00,3.8,3.0,327,10.1
2024-11-09T07:00,5.7,0.00,0.00,0.00,4.0,2.4,333,7.2
2024-11-09T08:00,5.1,0.00,0.00,0.00,3.3,2.4,324,6.5
2024-11-09T09:00,5.8,0.00,0.00,0.00,4.0,3.4,317,8.3
2024-11-09T10:00,9.3,0.00,0.00,0.00,8.0,2.9,317,8.6
2024-11-09T11:00,11.8,0.00,0.00,0.00,10.8,0.4,207,8.3
2024-11-09T12:00,13.2,0.00,0.00,0.00,12.1,2.8,169,10.4
2024-11-09T13:00,14.0,0.00,0.00,0.00,13.1,4.0,172,12.6
2024-11-09T14:00,14.6,0.00,0.00,0.00,13.9,3.6,174,13.0
2024-11-09T15:00,14.9,0.00,0.00,0.00,13.9,5.4,200,15.1
2024-11-09T16:00,14.5,0.00,0.00,0.00,13.5,5.7,212,13.0
2024-11-09T17:00,13.0,0.00,0.00,0.00,12.2,4.8,233,11.5
2024-11-09T18:00,9.6,0.00,0.00,0.00,7.8,9.0,258,11.2
2024-11-09T19:00,8.9,0.00,0.00,0.00,7.3,5.7,294,11.2
2024-11-09T20:00,8.0,0.00,0.00,0.00,6.6,3.7,317,7.2
2024-11-09T21:00,7.7,0.00,0.00,0.00,6.3,3.3,324,6.1
2024-11-09T22:00,7.7,0.00,0.00,0.00,6.3,2.9,330,7.2
2024-11-09T23:00,6.7,0.00,0.00,0.00,5.2,3.4,328,9.0
2024-11-10T00:00,6.0,0.00,0.00,0.00,4.4,2.7,323,9.0
2024-11-10T01:00,5.3,0.00,0.00,0.00,3.6,2.7,318,8.6
2024-11-10T02:00,4.4,0.00,0.00,0.00,2.5,3.7,299,9.7
2024-11-10T03:00,4.0,0.00,0.00,0.00,1.5,6.0,303,13.0
2024-11-10T04:00,3.7,0.00,0.00,0.00,1.4,4.8,312,12.6
2024-11-10T05:00,3.7,0.00,0.00,0.00,1.1,5.9,325,12.2
2024-11-10T06:00,3.8,0.00,0.00,0.00,1.0,6.4,315,13.0
2024-11-10T07:00,3.7,0.00,0.00,0.00,0.7,7.5,310,14.8
2024-11-10T08:00,3.6,0.00,0.00,0.00,0.7,6.1,313,14.8
2024-11-10T09:00,4.6,0.00,0.00,0.00,1.9,6.3,336,12.2
2024-11-10T10:00,8.4,0.00,0.00,0.00,6.3,5.1,8,12.2
2024-11-10T11:00,10.6,0.00,0.00,0.00,8.9,3.8,71,11.5
2024-11-10T12:00,12.4,0.00,0.00,0.00,11.0,2.8,75,12.2
2024-11-10T13:00,14.2,0.00,0.00,0.00,12.8,2.9,97,11.2
2024-11-10T14:00,15.1,0.00,0.00,0.00,13.4,3.7,79,11.5
2024-11-10T15:00,16.5,0.00,0.00,0.00,15.3,1.3,45,9.0
2024-11-10T16:00,16.1,0.00,0.00,0.00,15.3,1.9,22,6.5
2024-11-10T17:00,13.6,0.00,0.00,0.00,11.7,8.1,39,9.7
2024-11-10T18:00,10.1,0.00,0.00,0.00,7.2,10.8,21,13.7
2024-11-10T19:00,10.0,0.00,0.00,0.00,7.1,9.7,18,13.7
2024-11-10T20:00,8.8,0.00,0.00,0.00,5.2,12.9,23,16.6
2024-11-10T21:00,8.3,0.00,0.00,0.00,4.7,12.5,27,15.8
2024-11-10T22:00,7.2,0.00,0.00,0.00,3.7,12.2,38,15.8
2024-11-10T23:00,6.5,0.00,0.00,0.00,3.0,11.4,35,15.5
2024-11-11T00:00,6.1,0.00,0.00,0.00,2.7,10.9,13,15.1
2024-11-11T01:00,5.8,0.00,0.00,0.00,2.6,9.4,4,13.3
2024-11-11T02:00,4.5,0.00,0.00,0.00,1.3,9.2,2,11.9
2024-11-11T03:00,4.4,0.00,0.00,0.00,2.0,5.0,360,9.4
2024-11-11T04:00,3.8,0.00,0.00,0.00,1.2,5.3,8,9.4
2024-11-11T05:00,3.5,0.00,0.00,0.00,1.0,5.2,358,9.7
2024-11-11T06:00,2.9,0.00,0.00,0.00,0.2,5.4,340,10.4
2024-11-11T07:00,2.1,0.00,0.00,0.00,-0.5,4.7,332,10.8
2024-11-11T08:00,1.8,0.00,0.00,0.00,-0.7,3.2,333,10.4
2024-11-11T09:00,3.3,0.00,0.00,0.00,0.7,4.0,333,8.6
2024-11-11T10:00,6.8,0.00,0.00,0.00,4.5,4.8,345,11.2
2024-11-11T11:00,8.5,0.00,0.00,0.00,6.1,5.2,34,14.0
2024-11-11T12:00,9.7,0.00,0.00,0.00,7.3,5.7,44,15.8
2024-11-11T13:00,11.0,0.00,0.00,0.00,8.7,5.1,51,15.8
2024-11-11T14:00,11.8,0.00,0.00,0.00,9.6,5.5,58,15.1
2024-11-11T15:00,12.2,0.00,0.00,0.00,10.3,3.1,69,10.4
2024-11-11T16:00,12.2,0.00,0.00,0.00,10.1,4.0,5,10.8
2024-11-11T17:00,10.8,0.00,0.00,0.00,8.9,5.7,319,9.0
2024-11-11T18:00,11.1,0.00,0.00,0.00,8.9,3.8,352,6.8
2024-11-11T19:00,7.0,0.00,0.00,0.00,3.9,9.9,46,13.3
2024-11-11T20:00,7.9,0.00,0.00,0.00,4.8,9.9,46,16.2
2024-11-11T21:00,7.3,0.00,0.00,0.00,4.0,10.2,46,19.4
2024-11-11T22:00,4.9,0.00,0.00,0.00,1.4,10.4,36,17.6
2024-11-11T23:00,5.8,0.00,0.00,0.00,2.7,7.5,27,13.7
2024-11-12T00:00,5.2,0.00,0.00,0.00,2.1,6.8,27,9.4
2024-11-12T01:00,3.3,0.00,0.00,0.00,-0.1,9.1,41,11.2
2024-11-12T02:00,2.6,0.00,0.00,0.00,-0.9,9.3,16,12.2
2024-11-12T03:00,3.2,0.00,0.00,0.00,0.3,6.0,21,10.8
2024-11-12T04:00,3.1,0.00,0.00,0.00,0.4,5.8,356,10.8
2024-11-12T05:00,2.1,0.00,0.00,0.00,-0.5,4.2,342,10.8
2024-11-12T06:00,1.1,0.00,0.00,0.00,-1.6,3.6,354,8.3
2024-11-12T07:00,0.9,0.00,0.00,0.00,-1.8,4.0,8,7.6
2024-11-12T08:00,1.4,0.00,0.00,0.00,-1.4,4.9,6,9.0
2024-11-12T09:00,3.1,0.00,0.00,0.00,-0.0,7.6,352,13.7
2024-11-12T10:00,6.2,0.00,0.00,0.00,3.3,7.8,15,15.8
2024-11-12T11:00,8.1,0.00,0.00,0.00,5.3,6.4,38,15.5
2024-11-12T12:00,9.5,0.00,0.00,0.00,6.7,6.7,59,16.6
2024-11-12T13:00,10.4,0.00,0.00,0.00,7.5,7.4,68,18.0
2024-11-12T14:00,11.0,0.00,0.00,0.00,8.3,6.9,73,18.0
2024-11-12T15:00,11.2,0.00,0.00,0.00,8.6,6.6,61,18.4
2024-11-12T16:00,11.2,0.00,0.00,0.00,8.8,5.8,39,16.6
2024-11-12T17:00,9.6,0.00,0.00,0.00,7.8,3.9,16,12.2
2024-11-12T18:00,7.8,0.00,0.00,0.00,5.6,3.9,22,5.8
2024-11-12T19:00,6.9,0.00,0.00,0.00,4.3,6.4,32,9.0
2024-11-12T20:00,6.4,0.00,0.00,0.00,3.5,7.6,34,12.2
2024-11-12T21:00,5.6,0.00,0.00,0.00,2.6,6.5,39,12.2
2024-11-12T22:00,5.1,0.00,0.00,0.00,2.5,3.9,47,9.7
2024-11-12T23:00,4.7,0.00,0.00,0.00,2.1,2.8,40,6.1
2024-11-13T00:00,4.2,0.00,0.00,0.00,1.7,2.2,14,4.7
2024-11-13T01:00,3.2,0.00,0.00,0.00,0.8,2.4,347,4.0
2024-11-13T02:00,1.9,0.00,0.00,0.00,-0.5,2.0,333,4.3
2024-11-13T03:00,1.2,0.00,0.00,0.00,-1.3,2.1,329,6.1
2024-11-13T04:00,0.6,0.00,0.00,0.00,-2.0,2.2,336,6.8
2024-11-13T05:00,0.1,0.00,0.00,0.00,-2.5,2.2,336,7.2
2024-11-13T06:00,-0.1,0.00,0.00,0.00,-2.8,3.1,339,7.9
2024-11-13T07:00,-0.4,0.00,0.00,0.00,-3.1,2.9,330,8.3
2024-11-13T08:00,-0.5,0.00,0.00,0.00,-3.3,3.2,333,8.3
2024-11-13T09:00,0.7,0.00,0.00,0.00,-2.3,4.5,331,9.7
2024-11-13T10:00,4.6,0.00,0.00,0.00,2.2,3.6,333,10.4
2024-11-13T11:00,7.5,0.00,0.00,0.00,5.1,2.7,42,10.4
2024-11-13T12:00,8.7,0.00,0.00,0.00,6.5,2.5,90,11.9
2024-11-13T13:00,9.6,0.00,0.00,0.00,7.4,2.7,132,12.6
2024-11-13T14:00,10.2,0.00,0.00,0.00,8.1,2.2,166,12.6
2024-11-13T15:00,10.3,0.00,0.00,0.00,8.5,1.4,203,15.5
2024-11-13T16:00,10.1,0.00,0.00,0.00,8.2,1.6,297,9.4
2024-11-13T17:00,8.8,0.00,0.00,0.00,7.2,1.5,339,6.8
2024-11-13T18:00,7.1,0.00,0.00,0.00,5.0,3.6,354,5.4
2024-11-13T19:00,6.4,0.00,0.00,0.00,4.4,3.4,354,6.1
2024-11-13T20:00,5.8,0.00,0.00,0.00,3.4,5.3,28,7.6
2024-11-13T21:00,6.5,0.00,0.00,0.00,3.0,11.9,56,20.5
2024-11-13T22:00,6.6,0.00,0.00,0.00,2.6,12.9,55,23.4
2024-11-13T23:00,6.0,0.00,0.00,0.00,1.8,13.9,53,25.9
2024-11-14T00:00,5.4,0.10,0.00,0.10,1.6,11.5,55,25.6
2024-11-14T01:00,5.1,0.10,0.00,0.10,1.9,7.8,42,20.9
2024-11-14T02:00,4.8,0.20,0.00,0.20,2.0,5.5,23,13.7
2024-11-14T03:00,5.3,0.10,0.00,0.10,2.4,6.2,52,11.2
2024-11-14T04:00,5.1,0.20,0.00,0.20,2.4,5.7,24,11.2
2024-11-14T05:00,4.9,0.10,0.00,0.10,2.3,5.3,18,9.7
2024-11-14T06:00,4.2,0.00,0.00,0.00,1.8,4.3,5,9.4
2024-11-14T07:00,4.1,0.00,0.00,0.00,1.8,4.0,8,7.9
2024-11-14T08:00,3.6,0.00,0.00,0.00,1.3,3.6,351,7.6
2024-11-14T09:00,3.5,0.00,0.00,0.00,1.3,3.5,332,7.2
2024-11-14T10:00,5.7,0.00,0.00,0.00,3.4,3.8,5,10.1
2024-11-14T11:00,6.6,0.00,0.00,0.00,4.0,4.6,51,13.7
2024-11-14T12:00,7.4,0.00,0.00,0.00,4.9,3.9,62,14.4
2024-11-14T13:00,8.2,0.00,0.00,0.00,5.9,2.7,90,14.0
2024-11-14T14:00,8.7,0.00,0.00,0.00,6.6,1.7,162,13.0
2024-11-14T15:00,9.0,0.00,0.00,0.00,6.9,1.7,288,10.4
2024-11-14T16:00,8.7,0.00,0.00,0.00,6.4,2.7,290,10.1
2024-11-14T17:00,7.3,0.00,0.00,0.00,5.3,2.8,315,9.0
2024-11-14T18:00,5.0,0.00,0.00,0.00,2.7,3.6,303,5.4
2024-11-14T19:00,4.5,0.00,0.00,0.00,2.3,2.3,302,6.1
2024-11-14T20:00,4.0,0.00,0.00,0.00,1.8,2.2,294,4.0
2024-11-14T21:00,3.2,0.00,0.00,0.00,0.8,3.3,306,7.6
2024-11-14T22:00,2.3,0.00,0.00,0.00,-0.0,2.4,312,7.6
2024-11-14T23:00,1.6,0.00,0.00,0.00,-0.7,2.2,318,7.2
2024-11-15T00:00,1.0,0.00,0.00,0.00,-1.5,2.6,326,7.2
2024-11-15T01:00,0.5,0.00,0.00,0.00,-1.9,2.1,329,7.6
2024-11-15T02:00,0.5,0.00,0.00,0.00,-2.2,3.0,335,6.5
2024-11-15T03:00,0.4,0.00,0.00,0.00,-2.4,3.9,323,7.9
2024-11-15T04:00,-0.1,0.00,0.00,0.00,-2.9,3.9,326,9.0
2024-11-15T05:00,-0.7,0.00,0.00,0.00,-3.5,3.3,324,9.4
2024-11-15T06:00,-1.1,0.00,0.00,0.00,-4.0,3.7,313,9.0
2024-11-15T07:00,-1.3,0.00,0.00,0.00,-4.2,3.2,313,9.4
2024-11-15T08:00,-1.4,0.00,0.00,0.00,-4.4,4.0,309,9.4
2024-11-15T09:00,-0.4,0.00,0.00,0.00,-3.5,5.1,306,10.8
2024-11-15T10:00,3.1,0.00,0.00,0.00,0.4,4.8,307,11.5
2024-11-15T11:00,6.5,0.00,0.00,0.00,4.3,0.8,225,11.9
2024-11-15T12:00,8.2,0.00,0.00,0.00,6.1,1.6,153,10.1
2024-11-15T13:00,9.8,0.00,0.00,0.00,7.9,1.4,157,10.8
2024-11-15T14:00,10.8,0.00,0.00,0.00,8.8,2.3,151,11.2
2024-11-15T15:00,10.7,0.00,0.00,0.00,8.7,3.7,79,13.3
2024-11-15T16:00,10.6,0.00,0.00,0.00,8.5,3.5,55,12.2
2024-11-15T17:00,9.1,0.00,0.00,0.00,7.5,1.5,353,8.6
2024-11-15T18:00,6.9,0.00,0.00,0.00,4.9,1.9,326,3.6
2024-11-15T19:00,5.8,0.00,0.00,0.00,3.7,2.3,337,4.0
2024-11-15T20:00,4.7,0.00,0.00,0.00,2.4,3.2,333,5.8
2024-11-15T21:00,4.0,0.00,0.00,0.00,1.6,4.1,326,9.7
2024-11-15T22:00,2.6,0.00,0.00,0.00,0.2,3.6,323,10.1
2024-11-15T23:00,1.9,0.00,0.00,0.00,-0.6,3.5,332,9.4
2024-11-16T00:00,1.5,0.00,0.00,0.00,-1.1,3.6,333,9.4
2024-11-16T01:00,1.2,0.00,0.00,0.00,-1.5,3.5,332,9.0
2024-11-16T02:00,0.8,0.00,0.00,0.00,-2.0,3.9,326,9.7
2024-11-16T03:00,1.1,0.00,0.00,0.00,-1.9,5.0,334,10.8
2024-11-16T04:00,0.8,0.00,0.00,0.00,-2.3,5.6,331,12.2
2024-11-16T05:00,0.0,0.00,0.00,0.00,-3.0,4.9,324,12.2
2024-11-16T06:00,-0.5,0.00,0.00,0.00,-3.4,3.8,319,12.2
2024-11-16T07:00,-0.8,0.00,0.00,0.00,-3.7,4.0,309,11.2
2024-11-16T08:00,-1.0,0.00,0.00,0.00,-4.1,4.9,306,12.2
2024-11-16T09:00,-0.2,0.00,0.00,0.00,-3.5,6.6,305,13.7
2024-11-16T10:00,4.4,0.00,0.00,0.00,1.3,7.5,297,14.8
2024-11-16T11:00,8.9,0.00,0.00,0.00,6.6,4.4,261,14.8
2024-11-16T12:00,10.8,0.00,0.00,0.00,8.4,4.5,223,13.0
2024-11-16T13:00,11.6,0.00,0.00,0.00,9.0,6.5,224,16.9
2024-11-16T14:00,12.0,0.00,0.00,0.00,9.2,7.9,231,19.1
2024-11-16T15:00,11.8,0.00,0.00,0.00,9.3,7.3,232,19.1
2024-11-16T16:00,11.4,0.00,0.00,0.00,9.2,6.3,235,16.9
2024-11-16T17:00,9.2,0.00,0.00,0.00,7.4,4.8,239,13.0
2024-11-16T18:00,6.7,0.00,0.00,0.00,4.5,5.8,268,9.4
2024-11-16T19:00,6.1,0.00,0.00,0.00,3.9,5.6,297,10.4
2024-11-16T20:00,5.1,0.00,0.00,0.00,2.8,5.0,305,10.4
2024-11-16T21:00,3.8,0.00,0.00,0.00,1.4,4.2,306,10.4
2024-11-16T22:00,2.6,0.00,0.00,0.00,0.1,3.6,307,10.1
2024-11-16T23:00,1.6,0.00,0.00,0.00,-1.1,3.4,313,10.1
2024-11-17T00:00,0.9,0.00,0.00,0.00,-1.8,3.4,317,10.1
2024-11-17T01:00,0.6,0.00,0.00,0.00,-2.1,2.8,315,10.4
2024-11-17T02:00,-0.1,0.00,0.00,0.00,-2.8,2.9,313,10.1
2024-11-17T03:00,-0.4,0.00,0.00,0.00,-3.3,4.2,310,10.8
2024-11-17T04:00,-0.1,0.00,0.00,0.00,-3.1,5.1,302,11.2
2024-11-17T05:00,0.6,0.00,0.00,0.00,-2.4,4.6,309,11.9
2024-11-17T06:00,0.6,0.00,0.00,0.00,-2.3,3.6,327,10.1
2024-11-17T07:00,0.2,0.00,0.00,0.00,-2.6,3.0,327,8.3
2024-11-17T08:00,-0.2,0.00,0.00,0.00,-3.0,3.4,317,7.9
2024-11-17T09:00,0.5,0.00,0.00,0.00,-2.5,4.9,303,10.4
2024-11-17T10:00,3.1,0.00,0.00,0.00,0.3,4.1,285,11.2
2024-11-17T11:00,5.0,0.00,0.00,0.00,2.5,1.5,210,11.2
2024-11-17T12:00,6.5,0.00,0.00,0.00,4.2,1.7,162,10.8
2024-11-17T13:00,7.8,0.00,0.00,0.00,5.7,2.0,153,11.9
2024-11-17T14:00,8.6,0.00,0.00,0.00,6.6,2.7,118,12.2
2024-11-17T15:00,8.9,0.00,0.00,0.00,7.0,2.2,145,11.5
2024-11-17T16:00,8.8,0.00,0.00,0.00,7.2,0.6,252,10.4
2024-11-17T17:00,7.2,0.00,0.00,0.00,5.5,2.7,332,5.8
2024-11-17T18:00,4.8,0.00,0.00,0.00,2.5,5.0,341,9.7
2024-11-17T19:00,3.8,0.00,0.00,0.00,1.3,5.4,334,11.2
2024-11-17T20:00,2.9,0.00,0.00,0.00,0.3,5.5,333,11.9
2024-11-17T21:00,2.2,0.00,0.00,0.00,-0.4,4.8,331,11.5
2024-11-17T22:00,1.6,0.00,0.00,0.00,-1.0,4.4,330,10.8
2024-11-17T23:00,1.3,0.00,0.00,0.00,-1.4,4.5,331,10.8
2024-11-18T00:00,1.1,0.00,0.00,0.00,-1.7,4.9,327,11.2
2024-11-18T01:00,0.9,0.00,0.00,0.00,-1.9,4.6,324,11.5
2024-11-18T02:00,0.3,0.00,0.00,0.00,-2.7,5.0,322,11.5
2024-11-18T03:00,0.8,0.00,0.00,0.00,-2.2,5.3,315,13.3
2024-11-18T04:00,0.9,0.00,0.00,0.00,-2.2,6.1,310,13.0
2024-11-18T05:00,0.7,0.00,0.00,0.00,-2.3,5.4,310,13.3
2024-11-18T06:00,0.7,0.00,0.00,0.00,-2.3,5.4,304,11.5
2024-11-18T07:00,1.3,0.00,0.00,0.00,-1.7,5.5,302,12.2
2024-11-18T08:00,1.1,0.00,0.00,0.00,-1.9,5.4,307,11.9
2024-11-18T09:00,1.6,0.00,0.00,0.00,-1.3,5.6,312,11.9
2024-11-18T10:00,4.6,0.00,0.00,0.00,2.2,3.6,303,11.9
2024-11-18T11:00,8.7,0.00,0.00,0.00,6.9,1.9,287,10.1
2024-11-18T12:00,10.8,0.00,0.00,0.00,8.8,1.5,225,9.4
2024-11-18T13:00,11.8,0.00,0.00,0.00,9.9,2.8,252,11.2
2024-11-18T14:00,12.1,0.00,0.00,0.00,10.3,3.7,259,11.9
2024-11-18T15:00,12.1,0.00,0.00,0.00,10.0,5.3,258,11.9
2024-11-18T16:00,11.4,0.00,0.00,0.00,9.7,4.2,245,11.9
2024-11-18T17:00,9.7,0.00,0.00,0.00,8.0,4.3,248,7.9
2024-11-18T18:00,7.4,0.00,0.00,0.00,5.5,4.9,272,8.3
2024-11-18T19:00,7.1,0.00,0.00,0.00,5.1,4.7,288,8.6
2024-11-18T20:00,6.9,0.00,0.00,0.00,4.8,4.6,296,9.0
2024-11-18T21:00,6.5,0.00,0.00,0.00,4.4,4.4,308,9.7
2024-11-18T22:00,5.5,0.00,0.00,0.00,3.4,3.6,307,9.7
2024-11-18T23:00,4.7,0.00,0.00,0.00,2.6,2.8,305,9.4
2024-11-19T00:00,4.3,0.00,0.00,0.00,2.2,2.7,323,8.6
2024-11-19T01:00,4.5,0.00,0.00,0.00,2.1,4.6,342,9.7
2024-11-19T02:00,5.1,0.00,0.00,0.00,3.0,3.8,341,9.7
2024-11-19T03:00,4.7,0.00,0.00,0.00,2.4,3.9,338,8.3
2024-11-19T04:00,4.1,0.00,0.00,0.00,1.6,4.5,346,9.4
2024-11-19T05:00,2.9,0.00,0.00,0.00,0.2,4.8,333,10.8
2024-11-19T06:00,2.1,0.00,0.00,0.00,-0.6,4.1,326,11.2
2024-11-19T07:00,1.5,0.00,0.00,0.00,-1.0,3.1,310,10.8
2024-11-19T08:00,1.3,0.00,0.00,0.00,-1.4,4.0,309,11.2
2024-11-19T09:00,2.0,0.00,0.00,0.00,-0.9,5.7,307,12.6
2024-11-19T10:00,5.0,0.00,0.00,0.00,2.6,5.4,310,13.0
2024-11-19T11:00,9.3,0.00,0.00,0.00,7.4,3.5,305,12.2
2024-11-19T12:00,11.0,0.00,0.00,0.00,9.4,1.5,249,10.1
2024-11-19T13:00,11.3,0.00,0.00,0.00,9.7,2.3,198,9.0
2024-11-19T14:00,11.4,0.00,0.00,0.00,9.8,3.4,196,10.8
2024-11-19T15:00,11.3,0.00,0.00,0.00,9.6,4.3,225,13.7
2024-11-19T16:00,11.1,0.00,0.00,0.00,9.7,2.9,202,12.6
2024-11-19T17:00,9.2,0.00,0.00,0.00,7.7,3.8,245,8.3
2024-11-19T18:00,7.4,0.00,0.00,0.00,5.9,2.5,291,6.1
2024-11-19T19:00,6.7,0.00,0.00,0.00,5.1,2.3,302,5.4
2024-11-19T20:00,6.0,0.00,0.00,0.00,4.4,1.7,319,4.3
2024-11-19T21:00,6.4,0.00,0.00,0.00,4.9,2.1,322,5.8
2024-11-19T22:00,6.3,0.00,0.00,0.00,4.7,2.7,337,7.6
2024-11-19T23:00,5.8,0.00,0.00,0.00,4.0,3.7,337,8.6
2024-11-20T00:00,6.3,0.00,0.00,0.00,4.5,4.0,339,9.0
2024-11-20T01:00,5.9,0.00,0.00,0.00,4.2,3.0,346,8.3
2024-11-20T02:00,6.7,0.00,0.00,0.00,4.9,3.4,344,7.6
2024-11-20T03:00,6.8,0.10,0.00,0.10,5.0,4.9,306,9.0
2024-11-20T04:00,6.9,0.20,0.00,0.20,5.4,3.0,322,9.4
2024-11-20T05:00,6.9,0.10,0.00,0.10,5.5,2.8,333,5.4
2024-11-20T06:00,7.0,0.00,0.00,0.00,5.9,1.5,30,5.8
2024-11-20T07:00,7.1,0.00,0.00,0.00,5.5,3.5,339,5.8
2024-11-20T08:00,7.0,0.00,0.00,0.00,5.5,3.7,349,9.4
2024-11-20T09:00,6.9,0.00,0.00,0.00,5.5,3.1,324,10.1
2024-11-20T10:00,7.9,0.00,0.00,0.00,6.9,1.9,311,8.3
2024-11-20T11:00,9.1,0.00,0.00,0.00,7.7,3.4,264,10.4
2024-11-20T12:00,10.2,0.00,0.00,0.00,9.2,1.4,220,11.5
2024-11-20T13:00,10.8,0.00,0.00,0.00,9.4,4.5,209,14.4
2024-11-20T14:00,11.5,0.00,0.00,0.00,9.9,6.4,227,15.5
2024-11-20T15:00,10.9,0.00,0.00,0.00,9.6,4.5,143,20.5
2024-11-20T16:00,11.8,0.00,0.00,0.00,10.7,3.9,74,13.7
2024-11-20T17:00,10.3,0.00,0.00,0.00,7.9,7.6,341,11.5
2024-11-20T18:00,9.3,0.00,0.00,0.00,4.1,11.9,350,24.1
2024-11-20T19:00,6.0,0.00,0.00,0.00,1.5,8.0,352,20.5
2024-11-20T20:00,6.6,0.00,0.00,0.00,2.4,6.4,349,12.2
2024-11-20T21:00,5.9,0.00,0.00,0.00,1.8,6.2,345,11.5
2024-11-20T22:00,3.8,0.00,0.00,0.00,0.1,3.5,321,10.1
2024-11-20T23:00,2.6,0.00,0.00,0.00,-1.1,4.4,308,10.8
2024-11-21T00:00,1.6,0.00,0.00,0.00,-2.3,6.1,298,13.7
2024-11-21T01:00,0.2,0.00,0.00,0.00,-2.9,0.9,323,11.9
2024-11-21T02:00,-1.2,0.00,0.00,0.00,-4.5,2.4,347,4.7
2024-11-21T03:00,3.2,0.00,0.00,0.00,-0.1,3.0,17,4.3
2024-11-21T04:00,1.7,0.00,0.00,0.00,-1.9,3.6,354,5.8
2024-11-21T05:00,-0.4,0.00,0.00,0.00,-3.9,3.9,332,9.7
2024-11-21T06:00,-1.7,0.00,0.00,0.00,-5.1,3.6,327,10.4
2024-11-21T07:00,-2.2,0.00,0.00,0.00,-5.6,4.4,328,11.5
2024-11-21T08:00,-2.7,0.00,0.00,0.00,-5.9,3.1,339,11.5
2024-11-21T09:00,-1.1,0.00,0.00,0.00,-4.8,7.0,1,11.9
2024-11-21T10:00,2.8,0.00,0.00,0.00,-1.4,10.1,19,18.4
2024-11-21T11:00,5.2,0.00,0.00,0.00,2.0,5.2,61,17.3
2024-11-21T12:00,6.5,0.00,0.00,0.00,3.1,6.7,71,16.9
2024-11-21T13:00,7.5,0.00,0.00,0.00,4.0,7.7,69,19.4
2024-11-21T14:00,7.2,0.00,0.00,0.00,4.4,4.5,53,19.1
2024-11-21T15:00,7.6,0.00,0.00,0.00,5.0,1.5,14,7.6
2024-11-21T16:00,7.2,0.00,0.00,0.00,4.8,1.0,292,6.8
2024-11-21T17:00,5.7,0.20,0.00,0.20,2.4,7.7,339,14.0
2024-11-21T18:00,3.9,1.00,0.14,0.80,0.3,10.8,355,23.0
2024-11-21T19:00,3.8,0.20,0.00,0.20,1.0,4.8,347,17.6
2024-11-21T20:00,3.6,0.50,0.14,0.30,-0.5,14.0,329,23.4
2024-11-21T21:00,2.4,1.90,0.84,0.70,-1.4,11.9,335,23.8
2024-11-21T22:00,1.5,1.70,0.56,0.90,-2.4,13.2,357,20.9
2024-11-21T23:00,1.2,1.50,0.35,1.00,-2.8,13.8,14,25.9
2024-11-22T00:00,1.2,1.50,0.07,1.40,-2.2,9.6,334,23.4
2024-11-22T01:00,0.9,3.70,1.61,1.40,-3.0,11.8,340,20.9
2024-11-22T02:00,0.8,0.10,0.00,0.10,-2.5,7.9,313,20.9
2024-11-22T03:00,2.1,0.10,0.00,0.10,-1.3,10.0,283,17.6
2024-11-22T04:00,2.1,0.00,0.00,0.00,-1.1,9.0,271,17.6
2024-11-22T05:00,2.0,0.00,0.00,0.00,-1.2,9.4,267,16.6
2024-11-22T06:00,0.4,0.00,0.00,0.00,-2.4,4.9,270,16.2
2024-11-22T07:00,-0.4,0.00,0.00,0.00,-3.2,4.5,275,12.2
2024-11-22T08:00,0.6,0.00,0.00,0.00,-1.7,1.5,339,9.0
2024-11-22T09:00,0.9,0.00,0.00,0.00,-2.3,7.2,333,11.9
2024-11-22T10:00,2.3,0.00,0.00,0.00,-0.9,7.9,344,18.4
2024-11-22T11:00,2.8,0.00,0.00,0.00,0.2,4.9,354,14.8
2024-11-22T12:00,4.6,0.00,0.00,0.00,2.8,0.6,304,11.5
2024-11-22T13:00,7.2,0.00,0.00,0.00,4.6,6.8,252,16.9
2024-11-22T14:00,8.4,0.00,0.00,0.00,4.9,12.5,237,27.7
2024-11-22T15:00,8.4,0.00,0.00,0.00,6.1,2.8,195,19.1
2024-11-22T16:00,8.2,0.00,0.00,0.00,5.7,3.9,62,11.5
2024-11-22T17:00,6.2,0.00,0.00,0.00,3.8,4.2,59,10.4
2024-11-22T18:00,4.3,0.00,0.00,0.00,1.8,3.7,79,7.2
2024-11-22T19:00,4.1,0.00,0.00,0.00,2.0,0.9,11,5.4
2024-11-22T20:00,3.1,0.20,0.00,0.20,0.0,7.7,258,13.3
2024-11-22T21:00,2.7,0.00,0.00,0.00,-0.4,8.3,286,14.4
2024-11-22T22:00,0.5,0.00,0.00,0.00,-2.8,6.7,279,16.2
2024-11-22T23:00,0.3,0.00,0.00,0.00,-3.4,10.1,267,18.0
2024-11-23T00:00,-0.1,0.00,0.00,0.00,-3.8,9.5,279,18.4
2024-11-23T01:00,-0.9,0.00,0.00,0.00,-4.8,8.0,297,17.3
2024-11-23T02:00,-2.2,0.00,0.00,0.00,-6.2,7.3,310,15.5
2024-11-23T03:00,-1.7,0.00,0.00,0.00,-5.9,9.5,307,18.0
2024-11-23T04:00,-1.9,0.00,0.00,0.00,-6.1,9.4,312,18.4
2024-11-23T05:00,-2.3,0.00,0.00,0.00,-6.4,8.5,306,19.4
2024-11-23T06:00,-2.6,0.00,0.00,0.00,-6.8,8.7,315,16.6
2024-11-23T07:00,-2.4,0.00,0.00,0.00,-6.9,10.5,322,20.2
2024-11-23T08:00,-2.3,0.00,0.00,0.00,-6.5,8.1,313,21.2
2024-11-23T09:00,-2.1,0.00,0.00,0.00,-6.2,7.8,299,16.9
2024-11-23T10:00,0.2,0.00,0.00,0.00,-3.8,8.3,314,16.9
2024-11-23T11:00,3.9,0.00,0.00,0.00,0.2,8.1,317,17.6
2024-11-23T12:00,7.0,0.00,0.00,0.00,3.9,5.2,358,16.2
2024-11-23T13:00,8.7,0.00,0.00,0.00,5.5,5.4,53,14.0
2024-11-23T14:00,9.3,0.00,0.00,0.00,6.1,5.8,81,15.1
2024-11-23T15:00,9.2,0.00,0.00,0.00,6.2,6.2,102,17.3
2024-11-23T16:00,8.5,0.00,0.00,0.00,5.9,4.4,173,14.8
2024-11-23T17:00,6.1,0.00,0.00,0.00,3.7,3.5,231,9.0
2024-11-23T18:00,4.5,0.00,0.00,0.00,2.2,1.7,302,5.4
2024-11-23T19:00,3.4,0.00,0.00,0.00,0.6,5.3,336,10.4
2024-11-23T20:00,2.5,0.00,0.00,0.00,-0.2,3.9,313,11.2
2024-11-23T21:00,1.4,0.00,0.00,0.00,-1.4,4.0,302,10.1
2024-11-23T22:00,1.1,0.00,0.00,0.00,-1.6,3.3,311,10.4
2024-11-23T23:00,0.8,0.00,0.00,0.00,-2.0,3.3,324,9.4
2024-11-24T00:00,0.1,0.00,0.00,0.00,-2.7,2.4,324,9.4
2024-11-24T01:00,0.1,0.00,0.00,0.00,-2.9,3.1,329,8.6
2024-11-24T02:00,-0.2,0.00,0.00,0.00,-3.4,3.2,326,9.0
2024-11-24T03:00,-0.5,0.00,0.00,0.00,-3.8,4.1,337,9.7
2024-11-24T04:00,0.1,0.00,0.00,0.00,-3.2,4.1,337,9.4
2024-11-24T05:00,-0.5,0.00,0.00,0.00,-3.7,4.3,338,10.4
2024-11-24T06:00,-0.9,0.00,0.00,0.00,-4.0,3.9,338,9.7
2024-11-24T07:00,-1.1,0.00,0.00,0.00,-4.4,4.9,343,10.4
2024-11-24T08:00,-0.6,0.00,0.00,0.00,-4.0,5.2,348,11.5
2024-11-24T09:00,-0.7,0.00,0.00,0.00,-3.9,4.4,339,10.4
2024-11-24T10:00,1.9,0.00,0.00,0.00,-1.2,5.4,340,11.9
2024-11-24T11:00,5.7,0.00,0.00,0.00,2.6,4.3,15,11.9
2024-11-24T12:00,7.2,0.00,0.00,0.00,4.2,3.7,47,12.6
2024-11-24T13:00,8.0,0.00,0.00,0.00,5.1,3.5,66,13.0
2024-11-24T14:00,8.5,0.00,0.00,0.00,5.7,3.1,69,13.0
2024-11-24T15:00,8.8,0.00,0.00,0.00,6.2,1.5,144,12.2
2024-11-24T16:00,8.4,0.00,0.00,0.00,5.9,0.9,191,9.0
2024-11-24T17:00,6.9,0.00,0.00,0.00,4.7,0.4,297,4.3
2024-11-24T18:00,5.0,0.00,0.00,0.00,2.6,1.3,315,2.2
2024-11-24T19:00,3.9,0.00,0.00,0.00,1.3,2.8,320,4.7
2024-11-24T20:00,3.1,0.00,0.00,0.00,0.4,3.4,328,8.3
2024-11-24T21:00,1.6,0.00,0.00,0.00,-1.0,3.0,322,9.0
2024-11-24T22:00,0.8,0.00,0.00,0.00,-1.8,2.8,315,9.0
2024-11-24T23:00,0.2,0.00,0.00,0.00,-2.6,3.2,317,10.1
2024-11-25T00:00,0.0,0.00,0.00,0.00,-2.8,3.2,322,10.1
2024-11-25T01:00,0.2,0.00,0.00,0.00,-2.8,3.9,326,10.4
2024-11-25T02:00,-0.1,0.00,0.00,0.00,-2.9,2.8,325,10.4
2024-11-25T03:00,0.0,0.00,0.00,0.00,-2.7,2.6,321,8.6
2024-11-25T04:00,-0.4,0.00,0.00,0.00,-3.1,2.3,321,8.6
2024-11-25T05:00,-0.3,0.00,0.00,0.00,-2.9,1.9,319,8.3
2024-11-25T06:00,-0.6,0.00,0.00,0.00,-3.2,1.7,319,7.9
2024-11-25T07:00,-0.7,0.00,0.00,0.00,-3.4,2.3,321,7.2
2024-11-25T08:00,-0.6,0.00,0.00,0.00,-3.4,2.4,324,7.2
2024-11-25T09:00,-0.1,0.00,0.00,0.00,-2.9,3.0,322,8.3
2024-11-25T10:00,2.3,0.00,0.00,0.00,-0.5,4.3,327,10.1
2024-11-25T11:00,5.5,0.00,0.00,0.00,2.7,3.5,28,11.2
2024-11-25T12:00,6.9,0.00,0.00,0.00,4.2,4.2,65,13.3
2024-11-25T13:00,7.8,0.00,0.00,0.00,5.1,4.4,78,14.4
2024-11-25T14:00,8.3,0.00,0.00,0.00,5.7,4.1,75,14.4
2024-11-25T15:00,8.4,0.00,0.00,0.00,6.2,1.3,98,11.5
2024-11-25T16:00,8.3,0.00,0.00,0.00,6.2,0.6,56,8.3
2024-11-25T17:00,7.2,0.00,0.00,0.00,5.4,0.2,90,5.0
2024-11-25T18:00,5.5,0.00,0.00,0.00,3.4,1.4,270,2.9
2024-11-25T19:00,4.7,0.00,0.00,0.00,2.3,2.6,304,4.7
2024-11-25T20:00,3.8,0.00,0.00,0.00,1.4,2.7,312,6.1
2024-11-25T21:00,3.1,0.00,0.00,0.00,0.7,2.4,312,6.8
2024-11-25T22:00,3.1,0.00,0.00,0.00,0.6,3.6,315,9.0
2024-11-25T23:00,2.2,0.00,0.00,0.00,-0.4,3.9,317,9.7
2024-11-26T00:00,1.7,0.00,0.00,0.00,-1.0,4.1,319,10.1
2024-11-26T01:00,1.7,0.00,0.00,0.00,-1.1,4.5,323,10.4
2024-11-26T02:00,1.5,0.00,0.00,0.00,-1.4,5.4,330,11.5
2024-11-26T03:00,1.0,0.00,0.00,0.00,-1.7,4.4,308,11.2
2024-11-26T04:00,1.1,0.00,0.00,0.00,-1.6,3.7,313,10.4
2024-11-26T05:00,1.0,0.00,0.00,0.00,-1.5,2.4,324,9.7
2024-11-26T06:00,1.1,0.00,0.00,0.00,-1.6,3.3,338,8.3
2024-11-26T07:00,1.3,0.00,0.00,0.00,-1.4,3.4,344,8.3
2024-11-26T08:00,1.6,0.00,0.00,0.00,-1.1,3.5,339,8.3
2024-11-26T09:00,2.3,0.00,0.00,0.00,-0.6,5.6,343,11.2
2024-11-26T10:00,4.9,0.00,0.00,0.00,2.1,6.5,347,13.0
2024-11-26T11:00,7.3,0.00,0.00,0.00,4.9,4.5,5,12.6
2024-11-26T12:00,8.3,0.00,0.00,0.00,6.0,3.9,37,10.1
2024-11-26T13:00,8.8,0.00,0.00,0.00,6.7,3.5,35,9.4
2024-11-26T14:00,9.2,0.00,0.00,0.00,6.9,4.5,40,10.8
2024-11-26T15:00,8.5,0.00,0.00,0.00,6.8,2.3,299,7.6
2024-11-26T16:00,8.7,0.00,0.00,0.00,7.0,2.9,317,5.8
2024-11-26T17:00,8.2,0.00,0.00,0.00,6.6,2.5,315,5.4
2024-11-26T18:00,7.6,0.00,0.00,0.00,6.0,3.3,299,6.8
2024-11-26T19:00,7.3,0.00,0.00,0.00,5.5,4.4,328,8.6
2024-11-26T20:00,7.0,0.00,0.00,0.00,5.2,5.0,322,9.7
2024-11-26T21:00,6.9,0.00,0.00,0.00,4.8,6.5,330,12.2
2024-11-26T22:00,7.0,0.00,0.00,0.00,5.0,5.7,336,11.9
2024-11-26T23:00,6.2,0.00,0.00,0.00,4.5,3.1,320,10.4
2024-11-27T00:00,6.0,0.00,0.00,0.00,3.8,6.3,333,11.9
2024-11-27T01:00,6.2,0.00,0.00,0.00,4.3,4.5,323,12.2
2024-11-27T02:00,6.3,0.00,0.00,0.00,4.2,6.1,313,11.9
2024-11-27T03:00,6.4,0.10,0.00,0.10,4.2,7.3,310,13.7
2024-11-27T04:00,6.4,0.30,0.00,0.30,4.4,6.2,319,13.3
2024-11-27T05:00,6.0,0.10,0.00,0.10,4.2,4.9,298,11.5
2024-11-27T06:00,5.6,0.00,0.00,0.00,3.7,5.0,300,10.1
2024-11-27T07:00,5.4,0.00,0.00,0.00,3.4,5.0,308,10.4
2024-11-27T08:00,5.2,0.00,0.00,0.00,3.3,4.8,315,11.2
2024-11-27T09:00,6.0,0.00,0.00,0.00,4.3,4.2,301,10.8
2024-11-27T10:00,7.2,0.00,0.00,0.00,5.6,4.6,306,10.4
2024-11-27T11:00,8.5,0.00,0.00,0.00,7.2,3.7,317,9.7
2024-11-27T12:00,9.5,0.00,0.00,0.00,8.1,4.0,355,7.6
2024-11-27T13:00,10.3,0.10,0.00,0.10,8.7,5.2,2,10.1
2024-11-27T14:00,10.5,0.20,0.00,0.20,9.0,5.4,360,10.1
2024-11-27T15:00,11.7,0.00,0.00,0.00,10.7,5.0,30,11.9
2024-11-27T16:00,11.7,0.00,0.00,0.00,10.7,4.3,45,12.6
2024-11-27T17:00,10.1,0.00,0.00,0.00,9.3,1.5,30,8.6
2024-11-27T18:00,8.7,0.00,0.00,0.00,7.6,1.9,326,3.2
2024-11-27T19:00,8.0,0.00,0.00,0.00,6.7,2.3,309,4.0
2024-11-27T20:00,7.1,0.00,0.00,0.00,5.6,2.4,312,7.6
2024-11-27T21:00,6.0,0.00,0.00,0.00,4.3,3.2,308,8.6
2024-11-27T22:00,4.7,0.00,0.00,0.00,2.5,5.1,306,11.9
2024-11-27T23:00,3.7,0.00,0.00,0.00,1.5,4.2,306,11.9
2024-11-28T00:00,3.2,0.00,0.00,0.00,0.7,5.8,309,12.6
2024-11-28T01:00,2.7,0.00,0.00,0.00,0.2,4.9,303,13.0
2024-11-28T02:00,2.6,0.00,0.00,0.00,0.1,4.5,304,11.5
2024-11-28T03:00,3.8,0.00,0.00,0.00,1.2,7.1,304,15.5
2024-11-28T04:00,4.5,0.00,0.00,0.00,2.0,6.8,305,14.0
2024-11-28T05:00,4.9,0.00,0.00,0.00,2.6,6.3,305,13.0
2024-11-28T06:00,5.3,0.00,0.00,0.00,3.0,5.6,301,11.9
2024-11-28T07:00,5.3,0.00,0.00,0.00,3.3,4.2,301,11.5
2024-11-28T08:00,5.1,0.00,0.00,0.00,3.3,3.3,299,8.3
2024-11-28T09:00,5.8,0.00,0.00,0.00,4.0,3.6,311,7.6
2024-11-28T10:00,6.7,0.00,0.00,0.00,5.1,2.9,330,7.2
2024-11-28T11:00,7.5,0.00,0.00,0.00,6.0,2.0,27,7.6
2024-11-28T12:00,8.0,0.00,0.00,0.00,6.5,2.0,27,6.8
2024-11-28T13:00,8.2,0.00,0.00,0.00,6.9,2.0,45,7.9
2024-11-28T14:00,8.4,0.00,0.00,0.00,7.2,2.4,63,8.3
2024-11-28T15:00,9.7,0.00,0.00,0.00,8.8,3.3,299,13.0
2024-11-28T16:00,9.4,0.00,0.00,0.00,8.5,2.9,47,10.1
2024-11-28T17:00,8.6,0.00,0.00,0.00,7.3,6.0,46,10.1
2024-11-28T18:00,8.3,0.00,0.00,0.00,6.4,9.3,40,16.2
2024-11-28T19:00,8.1,0.00,0.00,0.00,6.1,9.1,36,16.9
2024-11-28T20:00,8.4,0.00,0.00,0.00,7.0,5.3,38,16.6
2024-11-28T21:00,6.6,0.00,0.00,0.00,5.2,3.1,332,9.0
2024-11-28T22:00,5.8,0.00,0.00,0.00,4.0,4.2,340,8.3
2024-11-28T23:00,5.1,0.00,0.00,0.00,2.9,6.2,330,11.5
2024-11-29T00:00,4.9,0.00,0.00,0.00,2.2,9.3,323,17.6
2024-11-29T01:00,4.7,0.00,0.00,0.00,2.0,9.0,322,17.6
2024-11-29T02:00,4.3,0.00,0.00,0.00,1.7,8.4,325,17.3
2024-11-29T03:00,5.1,0.00,0.00,0.00,2.8,7.6,333,15.1
2024-11-29T04:00,4.5,0.00,0.00,0.00,1.9,8.5,333,16.6
2024-11-29T05:00,4.6,0.00,0.00,0.00,2.0,7.9,333,16.6
2024-11-29T06:00,4.1,0.00,0.00,0.00,1.8,4.8,335,15.5
2024-11-29T07:00,2.8,0.00,0.00,0.00,0.5,3.7,349,9.7
2024-11-29T08:00,1.7,0.00,0.00,0.00,-0.8,3.0,346,6.5
2024-11-29T09:00,1.5,0.00,0.00,0.00,-1.1,3.9,347,7.9
2024-11-29T10:00,3.7,0.00,0.00,0.00,1.2,5.7,342,11.9
2024-11-29T11:00,6.2,0.00,0.00,0.00,4.0,4.8,326,13.0
2024-11-29T12:00,8.6,0.00,0.00,0.00,7.0,0.0,270,12.6
2024-11-29T13:00,9.8,0.00,0.00,0.00,7.8,3.0,163,12.2
2024-11-29T14:00,10.4,0.00,0.00,0.00,8.5,2.8,198,12.2
2024-11-29T15:00,12.3,0.00,0.00,0.00,10.0,6.1,267,13.7
2024-11-29T16:00,11.5,0.00,0.00,0.00,8.9,7.6,278,14.4
2024-11-29T17:00,9.1,0.00,0.00,0.00,6.2,8.3,284,14.8
2024-11-29T18:00,7.4,0.00,0.00,0.00,4.2,7.8,296,15.5
2024-11-29T19:00,6.0,0.00,0.00,0.00,3.3,6.0,316,14.4
2024-11-29T20:00,4.0,0.00,0.00,0.00,1.5,5.4,320,12.2
2024-11-29T21:00,2.7,0.00,0.00,0.00,-0.0,6.0,323,13.7
2024-11-29T22:00,1.8,0.00,0.00,0.00,-1.0,5.4,345,13.3
2024-11-29T23:00,1.6,0.00,0.00,0.00,-1.1,4.1,337,11.9
2024-11-30T00:00,1.5,0.00,0.00,0.00,-1.3,3.8,343,10.4
2024-11-30T01:00,0.9,0.00,0.00,0.00,-1.9,4.2,348,10.1
2024-11-30T02:00,0.0,0.00,0.00,0.00,-3.0,4.9,336,11.5
2024-11-30T03:00,0.7,0.00,0.00,0.00,-2.7,7.8,334,16.6
2024-11-30T04:00,0.2,0.00,0.00,0.00,-2.9,5.3,348,15.8
2024-11-30T05:00,-0.3,0.00,0.00,0.00,-3.3,4.5,331,11.5
2024-11-30T06:00,-0.8,0.00,0.00,0.00,-3.8,3.7,321,10.1
2024-11-30T07:00,-1.2,0.00,0.00,0.00,-4.3,4.4,339,10.4
2024-11-30T08:00,-1.3,0.00,0.00,0.00,-4.4,4.3,345,10.1
2024-11-30T09:00,-1.0,0.00,0.00,0.00,-4.3,5.6,335,11.5
2024-11-30T10:00,1.8,0.00,0.00,0.00,-1.6,7.2,342,14.0
2024-11-30T11:00,6.1,0.00,0.00,0.00,3.3,5.1,352,14.0
2024-11-30T12:00,8.7,0.00,0.00,0.00,6.5,1.0,338,12.2
2024-11-30T13:00,9.8,0.00,0.00,0.00,7.3,1.9,221,9.4
2024-11-30T14:00,10.3,0.00,0.00,0.00,7.5,3.7,215,11.9
2024-11-30T15:00,10.6,0.00,0.00,0.00,7.9,3.2,177,14.8
2024-11-30T16:00,10.1,0.00,0.00,0.00,8.5,0.9,233,9.7
2024-11-30T17:00,7.8,0.00,0.00,0.00,5.7,1.3,225,2.5
2024-11-30T18:00,5.5,0.00,0.00,0.00,2.9,3.4,267,4.7
2024-11-30T19:00,4.1,0.00,0.00,0.00,1.3,5.1,278,7.9
2024-11-30T20:00,3.2,0.00,0.00,0.00,0.4,4.8,301,9.7
2024-11-30T21:00,2.2,0.00,0.00,0.00,-0.6,5.4,310,11.2
2024-11-30T22:00,0.6,0.00,0.00,0.00,-2.8,8.2,310,15.8
2024-11-30T23:00,-0.3,0.00,0.00,0.00,-3.8,8.0,306,16.9
2024-12-01T00:00,-0.8,0.00,0.00,0.00,-3.9,5.5,306,15.8
2024-12-01T01:00,-1.3,0.00,0.00,0.00,-4.9,8.0,316,15.8
2024-12-01T02:00,-1.2,0.00,0.00,0.00,-4.4,4.8,326,16.9
2024-12-01T03:00,-0.8,0.00,0.00,0.00,-3.9,4.4,353,10.4
2024-12-01T04:00,-0.9,0.00,0.00,0.00,-3.9,3.4,342,9.4
2024-12-01T05:00,-1.3,0.00,0.00,0.00,-4.7,6.9,311,13.7
2024-12-01T06:00,-0.8,0.00,0.00,0.00,-4.2,5.8,306,15.8
2024-12-01T07:00,-0.2,0.00,0.00,0.00,-3.6,5.3,315,11.9
2024-12-01T08:00,-0.5,0.00,0.00,0.00,-3.7,4.1,311,11.5
2024-12-01T09:00,-0.6,0.00,0.00,0.00,-3.7,3.7,313,8.3
2024-12-01T10:00,2.4,0.00,0.00,0.00,-1.0,6.8,310,13.7
2024-12-01T11:00,6.0,0.00,0.00,0.00,3.3,4.0,321,13.3
2024-12-01T12:00,8.9,0.00,0.00,0.00,6.8,1.6,297,10.8
2024-12-01T13:00,11.1,0.00,0.00,0.00,8.9,2.3,247,9.7
2024-12-01T14:00,12.3,0.00,0.00,0.00,10.3,2.8,225,10.1
2024-12-01T15:00,12.0,0.00,0.00,0.00,10.0,2.7,203,11.9
2024-12-01T16:00,11.1,0.00,0.00,0.00,10.0,1.8,264,8.6
2024-12-01T17:00,8.6,0.00,0.00,0.00,6.5,5.3,294,9.4
2024-12-01T18:00,6.5,0.00,0.00,0.00,4.5,3.7,313,10.4
2024-12-01T19:00,5.8,0.00,0.00,0.00,3.7,2.6,321,9.0
2024-12-01T20:00,5.4,0.00,0.00,0.00,3.0,3.1,320,9.0
2024-12-01T21:00,4.3,0.00,0.00,0.00,2.0,2.1,308,9.0
2024-12-01T22:00,3.3,0.00,0.00,0.00,0.7,3.6,297,9.7
2024-12-01T23:00,2.2,0.00,0.00,0.00,-0.5,3.8,311,10.8
2024-12-02T00:00,1.4,0.00,0.00,0.00,-1.3,3.7,317,10.8
2024-12-02T01:00,0.6,0.00,0.00,0.00,-2.3,4.3,318,12.2
2024-12-02T02:00,-0.1,0.00,0.00,0.00,-2.9,3.2,326,11.9
2024-12-02T03:00,0.1,0.00,0.00,0.00,-2.7,3.8,319,13.3
2024-12-02T04:00,0.3,0.00,0.00,0.00,-2.3,2.5,315,10.8
2024-12-02T05:00,-0.1,0.00,0.00,0.00,-2.9,3.7,305,10.8
2024-12-02T06:00,-0.4,0.00,0.00,0.00,-3.5,5.4,300,12.6
2024-12-02T07:00,-0.6,0.00,0.00,0.00,-3.4,3.6,319,12.2
2024-12-02T08:00,-1.0,0.00,0.00,0.00,-3.7,2.1,340,8.6
2024-12-02T09:00,-0.6,0.00,0.00,0.00,-3.3,2.6,326,7.9
2024-12-02T10:00,2.3,0.00,0.00,0.00,-0.5,4.6,324,11.2
2024-12-02T11:00,6.9,0.00,0.00,0.00,4.8,3.6,340,11.2
2024-12-02T12:00,9.5,0.00,0.00,0.00,7.6,1.3,74,10.1
2024-12-02T13:00,10.6,0.00,0.00,0.00,8.7,1.8,143,9.7
2024-12-02T14:00,11.1,0.00,0.00,0.00,9.1,3.0,194,10.8
2024-12-02T15:00,11.5,0.00,0.00,0.00,9.3,4.7,227,12.6
2024-12-02T16:00,10.8,0.00,0.00,0.00,9.0,3.6,261,12.2
2024-12-02T17:00,8.6,0.00,0.00,0.00,6.9,1.8,270,6.8
2024-12-02T18:00,6.9,0.00,0.00,0.00,5.2,1.0,301,2.9
2024-12-02T19:00,6.0,0.00,0.00,0.00,4.0,2.1,322,3.6
2024-12-02T20:00,5.5,0.00,0.00,0.00,3.2,2.7,337,4.7
2024-12-02T21:00,5.3,0.00,0.00,0.00,2.9,3.6,360,5.4
2024-12-02T22:00,4.7,0.00,0.00,0.00,2.0,5.1,10,7.6
2024-12-02T23:00,4.1,0.00,0.00,0.00,1.2,5.7,9,8.3
2024-12-03T00:00,3.0,0.00,0.00,0.00,0.1,5.9,2,10.1
2024-12-03T01:00,2.1,0.00,0.00,0.00,-0.8,5.1,354,10.1
2024-12-03T02:00,1.2,0.00,0.00,0.00,-1.7,4.4,351,9.0
2024-12-03T03:00,1.3,0.00,0.00,0.00,-1.5,4.2,353,7.6
2024-12-03T04:00,1.0,0.00,0.00,0.00,-1.8,4.4,351,9.4
2024-12-03T05:00,0.3,0.00,0.00,0.00,-2.6,4.3,355,9.4
2024-12-03T06:00,0.4,0.00,0.00,0.00,-2.6,5.4,356,10.8
2024-12-03T07:00,0.2,0.00,0.00,0.00,-2.9,5.4,354,11.2
2024-12-03T08:00,-0.3,0.00,0.00,0.00,-3.3,4.4,353,10.8
2024-12-03T09:00,-0.2,0.00,0.00,0.00,-3.0,4.0,350,8.6
2024-12-03T10:00,2.6,0.00,0.00,0.00,-0.4,6.3,360,12.2
2024-12-03T11:00,5.6,0.00,0.00,0.00,2.7,6.7,27,14.4
2024-12-03T12:00,7.0,0.00,0.00,0.00,4.3,5.6,42,14.8
2024-12-03T13:00,7.5,0.00,0.00,0.00,4.9,4.5,47,14.0
2024-12-03T14:00,7.4,0.00,0.00,0.00,5.1,2.9,43,11.5
2024-12-03T15:00,8.3,0.00,0.00,0.00,5.7,6.6,74,16.9
2024-12-03T16:00,7.7,0.00,0.00,0.00,4.9,7.5,37,15.1
2024-12-03T17:00,7.0,0.00,0.00,0.00,4.7,4.5,29,13.0
2024-12-03T18:00,6.7,0.00,0.00,0.00,4.1,5.2,41,7.9
2024-12-03T19:00,6.1,0.00,0.00,0.00,3.5,5.1,36,8.6
2024-12-03T20:00,5.5,0.00,0.00,0.00,3.1,3.5,9,7.6
2024-12-03T21:00,4.5,0.00,0.00,0.00,2.0,4.6,9,6.8
2024-12-03T22:00,5.0,0.00,0.00,0.00,2.3,6.1,12,10.8
2024-12-03T23:00,5.5,0.00,0.00,0.00,2.7,7.0,357,13.0
2024-12-04T00:00,5.1,0.00,0.00,0.00,2.5,5.6,7,12.6
2024-12-04T01:00,4.5,0.00,0.00,0.00,2.2,3.8,355,10.1
2024-12-04T02:00,3.8,0.00,0.00,0.00,1.7,2.3,337,6.1
2024-12-04T03:00,4.9,0.00,0.00,0.00,2.5,4.8,22,9.4
2024-12-04T04:00,5.4,0.00,0.00,0.00,3.0,4.9,17,9.0
2024-12-04T05:00,6.1,0.00,0.00,0.00,3.7,5.3,18,9.4
2024-12-04T06:00,6.5,0.00,0.00,0.00,4.0,5.9,35,10.8
2024-12-04T07:00,6.2,0.00,0.00,0.00,3.8,5.5,36,10.4
2024-12-04T08:00,6.1,0.00,0.00,0.00,3.8,5.3,18,9.4
2024-12-04T09:00,6.2,0.00,0.00,0.00,3.8,5.4,14,9.7
2024-12-04T10:00,7.4,0.00,0.00,0.00,4.9,5.9,20,10.1
2024-12-04T11:00,8.5,0.00,0.00,0.00,5.8,7.6,47,15.5
2024-12-04T12:00,9.4,0.00,0.00,0.00,6.6,7.8,64,18.0
2024-12-04T13:00,9.8,0.00,0.00,0.00,6.9,8.5,77,19.8
2024-12-04T14:00,9.7,0.00,0.00,0.00,7.2,6.4,79,19.8
2024-12-04T15:00,10.0,0.00,0.00,0.00,7.6,6.6,99,15.8
2024-12-04T16:00,9.4,0.00,0.00,0.00,7.1,5.5,81,15.8
2024-12-04T17:00,7.9,0.00,0.00,0.00,6.3,1.3,360,10.1
2024-12-04T18:00,6.6,0.00,0.00,0.00,4.6,2.3,356,3.6
2024-12-04T19:00,6.5,0.00,0.00,0.00,4.3,2.8,27,4.3
2024-12-04T20:00,5.1,0.00,0.00,0.00,2.6,4.5,5,6.8
2024-12-04T21:00,3.8,0.00,0.00,0.00,1.2,4.9,352,8.3
2024-12-04T22:00,3.3,0.00,0.00,0.00,0.9,3.9,332,9.4
2024-12-04T23:00,2.6,0.00,0.00,0.00,0.5,1.8,315,9.0
2024-12-05T00:00,2.1,0.00,0.00,0.00,-0.1,2.0,315,6.5
2024-12-05T01:00,1.4,0.00,0.00,0.00,-1.1,3.5,321,9.0
2024-12-05T02:00,0.1,0.00,0.00,0.00,-3.0,6.7,322,13.7
2024-12-05T03:00,3.4,0.00,0.00,0.00,1.0,3.9,332,8.6
2024-12-05T04:00,2.1,0.00,0.00,0.00,-0.4,3.7,331,9.4
2024-12-05T05:00,1.0,0.00,0.00,0.00,-1.7,3.9,332,9.4
2024-12-05T06:00,0.0,0.00,0.00,0.00,-2.9,4.4,325,10.4
2024-12-05T07:00,-0.7,0.00,0.00,0.00,-3.9,5.5,328,11.9
2024-12-05T08:00,-1.3,0.00,0.00,0.00,-4.6,6.1,326,13.0
2024-12-05T09:00,-1.6,0.00,0.00,0.00,-4.9,5.3,325,12.6
2024-12-05T10:00,1.0,0.00,0.00,0.00,-2.4,6.6,331,13.0
2024-12-05T11:00,4.3,0.00,0.00,0.00,1.4,4.3,5,13.0
2024-12-05T12:00,6.4,0.00,0.00,0.00,3.6,2.7,4,11.5
2024-12-05T13:00,8.0,0.00,0.00,0.00,5.5,0.5,360,10.4
2024-12-05T14:00,8.6,0.00,0.00,0.00,6.1,1.3,164,9.4
2024-12-05T15:00,9.0,0.00,0.00,0.00,6.5,1.4,270,8.6
2024-12-05T16:00,8.6,0.00,0.00,0.00,6.5,1.2,231,7.9
2024-12-05T17:00,6.5,0.00,0.00,0.00,4.3,0.4,117,2.9
2024-12-05T18:00,4.6,0.00,0.00,0.00,2.3,0.4,333,1.4
2024-12-05T19:00,3.6,0.00,0.00,0.00,1.1,1.7,311,3.2
2024-12-05T20:00,2.5,0.00,0.00,0.00,-0.4,3.7,331,7.9
2024-12-05T21:00,1.7,0.00,0.00,0.00,-1.2,4.0,333,9.7
2024-12-05T22:00,1.3,0.00,0.00,0.00,-1.7,4.2,335,10.8
2024-12-05T23:00,1.0,0.00,0.00,0.00,-1.8,2.7,328,9.7
2024-12-06T00:00,0.0,0.00,0.00,0.00,-2.8,1.9,338,7.6
2024-12-06T01:00,-0.4,0.00,0.00,0.00,-3.3,3.1,332,8.6
2024-12-06T02:00,-1.1,0.00,0.00,0.00,-4.0,3.4,328,10.4
2024-12-06T03:00,-0.6,0.00,0.00,0.00,-3.5,3.9,304,9.7
2024-12-06T04:00,-0.4,0.00,0.00,0.00,-3.3,3.9,304,9.4
2024-12-06T05:00,-0.3,0.00,0.00,0.00,-3.7,7.7,303,13.7
2024-12-06T06:00,0.2,0.00,0.00,0.00,-2.7,4.1,268,14.0
2024-12-06T07:00,0.3,0.00,0.00,0.00,-2.7,4.5,310,10.4
2024-12-06T08:00,0.2,0.00,0.00,0.00,-2.6,2.8,320,9.7
2024-12-06T09:00,0.6,0.00,0.00,0.00,-1.9,1.3,304,11.9
2024-12-06T10:00,1.9,0.50,0.28,0.10,-0.7,2.7,312,7.2
2024-12-06T11:00,3.4,0.00,0.00,0.00,0.8,1.8,281,9.0
2024-12-06T12:00,4.7,0.00,0.00,0.00,2.3,1.6,63,9.4
2024-12-06T13:00,5.4,0.00,0.00,0.00,2.7,5.0,92,15.1
2024-12-06T14:00,5.9,0.00,0.00,0.00,3.1,5.6,65,15.5
2024-12-06T15:00,6.0,0.00,0.00,0.00,2.9,7.6,112,21.6
2024-12-06T16:00,5.9,0.00,0.00,0.00,3.5,3.3,112,17.3
2024-12-06T17:00,4.1,0.00,0.00,0.00,1.5,4.8,65,8.3
2024-12-06T18:00,2.9,0.00,0.00,0.00,-0.3,8.0,56,13.7
2024-12-06T19:00,2.1,0.00,0.00,0.00,-1.0,7.1,43,15.5
2024-12-06T20:00,0.9,0.00,0.00,0.00,-2.2,5.0,2,12.6
2024-12-06T21:00,0.3,0.00,0.00,0.00,-3.4,9.2,337,16.6
2024-12-06T22:00,0.2,0.00,0.00,0.00,-3.9,11.9,325,21.2
2024-12-06T23:00,-0.1,0.00,0.00,0.00,-4.1,12.0,319,23.0
2024-12-07T00:00,-0.1,0.00,0.00,0.00,-3.8,9.3,323,22.0
2024-12-07T01:00,-0.3,0.00,0.00,0.00,-3.5,5.6,320,17.6
2024-12-07T02:00,-1.0,0.00,0.00,0.00,-4.1,4.1,304,11.5
2024-12-07T03:00,-1.8,0.00,0.00,0.00,-4.7,2.8,325,7.9
2024-12-07T04:00,-1.9,0.00,0.00,0.00,-5.0,3.9,298,8.6
2024-12-07T05:00,-2.0,0.00,0.00,0.00,-5.2,4.0,297,9.7
2024-12-07T06:00,-2.2,0.00,0.00,0.00,-5.4,4.6,301,10.1
2024-12-07T07:00,-2.3,0.00,0.00,0.00,-5.7,6.4,310,13.0
2024-12-07T08:00,-2.5,0.00,0.00,0.00,-5.8,5.1,309,13.0
2024-12-07T09:00,-2.3,0.00,0.00,0.00,-5.5,4.5,293,11.2
2024-12-07T10:00,0.2,0.00,0.00,0.00,-3.2,6.8,282,13.3
2024-12-07T11:00,3.7,0.00,0.00,0.00,0.7,4.7,268,13.7
2024-12-07T12:00,5.1,0.00,0.00,0.00,2.2,4.2,216,12.6
2024-12-07T13:00,5.9,0.00,0.00,0.00,3.0,4.7,223,15.1
2024-12-07T14:00,6.8,0.00,0.00,0.00,4.4,1.3,236,13.7
2024-12-07T15:00,7.1,0.00,0.00,0.00,4.6,3.2,90,10.1
2024-12-07T16:00,6.4,0.00,0.00,0.00,3.7,3.7,119,10.4
2024-12-07T17:00,4.5,0.00,0.00,0.00,2.2,1.7,49,7.9
2024-12-07T18:00,3.0,0.00,0.00,0.00,0.2,5.4,360,10.1
2024-12-07T19:00,2.0,0.00,0.00,0.00,-0.8,4.5,344,10.8
2024-12-07T20:00,1.5,0.00,0.00,0.00,-1.3,3.6,342,8.3
2024-12-07T21:00,1.7,0.00,0.00,0.00,-1.2,5.1,17,9.0
2024-12-07T22:00,3.9,0.00,0.00,0.00,0.4,9.3,34,15.8
2024-12-07T23:00,4.7,0.00,0.00,0.00,0.8,12.2,24,22.3
2024-12-08T00:00,5.4,0.10,0.00,0.10,2.1,7.7,24,22.7
2024-12-08T01:00,5.2,0.30,0.00,0.30,1.7,9.9,12,16.6
2024-12-08T02:00,3.9,0.50,0.00,0.50,0.6,10.5,6,18.7
2024-12-08T03:00,5.0,1.10,0.00,1.10,1.5,12.8,349,23.4
2024-12-08T04:00,4.6,1.20,0.00,1.20,1.1,13.3,347,23.8
2024-12-08T05:00,4.6,2.00,0.00,2.00,0.9,14.5,354,24.8
2024-12-08T06:00,4.7,3.50,0.00,3.50,0.8,16.0,357,28.4
2024-12-08T07:00,5.2,3.90,0.00,3.90,1.5,15.7,13,29.2
2024-12-08T08:00,5.7,2.30,0.00,2.30,1.0,22.6,9,40.3
2024-12-08T09:00,5.7,0.30,0.00,0.30,1.5,18.4,3,41.0
2024-12-08T10:00,6.5,0.10,0.00,0.10,2.0,19.5,14,34.2
2024-12-08T11:00,7.3,0.00,0.00,0.00,3.2,16.4,4,35.3
2024-12-08T12:00,7.5,0.00,0.00,0.00,3.8,13.0,359,29.5
2024-12-08T13:00,7.2,0.10,0.00,0.10,3.9,11.6,5,23.4
2024-12-08T14:00,7.0,0.20,0.00,0.20,3.6,12.5,5,22.3
2024-12-08T15:00,9.1,0.10,0.00,0.10,5.0,15.8,21,34.9
2024-12-08T16:00,8.7,0.00,0.00,0.00,5.4,11.4,18,28.8
2024-12-08T17:00,7.7,0.10,0.00,0.10,4.6,11.1,7,20.2
2024-12-08T18:00,7.5,0.00,0.00,0.00,4.3,11.1,29,20.5
2024-12-08T19:00,7.4,0.10,0.00,0.10,4.0,11.6,53,19.8
2024-12-08T20:00,6.2,0.70,0.00,0.70,3.1,11.3,44,20.2
2024-12-08T21:00,6.1,1.00,0.00,1.00,3.1,11.3,31,20.5
2024-12-08T22:00,5.9,0.70,0.00,0.70,3.2,9.3,9,20.2
2024-12-08T23:00,5.5,0.40,0.00,0.40,2.9,8.8,358,16.2
2024-12-09T00:00,5.1,0.30,0.00,0.30,2.3,9.2,349,16.9
2024-12-09T01:00,4.8,0.20,0.00,0.20,2.1,8.7,347,16.6
2024-12-09T02:00,4.8,0.20,0.00,0.20,2.0,9.2,348,16.9
2024-12-09T03:00,5.8,0.10,0.00,0.10,3.5,6.7,357,14.0
2024-12-09T04:00,5.2,0.00,0.00,0.00,2.8,7.1,339,12.6
2024-12-09T05:00,4.2,0.00,0.00,0.00,1.6,6.9,337,14.0
2024-12-09T06:00,2.9,0.00,0.00,0.00,0.5,4.3,358,13.0
2024-12-09T07:00,1.8,0.00,0.00,0.00,-0.5,2.6,348,7.9
2024-12-09T08:00,1.7,0.00,0.00,0.00,-0.7,2.6,344,7.2
2024-12-09T09:00,1.3,0.00,0.00,0.00,-1.4,4.6,339,10.8
2024-12-09T10:00,2.7,0.00,0.00,0.00,0.0,6.3,342,12.6
2024-12-09T11:00,5.9,0.00,0.00,0.00,3.7,5.2,356,12.6
2024-12-09T12:00,7.8,0.00,0.00,0.00,5.6,4.0,80,12.2
2024-12-09T13:00,8.3,0.00,0.00,0.00,5.7,5.2,56,14.4
2024-12-09T14:00,8.8,0.00,0.00,0.00,6.3,3.9,47,14.4
2024-12-09T15:00,8.7,0.00,0.00,0.00,6.6,2.5,90,9.0
2024-12-09T16:00,8.3,0.00,0.00,0.00,6.4,2.2,351,7.9
2024-12-09T17:00,7.2,0.00,0.00,0.00,5.1,3.2,341,5.4
2024-12-09T18:00,5.7,0.00,0.00,0.00,3.6,2.6,335,5.4
2024-12-09T19:00,6.0,0.00,0.00,0.00,3.9,2.8,345,5.8
2024-12-09T20:00,6.8,0.00,0.00,0.00,4.3,5.5,27,9.4
2024-12-09T21:00,6.7,0.00,0.00,0.00,4.0,6.4,52,11.9
2024-12-09T22:00,6.3,0.00,0.00,0.00,3.6,5.4,48,11.5
2024-12-09T23:00,6.2,0.00,0.00,0.00,3.5,5.7,35,10.1
2024-12-10T00:00,5.8,0.00,0.00,0.00,3.0,7.0,42,12.2
2024-12-10T01:00,5.6,0.00,0.00,0.00,2.7,7.4,39,13.3
2024-12-10T02:00,4.5,0.00,0.00,0.00,2.0,5.0,26,13.3
2024-12-10T03:00,6.2,0.10,0.00,0.10,3.2,9.0,44,16.9
2024-12-10T04:00,5.9,0.00,0.00,0.00,3.4,5.7,32,15.8
2024-12-10T05:00,5.4,0.00,0.00,0.00,3.1,4.2,47,10.1
2024-12-10T06:00,5.4,0.00,0.00,0.00,3.1,4.8,48,8.6
2024-12-10T07:00,5.6,0.00,0.00,0.00,3.1,6.0,9,11.2
2024-12-10T08:00,5.3,0.00,0.00,0.00,3.1,3.6,357,10.8
2024-12-10T09:00,5.1,0.00,0.00,0.00,2.9,3.8,360,7.2
2024-12-10T10:00,5.8,0.00,0.00,0.00,3.5,4.8,11,7.9
2024-12-10T11:00,7.2,0.00,0.00,0.00,4.7,5.7,28,12.6
2024-12-10T12:00,8.2,0.00,0.00,0.00,5.6,5.8,51,14.4
2024-12-10T13:00,8.8,0.00,0.00,0.00,6.0,6.7,54,16.6
2024-12-10T14:00,9.6,0.00,0.00,0.00,6.9,6.5,62,16.9
2024-12-10T15:00,9.0,0.00,0.00,0.00,6.4,7.1,75,17.3
2024-12-10T16:00,8.9,0.00,0.00,0.00,6.5,6.2,49,15.1
2024-12-10T17:00,8.3,0.00,0.00,0.00,6.0,5.0,41,11.5
2024-12-10T18:00,6.1,0.00,0.00,0.00,3.7,4.4,63,8.6
2024-12-10T19:00,5.3,0.00,0.00,0.00,2.7,5.5,49,8.6
2024-12-10T20:00,5.1,0.00,0.00,0.00,2.7,3.5,12,8.6
2024-12-10T21:00,4.7,0.00,0.00,0.00,2.3,3.8,349,6.8
2024-12-10T22:00,3.0,0.00,0.00,0.00,0.7,3.1,332,7.6
2024-12-10T23:00,2.4,0.00,0.00,0.00,0.1,2.8,325,7.9
2024-12-11T00:00,1.6,0.00,0.00,0.00,-0.8,2.6,326,8.6
2024-12-11T01:00,1.5,0.00,0.00,0.00,-0.9,3.0,335,7.9
2024-12-11T02:00,1.3,0.00,0.00,0.00,-1.7,5.6,329,11.5
2024-12-11T03:00,4.3,0.00,0.00,0.00,2.2,2.3,18,4.0
2024-12-11T04:00,3.2,0.00,0.00,0.00,0.8,2.9,330,6.5
2024-12-11T05:00,2.3,0.00,0.00,0.00,-0.1,3.3,319,9.0
2024-12-11T06:00,1.3,0.00,0.00,0.00,-1.1,2.2,325,8.6
2024-12-11T07:00,0.5,0.00,0.00,0.00,-2.0,2.3,337,7.9
2024-12-11T08:00,-0.3,0.00,0.00,0.00,-3.0,3.4,344,7.9
2024-12-11T09:00,-0.3,0.00,0.00,0.00,-3.3,4.5,337,9.4
2024-12-11T10:00,2.1,0.00,0.00,0.00,-1.1,6.8,328,12.6
2024-12-11T11:00,5.1,0.00,0.00,0.00,2.4,4.7,337,13.3
2024-12-11T12:00,7.5,0.00,0.00,0.00,5.3,2.5,4,11.9
2024-12-11T13:00,8.8,0.00,0.00,0.00,6.7,1.1,18,9.7
2024-12-11T14:00,9.3,0.00,0.00,0.00,7.4,0.5,180,8.3
2024-12-11T15:00,9.8,0.00,0.00,0.00,7.8,1.9,221,10.8
2024-12-11T16:00,9.5,0.00,0.00,0.00,7.6,1.7,198,8.6
2024-12-11T17:00,7.9,0.00,0.00,0.00,6.3,0.4,117,4.7
2024-12-11T18:00,6.4,0.00,0.00,0.00,4.7,0.3,315,1.4
2024-12-11T19:00,5.4,0.00,0.00,0.00,3.3,2.7,302,4.0
2024-12-11T20:00,4.4,0.00,0.00,0.00,2.2,2.6,321,4.3
2024-12-11T21:00,3.5,0.00,0.00,0.00,1.2,2.5,339,4.3
2024-12-11T22:00,2.3,0.00,0.00,0.00,-0.4,3.8,355,6.5
2024-12-11T23:00,1.7,0.00,0.00,0.00,-1.1,5.1,10,9.0
2024-12-12T00:00,1.6,0.00,0.00,0.00,-1.4,5.4,6,9.4
2024-12-12T01:00,1.5,0.00,0.00,0.00,-1.5,5.8,360,10.4
2024-12-12T02:00,1.3,0.00,0.00,0.00,-1.8,5.8,356,10.8
2024-12-12T03:00,0.9,0.00,0.00,0.00,-2.1,5.1,352,9.7
2024-12-12T04:00,0.6,0.00,0.00,0.00,-2.7,7.2,348,13.3
2024-12-12T05:00,0.0,0.00,0.00,0.00,-3.4,7.3,344,14.4
2024-12-12T06:00,-0.6,0.00,0.00,0.00,-4.0,6.8,342,14.0
2024-12-12T07:00,-1.1,0.00,0.00,0.00,-4.5,6.6,339,13.3
2024-12-12T08:00,-1.5,0.00,0.00,0.00,-4.9,5.7,336,13.0
2024-12-12T09:00,-1.7,0.00,0.00,0.00,-5.1,5.2,335,11.9
2024-12-12T10:00,0.4,0.00,0.00,0.00,-2.8,5.3,336,11.5
2024-12-12T11:00,4.2,0.00,0.00,0.00,1.4,4.0,8,11.2
2024-12-12T12:00,6.2,0.00,0.00,0.00,3.7,2.3,61,10.8
2024-12-12T13:00,7.2,0.00,0.00,0.00,4.8,3.1,93,11.9
2024-12-12T14:00,7.7,0.00,0.00,0.00,5.3,3.3,103,12.6
2024-12-12T15:00,7.4,0.00,0.00,0.00,5.0,3.5,81,15.5
2024-12-12T16:00,7.2,0.00,0.00,0.00,5.1,1.5,21,11.5
2024-12-12T17:00,5.5,0.00,0.00,0.00,3.4,1.3,304,5.4
2024-12-12T18:00,3.7,0.00,0.00,0.00,1.3,2.7,293,4.0
2024-12-12T19:00,2.9,0.00,0.00,0.00,0.5,2.4,306,4.7
2024-12-12T20:00,2.3,0.00,0.00,0.00,-0.0,1.2,333,4.0
2024-12-12T21:00,1.6,0.00,0.00,0.00,-0.9,1.9,338,3.2
2024-12-12T22:00,0.6,0.00,0.00,0.00,-2.2,3.2,344,6.5
2024-12-12T23:00,-0.1,0.00,0.00,0.00,-2.8,2.7,332,6.5
2024-12-13T00:00,-0.4,0.00,0.00,0.00,-3.0,2.1,322,6.8
2024-12-13T01:00,-0.9,0.00,0.00,0.00,-3.6,2.4,318,8.3
2024-12-13T02:00,-1.4,0.00,0.00,0.00,-4.3,3.3,324,9.4
2024-12-13T03:00,-1.2,0.00,0.00,0.00,-4.1,3.1,329,8.3
2024-12-13T04:00,-1.4,0.00,0.00,0.00,-4.5,4.6,324,10.8
2024-12-13T05:00,-1.9,0.00,0.00,0.00,-5.1,5.1,333,11.9
2024-12-13T06:00,-2.2,0.00,0.00,0.00,-5.3,3.6,330,11.5
2024-12-13T07:00,-2.4,0.00,0.00,0.00,-5.6,4.0,300,9.7
2024-12-13T08:00,-2.7,0.00,0.00,0.00,-6.0,4.5,307,11.2
2024-12-13T09:00,-2.7,0.00,0.00,0.00,-5.7,2.0,315,10.4
2024-12-13T10:00,-0.4,0.00,0.00,0.00,-3.8,6.1,3,11.2
2024-12-13T11:00,3.1,0.00,0.00,0.00,0.0,4.9,28,12.6
2024-12-13T12:00,5.2,0.00,0.00,0.00,2.4,3.2,38,11.9
2024-12-13T13:00,6.5,0.00,0.00,0.00,3.8,3.8,85,12.6
2024-12-13T14:00,7.0,0.00,0.00,0.00,4.4,3.6,96,13.3
2024-12-13T15:00,7.0,0.00,0.00,0.00,4.5,3.6,63,16.9
2024-12-13T16:00,7.0,0.00,0.00,0.00,4.7,2.7,67,11.5
2024-12-13T17:00,5.1,0.00,0.00,0.00,3.1,0.9,349,6.1
2024-12-13T18:00,3.0,0.00,0.00,0.00,0.4,3.6,342,5.4
2024-12-13T19:00,2.0,0.00,0.00,0.00,-0.8,4.5,346,9.4
2024-12-13T20:00,2.1,0.00,0.00,0.00,-0.5,3.2,3,7.9
2024-12-13T21:00,2.1,0.00,0.00,0.00,-0.9,5.6,17,9.7
2024-12-13T22:00,2.2,0.00,0.00,0.00,-0.8,5.7,41,9.0
2024-12-13T23:00,2.5,0.10,0.00,0.10,-0.6,6.1,19,13.3
2024-12-14T00:00,1.5,0.00,0.00,0.00,-1.2,3.3,112,10.4
2024-12-14T01:00,1.4,0.30,0.07,0.20,-1.7,5.9,358,10.1
2024-12-14T02:00,2.1,0.00,0.00,0.00,-0.8,5.4,330,13.3
2024-12-14T03:00,3.1,0.10,0.00,0.10,0.3,5.4,323,9.0
2024-12-14T04:00,3.1,0.10,0.00,0.10,0.3,6.2,338,13.3
2024-12-14T05:00,2.9,0.20,0.00,0.20,0.6,3.3,331,10.4
2024-12-14T06:00,3.1,0.10,0.00,0.10,0.7,4.2,306,6.8
2024-12-14T07:00,3.2,0.00,0.00,0.00,0.5,6.1,302,10.1
2024-12-14T08:00,3.4,0.00,0.00,0.00,0.4,8.4,286,14.0
2024-12-14T09:00,3.3,0.00,0.00,0.00,0.1,9.2,276,16.2
2024-12-14T10:00,3.6,0.00,0.00,0.00,0.3,10.3,266,17.3
2024-12-14T11:00,5.0,0.00,0.00,0.00,2.3,7.6,251,18.0
2024-12-14T12:00,6.3,0.00,0.00,0.00,3.5,7.6,234,18.0
2024-12-14T13:00,7.0,0.00,0.00,0.00,4.3,7.3,226,19.4
2024-12-14T14:00,7.4,0.00,0.00,0.00,5.0,5.9,220,18.7
2024-12-14T15:00,7.0,0.00,0.00,0.00,4.8,5.1,219,17.3
2024-12-14T16:00,6.7,0.00,0.00,0.00,4.6,3.4,238,14.4
2024-12-14T17:00,5.7,0.10,0.00,0.10,3.9,2.2,325,8.6
2024-12-14T18:00,4.6,0.00,0.00,0.00,2.6,3.8,349,6.8
2024-12-14T19:00,4.6,0.20,0.00,0.20,2.4,4.5,7,7.9
2024-12-14T20:00,4.6,0.10,0.00,0.10,2.3,5.6,21,9.7
2024-12-14T21:00,4.4,0.00,0.00,0.00,2.2,4.5,14,9.7
2024-12-14T22:00,3.3,0.00,0.00,0.00,1.1,3.3,6,7.6
2024-12-14T23:00,2.2,0.00,0.00,0.00,-0.1,3.0,17,5.0
2024-12-15T00:00,1.8,0.00,0.00,0.00,-0.6,2.8,15,4.7
2024-12-15T01:00,1.2,0.00,0.00,0.00,-1.2,2.8,349,4.7
2024-12-15T02:00,0.8,0.00,0.00,0.00,-1.7,2.8,325,6.5
2024-12-15T03:00,1.8,0.00,0.00,0.00,-0.6,3.2,326,7.6
2024-12-15T04:00,1.3,0.00,0.00,0.00,-1.6,6.0,316,11.5
2024-12-15T05:00,0.6,0.00,0.00,0.00,-2.6,7.0,318,13.3
2024-12-15T06:00,-0.1,0.00,0.00,0.00,-3.3,6.7,314,13.3
2024-12-15T07:00,-0.5,0.00,0.00,0.00,-3.6,5.8,309,13.3
2024-12-15T08:00,-0.9,0.00,0.00,0.00,-3.9,4.6,306,11.5
2024-12-15T09:00,-0.5,0.00,0.00,0.00,-3.6,4.5,299,10.4
2024-12-15T10:00,0.9,0.00,0.00,0.00,-2.2,5.2,286,11.5
2024-12-15T11:00,2.7,0.00,0.00,0.00,0.2,3.4,252,11.5
2024-12-15T12:00,4.7,0.00,0.00,0.00,1.9,4.5,233,13.3
2024-12-15T13:00,5.9,0.00,0.00,0.00,3.0,6.8,220,17.3
2024-12-15T14:00,6.3,0.00,0.00,0.00,3.4,8.6,219,20.5
2024-12-15T15:00,6.3,0.00,0.00,0.00,4.1,5.6,202,17.6
2024-12-15T16:00,5.7,0.00,0.00,0.00,3.3,7.0,230,16.2
2024-12-15T17:00,5.0,0.00,0.00,0.00,2.7,6.5,256,16.2
2024-12-15T18:00,3.7,0.00,0.00,0.00,1.1,7.6,275,13.7
2024-12-15T19:00,2.7,0.00,0.00,0.00,0.1,6.3,294,13.7
2024-12-15T20:00,1.5,0.00,0.00,0.00,-1.2,5.8,296,12.2
2024-12-15T21:00,0.9,0.00,0.00,0.00,-1.5,3.1,294,11.9
2024-12-15T22:00,0.6,0.00,0.00,0.00,-2.0,4.0,302,9.0
2024-12-15T23:00,0.8,0.00,0.00,0.00,-2.1,5.0,305,10.4
2024-12-16T00:00,0.9,0.00,0.00,0.00,-2.2,4.9,309,10.4
2024-12-16T01:00,1.2,0.00,0.00,0.00,-2.1,4.8,307,10.8
2024-12-16T02:00,0.9,0.00,0.00,0.00,-2.4,4.5,307,10.1
2024-12-16T03:00,0.9,0.00,0.00,0.00,-1.9,2.9,317,10.1
2024-12-16T04:00,0.9,0.00,0.00,0.00,-1.7,1.7,319,6.5
2024-12-16T05:00,1.2,0.00,0.00,0.00,-1.3,1.4,293,4.0
2024-12-16T06:00,1.6,0.00,0.00,0.00,-1.1,3.0,287,6.5
2024-12-16T07:00,1.2,0.00,0.00,0.00,-1.2,1.3,278,6.1
2024-12-16T08:00,1.3,0.00,0.00,0.00,-1.0,0.8,315,2.9
2024-12-16T09:00,1.3,0.00,0.00,0.00,-1.4,3.5,345,6.5
2024-12-16T10:00,2.4,0.00,0.00,0.00,-0.6,4.4,341,10.8
2024-12-16T11:00,3.8,0.00,0.00,0.00,1.1,2.6,12,9.4
2024-12-16T12:00,4.8,0.00,0.00,0.00,2.3,2.5,98,10.4
2024-12-16T13:00,5.4,0.00,0.00,0.00,3.2,2.4,138,11.5
2024-12-16T14:00,6.3,0.00,0.00,0.00,4.4,1.3,135,11.2
2024-12-16T15:00,6.2,0.00,0.00,0.00,4.3,0.7,76,9.4
2024-12-16T16:00,6.3,0.00,0.00,0.00,4.4,1.1,81,8.3
2024-12-16T17:00,4.8,0.00,0.00,0.00,3.0,0.8,153,5.8
2024-12-16T18:00,3.2,0.00,0.00,0.00,1.2,0.9,233,2.2
2024-12-16T19:00,2.4,0.00,0.00,0.00,0.2,1.8,315,2.9
2024-12-16T20:00,2.0,0.00,0.00,0.00,-0.3,1.9,326,3.6
2024-12-16T21:00,1.6,0.00,0.00,0.00,-0.9,2.8,325,6.1
2024-12-16T22:00,1.3,0.00,0.00,0.00,-1.0,1.4,337,5.8
2024-12-16T23:00,1.2,0.00,0.00,0.00,-1.1,1.1,360,2.9
2024-12-17T00:00,1.1,0.00,0.00,0.00,-1.3,1.3,352,2.5
2024-12-17T01:00,0.9,0.00,0.00,0.00,-1.6,2.1,345,3.6
2024-12-17T02:00,0.4,0.00,0.00,0.00,-2.2,2.2,346,4.3
2024-12-17T03:00,0.8,0.00,0.00,0.00,-1.9,3.5,325,7.6
2024-12-17T04:00,0.2,0.00,0.00,0.00,-2.5,2.7,337,7.6
2024-12-17T05:00,-0.3,0.00,0.00,0.00,-2.9,2.3,356,6.5
2024-12-17T06:00,-0.7,0.00,0.00,0.00,-3.4,2.4,351,5.8
2024-12-17T07:00,-0.6,0.00,0.00,0.00,-3.3,2.6,344,6.8
2024-12-17T08:00,-0.4,0.00,0.00,0.00,-3.1,2.4,324,6.5
2024-12-17T09:00,-0.3,0.00,0.00,0.00,-2.7,1.2,321,6.5
2024-12-17T10:00,1.6,0.00,0.00,0.00,-1.0,3.0,335,7.6
2024-12-17T11:00,3.9,0.00,0.00,0.00,1.6,3.0,52,10.1
2024-12-17T12:00,4.8,0.00,0.00,0.00,2.7,2.3,90,10.8
2024-12-17T13:00,6.0,0.00,0.00,0.00,4.1,2.3,119,11.2
2024-12-17T14:00,6.6,0.00,0.00,0.00,4.6,3.0,123,12.2
2024-12-17T15:00,6.1,0.00,0.00,0.00,4.4,0.9,143,8.3
2024-12-17T16:00,6.0,0.00,0.00,0.00,4.2,1.8,259,7.9
2024-12-17T17:00,4.0,0.00,0.00,0.00,2.1,2.0,270,6.5
2024-12-17T18:00,2.3,0.00,0.00,0.00,-0.0,2.9,266,4.7
2024-12-17T19:00,1.9,0.00,0.00,0.00,-0.6,3.1,280,5.0
2024-12-17T20:00,1.6,0.00,0.00,0.00,-1.1,3.9,292,6.8
2024-12-17T21:00,0.9,0.00,0.00,0.00,-1.8,3.2,297,7.2
2024-12-17T22:00,-0.1,0.00,0.00,0.00,-2.6,1.5,306,6.1
2024-12-17T23:00,-0.2,0.00,0.00,0.00,-2.9,2.6,304,7.2
2024-12-18T00:00,-0.3,0.00,0.00,0.00,-3.1,3.6,300,8.6
2024-12-18T01:00,0.1,0.00,0.00,0.00,-2.6,3.0,303,9.4
2024-12-18T02:00,0.2,0.00,0.00,0.00,-2.4,2.7,298,7.6
2024-12-18T03:00,2.0,0.00,0.00,0.00,-0.8,4.6,291,11.2
2024-12-18T04:00,1.9,0.00,0.00,0.00,-1.3,7.7,282,13.3
2024-12-18T05:00,1.5,0.00,0.00,0.00,-1.6,7.3,286,15.1
2024-12-18T06:00,1.0,0.00,0.00,0.00,-1.9,5.1,288,13.3
2024-12-18T07:00,0.8,0.00,0.00,0.00,-1.8,3.3,299,10.1
2024-12-18T08:00,0.6,0.00,0.00,0.00,-1.9,2.3,309,7.6
2024-12-18T09:00,0.2,0.00,0.00,0.00,-2.4,2.4,306,6.8
2024-12-18T10:00,1.5,0.00,0.00,0.00,-1.0,2.5,300,7.6
2024-12-18T11:00,3.7,0.00,0.00,0.00,1.7,1.1,279,7.9
2024-12-18T12:00,5.6,0.00,0.00,0.00,3.6,1.3,56,8.6
2024-12-18T13:00,7.0,0.00,0.00,0.00,5.2,1.8,90,10.1
2024-12-18T14:00,7.7,0.00,0.00,0.00,5.9,2.3,113,10.8
2024-12-18T15:00,7.0,0.00,0.00,0.00,5.5,0.9,169,11.2
2024-12-18T16:00,6.7,0.00,0.00,0.00,5.2,1.0,68,8.3
2024-12-18T17:00,5.7,0.00,0.00,0.00,4.2,1.0,338,6.5
2024-12-18T18:00,4.5,0.00,0.00,0.00,2.8,1.5,353,2.2
2024-12-18T19:00,3.8,0.00,0.00,0.00,1.9,2.7,4,4.0
2024-12-18T20:00,3.5,0.00,0.00,0.00,1.4,3.1,360,4.7
2024-12-18T21:00,4.1,0.00,0.00,0.00,2.1,3.2,344,6.1
2024-12-18T22:00,4.4,0.00,0.00,0.00,2.7,1.9,343,5.4
2024-12-18T23:00,4.5,0.00,0.00,0.00,2.8,1.5,346,2.9
2024-12-19T00:00,4.2,0.00,0.00,0.00,2.5,1.7,342,2.9
2024-12-19T01:00,3.9,0.00,0.00,0.00,2.0,2.4,343,5.4
2024-12-19T02:00,2.9,0.00,0.00,0.00,0.6,3.4,335,7.2
2024-12-19T03:00,5.5,0.00,0.00,0.00,3.5,4.2,313,8.6
2024-12-19T04:00,5.6,0.00,0.00,0.00,3.8,2.9,317,7.2
2024-12-19T05:00,5.3,0.00,0.00,0.00,3.6,2.2,355,5.0
2024-12-19T06:00,5.4,0.00,0.00,0.00,3.8,1.5,324,2.9
2024-12-19T07:00,5.4,0.00,0.00,0.00,3.7,1.4,337,2.5
2024-12-19T08:00,5.4,0.00,0.00,0.00,3.8,0.7,14,1.8
2024-12-19T09:00,5.2,0.00,0.00,0.00,3.4,1.5,45,1.8
2024-12-19T10:00,5.4,0.00,0.00,0.00,3.4,3.2,27,5.0
2024-12-19T11:00,5.6,0.00,0.00,0.00,3.6,3.6,6,7.9
2024-12-19T12:00,6.0,0.10,0.00,0.10,4.1,3.5,15,9.4
2024-12-19T13:00,6.2,0.20,0.00,0.20,4.6,1.7,32,9.0
2024-12-19T14:00,6.2,0.20,0.00,0.20,4.7,1.2,51,6.8
2024-12-19T15:00,6.1,0.10,0.00,0.10,4.4,2.3,266,7.6
2024-12-19T16:00,5.9,0.30,0.00,0.30,4.5,1.2,219,7.2
2024-12-19T17:00,5.8,0.20,0.00,0.20,4.4,0.8,45,2.5
2024-12-19T18:00,5.7,0.40,0.00,0.40,4.2,1.3,16,2.2
2024-12-19T19:00,5.7,1.00,0.00,1.00,4.1,2.3,32,2.5
2024-12-19T20:00,5.6,0.70,0.00,0.70,3.7,4.3,33,6.8
2024-12-19T21:00,5.7,1.20,0.00,1.20,3.5,6.4,18,11.5
2024-12-19T22:00,5.8,1.20,0.00,1.20,3.8,5.6,40,11.5
2024-12-19T23:00,5.8,1.50,0.00,1.50,3.9,4.6,21,10.4
2024-12-20T00:00,5.7,4.10,0.00,4.10,3.5,6.8,11,12.6
2024-12-20T01:00,5.7,3.10,0.00,3.10,3.0,10.0,18,17.6
2024-12-20T02:00,5.7,3.00,0.00,3.00,3.4,7.3,349,17.3
2024-12-20T03:00,7.5,5.80,0.00,5.80,5.0,10.7,353,19.1
2024-12-20T04:00,7.7,3.80,0.00,3.80,3.6,19.6,28,37.8
2024-12-20T05:00,6.4,2.60,0.00,2.60,2.2,19.3,57,36.0
2024-12-20T06:00,5.8,0.50,0.00,0.50,2.1,15.8,78,34.2
2024-12-20T07:00,5.0,0.10,0.00,0.10,0.9,17.7,71,32.4
2024-12-20T08:00,4.9,0.10,0.00,0.10,1.0,15.9,72,31.7
2024-12-20T09:00,4.9,0.10,0.00,0.10,1.5,12.3,82,27.7
2024-12-20T10:00,5.1,0.00,0.00,0.00,2.4,7.5,98,21.6
2024-12-20T11:00,5.4,0.00,0.00,0.00,3.3,2.2,215,12.2
2024-12-20T12:00,5.7,0.00,0.00,0.00,2.7,9.6,256,16.2
2024-12-20T13:00,6.3,0.00,0.00,0.00,3.0,12.8,250,23.0
2024-12-20T14:00,7.2,0.00,0.00,0.00,4.0,11.5,238,23.8
2024-12-20T15:00,9.0,0.00,0.00,0.00,7.2,6.0,275,13.0
2024-12-20T16:00,9.7,0.00,0.00,0.00,7.1,5.6,320,12.6
2024-12-20T17:00,8.6,0.00,0.00,0.00,5.7,3.3,306,10.1
2024-12-20T18:00,7.7,0.00,0.00,0.00,4.7,3.8,301,5.8
2024-12-20T19:00,6.6,0.00,0.00,0.00,2.5,9.1,333,14.0
2024-12-20T20:00,7.0,0.00,0.00,0.00,1.5,17.1,353,29.2
2024-12-20T21:00,5.5,0.00,0.00,0.00,0.7,12.1,340,29.2
2024-12-20T22:00,3.4,0.00,0.00,0.00,-0.9,9.8,334,20.9
2024-12-20T23:00,2.5,0.00,0.00,0.00,-1.9,10.8,345,19.8
2024-12-21T00:00,1.0,0.00,0.00,0.00,-3.2,8.8,349,19.4
2024-12-21T01:00,-0.2,0.00,0.00,0.00,-4.2,8.1,321,16.9
2024-12-21T02:00,-1.0,0.00,0.00,0.00,-5.2,9.2,325,18.0
2024-12-21T03:00,0.5,0.00,0.00,0.00,-3.1,6.9,319,14.0
2024-12-21T04:00,0.2,0.00,0.00,0.00,-3.7,7.9,317,16.2
2024-12-21T05:00,-0.8,0.00,0.00,0.00,-4.5,6.4,324,16.2
2024-12-21T06:00,-1.6,0.00,0.00,0.00,-5.3,6.5,316,13.7
2024-12-21T07:00,-2.2,0.00,0.00,0.00,-6.3,8.3,316,16.2
2024-12-21T08:00,-2.6,0.00,0.00,0.00,-6.8,8.5,328,17.3
2024-12-21T09:00,-2.7,0.00,0.00,0.00,-6.9,8.2,328,16.9
2024-12-21T10:00,-1.1,0.00,0.00,0.00,-5.4,9.4,331,18.0
2024-12-21T11:00,2.0,0.00,0.00,0.00,-1.8,6.8,331,18.0
2024-12-21T12:00,5.0,0.00,0.00,0.00,1.9,3.8,329,14.8
2024-12-21T13:00,7.0,0.00,0.00,0.00,4.1,1.8,307,11.5
2024-12-21T14:00,7.9,0.00,0.00,0.00,5.1,2.2,204,9.7
2024-12-21T15:00,7.8,0.00,0.00,0.00,4.9,3.6,171,13.0
2024-12-21T16:00,7.5,0.00,0.00,0.00,4.8,3.1,211,11.5
2024-12-21T17:00,5.5,0.00,0.00,0.00,3.1,1.5,234,6.5
2024-12-21T18:00,3.6,0.00,0.00,0.00,0.9,2.5,278,4.0
2024-12-21T19:00,2.8,0.00,0.00,0.00,-0.0,3.2,297,5.4
2024-12-21T20:00,2.2,0.00,0.00,0.00,-0.6,2.7,302,5.0
2024-12-21T21:00,0.7,0.00,0.00,0.00,-2.3,3.6,311,6.8
2024-12-21T22:00,-0.5,0.00,0.00,0.00,-3.4,2.9,313,8.3
2024-12-21T23:00,-1.5,0.00,0.00,0.00,-4.5,3.7,317,10.1
2024-12-22T00:00,-2.3,0.00,0.00,0.00,-5.5,4.3,318,10.8
2024-12-22T01:00,-1.9,0.00,0.00,0.00,-5.2,4.5,320,11.9
2024-12-22T02:00,-2.3,0.00,0.00,0.00,-5.6,4.4,328,10.4
2024-12-22T03:00,-1.4,0.00,0.00,0.00,-4.5,3.6,342,11.5
2024-12-22T04:00,-1.4,0.00,0.00,0.00,-4.6,4.3,343,8.6
2024-12-22T05:00,-1.9,0.00,0.00,0.00,-5.0,3.5,332,8.6
2024-12-22T06:00,-1.4,0.00,0.00,0.00,-4.4,2.7,323,9.0
2024-12-22T07:00,-1.9,0.00,0.00,0.00,-5.0,2.8,333,7.6
2024-12-22T08:00,-1.3,0.00,0.00,0.00,-4.5,4.4,351,8.6
2024-12-22T09:00,-0.2,0.00,0.00,0.00,-3.4,3.8,349,9.4
2024-12-22T10:00,0.6,0.00,0.00,0.00,-2.8,5.6,353,9.4
2024-12-22T11:00,2.5,0.00,0.00,0.00,-0.8,5.2,25,13.0
2024-12-22T12:00,3.6,0.00,0.00,0.00,0.3,5.8,51,15.1
2024-12-22T13:00,4.4,0.00,0.00,0.00,0.9,7.5,63,18.4
2024-12-22T14:00,4.8,0.00,0.00,0.00,1.1,8.7,60,20.2
2024-12-22T15:00,5.3,0.00,0.00,0.00,2.5,3.0,52,11.2
2024-12-22T16:00,4.4,0.10,0.00,0.10,1.4,5.6,40,10.1
2024-12-22T17:00,3.8,0.30,0.07,0.20,0.4,8.8,44,14.0
2024-12-22T18:00,3.2,0.40,0.00,0.40,0.1,8.5,46,15.1
2024-12-22T19:00,2.9,0.50,0.00,0.50,-0.1,8.6,39,15.8
2024-12-22T20:00,2.5,1.10,0.35,0.60,-0.5,7.6,356,15.1
2024-12-22T21:00,2.3,0.40,0.00,0.40,-0.8,8.1,329,14.0
2024-12-22T22:00,2.0,0.30,0.00,0.30,-1.2,8.6,344,14.8
2024-12-22T23:00,1.7,0.10,0.00,0.10,-1.2,6.7,329,15.1
2024-12-23T00:00,1.3,0.00,0.00,0.00,-1.5,5.3,298,12.6
2024-12-23T01:00,0.9,0.00,0.00,0.00,-2.0,6.1,336,11.2
2024-12-23T02:00,0.8,0.00,0.00,0.00,-2.0,4.7,288,13.7
2024-12-23T03:00,1.1,0.00,0.00,0.00,-2.3,9.3,304,16.6
2024-12-23T04:00,1.5,0.00,0.00,0.00,-1.5,6.5,298,16.6
2024-12-23T05:00,1.1,0.00,0.00,0.00,-1.6,4.0,278,11.5
2024-12-23T06:00,1.5,0.00,0.00,0.00,-1.9,8.6,282,15.1
2024-12-23T07:00,1.4,0.00,0.00,0.00,-2.1,9.4,282,18.0
2024-12-23T08:00,1.4,0.00,0.00,0.00,-2.3,11.0,267,18.7
2024-12-23T09:00,1.2,0.00,0.00,0.00,-2.8,13.1,261,22.7
2024-12-23T10:00,1.5,0.00,0.00,0.00,-2.2,11.2,266,23.4
2024-12-23T11:00,2.0,0.00,0.00,0.00,-1.1,7.2,267,20.2
2024-12-23T12:00,2.7,0.00,0.00,0.00,-0.1,5.7,261,14.0
2024-12-23T13:00,3.7,0.00,0.00,0.00,0.9,5.5,261,13.3
2024-12-23T14:00,4.2,0.00,0.00,0.00,1.6,4.3,242,12.6
2024-12-23T15:00,7.4,0.00,0.00,0.00,4.8,0.9,281,4.0
2024-12-23T16:00,6.5,0.00,0.00,0.00,3.9,1.5,249,3.2
2024-12-23T17:00,4.5,0.00,0.00,0.00,1.2,4.0,265,5.8
2024-12-23T18:00,2.0,0.00,0.00,0.00,-1.7,4.8,304,7.6
2024-12-23T19:00,-0.1,0.00,0.00,0.00,-4.4,8.5,335,14.4
2024-12-23T20:00,1.0,0.00,0.00,0.00,-3.7,10.7,347,19.1
2024-12-23T21:00,0.7,0.00,0.00,0.00,-3.7,9.3,333,19.1
2024-12-23T22:00,-0.8,0.00,0.00,0.00,-5.0,7.7,324,15.8
2024-12-23T23:00,-2.0,0.00,0.00,0.00,-6.0,6.6,325,14.4
2024-12-24T00:00,-3.0,0.00,0.00,0.00,-6.9,5.9,322,13.7
2024-12-24T01:00,-3.7,0.00,0.00,0.00,-7.4,4.8,299,11.5
2024-12-24T02:00,-4.3,0.00,0.00,0.00,-7.8,3.5,305,10.4
2024-12-24T03:00,-2.7,0.00,0.00,0.00,-6.1,4.6,306,11.2
2024-12-24T04:00,-1.0,0.00,0.00,0.00,-5.1,7.8,323,14.4
2024-12-24T05:00,0.9,0.00,0.00,0.00,-3.1,6.6,327,14.0
2024-12-24T06:00,-0.7,0.00,0.00,0.00,-4.3,5.4,312,12.6
2024-12-24T07:00,-2.3,0.00,0.00,0.00,-6.0,5.9,301,13.0
2024-12-24T08:00,-2.3,0.00,0.00,0.00,-6.1,6.7,289,13.7
2024-12-24T09:00,-2.1,0.00,0.00,0.00,-5.9,6.4,297,13.7
2024-12-24T10:00,-0.1,0.00,0.00,0.00,-4.1,7.9,297,14.4
2024-12-24T11:00,3.5,0.00,0.00,0.00,-0.1,6.5,304,14.0
2024-12-24T12:00,6.5,0.00,0.00,0.00,3.2,5.5,297,13.0
2024-12-24T13:00,8.6,0.00,0.00,0.00,5.7,4.4,289,12.2
2024-12-24T14:00,9.8,0.00,0.00,0.00,6.7,4.0,288,10.8
2024-12-24T15:00,10.8,0.00,0.00,0.00,8.7,1.8,276,5.0
2024-12-24T16:00,9.3,0.00,0.00,0.00,6.5,3.2,270,5.4
2024-12-24T17:00,6.6,0.00,0.00,0.00,3.4,2.4,287,5.0
2024-12-24T18:00,2.8,0.00,0.00,0.00,-1.5,8.5,328,12.6
2024-12-24T19:00,2.0,0.00,0.00,0.00,-2.5,8.6,331,14.8
2024-12-24T20:00,1.1,0.00,0.00,0.00,-2.9,6.3,325,12.6
2024-12-24T21:00,0.2,0.00,0.00,0.00,-4.0,7.6,333,12.6
2024-12-24T22:00,-0.1,0.00,0.00,0.00,-4.7,10.9,324,19.8
2024-12-24T23:00,-1.2,0.00,0.00,0.00,-5.6,9.9,327,20.5
2024-12-25T00:00,-1.8,0.00,0.00,0.00,-6.2,10.0,321,20.5
2024-12-25T01:00,-2.4,0.00,0.00,0.00,-6.4,6.7,333,19.1
2024-12-25T02:00,-2.4,0.00,0.00,0.00,-6.6,7.9,330,14.8
2024-12-25T03:00,0.3,0.00,0.00,0.00,-3.8,7.9,349,24.1
2024-12-25T04:00,0.4,0.00,0.00,0.00,-4.2,10.7,325,20.2
2024-12-25T05:00,-0.3,0.00,0.00,0.00,-4.7,9.9,325,20.5
2024-12-25T06:00,-2.0,0.00,0.00,0.00,-5.5,3.9,326,19.4
2024-12-25T07:00,-1.8,0.00,0.00,0.00,-5.9,7.2,335,14.4
2024-12-25T08:00,-2.7,0.00,0.00,0.00,-6.4,4.5,323,14.0
2024-12-25T09:00,-2.9,0.00,0.00,0.00,-6.7,5.5,347,10.4
2024-12-25T10:00,-0.8,0.00,0.00,0.00,-4.9,7.6,345,13.7
2024-12-25T11:00,1.9,0.00,0.00,0.00,-1.7,5.6,6,13.7
2024-12-25T12:00,4.2,0.00,0.00,0.00,1.2,2.5,60,12.2
2024-12-25T13:00,5.6,0.00,0.00,0.00,2.6,2.4,193,9.7
2024-12-25T14:00,6.5,0.00,0.00,0.00,3.2,5.8,219,14.0
2024-12-25T15:00,7.5,0.00,0.00,0.00,4.6,5.6,205,16.2
2024-12-25T16:00,6.2,0.00,0.00,0.00,3.9,2.7,278,11.5
2024-12-25T17:00,3.6,0.00,0.00,0.00,0.7,4.6,281,6.5
2024-12-25T18:00,1.9,0.00,0.00,0.00,-1.2,4.8,290,7.2
2024-12-25T19:00,1.2,0.00,0.00,0.00,-2.1,6.1,298,10.8
2024-12-25T20:00,0.6,0.00,0.00,0.00,-2.7,5.3,308,10.8
2024-12-25T21:00,-0.2,0.00,0.00,0.00,-3.4,4.5,313,10.8
2024-12-25T22:00,-1.0,0.00,0.00,0.00,-4.2,4.2,320,10.8
2024-12-25T23:00,-2.0,0.00,0.00,0.00,-5.2,4.4,341,10.4
2024-12-26T00:00,-2.4,0.00,0.00,0.00,-5.8,4.8,338,10.1
2024-12-26T01:00,-2.2,0.00,0.00,0.00,-5.9,6.5,336,12.6
2024-12-26T02:00,-2.0,0.00,0.00,0.00,-6.0,7.6,335,14.4
2024-12-26T03:00,-1.4,0.00,0.00,0.00,-5.4,7.1,351,14.8
2024-12-26T04:00,-2.1,0.00,0.00,0.00,-5.9,6.1,358,13.3
2024-12-26T05:00,-1.3,0.00,0.00,0.00,-5.7,9.1,346,17.3
2024-12-26T06:00,-3.0,0.00,0.00,0.00,-6.6,4.2,263,16.9
2024-12-26T07:00,-2.7,0.00,0.00,0.00,-6.8,7.7,295,14.8
2024-12-26T08:00,-2.3,0.00,0.00,0.00,-6.5,8.1,313,15.5
2024-12-26T09:00,-2.1,0.00,0.00,0.00,-6.3,8.0,322,16.2
2024-12-26T10:00,-0.2,0.00,0.00,0.00,-4.2,6.9,332,15.5
2024-12-26T11:00,2.4,0.00,0.00,0.00,-0.8,2.7,337,13.0
2024-12-26T12:00,4.0,0.00,0.00,0.00,1.0,2.2,81,9.0
2024-12-26T13:00,5.1,0.00,0.00,0.00,1.7,4.6,51,13.0
2024-12-26T14:00,6.6,0.00,0.00,0.00,3.0,7.2,35,15.8
2024-12-26T15:00,8.3,0.00,0.00,0.00,4.8,5.9,31,19.8
2024-12-26T16:00,7.5,0.00,0.00,0.00,4.9,1.0,211,11.2
2024-12-26T17:00,3.6,0.00,0.00,0.00,0.1,7.8,257,11.2
2024-12-26T18:00,1.9,0.00,0.00,0.00,-1.4,6.2,282,12.6
2024-12-26T19:00,1.3,0.00,0.00,0.00,-1.7,3.3,283,8.6
2024-12-26T20:00,0.3,0.00,0.00,0.00,-2.9,3.9,304,6.1
2024-12-26T21:00,-0.2,0.00,0.00,0.00,-3.4,4.1,319,9.7
2024-12-26T22:00,-1.4,0.00,0.00,0.00,-4.8,5.1,312,12.6
2024-12-26T23:00,-2.1,0.00,0.00,0.00,-5.4,4.0,302,13.0
2024-12-27T00:00,-2.5,0.00,0.00,0.00,-5.7,3.2,317,11.2
2024-12-27T01:00,-2.6,0.00,0.00,0.00,-5.8,3.6,327,9.7
2024-12-27T02:00,-2.7,0.00,0.00,0.00,-5.9,3.6,323,9.7
2024-12-27T03:00,-2.0,0.00,0.00,0.00,-5.8,7.9,317,16.6
2024-12-27T04:00,-2.3,0.00,0.00,0.00,-5.8,5.6,333,16.2
2024-12-27T05:00,-2.1,0.00,0.00,0.00,-5.7,5.5,324,12.6
2024-12-27T06:00,-2.1,0.00,0.00,0.00,-5.7,5.6,312,12.6
2024-12-27T07:00,-2.4,0.00,0.00,0.00,-5.9,4.6,318,12.2
2024-12-27T08:00,-2.6,0.00,0.00,0.00,-6.1,5.0,319,11.2
2024-12-27T09:00,-2.7,0.00,0.00,0.00,-6.2,4.8,315,11.5
2024-12-27T10:00,-0.5,0.00,0.00,0.00,-4.1,6.0,314,11.9
2024-12-27T11:00,3.6,0.00,0.00,0.00,0.3,5.1,318,12.6
2024-12-27T12:00,6.3,0.00,0.00,0.00,3.7,2.5,270,11.2
2024-12-27T13:00,8.3,0.00,0.00,0.00,5.9,2.2,194,9.0
2024-12-27T14:00,9.1,0.00,0.00,0.00,6.8,3.3,167,9.7
2024-12-27T15:00,9.1,0.00,0.00,0.00,6.8,3.0,213,9.7
2024-12-27T16:00,7.9,0.00,0.00,0.00,5.8,3.5,249,6.8
2024-12-27T17:00,5.2,0.00,0.00,0.00,2.6,5.2,266,7.2
2024-12-27T18:00,3.2,0.00,0.00,0.00,0.4,5.3,280,7.9
2024-12-27T19:00,2.1,0.00,0.00,0.00,-1.0,5.9,288,9.0
2024-12-27T20:00,1.2,0.00,0.00,0.00,-1.9,5.2,295,10.4
2024-12-27T21:00,0.4,0.00,0.00,0.00,-2.7,4.2,301,10.4
2024-12-27T22:00,-0.5,0.00,0.00,0.00,-3.4,3.5,305,10.1
2024-12-27T23:00,-1.2,0.00,0.00,0.00,-4.1,3.1,306,10.1
2024-12-28T00:00,-1.6,0.00,0.00,0.00,-4.6,4.0,306,11.2
2024-12-28T01:00,-1.6,0.00,0.00,0.00,-4.9,5.3,305,12.6
2024-12-28T02:00,-1.4,0.00,0.00,0.00,-4.7,5.9,305,13.7
2024-12-28T03:00,-0.1,0.00,0.00,0.00,-3.4,6.2,306,14.4
2024-12-28T04:00,-0.1,0.00,0.00,0.00,-3.2,5.2,301,13.0
2024-12-28T05:00,-0.3,0.00,0.00,0.00,-3.4,4.8,301,11.5
2024-12-28T06:00,-0.6,0.00,0.00,0.00,-3.8,5.4,300,11.9
2024-12-28T07:00,-0.8,0.00,0.00,0.00,-4.1,6.1,300,12.6
2024-12-28T08:00,-0.7,0.00,0.00,0.00,-4.0,6.1,298,13.3
2024-12-28T09:00,-0.9,0.00,0.00,0.00,-4.1,5.1,302,13.0
2024-12-28T10:00,1.3,0.00,0.00,0.00,-1.7,4.9,309,11.2
2024-12-28T11:00,5.5,0.00,0.00,0.00,2.6,5.0,319,10.4
2024-12-28T12:00,8.3,0.00,0.00,0.00,6.1,2.4,318,9.7
2024-12-28T13:00,10.0,0.00,0.00,0.00,8.3,0.7,166,7.9
2024-12-28T14:00,10.6,0.00,0.00,0.00,8.9,2.0,135,7.9
2024-12-28T15:00,10.6,0.00,0.00,0.00,9.4,0.6,162,8.6
2024-12-28T16:00,10.0,0.00,0.00,0.00,8.8,1.6,270,4.3
2024-12-28T17:00,7.6,0.00,0.00,0.00,6.0,2.0,275,3.6
2024-12-28T18:00,6.4,0.00,0.00,0.00,4.8,1.4,293,3.6
2024-12-28T19:00,6.5,0.00,0.00,0.00,4.8,1.3,286,2.9
2024-12-28T20:00,5.8,0.00,0.00,0.00,3.7,2.4,297,4.0
2024-12-28T21:00,3.7,0.00,0.00,0.00,1.3,2.6,304,5.4
2024-12-28T22:00,2.4,0.00,0.00,0.00,-0.1,3.0,308,8.6
2024-12-28T23:00,1.1,0.00,0.00,0.00,-1.7,4.2,306,11.9
2024-12-29T00:00,0.1,0.00,0.00,0.00,-2.9,5.1,306,13.0
2024-12-29T01:00,-0.2,0.00,0.00,0.00,-3.3,5.7,307,13.7
2024-12-29T02:00,-0.3,0.00,0.00,0.00,-3.4,5.7,311,14.0
2024-12-29T03:00,0.4,0.00,0.00,0.00,-2.8,6.6,313,14.4
2024-12-29T04:00,0.3,0.00,0.00,0.00,-3.0,7.4,313,15.5
2024-12-29T05:00,0.3,0.00,0.00,0.00,-2.9,5.9,322,15.1
2024-12-29T06:00,0.3,0.00,0.00,0.00,-2.8,5.5,322,12.2
2024-12-29T07:00,0.3,0.00,0.00,0.00,-2.9,5.7,314,12.6
2024-12-29T08:00,0.1,0.00,0.00,0.00,-3.1,5.6,312,12.6
2024-12-29T09:00,-0.2,0.00,0.00,0.00,-3.3,5.2,311,12.2
2024-12-29T10:00,1.6,0.00,0.00,0.00,-1.5,5.9,308,12.2
2024-12-29T11:00,5.6,0.00,0.00,0.00,2.8,5.7,305,12.2
2024-12-29T12:00,9.0,0.00,0.00,0.00,6.9,2.9,274,11.5
2024-12-29T13:00,11.0,0.00,0.00,0.00,9.1,2.5,210,9.4
2024-12-29T14:00,11.7,0.00,0.00,0.00,9.7,3.8,188,11.5
2024-12-29T15:00,12.1,0.00,0.00,0.00,10.5,4.1,203,12.6
2024-12-29T16:00,11.3,0.00,0.00,0.00,10.6,1.1,198,10.8
2024-12-29T17:00,8.8,0.00,0.00,0.00,7.6,1.1,279,2.2
2024-12-29T18:00,6.8,0.00,0.00,0.00,5.1,2.2,294,3.6
2024-12-29T19:00,6.3,0.00,0.00,0.00,4.4,3.2,286,5.8
2024-12-29T20:00,5.9,0.00,0.00,0.00,3.9,3.1,291,5.4
2024-12-29T21:00,5.0,0.00,0.00,0.00,2.8,2.6,304,5.0
2024-12-29T22:00,3.2,0.00,0.00,0.00,0.7,2.4,312,5.4
2024-12-29T23:00,2.0,0.00,0.00,0.00,-0.6,2.8,320,7.9
2024-12-30T00:00,1.2,0.00,0.00,0.00,-1.6,3.6,323,10.1
2024-12-30T01:00,0.4,0.00,0.00,0.00,-2.4,3.9,323,10.4
2024-12-30T02:00,-0.2,0.00,0.00,0.00,-3.1,4.1,322,10.8
2024-12-30T03:00,-1.0,0.00,0.00,0.00,-4.1,5.0,316,13.0
2024-12-30T04:00,-1.2,0.00,0.00,0.00,-4.3,5.2,314,12.6
2024-12-30T05:00,-1.3,0.00,0.00,0.00,-4.7,6.4,313,14.0
2024-12-30T06:00,-1.3,0.00,0.00,0.00,-4.7,6.1,313,14.0
2024-12-30T07:00,-1.3,0.00,0.00,0.00,-4.5,5.2,314,13.3
2024-12-30T08:00,-1.5,0.00,0.00,0.00,-4.5,3.7,313,11.9
2024-12-30T09:00,-1.7,0.00,0.00,0.00,-4.7,3.4,313,9.7
2024-12-30T10:00,-0.2,0.00,0.00,0.00,-3.2,4.3,318,10.8
2024-12-30T11:00,3.8,0.00,0.00,0.00,1.2,3.6,327,10.8
2024-12-30T12:00,6.8,0.00,0.00,0.00,4.8,0.7,194,9.7
2024-12-30T13:00,8.4,0.00,0.00,0.00,6.3,2.5,176,10.1
2024-12-30T14:00,9.3,0.00,0.00,0.00,7.1,3.7,166,11.9
2024-12-30T15:00,9.7,0.00,0.00,0.00,7.9,2.3,157,12.6
2024-12-30T16:00,9.2,0.00,0.00,0.00,7.6,1.3,90,9.4
2024-12-30T17:00,6.7,0.00,0.00,0.00,5.1,1.4,40,4.7
2024-12-30T18:00,4.5,0.00,0.00,0.00,2.6,2.0,355,3.6
2024-12-30T19:00,4.3,0.00,0.00,0.00,2.3,2.2,336,4.3
2024-12-30T20:00,4.5,0.00,0.00,0.00,2.4,1.5,324,4.0
2024-12-30T21:00,4.3,0.00,0.00,0.00,2.2,0.9,307,3.2
2024-12-30T22:00,3.4,0.00,0.00,0.00,1.3,0.6,304,2.2
2024-12-30T23:00,1.9,0.00,0.00,0.00,-0.5,1.7,302,4.0
2024-12-31T00:00,0.6,0.00,0.00,0.00,-2.0,1.8,307,5.8
2024-12-31T01:00,-0.3,0.00,0.00,0.00,-2.9,1.8,315,6.8
2024-12-31T02:00,-0.9,0.00,0.00,0.00,-3.6,1.9,319,7.2
2024-12-31T03:00,-0.8,0.00,0.00,0.00,-3.5,2.3,328,6.8
2024-12-31T04:00,-0.7,0.00,0.00,0.00,-3.5,3.3,324,8.3
2024-12-31T05:00,-0.7,0.00,0.00,0.00,-3.7,4.2,317,9.7
2024-12-31T06:00,-0.9,0.00,0.00,0.00,-3.9,4.1,311,9.7
2024-12-31T07:00,-1.3,0.00,0.00,0.00,-4.3,3.3,306,9.4
2024-12-31T08:00,-1.7,0.00,0.00,0.00,-4.6,2.8,305,8.6
2024-12-31T09:00,-1.8,0.00,0.00,0.00,-4.6,2.1,308,7.9
2024-12-31T10:00,-0.2,0.00,0.00,0.00,-3.0,3.1,315,9.0
2024-12-31T11:00,3.0,0.00,0.00,0.00,0.6,2.2,312,9.0
2024-12-31T12:00,5.2,0.00,0.00,0.00,2.9,0.6,162,8.3
2024-12-31T13:00,6.4,0.00,0.00,0.00,3.9,2.6,168,10.8
2024-12-31T14:00,6.9,0.00,0.00,0.00,4.5,2.6,168,11.5
2024-12-31T15:00,8.1,0.00,0.00,0.00,5.9,2.7,180,12.2
2024-12-31T16:00,7.6,0.00,0.00,0.00,5.6,0.7,194,10.1
2024-12-31T17:00,5.7,0.00,0.00,0.00,3.8,0.5,360,4.3
2024-12-31T18:00,3.7,0.00,0.00,0.00,1.4,2.4,343,3.6
2024-12-31T19:00,3.5,0.00,0.00,0.00,1.1,2.6,335,4.7
2024-12-31T20:00,3.6,0.00,0.00,0.00,1.2,1.5,324,4.3
2024-12-31T21:00,3.3,0.00,0.00,0.00,1.0,1.0,338,2.5
2024-12-31T22:00,2.7,0.00,0.00,0.00,0.4,1.1,342,2.5
2024-12-31T23:00,1.9,0.00,0.00,0.00,-0.5,1.4,337,2.5
