latitude,longitude,elevation,utc_offset_seconds,timezone,timezone_abbreviation
47.27592,39.705883,33.0,10800,Europe/Moscow,GMT+3

time,temperature_2m (°C),precipitation (mm),snowfall (cm),rain (mm),apparent_temperature (°C),wind_speed_10m (km/h),wind_direction_10m (°),wind_gusts_10m (km/h)
2024-01-01T00:00,1.4,0.00,0.00,0.00,-2.9,14.3,260,25.6
2024-01-01T01:00,1.0,0.00,0.00,0.00,-3.1,13.1,261,24.5
2024-01-01T02:00,0.8,0.00,0.00,0.00,-3.4,13.3,257,23.0
2024-01-01T03:00,0.8,0.00,0.00,0.00,-3.4,13.6,259,23.4
2024-01-01T04:00,0.2,0.00,0.00,0.00,-3.7,11.7,252,19.8
2024-01-01T05:00,0.4,0.00,0.00,0.00,-3.7,12.5,252,21.6
2024-01-01T06:00,0.4,0.00,0.00,0.00,-3.6,12.2,251,21.2
2024-01-01T07:00,0.2,0.00,0.00,0.00,-3.6,11.5,250,20.5
2024-01-01T08:00,0.0,0.00,0.00,0.00,-3.8,11.0,251,19.8
2024-01-01T09:00,0.6,0.00,0.00,0.00,-3.2,11.6,248,19.8
2024-01-01T10:00,2.2,0.00,0.00,0.00,-1.6,13.1,249,23.8
2024-01-01T11:00,3.6,0.00,0.00,0.00,-0.4,14.8,252,28.8
2024-01-01T12:00,4.6,0.00,0.00,0.00,0.6,15.1,252,29.5
2024-01-01T13:00,5.3,0.00,0.00,0.00,1.3,15.0,249,29.5
2024-01-01T14:00,5.4,0.00,0.00,0.00,1.7,13.2,244,29.9
2024-01-01T15:00,5.2,0.00,0.00,0.00,2.1,9.4,238,26.3
2024-01-01T16:00,3.1,0.00,0.00,0.00,0.5,4.8,193,17.3
2024-01-01T17:00,0.3,0.00,0.00,0.00,-3.4,10.0,167,12.2
2024-01-01T18:00,0.8,0.00,0.00,0.00,-2.4,7.4,166,12.2
2024-01-01T19:00,0.7,0.00,0.00,0.00,-2.7,8.9,166,14.8
2024-01-01T20:00,0.4,0.00,0.00,0.00,-3.1,9.0,143,14.8
2024-01-01T21:00,0.2,0.00,0.00,0.00,-3.4,9.5,143,16.2
2024-01-01T22:00,0.3,0.00,0.00,0.00,-3.6,11.0,148,18.0
2024-01-01T23:00,0.9,0.00,0.00,0.00,-3.2,12.9,153,22.0
2024-01-02T00:00,2.3,0.00,0.00,0.00,-1.9,13.7,157,24.1
2024-01-02T01:00,3.0,0.00,0.00,0.00,-1.0,13.5,164,23.8
2024-01-02T02:00,3.4,0.00,0.00,0.00,-0.6,14.3,168,24.8
2024-01-02T03:00,3.6,0.00,0.00,0.00,-0.5,15.2,173,26.6
2024-01-02T04:00,3.3,0.00,0.00,0.00,-0.6,14.1,174,24.8
2024-01-02T05:00,4.2,0.10,0.00,0.10,0.2,15.9,186,27.0
2024-01-02T06:00,4.7,0.60,0.00,0.60,0.9,17.0,185,29.9
2024-01-02T07:00,5.7,0.80,0.00,0.80,1.9,17.9,190,32.0
2024-01-02T08:00,6.5,0.40,0.00,0.40,2.9,17.4,202,31.3
2024-01-02T09:00,7.3,0.00,0.00,0.00,3.5,19.6,206,32.8
2024-01-02T10:00,8.4,0.00,0.00,0.00,4.1,24.6,215,43.2
2024-01-02T11:00,9.3,0.00,0.00,0.00,5.1,24.8,221,43.9
2024-01-02T12:00,10.2,0.00,0.00,0.00,6.1,25.0,220,45.4
2024-01-02T13:00,10.6,0.00,0.00,0.00,6.4,25.7,227,47.2
2024-01-02T14:00,9.9,0.20,0.00,0.20,5.9,24.8,240,46.8
2024-01-02T15:00,9.1,0.00,0.00,0.00,4.8,25.6,246,46.1
2024-01-02T16:00,6.8,0.00,0.00,0.00,2.6,20.8,240,42.8
2024-01-02T17:00,5.7,0.00,0.00,0.00,2.0,16.6,240,36.4
2024-01-02T18:00,6.0,0.00,0.00,0.00,2.5,15.6,241,29.2
2024-01-02T19:00,5.9,0.00,0.00,0.00,2.5,15.0,243,28.1
2024-01-02T20:00,5.5,0.10,0.00,0.10,2.2,13.8,250,26.6
2024-01-02T21:00,5.0,0.70,0.00,0.70,1.9,12.6,243,24.5
2024-01-02T22:00,4.8,0.70,0.00,0.70,1.2,15.0,240,25.9
2024-01-02T23:00,4.4,0.50,0.00,0.50,0.7,15.6,251,27.7
2024-01-03T00:00,4.1,0.70,0.00,0.70,0.5,14.2,254,27.0
2024-01-03T01:00,4.0,0.90,0.00,0.90,0.3,14.8,257,26.3
2024-01-03T02:00,3.8,1.10,0.00,1.10,0.1,14.7,259,25.9
2024-01-03T03:00,3.8,0.90,0.00,0.90,0.0,15.2,256,28.1
2024-01-03T04:00,2.9,0.10,0.00,0.10,-1.2,16.2,249,28.4
2024-01-03T05:00,3.0,0.00,0.00,0.00,-1.4,18.1,247,31.3
2024-01-03T06:00,2.9,0.00,0.00,0.00,-1.7,19.6,253,34.6
2024-01-03T07:00,2.8,0.00,0.00,0.00,-1.7,18.6,260,34.9
2024-01-03T08:00,2.4,0.00,0.00,0.00,-2.1,17.9,260,32.8
2024-01-03T09:00,2.2,0.00,0.00,0.00,-2.5,18.9,257,32.8
2024-01-03T10:00,3.1,0.00,0.00,0.00,-2.0,21.8,262,38.9
2024-01-03T11:00,3.0,0.00,0.00,0.00,-2.7,23.9,275,46.1
2024-01-03T12:00,3.1,0.00,0.00,0.00,-2.9,24.5,270,46.4
2024-01-03T13:00,3.8,0.00,0.00,0.00,-2.6,27.0,268,50.4
2024-01-03T14:00,4.0,0.00,0.00,0.00,-2.2,24.9,266,50.4
2024-01-03T15:00,3.6,0.00,0.00,0.00,-2.1,22.9,262,46.1
2024-01-03T16:00,0.6,0.00,0.00,0.00,-4.0,12.7,262,34.2
2024-01-03T17:00,-0.7,0.00,0.00,0.00,-4.6,8.1,257,22.7
2024-01-03T18:00,-0.7,0.00,0.00,0.00,-4.2,6.2,260,14.0
2024-01-03T19:00,-1.1,0.00,0.00,0.00,-4.7,6.6,283,10.1
2024-01-03T20:00,0.1,0.00,0.00,0.00,-3.3,5.4,270,8.3
2024-01-03T21:00,-0.3,0.00,0.00,0.00,-3.2,2.7,113,6.8
2024-01-03T22:00,-0.2,0.20,0.07,0.10,-3.3,4.5,104,7.2
2024-01-03T23:00,0.3,0.10,0.00,0.10,-3.6,10.1,94,15.1
2024-01-04T00:00,0.0,0.10,0.00,0.10,-3.9,10.7,104,18.4
2024-01-04T01:00,0.0,0.20,0.00,0.20,-4.7,16.2,86,23.4
2024-01-04T02:00,0.6,0.40,0.00,0.40,-3.4,12.4,100,25.2
2024-01-04T03:00,1.3,0.50,0.00,0.50,-2.2,10.8,105,20.9
2024-01-04T04:00,0.7,0.80,0.00,0.80,-3.7,16.0,76,24.8
2024-01-04T05:00,0.9,1.20,0.00,1.20,-3.6,16.9,74,24.5
2024-01-04T06:00,1.0,1.60,0.00,1.60,-3.5,17.2,64,25.9
2024-01-04T07:00,1.5,1.60,0.00,1.60,-2.2,12.3,58,24.8
2024-01-04T08:00,2.3,0.70,0.00,0.70,-0.6,7.8,77,18.7
2024-01-04T09:00,2.8,0.70,0.00,0.70,0.6,3.0,76,12.6
2024-01-04T10:00,3.4,0.20,0.00,0.20,1.3,3.5,114,7.9
2024-01-04T11:00,4.9,0.00,0.00,0.00,1.8,11.9,209,19.1
2024-01-04T12:00,5.9,0.00,0.00,0.00,2.0,18.9,249,34.9
2024-01-04T13:00,6.1,0.00,0.00,0.00,2.1,19.2,247,36.0
2024-01-04T14:00,5.7,0.00,0.00,0.00,1.6,20.3,247,38.9
2024-01-04T15:00,5.6,0.00,0.00,0.00,1.8,17.5,238,37.4
2024-01-04T16:00,5.7,0.00,0.00,0.00,2.1,15.1,232,34.9
2024-01-04T17:00,4.9,0.00,0.00,0.00,1.3,14.5,235,27.0
2024-01-04T18:00,4.6,0.00,0.00,0.00,1.2,13.3,229,25.2
2024-01-04T19:00,4.5,0.00,0.00,0.00,1.3,11.5,238,22.7
2024-01-04T20:00,4.5,0.60,0.00,0.60,1.2,12.7,223,20.2
2024-01-04T21:00,4.3,0.10,0.00,0.10,1.0,12.8,218,23.4
2024-01-04T22:00,4.9,0.00,0.00,0.00,1.6,14.1,220,24.5
2024-01-04T23:00,5.2,0.10,0.00,0.10,1.8,14.8,229,25.6
2024-01-05T00:00,5.9,0.20,0.00,0.20,2.2,17.8,225,30.6
2024-01-05T01:00,6.1,0.00,0.00,0.00,2.6,16.4,230,32.0
2024-01-05T02:00,5.6,0.00,0.00,0.00,2.7,11.9,235,28.4
2024-01-05T03:00,5.9,0.00,0.00,0.00,3.3,11.0,221,20.5
2024-01-05T04:00,5.3,0.00,0.00,0.00,3.0,7.7,208,13.0
2024-01-05T05:00,6.1,0.00,0.00,0.00,3.5,10.4,200,16.9
2024-01-05T06:00,6.5,0.00,0.00,0.00,3.9,11.2,201,19.1
2024-01-05T07:00,6.4,0.00,0.00,0.00,3.8,11.1,209,19.8
2024-01-05T08:00,6.2,0.00,0.00,0.00,3.8,9.0,203,19.4
2024-01-05T09:00,6.0,0.20,0.00,0.20,3.6,9.3,167,16.6
2024-01-05T10:00,6.2,0.60,0.00,0.60,3.9,8.7,173,15.8
2024-01-05T11:00,6.9,0.20,0.00,0.20,4.8,8.0,175,15.8
2024-01-05T12:00,7.9,0.10,0.00,0.10,5.9,8.0,175,17.3
2024-01-05T13:00,7.8,0.40,0.00,0.40,6.3,5.1,184,16.9
2024-01-05T14:00,8.0,0.70,0.00,0.70,6.3,6.6,202,13.0
2024-01-05T15:00,7.7,1.30,0.00,1.30,6.0,6.9,227,11.2
2024-01-05T16:00,7.6,0.90,0.00,0.90,5.3,11.4,235,19.4
2024-01-05T17:00,6.9,1.10,0.00,1.10,3.5,17.7,276,30.6
2024-01-05T18:00,6.6,1.40,0.00,1.40,2.7,19.3,299,37.1
2024-01-05T19:00,6.3,0.50,0.00,0.50,3.0,14.9,290,33.8
2024-01-05T20:00,6.5,0.10,0.00,0.10,2.6,19.1,286,33.5
2024-01-05T21:00,6.4,0.00,0.00,0.00,2.3,20.3,282,35.3
2024-01-05T22:00,5.4,0.00,0.00,0.00,1.1,19.8,270,35.6
2024-01-05T23:00,5.1,0.00,0.00,0.00,0.8,19.3,256,34.9
2024-01-06T00:00,4.8,0.30,0.00,0.30,0.4,19.6,256,34.9
2024-01-06T01:00,4.8,0.30,0.00,0.30,0.4,20.2,259,35.6
2024-01-06T02:00,4.8,0.10,0.00,0.10,0.7,18.0,272,36.0
2024-01-06T03:00,4.6,0.00,0.00,0.00,0.5,17.6,281,31.7
2024-01-06T04:00,3.6,0.00,0.00,0.00,-1.1,20.2,289,36.0
2024-01-06T05:00,2.7,0.00,0.00,0.00,-2.4,20.7,305,38.5
2024-01-06T06:00,1.3,0.00,0.00,0.00,-3.2,15.7,290,36.7
2024-01-06T07:00,1.1,0.00,0.00,0.00,-3.5,15.8,282,28.1
2024-01-06T08:00,1.1,0.00,0.00,0.00,-3.8,17.3,282,32.0
2024-01-06T09:00,1.1,0.00,0.00,0.00,-3.7,16.3,276,33.8
2024-01-06T10:00,1.4,0.00,0.00,0.00,-3.7,17.0,274,32.0
2024-01-06T11:00,1.9,0.00,0.00,0.00,-3.3,17.7,268,33.1
2024-01-06T12:00,2.4,0.00,0.00,0.00,-2.9,17.9,260,34.9
2024-01-06T13:00,2.5,0.00,0.00,0.00,-2.7,16.0,262,34.9
2024-01-06T14:00,2.4,0.00,0.00,0.00,-2.5,14.5,263,32.4
2024-01-06T15:00,2.2,0.00,0.00,0.00,-2.7,13.6,258,29.5
2024-01-06T16:00,-0.1,0.00,0.00,0.00,-4.0,8.0,275,23.4
2024-01-06T17:00,-0.7,0.00,0.00,0.00,-3.9,3.0,194,13.7
2024-01-06T18:00,-1.9,0.00,0.00,0.00,-5.4,5.1,184,7.9
2024-01-06T19:00,-1.7,0.00,0.00,0.00,-5.3,6.5,183,10.8
2024-01-06T20:00,-1.8,0.00,0.00,0.00,-5.5,6.0,163,10.8
2024-01-06T21:00,-2.0,0.00,0.00,0.00,-5.9,7.3,147,12.2
2024-01-06T22:00,-1.3,0.00,0.00,0.00,-5.4,8.2,139,13.7
2024-01-06T23:00,-0.8,0.00,0.00,0.00,-4.9,8.7,150,15.5
2024-01-07T00:00,0.0,0.00,0.00,0.00,-4.0,9.4,162,16.2
2024-01-07T01:00,1.7,0.00,0.00,0.00,-2.3,10.9,186,18.7
2024-01-07T02:00,2.6,0.00,0.00,0.00,-0.9,10.4,200,18.7
2024-01-07T03:00,3.4,0.00,0.00,0.00,0.1,10.2,198,18.0
2024-01-07T04:00,3.8,0.00,0.00,0.00,0.4,12.2,204,21.6
2024-01-07T05:00,3.9,0.00,0.00,0.00,0.6,11.6,206,20.5
2024-01-07T06:00,4.4,0.00,0.00,0.00,1.2,11.4,204,20.2
2024-01-07T07:00,4.1,0.00,0.00,0.00,1.0,10.5,202,19.8
2024-01-07T08:00,3.9,0.00,0.00,0.00,1.0,8.6,202,17.6
2024-01-07T09:00,4.2,0.00,0.00,0.00,1.5,7.2,207,14.4
2024-01-07T10:00,5.2,0.00,0.00,0.00,2.9,5.0,210,11.9
2024-01-07T11:00,5.8,0.00,0.00,0.00,3.7,4.7,184,9.7
2024-01-07T12:00,6.4,0.00,0.00,0.00,4.7,2.6,146,9.7
2024-01-07T13:00,7.3,0.00,0.00,0.00,5.7,2.2,81,8.6
2024-01-07T14:00,7.4,0.00,0.00,0.00,5.1,7.2,53,13.0
2024-01-07T15:00,5.3,0.00,0.00,0.00,0.9,19.9,49,35.6
2024-01-07T16:00,2.2,0.00,0.00,0.00,-2.7,18.8,54,36.4
2024-01-07T17:00,1.1,0.00,0.00,0.00,-4.2,20.5,51,37.4
2024-01-07T18:00,0.4,0.00,0.00,0.00,-5.3,21.6,53,40.3
2024-01-07T19:00,-0.3,0.00,0.00,0.00,-6.1,21.6,60,40.0
2024-01-07T20:00,-0.9,0.00,0.00,0.00,-6.8,22.6,61,41.8
2024-01-07T21:00,-1.5,0.00,0.00,0.00,-7.6,22.9,64,41.8
2024-01-07T22:00,-2.0,0.00,0.00,0.00,-8.2,23.2,62,42.5
2024-01-07T23:00,-2.5,0.00,0.00,0.00,-8.5,21.5,67,42.1
2024-01-08T00:00,-3.1,0.00,0.00,0.00,-9.6,24.6,69,44.3
2024-01-08T01:00,-3.3,0.00,0.00,0.00,-10.0,25.3,66,46.1
2024-01-08T02:00,-3.8,0.00,0.00,0.00,-10.6,25.5,67,47.9
2024-01-08T03:00,-3.2,0.00,0.00,0.00,-10.3,28.3,72,50.8
2024-01-08T04:00,-4.3,0.00,0.00,0.00,-11.4,26.6,63,49.0
2024-01-08T05:00,-4.5,0.00,0.00,0.00,-11.2,23.8,63,48.6
2024-01-08T06:00,-4.6,0.00,0.00,0.00,-11.3,24.0,64,44.3
2024-01-08T07:00,-4.6,0.00,0.00,0.00,-11.6,25.9,69,47.9
2024-01-08T08:00,-4.5,0.00,0.00,0.00,-11.6,27.2,70,49.7
2024-01-08T09:00,-4.3,0.30,0.21,0.00,-11.5,27.9,73,51.1
2024-01-08T10:00,-4.2,0.70,0.49,0.00,-11.1,26.7,74,51.5
2024-01-08T11:00,-4.4,1.60,1.12,0.00,-11.4,27.6,70,51.5
2024-01-08T12:00,-4.4,2.30,1.61,0.00,-11.4,27.9,70,52.2
2024-01-08T13:00,-4.6,1.60,1.12,0.00,-11.3,25.6,64,51.5
2024-01-08T14:00,-5.0,1.60,1.12,0.00,-11.4,23.8,61,46.4
2024-01-08T15:00,-5.2,1.50,1.05,0.00,-11.7,24.3,63,45.0
2024-01-08T16:00,-5.6,0.70,0.49,0.00,-12.1,24.7,61,47.9
2024-01-08T17:00,-5.6,1.00,0.70,0.00,-12.5,26.7,58,47.2
2024-01-08T18:00,-5.8,1.00,0.70,0.00,-12.6,26.6,57,49.3
2024-01-08T19:00,-5.9,1.40,0.98,0.00,-13.0,28.1,59,50.8
2024-01-08T20:00,-6.1,1.20,0.84,0.00,-12.9,25.8,62,50.4
2024-01-08T21:00,-6.0,1.00,0.70,0.00,-12.6,24.1,58,47.2
2024-01-08T22:00,-6.1,0.70,0.49,0.00,-12.1,20.9,46,43.9
2024-01-08T23:00,-6.2,0.20,0.14,0.00,-12.3,21.3,39,37.8
2024-01-09T00:00,-6.5,0.10,0.07,0.00,-12.5,20.3,33,38.2
2024-01-09T01:00,-6.8,0.00,0.00,0.00,-13.0,21.1,33,37.8
2024-01-09T02:00,-7.0,0.00,0.00,0.00,-13.3,21.8,31,39.2
2024-01-09T03:00,-7.5,0.00,0.00,0.00,-14.2,23.8,32,42.5
2024-01-09T04:00,-9.1,0.00,0.00,0.00,-15.6,21.6,28,40.7
2024-01-09T05:00,-9.3,0.00,0.00,0.00,-15.8,21.7,27,41.0
2024-01-09T06:00,-9.4,0.00,0.00,0.00,-15.8,20.7,23,38.9
2024-01-09T07:00,-9.4,0.00,0.00,0.00,-15.8,21.0,22,37.8
2024-01-09T08:00,-9.5,0.00,0.00,0.00,-15.6,18.6,18,37.1
2024-01-09T09:00,-9.4,0.00,0.00,0.00,-15.2,17.2,11,33.1
2024-01-09T10:00,-9.0,0.00,0.00,0.00,-14.9,17.6,11,34.6
2024-01-09T11:00,-9.0,0.00,0.00,0.00,-14.8,16.6,358,31.7
2024-01-09T12:00,-9.1,0.00,0.00,0.00,-14.7,15.2,353,30.2
2024-01-09T13:00,-9.4,0.00,0.00,0.00,-15.0,14.7,343,27.4
2024-01-09T14:00,-9.7,0.00,0.00,0.00,-14.9,12.1,333,26.6
2024-01-09T15:00,-10.1,0.00,0.00,0.00,-15.1,11.2,327,22.3
2024-01-09T16:00,-10.8,0.00,0.00,0.00,-15.8,10.3,306,19.8
2024-01-09T17:00,-11.6,0.00,0.00,0.00,-16.6,10.4,316,18.4
2024-01-09T18:00,-11.9,0.00,0.00,0.00,-16.8,9.7,321,18.0
2024-01-09T19:00,-12.0,0.00,0.00,0.00,-17.2,11.6,330,19.4
2024-01-09T20:00,-12.2,0.00,0.00,0.00,-17.7,13.3,341,23.0
2024-01-09T21:00,-12.7,0.00,0.00,0.00,-17.9,11.0,349,23.4
2024-01-09T22:00,-13.2,0.00,0.00,0.00,-18.1,8.8,348,18.7
2024-01-09T23:00,-13.7,0.00,0.00,0.00,-18.4,7.5,343,15.1
2024-01-10T00:00,-15.4,0.00,0.00,0.00,-20.3,8.7,322,12.2
2024-01-10T01:00,-15.8,0.00,0.00,0.00,-20.7,8.2,293,11.2
2024-01-10T02:00,-15.3,0.00,0.00,0.00,-19.9,6.6,299,10.8
2024-01-10T03:00,-14.9,0.00,0.00,0.00,-19.5,6.9,317,11.2
2024-01-10T04:00,-16.2,0.00,0.00,0.00,-21.2,9.1,277,11.5
2024-01-10T05:00,-14.3,0.00,0.00,0.00,-19.1,8.0,275,12.6
2024-01-10T06:00,-13.3,0.00,0.00,0.00,-18.3,9.7,268,15.8
2024-01-10T07:00,-12.2,0.00,0.00,0.00,-17.7,13.3,273,22.3
2024-01-10T08:00,-10.9,0.00,0.00,0.00,-16.7,16.6,270,28.4
2024-01-10T09:00,-10.1,0.00,0.00,0.00,-16.4,20.2,275,35.3
2024-01-10T10:00,-9.2,0.00,0.00,0.00,-15.9,23.3,261,41.8
2024-01-10T11:00,-8.1,0.00,0.00,0.00,-14.5,21.7,264,41.4
2024-01-10T12:00,-7.1,0.00,0.00,0.00,-13.3,21.0,254,38.5
2024-01-10T13:00,-6.2,0.00,0.00,0.00,-12.3,20.8,261,38.2
2024-01-10T14:00,-4.3,0.00,0.00,0.00,-10.3,21.0,276,38.2
2024-01-10T15:00,-3.7,0.00,0.00,0.00,-9.3,19.5,273,38.2
2024-01-10T16:00,-5.4,0.00,0.00,0.00,-10.7,16.3,275,33.1
2024-01-10T17:00,-4.7,0.00,0.00,0.00,-9.8,15.3,279,28.8
2024-01-10T18:00,-4.0,0.00,0.00,0.00,-8.9,13.9,280,26.6
2024-01-10T19:00,-3.6,0.00,0.00,0.00,-8.3,13.6,292,24.5
2024-01-10T20:00,-3.3,0.00,0.00,0.00,-7.8,12.0,286,23.0
2024-01-10T21:00,-3.3,0.00,0.00,0.00,-7.6,10.8,274,20.5
2024-01-10T22:00,-3.2,0.00,0.00,0.00,-7.6,11.2,264,19.1
2024-01-10T23:00,-3.0,0.00,0.00,0.00,-7.3,11.6,265,20.5
2024-01-11T00:00,-2.8,0.00,0.00,0.00,-7.1,11.2,270,20.2
2024-01-11T01:00,-2.8,0.00,0.00,0.00,-6.9,10.2,278,19.4
2024-01-11T02:00,-2.7,0.00,0.00,0.00,-6.6,8.3,275,17.6
2024-01-11T03:00,-3.4,0.00,0.00,0.00,-7.0,6.2,263,14.4
2024-01-11T04:00,-4.7,0.00,0.00,0.00,-8.6,6.8,252,8.6
2024-01-11T05:00,-4.7,0.00,0.00,0.00,-8.4,6.1,220,9.0
2024-01-11T06:00,-4.6,0.00,0.00,0.00,-8.9,10.3,209,16.9
2024-01-11T07:00,-4.1,0.00,0.00,0.00,-8.7,12.6,211,21.2
2024-01-11T08:00,-3.4,0.00,0.00,0.00,-8.0,13.5,214,23.8
2024-01-11T09:00,-2.9,0.10,0.07,0.00,-7.9,16.5,216,28.1
2024-01-11T10:00,-2.3,0.10,0.07,0.00,-7.4,17.6,221,33.5
2024-01-11T11:00,-1.4,0.10,0.00,0.10,-6.7,20.1,226,33.5
2024-01-11T12:00,-0.6,0.10,0.07,0.00,-5.8,19.6,224,38.2
2024-01-11T13:00,0.1,0.00,0.00,0.00,-5.7,24.2,237,41.0
2024-01-11T14:00,0.1,0.30,0.14,0.10,-6.2,27.7,242,49.3
2024-01-11T15:00,0.2,0.20,0.14,0.00,-6.2,28.4,241,51.1
2024-01-11T16:00,-0.5,0.40,0.14,0.20,-7.1,29.7,247,52.9
2024-01-11T17:00,-0.3,0.40,0.21,0.10,-6.8,29.0,247,52.9
2024-01-11T18:00,-0.2,0.20,0.14,0.00,-6.5,28.0,250,51.8
2024-01-11T19:00,0.0,0.30,0.14,0.10,-6.2,27.3,252,49.7
2024-01-11T20:00,-0.1,0.40,0.28,0.00,-6.4,28.0,258,49.7
2024-01-11T21:00,-0.4,1.10,0.77,0.00,-6.9,28.4,258,50.8
2024-01-11T22:00,-0.6,0.30,0.21,0.00,-6.8,26.7,256,50.4
2024-01-11T23:00,-0.7,0.20,0.14,0.00,-6.7,24.9,256,47.2
2024-01-12T00:00,-0.8,0.10,0.07,0.00,-6.7,23.9,254,43.9
2024-01-12T01:00,-0.9,0.00,0.00,0.00,-6.7,23.7,253,42.5
2024-01-12T02:00,-1.0,0.10,0.07,0.00,-6.8,23.1,255,42.1
2024-01-12T03:00,-1.2,0.20,0.14,0.00,-6.9,22.5,258,41.0
2024-01-12T04:00,-2.6,0.30,0.21,0.00,-8.4,21.8,261,38.9
2024-01-12T05:00,-2.6,0.60,0.42,0.00,-8.1,19.7,262,38.2
2024-01-12T06:00,-2.6,0.60,0.42,0.00,-7.8,18.1,257,34.2
2024-01-12T07:00,-2.5,0.40,0.28,0.00,-7.5,17.0,257,31.7
2024-01-12T08:00,-2.4,0.30,0.21,0.00,-7.2,15.6,263,29.5
2024-01-12T09:00,-2.3,0.40,0.28,0.00,-7.5,18.1,319,29.5
2024-01-12T10:00,-5.8,0.20,0.14,0.00,-12.3,23.1,4,47.5
2024-01-12T11:00,-6.9,0.10,0.07,0.00,-13.5,23.2,6,44.6
2024-01-12T12:00,-7.6,0.00,0.00,0.00,-13.8,20.2,5,43.2
2024-01-12T13:00,-7.9,0.00,0.00,0.00,-14.2,20.6,4,38.2
2024-01-12T14:00,-8.6,0.00,0.00,0.00,-14.9,19.8,3,37.1
2024-01-12T15:00,-9.5,0.00,0.00,0.00,-15.9,19.9,4,36.4
2024-01-12T16:00,-10.7,0.00,0.00,0.00,-16.1,13.2,349,26.3
2024-01-12T17:00,-11.5,0.00,0.00,0.00,-16.9,12.8,349,23.4
2024-01-12T18:00,-10.6,0.00,0.00,0.00,-16.0,13.0,346,23.0
2024-01-12T19:00,-10.1,0.00,0.00,0.00,-15.8,15.3,341,26.3
2024-01-12T20:00,-10.6,0.00,0.00,0.00,-16.3,14.5,337,26.3
2024-01-12T21:00,-12.3,0.00,0.00,0.00,-17.6,11.8,333,24.8
2024-01-12T22:00,-14.5,0.00,0.00,0.00,-19.5,9.1,326,19.8
2024-01-12T23:00,-16.0,0.00,0.00,0.00,-21.0,8.7,322,14.4
2024-01-13T00:00,-16.4,0.00,0.00,0.00,-21.6,9.9,316,15.8
2024-01-13T01:00,-16.5,0.00,0.00,0.00,-21.9,10.7,312,17.3
2024-01-13T02:00,-16.7,0.00,0.00,0.00,-22.0,10.5,311,17.6
2024-01-13T03:00,-17.2,0.00,0.00,0.00,-22.4,9.8,306,17.3
2024-01-13T04:00,-17.9,0.00,0.00,0.00,-23.3,10.6,298,17.3
2024-01-13T05:00,-18.0,0.00,0.00,0.00,-23.4,10.7,303,17.6
2024-01-13T06:00,-18.4,0.00,0.00,0.00,-23.6,9.9,303,17.6
2024-01-13T07:00,-18.9,0.00,0.00,0.00,-24.0,8.6,303,15.5
2024-01-13T08:00,-19.4,0.00,0.00,0.00,-24.4,8.2,311,13.7
2024-01-13T09:00,-19.1,0.00,0.00,0.00,-24.0,7.6,315,13.0
2024-01-13T10:00,-18.4,0.00,0.00,0.00,-23.3,7.4,313,12.2
2024-01-13T11:00,-15.8,0.00,0.00,0.00,-20.2,4.7,274,10.1
2024-01-13T12:00,-14.5,0.00,0.00,0.00,-18.6,2.5,225,6.5
2024-01-13T13:00,-13.3,0.00,0.00,0.00,-17.6,4.3,222,8.6
2024-01-13T14:00,-12.3,0.00,0.00,0.00,-16.4,3.3,221,9.4
2024-01-13T15:00,-11.9,0.00,0.00,0.00,-15.9,3.8,221,7.6
2024-01-13T16:00,-11.1,0.00,0.00,0.00,-15.0,2.9,180,6.5
2024-01-13T17:00,-12.3,0.00,0.00,0.00,-16.8,6.5,124,6.8
2024-01-13T18:00,-11.8,0.00,0.00,0.00,-16.1,5.9,133,10.1
2024-01-13T19:00,-10.8,0.00,0.00,0.00,-15.3,7.3,147,12.2
2024-01-13T20:00,-11.0,0.00,0.00,0.00,-15.6,8.2,157,14.0
2024-01-13T21:00,-11.8,0.00,0.00,0.00,-16.3,7.3,160,14.0
2024-01-13T22:00,-12.2,0.00,0.00,0.00,-16.9,8.1,159,13.7
2024-01-13T23:00,-12.0,0.00,0.00,0.00,-16.4,6.5,161,14.0
2024-01-14T00:00,-12.4,0.00,0.00,0.00,-16.9,7.0,145,11.9
2024-01-14T01:00,-13.1,0.00,0.00,0.00,-17.6,6.1,118,11.9
2024-01-14T02:00,-14.9,0.00,0.00,0.00,-19.6,7.6,95,11.2
2024-01-14T03:00,-15.5,0.00,0.00,0.00,-20.7,10.1,96,16.2
2024-01-14T04:00,-14.5,0.00,0.00,0.00,-20.0,12.6,95,20.5
2024-01-14T05:00,-15.1,0.00,0.00,0.00,-20.8,14.2,99,24.1
2024-01-14T06:00,-16.5,0.00,0.00,0.00,-22.3,13.9,100,24.8
2024-01-14T07:00,-17.1,0.00,0.00,0.00,-22.7,12.8,100,23.8
2024-01-14T08:00,-17.2,0.00,0.00,0.00,-22.8,12.7,97,22.7
2024-01-14T09:00,-17.0,0.00,0.00,0.00,-22.7,13.4,95,22.7
2024-01-14T10:00,-16.3,0.00,0.00,0.00,-22.1,13.7,92,23.4
2024-01-14T11:00,-15.4,0.00,0.00,0.00,-21.0,13.0,88,22.3
2024-01-14T12:00,-14.3,0.00,0.00,0.00,-19.8,12.6,90,22.3
2024-01-14T13:00,-13.1,0.00,0.00,0.00,-18.5,12.3,97,22.0
2024-01-14T14:00,-12.0,0.00,0.00,0.00,-17.7,15.1,91,22.3
2024-01-14T15:00,-10.6,0.00,0.00,0.00,-16.2,13.9,107,24.8
2024-01-14T16:00,-9.3,0.20,0.14,0.00,-15.2,17.5,98,28.8
2024-01-14T17:00,-7.3,0.70,0.49,0.00,-12.8,15.5,118,29.5
2024-01-14T18:00,-5.3,0.10,0.07,0.00,-10.5,14.6,142,25.9
2024-01-14T19:00,-3.5,0.00,0.00,0.00,-9.2,19.6,167,33.1
2024-01-14T20:00,-3.0,0.00,0.00,0.00,-8.5,18.7,169,34.6
2024-01-14T21:00,-2.7,0.00,0.00,0.00,-7.9,16.9,168,32.4
2024-01-14T22:00,-2.5,0.00,0.00,0.00,-7.5,16.2,168,29.2
2024-01-14T23:00,-2.1,0.20,0.14,0.00,-7.0,16.2,167,28.1
2024-01-15T00:00,-1.5,0.20,0.14,0.00,-6.7,19.0,170,32.4
2024-01-15T01:00,-0.8,0.40,0.28,0.00,-6.2,21.3,177,36.4
2024-01-15T02:00,0.6,1.30,0.91,0.00,-5.5,27.2,188,46.4
2024-01-15T03:00,1.1,0.70,0.42,0.10,-5.4,29.1,195,50.8
2024-01-15T04:00,1.0,0.50,0.28,0.10,-5.4,28.8,193,50.0
2024-01-15T05:00,0.8,0.60,0.42,0.00,-5.3,26.2,198,51.1
2024-01-15T06:00,0.8,0.90,0.56,0.10,-5.8,29.8,210,51.5
2024-01-15T07:00,0.7,0.30,0.14,0.10,-5.3,26.3,221,51.5
2024-01-15T08:00,0.5,0.00,0.00,0.00,-5.1,23.5,230,45.4
2024-01-15T09:00,-0.5,0.00,0.00,0.00,-5.9,20.4,244,40.7
2024-01-15T10:00,-1.2,0.00,0.00,0.00,-6.1,16.3,242,35.3
2024-01-15T11:00,-1.3,0.00,0.00,0.00,-6.0,14.6,232,28.4
2024-01-15T12:00,-1.0,0.00,0.00,0.00,-5.5,13.8,227,25.2
2024-01-15T13:00,-0.7,0.00,0.00,0.00,-4.9,11.5,229,24.5
2024-01-15T14:00,-0.5,0.00,0.00,0.00,-4.6,10.7,225,20.2
2024-01-15T15:00,-1.0,0.00,0.00,0.00,-4.6,7.5,215,19.4
2024-01-15T16:00,-1.9,0.00,0.00,0.00,-5.5,7.2,180,12.2
2024-01-15T17:00,-1.8,0.00,0.00,0.00,-5.7,9.6,167,15.5
2024-01-15T18:00,-0.7,0.00,0.00,0.00,-4.5,9.9,161,17.6
2024-01-15T19:00,-0.4,0.00,0.00,0.00,-4.4,12.0,159,19.4
2024-01-15T20:00,0.8,0.00,0.00,0.00,-3.5,14.4,179,23.8
2024-01-15T21:00,1.7,0.10,0.00,0.10,-3.0,17.7,200,29.5
2024-01-15T22:00,1.4,0.10,0.00,0.10,-2.9,14.7,216,31.0
2024-01-15T23:00,2.3,0.10,0.00,0.10,-2.9,22.4,217,37.4
2024-01-16T00:00,2.4,0.20,0.00,0.20,-2.7,21.5,215,38.5
2024-01-16T01:00,2.5,0.10,0.00,0.10,-2.3,19.4,215,36.4
2024-01-16T02:00,2.7,0.00,0.00,0.00,-2.1,18.6,216,33.1
2024-01-16T03:00,2.5,0.00,0.00,0.00,-2.2,17.7,207,32.0
2024-01-16T04:00,2.0,0.00,0.00,0.00,-2.6,16.7,187,27.7
2024-01-16T05:00,2.3,0.00,0.00,0.00,-2.4,17.7,182,30.2
2024-01-16T06:00,2.0,0.00,0.00,0.00,-2.7,18.1,174,30.6
2024-01-16T07:00,2.0,0.00,0.00,0.00,-3.1,19.6,173,33.5
2024-01-16T08:00,1.9,0.00,0.00,0.00,-3.5,21.1,166,36.0
2024-01-16T09:00,2.1,0.00,0.00,0.00,-3.4,21.0,173,37.1
2024-01-16T10:00,2.3,0.00,0.00,0.00,-3.2,20.9,176,36.7
2024-01-16T11:00,2.8,0.00,0.00,0.00,-2.8,22.3,177,38.5
2024-01-16T12:00,3.2,0.00,0.00,0.00,-2.4,22.4,176,40.0
2024-01-16T13:00,3.1,0.00,0.00,0.00,-2.2,20.2,169,38.9
2024-01-16T14:00,3.2,0.00,0.00,0.00,-2.4,22.1,174,38.2
2024-01-16T15:00,3.0,0.10,0.00,0.10,-2.1,19.8,180,38.2
2024-01-16T16:00,3.4,0.20,0.00,0.20,-1.5,19.2,186,37.4
2024-01-16T17:00,3.3,1.70,0.00,1.70,-1.2,17.1,198,33.1
2024-01-16T18:00,3.7,1.80,0.00,1.80,-0.3,15.2,211,29.5
2024-01-16T19:00,3.2,2.20,0.00,2.20,-1.2,17.9,255,30.6
2024-01-16T20:00,2.1,0.60,0.00,0.60,-2.8,20.2,286,34.2
2024-01-16T21:00,1.3,0.00,0.00,0.00,-4.0,21.6,296,37.4
2024-01-16T22:00,0.1,0.00,0.00,0.00,-5.3,20.5,294,37.8
2024-01-16T23:00,-0.7,0.00,0.00,0.00,-6.0,19.7,288,35.6
2024-01-17T00:00,-1.6,0.00,0.00,0.00,-6.7,17.6,285,34.2
2024-01-17T01:00,-2.4,0.00,0.00,0.00,-7.3,15.4,281,30.6
2024-01-17T02:00,-3.0,0.00,0.00,0.00,-7.6,13.4,276,26.6
2024-01-17T03:00,-4.0,0.00,0.00,0.00,-8.5,11.2,272,22.7
2024-01-17T04:00,-4.8,0.00,0.00,0.00,-9.5,12.1,258,20.2
2024-01-17T05:00,-4.7,0.00,0.00,0.00,-9.4,12.8,254,21.2
2024-01-17T06:00,-4.9,0.00,0.00,0.00,-9.5,12.1,243,20.9
2024-01-17T07:00,-5.1,0.00,0.00,0.00,-9.7,11.8,239,20.2
2024-01-17T08:00,-5.3,0.00,0.00,0.00,-9.9,11.6,240,19.4
2024-01-17T09:00,-4.8,0.00,0.00,0.00,-9.2,11.2,237,19.1
2024-01-17T10:00,-3.1,0.00,0.00,0.00,-7.6,12.1,233,20.2
2024-01-17T11:00,-0.9,0.00,0.00,0.00,-5.4,13.8,242,25.6
2024-01-17T12:00,0.2,0.00,0.00,0.00,-4.5,16.1,243,28.4
2024-01-17T13:00,0.6,0.00,0.00,0.00,-4.3,17.6,247,33.1
2024-01-17T14:00,0.7,0.00,0.00,0.00,-3.6,13.4,246,32.8
2024-01-17T15:00,0.7,0.00,0.00,0.00,-3.1,10.5,232,24.5
2024-01-17T16:00,0.2,0.00,0.00,0.00,-3.2,7.4,219,19.8
2024-01-17T17:00,-0.5,0.10,0.07,0.00,-3.8,7.3,189,12.6
2024-01-17T18:00,-0.6,0.00,0.00,0.00,-4.3,9.5,209,15.8
2024-01-17T19:00,-1.2,0.00,0.00,0.00,-4.8,7.8,214,15.8
2024-01-17T20:00,-1.1,0.00,0.00,0.00,-4.8,8.0,198,13.7
2024-01-17T21:00,-1.7,0.00,0.00,0.00,-5.4,7.6,185,13.7
2024-01-17T22:00,-1.8,0.00,0.00,0.00,-5.4,6.8,177,12.6
2024-01-17T23:00,-3.3,0.00,0.00,0.00,-7.1,7.3,189,11.5
2024-01-18T00:00,-5.3,0.00,0.00,0.00,-9.8,10.9,189,13.7
2024-01-18T01:00,-3.7,0.00,0.00,0.00,-7.8,9.1,189,13.0
2024-01-18T02:00,-2.5,0.00,0.00,0.00,-6.3,7.6,177,10.8
2024-01-18T03:00,-1.1,0.00,0.00,0.00,-4.5,6.2,159,9.7
2024-01-18T04:00,-1.2,0.00,0.00,0.00,-4.5,6.2,144,11.9
2024-01-18T05:00,-1.0,0.00,0.00,0.00,-4.4,7.1,135,11.5
2024-01-18T06:00,-1.5,0.00,0.00,0.00,-5.1,7.6,121,12.6
2024-01-18T07:00,-2.8,0.00,0.00,0.00,-6.7,8.4,115,14.0
2024-01-18T08:00,-3.4,0.00,0.00,0.00,-7.5,9.7,112,16.2
2024-01-18T09:00,-3.1,0.00,0.00,0.00,-7.4,11.0,113,18.7
2024-01-18T10:00,-2.7,0.00,0.00,0.00,-7.1,11.3,117,19.8
2024-01-18T11:00,-1.7,0.00,0.00,0.00,-6.0,11.1,119,19.4
2024-01-18T12:00,-0.2,0.00,0.00,0.00,-4.6,12.9,117,19.8
2024-01-18T13:00,1.1,0.00,0.00,0.00,-3.2,12.2,118,20.5
2024-01-18T14:00,2.0,0.00,0.00,0.00,-2.5,13.0,124,22.0
2024-01-18T15:00,2.3,0.00,0.00,0.00,-2.2,14.1,128,24.5
2024-01-18T16:00,1.7,0.00,0.00,0.00,-2.9,15.0,125,26.6
2024-01-18T17:00,1.4,0.00,0.00,0.00,-3.3,14.7,126,25.9
2024-01-18T18:00,1.4,0.00,0.00,0.00,-3.4,15.3,131,25.9
2024-01-18T19:00,1.8,0.00,0.00,0.00,-3.1,16.2,143,27.7
2024-01-18T20:00,1.8,0.00,0.00,0.00,-3.4,18.1,149,30.6
2024-01-18T21:00,1.6,0.00,0.00,0.00,-3.7,18.5,151,31.7
2024-01-18T22:00,1.5,0.00,0.00,0.00,-3.7,18.0,151,31.7
2024-01-18T23:00,1.3,0.00,0.00,0.00,-3.9,17.9,152,31.0
2024-01-19T00:00,1.4,0.00,0.00,0.00,-3.7,18.0,154,31.0
2024-01-19T01:00,1.9,0.00,0.00,0.00,-3.1,17.4,156,31.3
2024-01-19T02:00,1.9,0.00,0.00,0.00,-3.0,16.8,157,29.9
2024-01-19T03:00,2.1,0.10,0.00,0.10,-2.7,16.5,157,29.2
2024-01-19T04:00,2.2,0.00,0.00,0.00,-2.6,16.4,151,29.2
2024-01-19T05:00,2.1,0.10,0.00,0.10,-2.6,16.4,154,28.1
2024-01-19T06:00,2.1,0.30,0.00,0.30,-2.5,15.8,145,27.7
2024-01-19T07:00,2.1,0.40,0.00,0.40,-2.4,15.4,143,27.0
2024-01-19T08:00,2.2,1.20,0.00,1.20,-2.5,16.9,151,29.2
2024-01-19T09:00,2.4,0.90,0.00,0.90,-2.2,16.9,151,30.2
2024-01-19T10:00,3.0,0.00,0.00,0.00,-1.5,16.5,157,29.2
2024-01-19T11:00,3.5,0.00,0.00,0.00,-0.7,15.3,161,28.8
2024-01-19T12:00,4.1,0.20,0.00,0.20,0.5,12.3,165,26.3
2024-01-19T13:00,5.3,0.10,0.00,0.10,1.7,14.9,187,25.2
2024-01-19T14:00,6.3,0.30,0.00,0.30,2.6,17.8,201,31.3
2024-01-19T15:00,6.7,0.10,0.00,0.10,2.7,20.0,206,35.3
2024-01-19T16:00,7.2,0.00,0.00,0.00,3.6,17.8,187,28.1
2024-01-19T17:00,6.2,0.80,0.00,0.80,3.0,14.5,187,29.9
2024-01-19T18:00,5.9,0.10,0.00,0.10,2.6,14.8,181,25.2
2024-01-19T19:00,5.2,0.10,0.00,0.10,2.0,12.7,173,24.8
2024-01-19T20:00,5.3,0.00,0.00,0.00,2.1,12.8,170,21.6
2024-01-19T21:00,5.0,0.50,0.00,0.50,1.9,11.9,185,21.2
2024-01-19T22:00,4.7,0.70,0.00,0.70,1.7,10.3,168,20.5
2024-01-19T23:00,5.7,0.30,0.00,0.30,2.4,14.3,190,23.4
2024-01-20T00:00,6.3,0.10,0.00,0.10,2.9,16.1,196,27.7
2024-01-20T01:00,6.7,0.00,0.00,0.00,3.3,16.5,200,28.1
2024-01-20T02:00,7.0,0.00,0.00,0.00,3.7,16.9,204,29.5
2024-01-20T03:00,7.2,0.00,0.00,0.00,3.8,17.9,205,30.2
2024-01-20T04:00,7.7,0.00,0.00,0.00,4.1,19.8,217,33.8
2024-01-20T05:00,7.9,0.00,0.00,0.00,4.2,20.9,224,36.7
2024-01-20T06:00,7.5,0.00,0.00,0.00,4.1,18.4,230,36.0
2024-01-20T07:00,6.9,0.00,0.00,0.00,3.5,17.6,235,32.0
2024-01-20T08:00,6.0,0.00,0.00,0.00,2.3,18.8,244,32.8
2024-01-20T09:00,5.6,0.00,0.00,0.00,2.0,17.3,234,33.1
2024-01-20T10:00,5.8,0.00,0.00,0.00,2.3,17.1,235,29.5
2024-01-20T11:00,5.8,0.00,0.00,0.00,2.4,16.3,242,29.9
2024-01-20T12:00,5.5,0.00,0.00,0.00,1.3,20.3,245,33.8
2024-01-20T13:00,5.0,0.00,0.00,0.00,0.8,19.9,248,35.3
2024-01-20T14:00,4.2,0.00,0.00,0.00,0.4,16.4,251,34.6
2024-01-20T15:00,4.0,0.00,0.00,0.00,0.5,14.1,257,28.4
2024-01-20T16:00,4.1,0.10,0.00,0.10,1.0,11.1,257,21.2
2024-01-20T17:00,3.3,0.20,0.00,0.20,-0.0,11.4,305,19.8
2024-01-20T18:00,1.8,0.90,0.00,0.90,-2.2,14.3,317,24.1
2024-01-20T19:00,1.0,1.00,0.49,0.30,-3.4,16.0,324,24.8
2024-01-20T20:00,0.3,1.40,0.91,0.10,-4.9,20.9,341,36.7
2024-01-20T21:00,-0.5,1.30,0.91,0.00,-5.8,20.3,343,36.7
2024-01-20T22:00,-0.9,1.00,0.70,0.00,-6.2,20.0,346,37.4
2024-01-20T23:00,-1.0,0.80,0.56,0.00,-6.4,19.9,347,36.0
2024-01-21T00:00,-1.4,0.70,0.49,0.00,-6.7,19.1,349,36.0
2024-01-21T01:00,-1.5,0.50,0.35,0.00,-6.5,16.8,350,34.2
2024-01-21T02:00,-1.6,0.20,0.14,0.00,-6.3,15.0,350,30.6
2024-01-21T03:00,-1.8,0.00,0.00,0.00,-6.4,13.3,347,26.6
2024-01-21T04:00,-2.3,0.00,0.00,0.00,-6.9,12.6,333,23.4
2024-01-21T05:00,-2.8,0.00,0.00,0.00,-7.4,12.6,329,23.0
2024-01-21T06:00,-3.2,0.00,0.00,0.00,-8.0,13.8,332,24.1
2024-01-21T07:00,-3.9,0.00,0.00,0.00,-8.7,13.1,339,24.1
2024-01-21T08:00,-4.6,0.00,0.00,0.00,-9.4,12.7,345,23.0
2024-01-21T09:00,-4.6,0.00,0.00,0.00,-9.4,12.7,353,22.3
2024-01-21T10:00,-3.8,0.00,0.00,0.00,-8.5,11.5,4,25.2
2024-01-21T11:00,-3.2,0.00,0.00,0.00,-7.7,10.5,8,23.4
2024-01-21T12:00,-2.4,0.00,0.00,0.00,-6.7,9.4,18,23.8
2024-01-21T13:00,-1.7,0.00,0.00,0.00,-5.8,7.6,25,22.3
2024-01-21T14:00,-1.3,0.00,0.00,0.00,-5.3,7.1,41,19.4
2024-01-21T15:00,-1.4,0.00,0.00,0.00,-5.4,7.5,55,18.4
2024-01-21T16:00,-2.5,0.00,0.00,0.00,-6.6,7.8,68,16.9
2024-01-21T17:00,-3.5,0.00,0.00,0.00,-7.5,6.9,81,15.5
2024-01-21T18:00,-4.0,0.00,0.00,0.00,-8.1,8.0,85,13.0
2024-01-21T19:00,-4.3,0.00,0.00,0.00,-8.6,8.9,76,14.4
2024-01-21T20:00,-4.5,0.00,0.00,0.00,-8.9,9.7,68,16.9
2024-01-21T21:00,-4.7,0.00,0.00,0.00,-9.0,9.0,67,16.9
2024-01-21T22:00,-4.9,0.00,0.00,0.00,-9.4,10.5,63,18.4
2024-01-21T23:00,-4.9,0.00,0.00,0.00,-9.7,12.5,57,23.4
2024-01-22T00:00,-5.1,0.00,0.00,0.00,-10.0,13.0,56,24.5
2024-01-22T01:00,-5.2,0.00,0.00,0.00,-10.3,14.2,63,26.3
2024-01-22T02:00,-5.2,0.00,0.00,0.00,-10.4,14.1,71,26.6
2024-01-22T03:00,-5.3,0.00,0.00,0.00,-10.3,13.4,66,26.3
2024-01-22T04:00,-6.0,0.00,0.00,0.00,-11.1,13.7,63,25.9
2024-01-22T05:00,-5.8,0.00,0.00,0.00,-11.0,14.7,65,27.0
2024-01-22T06:00,-5.6,0.00,0.00,0.00,-10.9,15.2,68,28.8
2024-01-22T07:00,-5.6,0.00,0.00,0.00,-11.0,16.0,67,29.9
2024-01-22T08:00,-5.6,0.00,0.00,0.00,-11.0,15.8,63,29.9
2024-01-22T09:00,-5.7,0.00,0.00,0.00,-11.2,15.9,72,30.2
2024-01-22T10:00,-5.5,0.00,0.00,0.00,-11.0,15.6,75,30.6
2024-01-22T11:00,-5.2,0.00,0.00,0.00,-10.5,14.3,72,30.2
2024-01-22T12:00,-4.7,0.00,0.00,0.00,-10.0,14.8,67,30.2
2024-01-22T13:00,-4.2,0.00,0.00,0.00,-9.6,15.0,63,30.6
2024-01-22T14:00,-3.8,0.00,0.00,0.00,-9.1,14.8,61,30.6
2024-01-22T15:00,-3.6,0.00,0.00,0.00,-8.9,14.7,65,30.2
2024-01-22T16:00,-6.2,0.00,0.00,0.00,-11.6,15.2,76,29.5
2024-01-22T17:00,-6.6,0.00,0.00,0.00,-11.9,14.6,80,28.8
2024-01-22T18:00,-6.8,0.00,0.00,0.00,-12.1,14.2,83,28.1
2024-01-22T19:00,-7.1,0.00,0.00,0.00,-12.3,13.4,82,27.4
2024-01-22T20:00,-7.4,0.00,0.00,0.00,-12.6,13.4,85,25.2
2024-01-22T21:00,-7.6,0.00,0.00,0.00,-12.7,12.6,90,24.8
2024-01-22T22:00,-7.7,0.00,0.00,0.00,-12.7,12.0,97,23.4
2024-01-22T23:00,-8.6,0.00,0.00,0.00,-13.1,8.8,78,22.0
2024-01-23T00:00,-9.4,0.00,0.00,0.00,-14.3,10.7,78,17.6
2024-01-23T01:00,-9.9,0.00,0.00,0.00,-14.8,10.3,78,17.6
2024-01-23T02:00,-10.2,0.00,0.00,0.00,-15.1,10.4,76,17.3
2024-01-23T03:00,-10.4,0.00,0.00,0.00,-15.4,10.9,81,18.4
2024-01-23T04:00,-10.3,0.00,0.00,0.00,-15.4,12.0,81,20.2
2024-01-23T05:00,-10.5,0.00,0.00,0.00,-15.8,12.7,83,21.6
2024-01-23T06:00,-10.8,0.00,0.00,0.00,-16.1,13.0,87,22.0
2024-01-23T07:00,-11.1,0.00,0.00,0.00,-16.4,12.6,87,22.0
2024-01-23T08:00,-11.3,0.00,0.00,0.00,-16.6,12.7,83,21.6
2024-01-23T09:00,-10.4,0.00,0.00,0.00,-16.1,15.2,86,24.8
2024-01-23T10:00,-8.8,0.00,0.00,0.00,-14.3,14.0,90,27.7
2024-01-23T11:00,-7.1,0.00,0.00,0.00,-12.6,14.0,90,29.2
2024-01-23T12:00,-5.4,0.00,0.00,0.00,-10.8,13.0,87,28.8
2024-01-23T13:00,-4.1,0.00,0.00,0.00,-9.5,13.4,85,28.8
2024-01-23T14:00,-3.3,0.00,0.00,0.00,-8.8,14.1,87,29.2
2024-01-23T15:00,-3.1,0.00,0.00,0.00,-8.7,14.4,87,29.2
2024-01-23T16:00,-4.8,0.00,0.00,0.00,-10.2,14.3,80,29.2
2024-01-23T17:00,-6.3,0.00,0.00,0.00,-11.8,14.5,83,25.9
2024-01-23T18:00,-7.0,0.00,0.00,0.00,-12.7,15.8,89,27.4
2024-01-23T19:00,-7.4,0.00,0.00,0.00,-13.1,16.3,95,28.4
2024-01-23T20:00,-7.8,0.00,0.00,0.00,-13.6,16.0,98,28.4
2024-01-23T21:00,-8.3,0.00,0.00,0.00,-13.8,14.2,97,27.4
2024-01-23T22:00,-8.7,0.00,0.00,0.00,-14.0,12.6,95,24.1
2024-01-23T23:00,-9.1,0.00,0.00,0.00,-14.4,13.0,93,21.6
2024-01-24T00:00,-9.3,0.00,0.00,0.00,-14.7,13.4,96,23.0
2024-01-24T01:00,-9.5,0.00,0.00,0.00,-15.0,13.8,96,23.8
2024-01-24T02:00,-9.8,0.00,0.00,0.00,-15.3,14.1,93,24.1
2024-01-24T03:00,-10.1,0.00,0.00,0.00,-15.7,14.8,93,25.6
2024-01-24T04:00,-10.4,0.00,0.00,0.00,-16.0,15.1,90,27.0
2024-01-24T05:00,-10.6,0.00,0.00,0.00,-16.3,15.1,90,26.3
2024-01-24T06:00,-10.9,0.00,0.00,0.00,-16.6,14.8,90,26.3
2024-01-24T07:00,-11.2,0.00,0.00,0.00,-16.7,14.0,89,25.6
2024-01-24T08:00,-11.3,0.00,0.00,0.00,-17.0,14.4,94,25.2
2024-01-24T09:00,-10.4,0.00,0.00,0.00,-16.1,14.4,90,25.2
2024-01-24T10:00,-8.7,0.00,0.00,0.00,-13.8,10.9,82,23.8
2024-01-24T11:00,-6.9,0.00,0.00,0.00,-12.3,12.3,95,25.9
2024-01-24T12:00,-5.3,0.00,0.00,0.00,-10.6,12.5,102,27.7
2024-01-24T13:00,-4.0,0.00,0.00,0.00,-9.2,11.3,97,27.7
2024-01-24T14:00,-3.3,0.00,0.00,0.00,-8.4,11.2,96,25.2
2024-01-24T15:00,-3.1,0.00,0.00,0.00,-8.1,10.5,94,24.5
2024-01-24T16:00,-4.2,0.00,0.00,0.00,-9.2,10.8,90,24.1
2024-01-24T17:00,-5.7,0.00,0.00,0.00,-10.7,11.2,88,19.4
2024-01-24T18:00,-6.4,0.00,0.00,0.00,-11.5,11.9,90,19.8
2024-01-24T19:00,-6.9,0.00,0.00,0.00,-12.1,12.9,103,21.6
2024-01-24T20:00,-7.1,0.00,0.00,0.00,-12.0,10.8,105,22.0
2024-01-24T21:00,-7.2,0.00,0.00,0.00,-12.1,10.5,117,18.0
2024-01-24T22:00,-7.3,0.00,0.00,0.00,-12.1,9.7,129,17.3
2024-01-24T23:00,-7.8,0.00,0.00,0.00,-12.6,9.9,134,16.6
2024-01-25T00:00,-8.3,0.00,0.00,0.00,-12.7,6.9,141,16.2
2024-01-25T01:00,-8.6,0.00,0.00,0.00,-12.8,5.4,143,11.2
2024-01-25T02:00,-8.7,0.00,0.00,0.00,-13.0,6.5,146,10.4
2024-01-25T03:00,-8.6,0.00,0.00,0.00,-12.8,6.0,155,11.2
2024-01-25T04:00,-9.2,0.00,0.00,0.00,-13.5,6.5,183,11.2
2024-01-25T05:00,-9.4,0.00,0.00,0.00,-13.6,5.8,176,10.8
2024-01-25T06:00,-7.8,0.00,0.00,0.00,-12.2,7.6,183,14.0
2024-01-25T07:00,-5.8,0.00,0.00,0.00,-9.9,7.4,203,14.8
2024-01-25T08:00,-4.9,0.00,0.00,0.00,-9.2,8.7,185,14.4
2024-01-25T09:00,-3.5,0.00,0.00,0.00,-7.8,10.2,188,18.7
2024-01-25T10:00,-2.0,0.00,0.00,0.00,-5.9,9.1,187,18.7
2024-01-25T11:00,-1.0,0.00,0.00,0.00,-5.2,11.6,173,22.0
2024-01-25T12:00,0.2,0.00,0.00,0.00,-4.0,11.5,178,24.1
2024-01-25T13:00,1.3,0.10,0.07,0.00,-2.5,9.6,160,22.7
2024-01-25T14:00,1.9,0.20,0.14,0.00,-2.4,13.7,182,25.6
2024-01-25T15:00,1.4,0.30,0.14,0.10,-2.5,12.3,173,26.6
2024-01-25T16:00,1.3,0.00,0.00,0.00,-2.7,11.6,164,19.8
2024-01-25T17:00,1.0,0.20,0.07,0.10,-3.2,14.2,173,24.1
2024-01-25T18:00,0.8,0.40,0.14,0.20,-3.6,15.9,176,27.7
2024-01-25T19:00,0.7,0.30,0.14,0.10,-3.9,17.0,174,29.5
2024-01-25T20:00,0.5,0.30,0.14,0.10,-4.5,19.4,179,34.2
2024-01-25T21:00,0.4,0.30,0.14,0.10,-4.6,19.8,182,34.9
2024-01-25T22:00,0.4,0.30,0.14,0.10,-4.8,20.9,182,36.7
2024-01-25T23:00,0.4,0.20,0.14,0.00,-4.9,20.9,180,37.1
2024-01-26T00:00,0.4,0.30,0.21,0.00,-4.7,19.8,179,36.7
2024-01-26T01:00,0.3,0.40,0.28,0.00,-4.5,18.0,181,34.6
2024-01-26T02:00,0.3,0.20,0.14,0.00,-4.3,16.2,179,31.3
2024-01-26T03:00,0.5,0.00,0.00,0.00,-4.0,15.5,181,27.7
2024-01-26T04:00,0.5,0.30,0.07,0.20,-3.2,11.0,191,19.4
2024-01-26T05:00,0.6,0.10,0.00,0.10,-3.1,11.0,191,19.8
2024-01-26T06:00,0.5,0.00,0.00,0.00,-3.2,10.9,189,19.1
2024-01-26T07:00,0.5,0.00,0.00,0.00,-3.2,11.1,193,19.1
2024-01-26T08:00,0.5,0.30,0.07,0.20,-3.4,12.4,197,21.2
2024-01-26T09:00,0.6,0.30,0.07,0.20,-3.3,12.6,204,22.0
2024-01-26T10:00,0.8,0.10,0.00,0.10,-3.0,12.1,203,22.0
2024-01-26T11:00,1.3,0.10,0.00,0.10,-2.2,11.0,191,20.9
2024-01-26T12:00,1.3,0.30,0.00,0.30,-2.2,10.7,192,19.1
2024-01-26T13:00,2.1,0.00,0.00,0.00,-1.4,11.2,201,19.4
2024-01-26T14:00,2.9,0.00,0.00,0.00,-0.5,11.3,207,21.6
2024-01-26T15:00,3.0,0.00,0.00,0.00,-0.2,10.0,195,20.5
2024-01-26T16:00,2.8,0.00,0.00,0.00,-0.4,9.4,187,17.3
2024-01-26T17:00,2.3,0.00,0.00,0.00,-0.7,7.8,167,14.8
2024-01-26T18:00,1.2,0.20,0.00,0.20,-1.7,6.5,161,12.6
2024-01-26T19:00,0.8,0.20,0.00,0.20,-2.4,7.3,171,10.8
2024-01-26T20:00,0.5,0.40,0.00,0.40,-2.7,7.4,166,9.7
2024-01-26T21:00,0.6,0.40,0.00,0.40,-2.4,6.0,147,9.0
2024-01-26T22:00,0.6,0.50,0.00,0.50,-2.3,5.2,164,8.6
2024-01-26T23:00,0.7,0.20,0.00,0.20,-2.2,5.8,176,9.4
2024-01-27T00:00,0.7,0.10,0.00,0.10,-2.2,6.2,173,10.4
2024-01-27T01:00,0.8,0.00,0.00,0.00,-2.4,7.9,183,13.3
2024-01-27T02:00,0.8,0.00,0.00,0.00,-2.4,8.0,185,13.7
2024-01-27T03:00,0.8,0.00,0.00,0.00,-2.4,7.6,188,14.0
2024-01-27T04:00,-0.3,0.00,0.00,0.00,-3.1,4.4,145,7.2
2024-01-27T05:00,0.0,0.00,0.00,0.00,-2.8,4.8,138,8.6
2024-01-27T06:00,0.2,0.00,0.00,0.00,-2.5,3.9,146,8.3
2024-01-27T07:00,0.3,0.10,0.00,0.10,-2.5,4.1,165,6.1
2024-01-27T08:00,0.2,0.60,0.35,0.10,-2.7,5.6,135,9.0
2024-01-27T09:00,0.3,0.40,0.28,0.00,-3.0,8.5,144,14.0
2024-01-27T10:00,0.6,0.20,0.07,0.10,-3.0,10.2,148,17.6
2024-01-27T11:00,0.9,0.20,0.14,0.00,-2.2,6.6,119,18.4
2024-01-27T12:00,0.8,0.10,0.07,0.00,-2.5,7.3,81,14.4
2024-01-27T13:00,1.3,0.00,0.00,0.00,-2.0,7.6,87,16.9
2024-01-27T14:00,1.5,0.00,0.00,0.00,-1.8,7.3,99,17.6
2024-01-27T15:00,1.0,0.00,0.00,0.00,-2.3,6.7,106,17.3
2024-01-27T16:00,1.5,0.00,0.00,0.00,-2.2,10.1,73,18.4
2024-01-27T17:00,0.5,0.00,0.00,0.00,-3.3,10.0,75,19.4
2024-01-27T18:00,0.1,0.00,0.00,0.00,-3.4,8.2,67,17.3
2024-01-27T19:00,0.1,0.00,0.00,0.00,-3.5,9.1,81,15.5
2024-01-27T20:00,-0.2,0.00,0.00,0.00,-3.8,9.0,90,16.2
2024-01-27T21:00,-0.5,0.00,0.00,0.00,-3.9,8.3,90,15.5
2024-01-27T22:00,-0.5,0.00,0.00,0.00,-3.9,7.9,93,14.4
2024-01-27T23:00,-0.5,0.00,0.00,0.00,-3.7,7.2,93,13.7
2024-01-28T00:00,-0.5,0.00,0.00,0.00,-3.7,6.8,87,12.2
2024-01-28T01:00,-0.5,0.00,0.00,0.00,-3.6,6.2,80,11.5
2024-01-28T02:00,-0.4,0.00,0.00,0.00,-3.5,6.2,80,10.8
2024-01-28T03:00,-0.3,0.00,0.00,0.00,-3.4,6.3,77,10.8
2024-01-28T04:00,-0.8,0.00,0.00,0.00,-4.1,6.9,62,14.4
2024-01-28T05:00,-0.7,0.00,0.00,0.00,-4.1,7.5,55,13.0
2024-01-28T06:00,-0.6,0.00,0.00,0.00,-4.0,8.3,56,14.4
2024-01-28T07:00,-0.5,0.00,0.00,0.00,-4.0,8.5,62,14.8
2024-01-28T08:00,-0.6,0.00,0.00,0.00,-4.1,9.0,67,15.5
2024-01-28T09:00,-0.4,0.00,0.00,0.00,-4.0,9.2,69,17.3
2024-01-28T10:00,-0.1,0.00,0.00,0.00,-4.1,11.9,76,22.0
2024-01-28T11:00,0.3,0.00,0.00,0.00,-3.9,12.8,79,24.8
2024-01-28T12:00,0.6,0.10,0.07,0.00,-3.5,12.3,75,24.8
2024-01-28T13:00,0.7,0.20,0.14,0.00,-3.5,12.2,71,24.1
2024-01-28T14:00,0.5,0.40,0.28,0.00,-3.5,11.6,64,23.8
2024-01-28T15:00,0.6,0.40,0.28,0.00,-3.4,11.3,59,22.7
2024-01-28T16:00,0.2,0.00,0.00,0.00,-4.1,11.8,59,23.4
2024-01-28T17:00,-0.5,0.00,0.00,0.00,-4.6,10.4,56,23.0
2024-01-28T18:00,-1.0,0.00,0.00,0.00,-5.0,10.4,56,18.4
2024-01-28T19:00,-1.2,0.10,0.07,0.00,-5.2,10.3,61,18.4
2024-01-28T20:00,-1.4,0.20,0.14,0.00,-5.5,11.3,63,19.8
2024-01-28T21:00,-1.8,0.10,0.07,0.00,-6.3,13.2,68,24.1
2024-01-28T22:00,-2.3,0.00,0.00,0.00,-7.0,13.7,67,25.9
2024-01-28T23:00,-2.8,0.00,0.07,0.00,-7.6,13.8,62,25.6
2024-01-29T00:00,-3.3,0.10,0.07,0.00,-8.2,14.6,57,27.0
2024-01-29T01:00,-3.7,0.10,0.07,0.00,-8.8,14.8,56,27.4
2024-01-29T02:00,-4.0,0.10,0.00,0.10,-9.1,14.8,56,28.1
2024-01-29T03:00,-4.2,0.00,0.00,0.00,-9.3,15.0,55,27.7
2024-01-29T04:00,-5.4,0.00,0.00,0.00,-10.5,14.0,42,24.8
2024-01-29T05:00,-5.4,0.00,0.00,0.00,-10.7,15.8,43,28.8
2024-01-29T06:00,-5.6,0.00,0.00,0.00,-10.8,14.8,39,28.8
2024-01-29T07:00,-5.6,0.00,0.00,0.00,-10.9,14.8,39,27.4
2024-01-29T08:00,-5.7,0.00,0.00,0.00,-11.0,15.1,38,28.1
2024-01-29T09:00,-5.3,0.00,0.00,0.00,-10.3,13.0,39,27.4
2024-01-29T10:00,-4.5,0.00,0.00,0.00,-9.8,15.3,41,29.2
2024-01-29T11:00,-3.2,0.00,0.00,0.00,-8.8,16.8,43,33.5
2024-01-29T12:00,-2.4,0.00,0.00,0.00,-8.2,18.1,44,35.6
2024-01-29T13:00,-1.7,0.00,0.00,0.00,-7.6,18.3,43,36.4
2024-01-29T14:00,-1.2,0.00,0.00,0.00,-7.2,18.3,43,36.4
2024-01-29T15:00,-1.5,0.00,0.00,0.00,-7.2,17.4,38,35.6
2024-01-29T16:00,-2.1,0.00,0.00,0.00,-7.4,15.3,41,32.4
2024-01-29T17:00,-3.0,0.00,0.00,0.00,-8.0,13.3,41,28.1
2024-01-29T18:00,-4.0,0.00,0.00,0.00,-8.9,13.4,36,23.4
2024-01-29T19:00,-4.9,0.00,0.00,0.00,-9.7,13.0,34,23.0
2024-01-29T20:00,-4.9,0.00,0.00,0.00,-9.9,14.5,35,25.6
2024-01-29T21:00,-4.3,0.00,0.00,0.00,-9.0,13.5,42,25.9
2024-01-29T22:00,-3.8,0.00,0.00,0.00,-8.6,14.6,40,27.4
2024-01-29T23:00,-3.1,0.00,0.00,0.00,-7.7,13.2,43,30.2
2024-01-30T00:00,-2.8,0.00,0.00,0.00,-7.0,10.4,46,23.4
2024-01-30T01:00,-2.4,0.00,0.00,0.00,-6.2,8.4,40,18.4
2024-01-30T02:00,-2.2,0.00,0.00,0.00,-6.1,8.9,27,15.1
2024-01-30T03:00,-2.2,0.00,0.00,0.00,-6.3,10.2,18,18.0
2024-01-30T04:00,-3.9,0.00,0.00,0.00,-7.4,4.4,35,10.1
2024-01-30T05:00,-3.9,0.00,0.00,0.00,-7.0,2.1,31,7.2
2024-01-30T06:00,-4.0,0.00,0.00,0.00,-7.2,3.4,342,4.7
2024-01-30T07:00,-3.7,0.00,0.00,0.00,-6.9,2.9,330,5.4
2024-01-30T08:00,-3.3,0.00,0.00,0.00,-6.3,1.9,292,5.4
2024-01-30T09:00,-2.8,0.00,0.00,0.00,-5.8,2.2,279,7.2
2024-01-30T10:00,-2.2,0.00,0.00,0.00,-5.7,5.6,320,13.3
2024-01-30T11:00,-1.6,0.00,0.00,0.00,-5.4,7.1,315,16.9
2024-01-30T12:00,-1.4,0.00,0.00,0.00,-5.2,7.2,297,17.3
2024-01-30T13:00,-0.8,0.00,0.00,0.00,-4.9,9.2,281,20.9
2024-01-30T14:00,-0.4,0.00,0.00,0.00,-4.7,10.8,274,23.0
2024-01-30T15:00,-0.3,0.00,0.00,0.00,-4.7,11.9,284,24.5
2024-01-30T16:00,-1.5,0.00,0.00,0.00,-6.2,13.0,264,25.2
2024-01-30T17:00,-2.6,0.00,0.00,0.00,-7.0,11.1,234,24.8
2024-01-30T18:00,-4.3,0.00,0.00,0.00,-8.8,11.2,237,19.8
2024-01-30T19:00,-4.6,0.00,0.00,0.00,-9.1,12.1,243,20.2
2024-01-30T20:00,-4.3,0.00,0.00,0.00,-8.9,12.2,251,20.9
2024-01-30T21:00,-3.9,0.00,0.00,0.00,-8.5,12.4,253,21.6
2024-01-30T22:00,-3.7,0.00,0.00,0.00,-8.0,10.8,270,21.6
2024-01-30T23:00,-3.7,0.00,0.00,0.00,-8.0,10.7,282,18.4
2024-01-31T00:00,-3.4,0.00,0.00,0.00,-7.6,9.8,294,18.4
2024-01-31T01:00,-2.3,0.00,0.00,0.00,-6.4,9.8,306,18.0
2024-01-31T02:00,-2.1,0.00,0.00,0.00,-5.9,8.4,301,16.6
2024-01-31T03:00,-2.2,0.00,0.00,0.00,-5.9,7.4,293,14.0
2024-01-31T04:00,-1.7,0.00,0.00,0.00,-5.4,8.3,270,14.0
2024-01-31T05:00,-1.5,0.00,0.00,0.00,-5.2,8.3,272,14.0
2024-01-31T06:00,-1.6,0.00,0.00,0.00,-5.2,7.6,278,14.0
2024-01-31T07:00,-1.7,0.00,0.00,0.00,-5.2,6.9,276,13.0
2024-01-31T08:00,-1.8,0.00,0.00,0.00,-5.3,6.8,270,11.5
2024-01-31T09:00,-1.0,0.00,0.00,0.00,-4.7,8.3,275,13.7
2024-01-31T10:00,0.0,0.00,0.00,0.00,-3.5,7.3,279,15.1
2024-01-31T11:00,1.6,0.00,0.00,0.00,-1.8,6.6,283,16.2
2024-01-31T12:00,2.6,0.00,0.00,0.00,-1.0,8.3,304,19.4
2024-01-31T13:00,2.9,0.00,0.00,0.00,-0.6,8.0,288,19.4
2024-01-31T14:00,3.5,0.00,0.00,0.00,-0.1,8.1,283,19.1
2024-01-31T15:00,3.4,0.00,0.00,0.00,-0.1,7.2,267,18.0
2024-01-31T16:00,2.8,0.00,0.00,0.00,-0.5,6.1,267,15.8
2024-01-31T17:00,-0.2,0.00,0.00,0.00,-3.6,7.3,237,10.8
2024-01-31T18:00,-2.1,0.00,0.00,0.00,-5.9,8.6,248,14.8
2024-01-31T19:00,-2.7,0.00,0.00,0.00,-6.2,6.6,257,13.7
2024-01-31T20:00,-2.9,0.00,0.00,0.00,-6.6,7.5,253,11.5
2024-01-31T21:00,-3.4,0.00,0.00,0.00,-7.1,7.2,252,11.9
2024-01-31T22:00,-3.3,0.00,0.00,0.00,-6.9,7.2,243,11.5
2024-01-31T23:00,-3.3,0.00,0.00,0.00,-7.1,7.9,240,13.0
2024-02-01T00:00,-3.2,0.00,0.00,0.00,-7.0,8.0,243,13.7
2024-02-01T01:00,-3.5,0.00,0.00,0.00,-7.4,8.8,235,14.8
2024-02-01T02:00,-3.6,0.00,0.00,0.00,-7.5,8.1,238,14.8
2024-02-01T03:00,-3.5,0.00,0.00,0.00,-7.5,9.4,238,15.5
2024-02-01T04:00,-2.7,0.00,0.00,0.00,-6.6,9.3,242,15.5
2024-02-01T05:00,-2.3,0.00,0.00,0.00,-6.3,10.6,246,18.4
2024-02-01T06:00,-2.2,0.00,0.00,0.00,-6.2,10.6,246,18.7
2024-02-01T07:00,-2.3,0.00,0.00,0.00,-6.4,11.3,248,19.1
2024-02-01T08:00,-2.4,0.00,0.00,0.00,-6.7,12.4,248,21.6
2024-02-01T09:00,-1.2,0.00,0.00,0.00,-5.8,14.7,245,25.2
2024-02-01T10:00,0.6,0.00,0.00,0.00,-3.8,14.7,242,27.4
2024-02-01T11:00,2.0,0.00,0.00,0.00,-2.6,16.1,243,32.0
2024-02-01T12:00,3.0,0.00,0.00,0.00,-2.0,18.5,243,36.0
2024-02-01T13:00,3.3,0.00,0.00,0.00,-2.0,20.0,244,38.5
2024-02-01T14:00,3.0,0.00,0.00,0.00,-2.5,20.9,246,40.0
2024-02-01T15:00,2.6,0.00,0.00,0.00,-2.9,21.0,248,40.3
2024-02-01T16:00,1.8,0.00,0.00,0.00,-3.4,19.6,244,40.0
2024-02-01T17:00,0.8,0.00,0.00,0.00,-4.3,19.3,246,38.2
2024-02-01T18:00,0.3,0.00,0.00,0.00,-4.6,18.2,245,33.8
2024-02-01T19:00,0.3,0.00,0.00,0.00,-4.5,17.9,245,32.4
2024-02-01T20:00,0.3,0.00,0.00,0.00,-4.5,18.0,244,31.3
2024-02-01T21:00,0.3,0.00,0.00,0.00,-4.6,18.4,247,32.0
2024-02-01T22:00,1.0,0.00,0.00,0.00,-3.9,19.1,250,34.2
2024-02-01T23:00,1.4,0.00,0.00,0.00,-3.4,18.8,250,33.8
2024-02-02T00:00,1.4,0.00,0.00,0.00,-3.4,18.5,246,33.1
2024-02-02T01:00,1.5,0.00,0.00,0.00,-3.2,18.4,244,32.8
2024-02-02T02:00,1.3,0.00,0.00,0.00,-3.5,18.7,240,33.1
2024-02-02T03:00,0.5,0.00,0.00,0.00,-4.4,19.1,238,33.8
2024-02-02T04:00,-0.6,0.00,0.00,0.00,-5.7,19.2,236,33.5
2024-02-02T05:00,-0.4,0.00,0.00,0.00,-5.5,19.8,241,34.9
2024-02-02T06:00,0.6,0.00,0.00,0.00,-4.4,20.3,243,36.7
2024-02-02T07:00,1.0,0.00,0.00,0.00,-4.1,21.3,248,38.5
2024-02-02T08:00,0.8,0.00,0.00,0.00,-4.4,21.1,256,38.9
2024-02-02T09:00,0.7,0.00,0.00,0.00,-4.7,22.5,258,40.3
2024-02-02T10:00,1.2,0.00,0.00,0.00,-4.0,20.7,247,41.0
2024-02-02T11:00,1.7,0.00,0.00,0.00,-3.4,20.7,250,37.1
2024-02-02T12:00,1.8,0.00,0.00,0.00,-3.2,20.7,250,39.6
2024-02-02T13:00,2.4,0.00,0.00,0.00,-2.7,21.1,256,41.0
2024-02-02T14:00,2.6,0.00,0.00,0.00,-2.3,19.3,249,39.2
2024-02-02T15:00,1.8,0.00,0.00,0.00,-2.9,17.7,241,36.0
2024-02-02T16:00,2.4,0.00,0.00,0.00,-2.1,16.0,247,36.0
2024-02-02T17:00,1.8,0.00,0.00,0.00,-2.7,16.0,262,29.5
2024-02-02T18:00,1.4,0.00,0.00,0.00,-2.8,14.2,261,28.4
2024-02-02T19:00,0.9,0.00,0.00,0.00,-3.1,12.2,251,24.8
2024-02-02T20:00,-0.6,0.00,0.00,0.00,-4.8,12.9,252,21.6
2024-02-02T21:00,-0.6,0.00,0.00,0.00,-5.1,14.6,260,24.8
2024-02-02T22:00,-0.9,0.00,0.00,0.00,-5.4,14.0,269,25.2
2024-02-02T23:00,-1.5,0.00,0.00,0.00,-6.0,13.4,275,24.1
2024-02-03T00:00,-2.0,0.00,0.00,0.00,-6.4,12.4,278,22.7
2024-02-03T01:00,-2.3,0.00,0.00,0.00,-6.6,11.5,274,21.2
2024-02-03T02:00,-2.7,0.00,0.00,0.00,-7.0,11.9,270,20.5
2024-02-03T03:00,-2.9,0.00,0.00,0.00,-7.2,11.9,267,20.5
2024-02-03T04:00,-3.2,0.00,0.00,0.00,-7.5,10.8,268,18.7
2024-02-03T05:00,-3.4,0.00,0.00,0.00,-7.8,11.7,261,19.8
2024-02-03T06:00,-3.4,0.00,0.00,0.00,-8.0,13.1,262,22.0
2024-02-03T07:00,-3.3,0.00,0.00,0.00,-8.0,13.6,258,23.4
2024-02-03T08:00,-3.2,0.00,0.00,0.00,-7.9,13.7,252,23.8
2024-02-03T09:00,-1.7,0.00,0.00,0.00,-6.4,15.0,249,27.4
2024-02-03T10:00,0.5,0.00,0.00,0.00,-4.5,17.4,246,31.7
2024-02-03T11:00,1.8,0.00,0.00,0.00,-4.2,23.9,252,45.7
2024-02-03T12:00,2.4,0.00,0.00,0.00,-3.7,24.9,248,46.8
2024-02-03T13:00,2.6,0.00,0.00,0.00,-3.6,25.4,245,48.6
2024-02-03T14:00,2.3,0.00,0.00,0.00,-4.0,26.1,242,49.3
2024-02-03T15:00,2.2,0.00,0.00,0.00,-3.9,25.1,241,49.3
2024-02-03T16:00,1.3,0.00,0.00,0.00,-4.9,25.0,243,49.3
2024-02-03T17:00,0.8,0.00,0.00,0.00,-5.5,25.9,245,48.2
2024-02-03T18:00,0.6,0.10,0.07,0.00,-5.4,24.0,240,47.2
2024-02-03T19:00,0.8,0.20,0.14,0.00,-5.3,25.2,236,45.0
2024-02-03T20:00,0.8,0.20,0.14,0.00,-5.3,25.6,232,46.4
2024-02-03T21:00,0.9,0.30,0.21,0.00,-5.2,26.3,230,48.2
2024-02-03T22:00,1.0,0.20,0.14,0.00,-5.3,27.5,226,49.7
2024-02-03T23:00,1.1,0.30,0.14,0.10,-5.2,28.0,226,50.8
2024-02-04T00:00,1.2,0.60,0.35,0.10,-5.3,30.1,229,54.0
2024-02-04T01:00,1.2,0.60,0.28,0.20,-5.4,30.9,229,55.4
2024-02-04T02:00,1.4,0.40,0.07,0.30,-5.1,30.4,234,55.8
2024-02-04T03:00,1.5,0.30,0.00,0.30,-4.6,28.8,238,54.7
2024-02-04T04:00,0.9,1.00,0.56,0.20,-5.1,27.2,244,51.1
2024-02-04T05:00,1.2,0.70,0.14,0.50,-4.9,27.9,243,49.7
2024-02-04T06:00,1.5,0.20,0.00,0.20,-4.4,27.1,240,49.7
2024-02-04T07:00,1.7,0.90,0.35,0.40,-3.9,25.2,239,48.6
2024-02-04T08:00,1.8,0.80,0.21,0.50,-3.7,24.7,239,45.0
2024-02-04T09:00,2.0,0.60,0.21,0.30,-3.3,23.2,240,44.3
2024-02-04T10:00,2.4,0.00,0.00,0.00,-2.8,23.7,240,42.8
2024-02-04T11:00,2.8,0.00,0.00,0.00,-2.6,25.4,243,44.6
2024-02-04T12:00,3.3,0.00,0.00,0.00,-1.9,24.0,242,45.7
2024-02-04T13:00,3.4,0.40,0.00,0.40,-1.8,24.1,243,42.8
2024-02-04T14:00,3.6,0.00,0.00,0.00,-1.5,23.7,244,44.3
2024-02-04T15:00,3.6,0.00,0.00,0.00,-1.0,20.6,241,42.8
2024-02-04T16:00,4.1,0.00,0.00,0.00,-1.0,23.2,242,44.6
2024-02-04T17:00,3.4,0.00,0.00,0.00,-1.8,23.7,246,42.5
2024-02-04T18:00,2.9,0.40,0.00,0.40,-1.8,19.9,250,42.5
2024-02-04T19:00,2.4,0.40,0.00,0.40,-2.1,18.6,252,34.9
2024-02-04T20:00,2.2,0.00,0.00,0.00,-2.2,17.1,252,32.4
2024-02-04T21:00,1.4,0.00,0.00,0.00,-2.9,15.9,245,29.5
2024-02-04T22:00,1.7,0.10,0.00,0.10,-2.4,15.0,249,27.7
2024-02-04T23:00,1.8,0.20,0.00,0.20,-2.5,16.4,241,28.4
2024-02-05T00:00,1.8,0.80,0.00,0.80,-2.3,15.3,246,28.4
2024-02-05T01:00,1.7,0.30,0.00,0.30,-2.3,14.7,253,26.6
2024-02-05T02:00,1.6,0.50,0.28,0.10,-2.5,14.8,247,25.2
2024-02-05T03:00,1.3,0.20,0.00,0.20,-2.6,13.6,253,25.9
2024-02-05T04:00,1.2,0.00,0.00,0.00,-2.6,12.9,247,22.7
2024-02-05T05:00,1.0,0.00,0.00,0.00,-2.9,12.9,247,22.0
2024-02-05T06:00,1.0,0.00,0.00,0.00,-3.3,15.1,242,25.9
2024-02-05T07:00,1.0,0.10,0.00,0.10,-3.5,17.1,242,29.9
2024-02-05T08:00,1.0,0.20,0.00,0.20,-3.8,19.0,241,33.5
2024-02-05T09:00,1.6,0.00,0.00,0.00,-3.2,19.7,242,35.3
2024-02-05T10:00,2.6,0.00,0.00,0.00,-2.7,23.5,238,41.0
2024-02-05T11:00,3.6,0.00,0.00,0.00,-2.4,28.2,242,50.0
2024-02-05T12:00,4.6,0.00,0.00,0.00,-2.4,34.6,243,60.8
2024-02-05T13:00,3.8,0.40,0.00,0.40,-2.5,30.1,244,64.4
2024-02-05T14:00,3.1,0.20,0.00,0.20,-3.1,29.0,243,55.8
2024-02-05T15:00,3.7,0.00,0.00,0.00,-2.2,28.4,248,55.1
2024-02-05T16:00,3.2,0.00,0.00,0.00,-2.8,27.7,245,56.5
2024-02-05T17:00,3.1,0.00,0.00,0.00,-2.5,25.5,248,49.7
2024-02-05T18:00,2.4,0.20,0.00,0.20,-3.2,25.5,239,46.1
2024-02-05T19:00,2.5,0.10,0.00,0.10,-3.2,25.2,239,46.4
2024-02-05T20:00,2.7,0.50,0.00,0.50,-3.2,27.6,237,48.2
2024-02-05T21:00,2.8,0.10,0.00,0.10,-3.6,31.0,247,55.4
2024-02-05T22:00,2.1,0.20,0.00,0.20,-4.2,30.4,253,56.5
2024-02-05T23:00,2.2,0.00,0.00,0.00,-4.1,29.6,267,54.0
2024-02-06T00:00,1.9,0.00,0.00,0.00,-4.4,29.0,277,52.9
2024-02-06T01:00,1.7,0.00,0.00,0.00,-5.4,33.7,284,59.4
2024-02-06T02:00,1.7,0.00,0.00,0.00,-5.1,31.0,290,61.2
2024-02-06T03:00,1.3,0.00,0.00,0.00,-5.3,29.1,292,56.2
2024-02-06T04:00,1.7,0.10,0.07,0.00,-5.4,31.9,298,64.8
2024-02-06T05:00,1.6,0.10,0.07,0.00,-4.9,27.5,292,58.3
2024-02-06T06:00,1.7,0.10,0.07,0.00,-4.8,26.3,283,49.3
2024-02-06T07:00,1.0,0.00,0.00,0.00,-5.5,26.4,294,48.2
2024-02-06T08:00,0.2,0.00,0.00,0.00,-6.2,25.3,298,47.9
2024-02-06T09:00,0.8,0.00,0.00,0.00,-5.6,25.4,297,46.8
2024-02-06T10:00,1.0,0.00,0.00,0.00,-5.6,26.6,298,48.6
2024-02-06T11:00,2.2,0.00,0.00,0.00,-4.7,28.3,292,53.6
2024-02-06T12:00,2.9,0.00,0.00,0.00,-3.8,26.7,286,52.9
2024-02-06T13:00,3.5,0.00,0.00,0.00,-3.2,26.2,279,50.0
2024-02-06T14:00,3.8,0.00,0.00,0.00,-3.1,27.8,274,51.5
2024-02-06T15:00,4.0,0.00,0.00,0.00,-2.9,27.8,273,54.0
2024-02-06T16:00,3.0,0.00,0.00,0.00,-4.0,27.5,281,52.6
2024-02-06T17:00,2.5,0.00,0.00,0.00,-3.2,19.1,286,52.9
2024-02-06T18:00,0.7,0.00,0.00,0.00,-4.2,13.5,279,34.6
2024-02-06T19:00,-0.6,0.00,0.00,0.00,-4.8,9.8,253,23.4
2024-02-06T20:00,-0.4,0.00,0.00,0.00,-5.0,14.1,251,23.4
2024-02-06T21:00,1.2,0.00,0.00,0.00,-3.9,18.6,255,33.1
2024-02-06T22:00,1.1,0.00,0.00,0.00,-3.6,17.0,257,33.1
2024-02-06T23:00,1.0,0.00,0.00,0.00,-3.3,14.5,256,30.6
2024-02-07T00:00,1.0,0.10,0.00,0.10,-3.0,13.0,251,25.6
2024-02-07T01:00,1.1,0.10,0.00,0.10,-2.3,8.8,235,22.7
2024-02-07T02:00,1.1,0.00,0.00,0.00,-2.0,7.4,223,15.1
2024-02-07T03:00,1.4,0.10,0.00,0.10,-2.1,10.2,222,16.2
2024-02-07T04:00,2.0,0.20,0.00,0.20,-2.0,14.4,248,23.8
2024-02-07T05:00,3.2,0.20,0.00,0.20,-1.3,19.1,250,33.5
2024-02-07T06:00,3.4,0.10,0.00,0.10,-1.3,20.7,250,36.7
2024-02-07T07:00,3.1,0.10,0.00,0.10,-1.4,19.4,248,36.4
2024-02-07T08:00,2.9,0.10,0.00,0.10,-1.2,16.8,247,34.2
2024-02-07T09:00,3.1,0.10,0.00,0.10,-0.9,15.9,242,29.2
2024-02-07T10:00,4.0,0.00,0.00,0.00,-0.1,17.3,239,30.2
2024-02-07T11:00,5.4,0.00,0.00,0.00,0.7,21.9,245,38.2
2024-02-07T12:00,6.3,0.00,0.00,0.00,1.5,22.9,248,45.0
2024-02-07T13:00,6.9,0.00,0.00,0.00,1.9,23.2,244,43.9
2024-02-07T14:00,7.5,0.00,0.00,0.00,2.2,25.0,243,47.2
2024-02-07T15:00,8.0,0.00,0.00,0.00,3.3,20.8,244,47.2
2024-02-07T16:00,7.3,0.00,0.00,0.00,2.7,19.7,242,37.8
2024-02-07T17:00,6.2,0.00,0.00,0.00,1.1,22.2,241,41.4
2024-02-07T18:00,5.7,0.00,0.00,0.00,1.1,19.2,242,39.2
2024-02-07T19:00,5.3,0.00,0.00,0.00,0.5,20.8,242,36.0
2024-02-07T20:00,4.7,0.00,0.00,0.00,-0.2,21.6,242,38.2
2024-02-07T21:00,4.5,0.00,0.00,0.00,-0.5,21.7,241,38.5
2024-02-07T22:00,4.7,0.00,0.00,0.00,-0.2,21.9,240,38.5
2024-02-07T23:00,5.3,0.00,0.00,0.00,-0.1,24.5,242,43.2
2024-02-08T00:00,5.4,0.00,0.00,0.00,-0.0,25.1,245,44.6
2024-02-08T01:00,5.2,0.00,0.00,0.00,-0.2,25.1,245,45.7
2024-02-08T02:00,5.1,0.00,0.00,0.00,-0.5,26.3,245,46.4
2024-02-08T03:00,5.0,0.00,0.00,0.00,-0.9,27.6,248,49.3
2024-02-08T04:00,4.1,0.00,0.00,0.00,-1.5,25.9,245,46.1
2024-02-08T05:00,4.7,0.00,0.00,0.00,-1.1,27.1,248,48.6
2024-02-08T06:00,4.3,0.00,0.00,0.00,-1.1,24.3,249,48.6
2024-02-08T07:00,4.0,0.00,0.00,0.00,-1.1,22.6,241,42.8
2024-02-08T08:00,4.4,0.00,0.00,0.00,-0.5,21.3,236,39.6
2024-02-08T09:00,5.6,0.00,0.00,0.00,0.6,23.0,238,40.3
2024-02-08T10:00,7.3,0.00,0.00,0.00,2.7,21.6,242,42.8
2024-02-08T11:00,8.1,0.00,0.00,0.00,3.8,20.3,250,39.2
2024-02-08T12:00,8.8,0.00,0.00,0.00,4.0,24.4,251,46.4
2024-02-08T13:00,7.8,0.00,0.00,0.00,3.0,23.4,256,46.4
2024-02-08T14:00,7.1,0.00,0.00,0.00,3.0,18.3,250,43.9
2024-02-08T15:00,6.3,0.00,0.00,0.00,2.7,14.7,248,34.9
2024-02-08T16:00,6.5,0.00,0.00,0.00,2.6,16.4,255,34.9
2024-02-08T17:00,5.2,0.00,0.00,0.00,1.2,16.6,252,30.2
2024-02-08T18:00,4.8,0.10,0.00,0.10,1.3,13.6,253,28.8
2024-02-08T19:00,4.4,0.60,0.00,0.60,0.9,13.7,270,23.4
2024-02-08T20:00,3.9,1.40,0.00,1.40,0.2,14.9,278,27.0
2024-02-08T21:00,3.6,1.00,0.00,1.00,0.8,7.9,309,25.2
2024-02-08T22:00,3.2,1.10,0.00,1.10,-0.1,11.1,324,18.7
2024-02-08T23:00,2.0,1.70,0.00,1.70,-1.3,10.1,305,20.5
2024-02-09T00:00,1.4,1.50,0.28,1.10,-1.8,8.9,291,16.9
2024-02-09T01:00,1.1,1.00,0.21,0.70,-2.3,9.7,301,15.5
2024-02-09T02:00,1.0,0.80,0.28,0.40,-2.6,10.7,327,18.4
2024-02-09T03:00,0.8,0.60,0.28,0.20,-2.6,9.7,2,18.0
2024-02-09T04:00,0.6,0.40,0.28,0.00,-2.3,5.4,37,10.4
2024-02-09T05:00,0.5,0.20,0.14,0.00,-2.4,5.4,37,9.4
2024-02-09T06:00,0.4,0.20,0.14,0.00,-2.7,6.6,81,10.4
2024-02-09T07:00,0.3,0.00,0.00,0.00,-2.9,7.3,81,12.2
2024-02-09T08:00,0.3,0.10,0.07,0.00,-3.3,10.2,98,16.6
2024-02-09T09:00,0.4,0.10,0.00,0.10,-3.5,12.0,97,19.8
2024-02-09T10:00,0.7,0.00,0.00,0.00,-3.3,13.0,114,24.1
2024-02-09T11:00,1.1,0.00,0.00,0.00,-2.9,13.2,112,24.1
2024-02-09T12:00,1.7,0.00,0.00,0.00,-2.3,14.1,105,25.6
2024-02-09T13:00,2.3,0.10,0.00,0.10,-1.6,13.9,107,27.7
2024-02-09T14:00,2.0,0.80,0.00,0.80,-1.8,13.1,74,25.9
2024-02-09T15:00,1.7,1.10,0.00,1.10,-2.2,13.7,63,24.8
2024-02-09T16:00,1.5,1.00,0.00,1.00,-2.0,10.4,90,21.6
2024-02-09T17:00,1.5,1.20,0.00,1.20,-1.8,9.6,70,18.0
2024-02-09T18:00,1.3,1.20,0.00,1.20,-1.9,8.3,88,16.9
2024-02-09T19:00,1.5,1.00,0.00,1.00,-0.9,3.3,96,14.4
2024-02-09T20:00,2.5,1.00,0.00,1.00,-0.3,7.2,252,11.9
2024-02-09T21:00,4.7,1.00,0.00,1.00,1.1,14.8,257,25.2
2024-02-09T22:00,4.4,0.60,0.00,0.60,1.2,12.3,255,25.6
2024-02-09T23:00,4.2,0.40,0.00,0.40,1.2,10.2,260,21.2
2024-02-10T00:00,4.0,0.40,0.00,0.40,1.2,8.5,258,17.3
2024-02-10T01:00,3.7,0.20,0.00,0.20,1.3,5.5,293,14.0
2024-02-10T02:00,3.1,0.50,0.00,0.50,0.9,3.9,338,9.0
2024-02-10T03:00,2.7,0.40,0.00,0.40,0.7,2.1,59,5.4
2024-02-10T04:00,3.6,0.00,0.00,0.00,1.4,3.6,360,10.4
2024-02-10T05:00,2.2,0.00,0.00,0.00,-0.1,3.2,90,5.0
2024-02-10T06:00,2.1,0.00,0.00,0.00,-0.3,4.0,90,6.1
2024-02-10T07:00,2.2,0.10,0.00,0.10,-0.6,7.1,75,11.5
2024-02-10T08:00,2.3,0.10,0.00,0.10,-1.0,10.1,84,16.9
2024-02-10T09:00,2.4,0.10,0.00,0.10,-1.0,11.1,77,18.4
2024-02-10T10:00,2.4,0.20,0.00,0.20,-0.9,10.9,81,18.7
2024-02-10T11:00,2.7,0.40,0.00,0.40,-0.5,10.1,90,19.4
2024-02-10T12:00,3.7,0.40,0.00,0.40,1.1,8.0,85,18.0
2024-02-10T13:00,4.2,0.50,0.00,0.50,2.1,4.9,73,15.8
2024-02-10T14:00,5.4,0.80,0.00,0.80,3.7,3.3,84,12.2
2024-02-10T15:00,5.6,0.40,0.00,0.40,4.1,1.8,90,9.4
2024-02-10T16:00,3.6,0.10,0.00,0.10,0.5,10.1,73,18.4
2024-02-10T17:00,3.0,0.30,0.00,0.30,-0.2,10.9,73,18.4
2024-02-10T18:00,2.4,0.50,0.00,0.50,-1.1,11.8,70,19.8
2024-02-10T19:00,2.1,0.50,0.00,0.50,-1.6,13.1,69,20.9
2024-02-10T20:00,2.0,0.60,0.00,0.60,-1.8,13.0,76,22.3
2024-02-10T21:00,1.8,0.50,0.00,0.50,-2.1,13.7,87,23.0
2024-02-10T22:00,1.9,0.80,0.00,0.80,-1.9,12.8,79,22.3
2024-02-10T23:00,2.1,1.30,0.00,1.30,-1.6,12.7,83,22.3
2024-02-11T00:00,2.1,1.10,0.00,1.10,-1.4,11.2,92,22.0
2024-02-11T01:00,2.2,0.70,0.00,0.70,-1.2,10.8,88,19.8
2024-02-11T02:00,2.1,0.80,0.00,0.80,-1.1,9.4,83,17.3
2024-02-11T03:00,2.1,0.60,0.00,0.60,-0.8,7.6,82,16.2
2024-02-11T04:00,2.3,0.10,0.00,0.10,-0.1,4.1,75,13.7
2024-02-11T05:00,3.1,0.00,0.00,0.00,0.5,6.5,124,8.6
2024-02-11T06:00,3.3,0.00,0.00,0.00,0.3,9.1,162,10.8
2024-02-11T07:00,2.9,0.00,0.00,0.00,-0.1,9.4,162,11.2
2024-02-11T08:00,3.4,0.00,0.00,0.00,0.9,6.4,133,11.2
2024-02-11T09:00,5.0,0.00,0.00,0.00,2.8,5.8,112,9.7
2024-02-11T10:00,6.2,0.00,0.00,0.00,4.0,7.5,107,14.4
2024-02-11T11:00,8.4,0.00,0.00,0.00,6.8,6.6,119,15.8
2024-02-11T12:00,9.6,0.00,0.00,0.00,8.3,6.3,121,15.1
2024-02-11T13:00,10.0,0.00,0.00,0.00,8.7,6.6,151,14.4
2024-02-11T14:00,11.5,0.00,0.00,0.00,9.7,9.7,207,17.6
2024-02-11T15:00,11.5,0.10,0.00,0.10,9.2,13.3,232,23.0
2024-02-11T16:00,9.0,0.20,0.00,0.20,7.2,8.0,108,16.6
2024-02-11T17:00,8.1,0.70,0.00,0.70,6.7,5.4,127,13.7
2024-02-11T18:00,7.5,0.30,0.00,0.30,6.0,5.4,138,8.6
2024-02-11T19:00,7.4,0.10,0.00,0.10,5.7,6.3,149,9.4
2024-02-11T20:00,7.8,0.00,0.00,0.00,5.9,8.5,168,13.3
2024-02-11T21:00,7.8,0.00,0.00,0.00,5.9,8.6,180,14.0
2024-02-11T22:00,8.0,0.00,0.00,0.00,5.7,10.9,197,18.0
2024-02-11T23:00,7.4,0.00,0.00,0.00,5.6,7.0,215,18.4
2024-02-12T00:00,6.8,0.00,0.00,0.00,4.8,7.2,177,11.9
2024-02-12T01:00,8.0,0.00,0.00,0.00,5.3,11.9,194,18.7
2024-02-12T02:00,8.0,0.00,0.00,0.00,5.3,11.6,202,20.9
2024-02-12T03:00,7.5,0.00,0.00,0.00,4.8,10.3,192,18.4
2024-02-12T04:00,7.1,0.00,0.00,0.00,4.4,10.9,197,18.0
2024-02-12T05:00,7.0,0.00,0.00,0.00,4.4,9.5,205,16.9
2024-02-12T06:00,6.7,0.00,0.00,0.00,4.0,9.7,195,14.8
2024-02-12T07:00,6.4,0.00,0.00,0.00,3.6,9.5,191,14.8
2024-02-12T08:00,6.9,0.00,0.00,0.00,4.1,9.2,191,15.1
2024-02-12T09:00,7.3,0.00,0.00,0.00,4.6,9.4,178,14.0
2024-02-12T10:00,8.9,0.00,0.00,0.00,6.2,11.7,169,20.5
2024-02-12T11:00,9.2,0.00,0.00,0.00,6.5,11.3,173,20.2
2024-02-12T12:00,10.8,0.00,0.00,0.00,8.7,8.4,173,19.4
2024-02-12T13:00,12.8,0.00,0.00,0.00,11.0,7.2,183,18.4
2024-02-12T14:00,13.1,0.00,0.00,0.00,11.5,6.0,213,16.2
2024-02-12T15:00,12.4,0.00,0.00,0.00,11.6,3.3,221,12.2
2024-02-12T16:00,12.6,0.00,0.00,0.00,11.6,4.4,81,7.6
2024-02-12T17:00,11.0,0.00,0.00,0.00,9.8,5.2,74,8.3
2024-02-12T18:00,9.8,0.00,0.00,0.00,8.2,6.6,81,10.4
2024-02-12T19:00,8.9,0.00,0.00,0.00,7.0,7.0,69,11.5
2024-02-12T20:00,8.2,0.00,0.00,0.00,6.1,7.4,76,12.2
2024-02-12T21:00,7.8,0.00,0.00,0.00,5.3,10.1,92,16.2
2024-02-12T22:00,7.9,0.00,0.00,0.00,5.6,8.7,97,17.3
2024-02-12T23:00,7.6,0.00,0.00,0.00,5.3,8.0,100,14.0
2024-02-13T00:00,7.6,0.00,0.00,0.00,5.5,6.6,112,13.3
2024-02-13T01:00,7.0,0.00,0.00,0.00,5.0,5.6,130,10.8
2024-02-13T02:00,5.1,0.00,0.00,0.00,2.3,9.8,152,11.9
2024-02-13T03:00,4.5,0.00,0.00,0.00,1.7,9.4,162,12.6
2024-02-13T04:00,5.0,0.00,0.00,0.00,2.8,6.3,77,10.4
2024-02-13T05:00,4.7,0.00,0.00,0.00,2.2,7.6,85,12.6
2024-02-13T06:00,4.2,0.00,0.00,0.00,1.4,9.0,85,14.8
2024-02-13T07:00,4.5,0.00,0.00,0.00,1.9,8.6,90,16.2
2024-02-13T08:00,4.7,0.00,0.00,0.00,2.3,7.6,90,14.4
2024-02-13T09:00,5.5,0.00,0.00,0.00,3.3,7.4,76,14.0
2024-02-13T10:00,6.9,0.00,0.00,0.00,5.0,7.3,70,15.1
2024-02-13T11:00,8.1,0.00,0.00,0.00,6.5,6.5,87,16.2
2024-02-13T12:00,9.4,0.00,0.00,0.00,8.0,6.2,80,16.2
2024-02-13T13:00,10.7,0.00,0.00,0.00,9.6,5.0,69,15.5
2024-02-13T14:00,11.3,0.00,0.00,0.00,10.2,5.5,58,14.0
2024-02-13T15:00,11.0,0.00,0.00,0.00,9.4,8.7,60,15.8
2024-02-13T16:00,11.1,0.00,0.00,0.00,9.3,8.3,72,16.2
2024-02-13T17:00,10.0,0.00,0.00,0.00,8.7,4.8,77,15.8
2024-02-13T18:00,9.2,0.10,0.00,0.10,6.8,11.6,68,18.4
2024-02-13T19:00,8.6,0.10,0.00,0.10,6.4,10.3,102,21.2
2024-02-13T20:00,8.3,1.30,0.00,1.30,6.0,11.3,81,18.7
2024-02-13T21:00,8.2,0.60,0.00,0.60,5.2,15.3,43,24.8
2024-02-13T22:00,7.9,0.00,0.00,0.00,5.4,11.8,59,25.9
2024-02-13T23:00,7.3,0.00,0.00,0.00,4.5,12.7,61,22.3
2024-02-14T00:00,6.9,0.00,0.00,0.00,4.7,9.2,116,21.6
2024-02-14T01:00,6.1,0.00,0.00,0.00,3.6,10.0,103,15.5
2024-02-14T02:00,6.1,0.00,0.00,0.00,3.6,9.9,100,17.6
2024-02-14T03:00,6.1,0.00,0.00,0.00,3.6,10.1,92,17.3
2024-02-14T04:00,6.4,0.00,0.00,0.00,3.7,11.8,59,19.8
2024-02-14T05:00,5.5,0.00,0.00,0.00,2.2,13.8,62,23.8
2024-02-14T06:00,4.8,0.00,0.00,0.00,1.3,14.6,70,25.2
2024-02-14T07:00,4.4,0.00,0.00,0.00,0.8,14.5,76,25.2
2024-02-14T08:00,4.3,0.00,0.00,0.00,0.6,15.2,76,25.9
2024-02-14T09:00,5.0,0.00,0.00,0.00,1.4,15.3,75,28.4
2024-02-14T10:00,6.4,0.00,0.00,0.00,3.0,14.7,73,28.8
2024-02-14T11:00,7.9,0.00,0.00,0.00,4.7,15.0,80,30.2
2024-02-14T12:00,9.4,0.00,0.00,0.00,6.4,14.6,81,31.0
2024-02-14T13:00,10.4,0.00,0.00,0.00,7.3,15.4,79,32.0
2024-02-14T14:00,10.9,0.00,0.00,0.00,7.7,16.2,77,32.8
2024-02-14T15:00,10.8,0.00,0.00,0.00,7.5,17.2,74,33.8
2024-02-14T16:00,9.9,0.00,0.00,0.00,5.8,20.5,75,38.5
2024-02-14T17:00,7.7,0.00,0.00,0.00,3.1,23.1,72,39.6
2024-02-14T18:00,5.2,0.00,0.00,0.00,0.2,23.3,70,41.4
2024-02-14T19:00,3.8,0.00,0.00,0.00,-1.7,25.4,72,45.4
2024-02-14T20:00,2.9,0.00,0.00,0.00,-2.7,26.2,74,48.2
2024-02-14T21:00,2.8,0.00,0.00,0.00,-3.0,26.8,73,49.3
2024-02-14T22:00,2.4,0.00,0.00,0.00,-3.6,27.9,73,51.1
2024-02-14T23:00,2.2,0.00,0.00,0.00,-4.0,28.6,76,52.9
2024-02-15T00:00,1.9,0.00,0.00,0.00,-4.3,28.5,77,52.2
2024-02-15T01:00,1.7,0.00,0.00,0.00,-4.3,26.8,73,52.2
2024-02-15T02:00,1.5,0.00,0.00,0.00,-4.7,27.3,72,49.7
2024-02-15T03:00,1.7,0.00,0.00,0.00,-5.0,30.9,78,56.9
2024-02-15T04:00,0.7,0.00,0.00,0.00,-5.6,26.8,70,48.6
2024-02-15T05:00,0.5,0.00,0.00,0.00,-6.0,27.9,73,50.0
2024-02-15T06:00,0.2,0.00,0.00,0.00,-6.2,27.2,70,50.4
2024-02-15T07:00,0.0,0.00,0.00,0.00,-6.7,28.1,69,50.8
2024-02-15T08:00,-0.4,0.00,0.00,0.00,-7.1,27.7,69,51.5
2024-02-15T09:00,-0.5,0.00,0.00,0.00,-7.5,28.6,75,52.9
2024-02-15T10:00,-0.4,0.00,0.00,0.00,-7.5,29.3,76,54.4
2024-02-15T11:00,-0.2,0.00,0.00,0.00,-7.4,28.8,74,54.4
2024-02-15T12:00,0.3,0.00,0.00,0.00,-7.0,29.2,74,54.7
2024-02-15T13:00,0.4,0.00,0.00,0.00,-6.9,28.4,75,54.7
2024-02-15T14:00,0.6,0.00,0.00,0.00,-6.6,27.9,70,53.3
2024-02-15T15:00,0.6,0.00,0.00,0.00,-6.7,28.5,69,53.6
2024-02-15T16:00,-0.1,0.00,0.00,0.00,-7.5,29.4,71,54.4
2024-02-15T17:00,-0.8,0.00,0.00,0.00,-8.1,28.6,71,54.4
2024-02-15T18:00,-1.3,0.00,0.00,0.00,-8.5,28.0,70,52.2
2024-02-15T19:00,-1.8,0.00,0.00,0.00,-8.9,27.1,68,51.1
2024-02-15T20:00,-1.9,0.00,0.00,0.00,-9.1,27.8,71,50.8
2024-02-15T21:00,-2.4,0.00,0.00,0.00,-9.4,26.8,70,50.8
2024-02-15T22:00,-2.3,0.00,0.00,0.00,-9.2,25.6,73,48.6
2024-02-15T23:00,-2.3,0.00,0.00,0.00,-8.8,22.9,74,46.8
2024-02-16T00:00,-2.1,0.00,0.00,0.00,-8.5,22.7,72,43.9
2024-02-16T01:00,-2.2,0.00,0.00,0.00,-8.9,24.3,69,43.9
2024-02-16T02:00,-1.9,0.00,0.00,0.00,-8.7,24.6,78,46.8
2024-02-16T03:00,-2.1,0.00,0.00,0.00,-8.9,24.8,81,46.1
2024-02-16T04:00,-4.1,0.00,0.00,0.00,-10.9,24.4,76,43.9
2024-02-16T05:00,-3.4,0.00,0.00,0.00,-10.6,26.8,78,49.7
2024-02-16T06:00,-3.5,0.00,0.00,0.00,-10.7,26.9,78,50.0
2024-02-16T07:00,-4.4,0.00,0.00,0.00,-11.3,24.0,71,49.0
2024-02-16T08:00,-4.2,0.00,0.00,0.00,-11.3,26.5,82,50.8
2024-02-16T09:00,-4.1,0.00,0.00,0.00,-11.5,27.3,78,50.8
2024-02-16T10:00,-3.1,0.00,0.00,0.00,-10.6,27.5,79,51.8
2024-02-16T11:00,-2.1,0.00,0.00,0.00,-9.5,27.0,80,52.6
2024-02-16T12:00,-1.3,0.00,0.00,0.00,-8.6,26.3,80,52.2
2024-02-16T13:00,-0.5,0.00,0.00,0.00,-7.8,25.9,76,51.1
2024-02-16T14:00,-0.1,0.00,0.00,0.00,-7.4,26.2,77,50.8
2024-02-16T15:00,0.0,0.00,0.00,0.00,-7.3,26.2,77,50.8
2024-02-16T16:00,-3.3,0.00,0.00,0.00,-10.5,26.4,76,49.7
2024-02-16T17:00,-3.7,0.00,0.00,0.00,-10.8,25.2,73,49.7
2024-02-16T18:00,-3.9,0.00,0.00,0.00,-10.8,23.5,69,46.8
2024-02-16T19:00,-4.0,0.00,0.00,0.00,-10.7,21.6,64,42.8
2024-02-16T20:00,-4.6,0.00,0.00,0.00,-11.2,21.0,59,39.6
2024-02-16T21:00,-4.8,0.00,0.00,0.00,-11.4,21.3,62,39.2
2024-02-16T22:00,-4.7,0.00,0.00,0.00,-11.1,19.7,62,39.2
2024-02-16T23:00,-4.6,0.00,0.00,0.00,-10.8,18.8,61,36.4
2024-02-17T00:00,-4.5,0.00,0.00,0.00,-10.7,19.3,63,35.6
2024-02-17T01:00,-4.4,0.00,0.00,0.00,-10.7,20.1,66,36.7
2024-02-17T02:00,-4.2,0.00,0.00,0.00,-10.4,20.0,64,37.1
2024-02-17T03:00,-4.1,0.00,0.00,0.00,-10.2,19.4,59,36.4
2024-02-17T04:00,-5.0,0.00,0.00,0.00,-11.1,20.0,64,37.8
2024-02-17T05:00,-4.5,0.00,0.00,0.00,-10.6,20.0,60,37.4
2024-02-17T06:00,-4.6,0.00,0.00,0.00,-10.9,20.3,60,38.2
2024-02-17T07:00,-4.7,0.00,0.00,0.00,-11.0,20.4,64,38.2
2024-02-17T08:00,-4.8,0.00,0.00,0.00,-11.1,20.5,62,38.2
2024-02-17T09:00,-4.2,0.00,0.00,0.00,-10.6,20.9,63,39.6
2024-02-17T10:00,-3.6,0.00,0.00,0.00,-10.0,21.8,68,41.8
2024-02-17T11:00,-3.1,0.00,0.00,0.00,-9.4,21.4,70,42.1
2024-02-17T12:00,-1.5,0.00,0.00,0.00,-7.8,21.0,77,42.5
2024-02-17T13:00,-0.5,0.00,0.00,0.00,-6.6,20.1,80,41.8
2024-02-17T14:00,0.5,0.00,0.00,0.00,-5.6,19.3,76,40.3
2024-02-17T15:00,0.8,0.00,0.00,0.00,-5.3,19.4,75,39.2
2024-02-17T16:00,-1.0,0.00,0.00,0.00,-7.3,21.1,73,41.8
2024-02-17T17:00,-1.9,0.00,0.00,0.00,-8.0,20.3,70,40.3
2024-02-17T18:00,-3.1,0.00,0.00,0.00,-9.1,18.7,67,36.4
2024-02-17T19:00,-3.7,0.00,0.00,0.00,-9.8,19.9,70,35.6
2024-02-17T20:00,-4.2,0.00,0.00,0.00,-10.2,19.0,75,35.6
2024-02-17T21:00,-4.5,0.00,0.00,0.00,-10.2,16.8,75,33.8
2024-02-17T22:00,-4.3,0.00,0.00,0.00,-9.8,15.3,75,29.5
2024-02-17T23:00,-3.9,0.00,0.00,0.00,-9.2,14.4,77,27.0
2024-02-18T00:00,-3.8,0.00,0.00,0.00,-9.0,13.7,76,25.2
2024-02-18T01:00,-4.1,0.00,0.00,0.00,-9.2,13.1,74,23.8
2024-02-18T02:00,-4.2,0.00,0.00,0.00,-9.3,13.1,69,23.0
2024-02-18T03:00,-4.2,0.00,0.00,0.00,-9.3,13.1,69,23.0
2024-02-18T04:00,-3.7,0.00,0.00,0.00,-8.5,12.0,83,23.0
2024-02-18T05:00,-3.7,0.00,0.00,0.00,-8.5,11.6,83,20.9
2024-02-18T06:00,-3.7,0.00,0.00,0.00,-8.3,11.3,83,20.5
2024-02-18T07:00,-3.4,0.00,0.00,0.00,-7.9,10.5,82,20.2
2024-02-18T08:00,-3.0,0.00,0.00,0.00,-7.6,10.9,84,18.4
2024-02-18T09:00,-2.0,0.00,0.00,0.00,-6.8,12.8,101,25.2
2024-02-18T10:00,-0.9,0.00,0.00,0.00,-5.8,13.2,107,27.7
2024-02-18T11:00,0.5,0.00,0.00,0.00,-4.1,11.2,105,27.4
2024-02-18T12:00,1.6,0.00,0.00,0.00,-2.5,8.3,95,25.6
2024-02-18T13:00,2.6,0.00,0.00,0.00,-1.5,7.6,98,22.0
2024-02-18T14:00,3.3,0.00,0.00,0.00,-0.9,8.4,121,22.0
2024-02-18T15:00,3.7,0.00,0.00,0.00,-0.3,7.4,129,21.6
2024-02-18T16:00,0.3,0.00,0.00,0.00,-3.6,6.5,124,19.1
2024-02-18T17:00,-0.2,0.00,0.00,0.00,-3.9,5.7,125,15.5
2024-02-18T18:00,-2.3,0.00,0.00,0.00,-6.2,7.0,102,10.1
2024-02-18T19:00,-1.9,0.00,0.00,0.00,-5.4,4.8,103,8.3
2024-02-18T20:00,-2.0,0.00,0.00,0.00,-5.5,4.5,119,8.3
2024-02-18T21:00,-2.6,0.00,0.00,0.00,-6.3,6.1,135,7.2
2024-02-18T22:00,-1.8,0.00,0.00,0.00,-4.9,2.4,297,7.2
2024-02-18T23:00,-1.9,0.00,0.00,0.00,-5.2,3.7,299,4.3
2024-02-19T00:00,-2.3,0.00,0.00,0.00,-5.7,4.7,203,5.0
2024-02-19T01:00,-2.1,0.30,0.21,0.00,-5.3,3.1,249,5.4
2024-02-19T02:00,-2.1,0.10,0.07,0.00,-5.4,4.0,260,7.6
2024-02-19T03:00,-2.2,0.00,0.00,0.00,-5.5,4.3,265,7.6
2024-02-19T04:00,-2.1,0.10,0.07,0.00,-5.1,3.4,252,6.5
2024-02-19T05:00,-2.1,0.00,0.00,0.00,-5.4,4.7,247,8.3
2024-02-19T06:00,-2.0,0.00,0.00,0.00,-5.4,5.9,259,10.4
2024-02-19T07:00,-1.6,0.00,0.00,0.00,-5.2,7.2,270,13.0
2024-02-19T08:00,-1.4,0.00,0.00,0.00,-5.0,7.4,284,14.0
2024-02-19T09:00,-0.7,0.00,0.00,0.00,-4.3,7.3,303,15.5
2024-02-19T10:00,0.0,0.00,0.00,0.00,-3.7,8.0,324,17.3
2024-02-19T11:00,0.2,0.00,0.00,0.00,-3.9,11.0,341,21.2
2024-02-19T12:00,1.0,0.00,0.00,0.00,-3.4,13.2,11,24.8
2024-02-19T13:00,1.7,0.00,0.00,0.00,-2.9,13.5,29,27.4
2024-02-19T14:00,2.3,0.00,0.00,0.00,-2.3,12.5,33,27.4
2024-02-19T15:00,2.8,0.00,0.00,0.00,-1.7,11.1,36,25.6
2024-02-19T16:00,1.3,0.00,0.00,0.00,-3.9,13.7,14,28.8
2024-02-19T17:00,0.7,0.00,0.00,0.00,-3.8,8.6,22,26.6
2024-02-19T18:00,-2.8,0.00,0.00,0.00,-7.3,8.6,15,15.5
2024-02-19T19:00,-2.3,0.00,0.00,0.00,-7.4,12.0,9,19.1
2024-02-19T20:00,-2.2,0.00,0.00,0.00,-7.3,12.4,17,23.4
2024-02-19T21:00,-3.0,0.00,0.00,0.00,-8.0,11.6,16,22.0
2024-02-19T22:00,-3.8,0.00,0.00,0.00,-8.7,10.8,15,19.8
2024-02-19T23:00,-3.8,0.00,0.00,0.00,-8.4,9.5,11,18.7
2024-02-20T00:00,-4.0,0.00,0.00,0.00,-8.5,9.1,7,16.6
2024-02-20T01:00,-4.1,0.00,0.00,0.00,-8.5,9.0,5,15.5
2024-02-20T02:00,-3.7,0.00,0.00,0.00,-8.4,10.8,21,18.0
2024-02-20T03:00,-3.7,0.00,0.00,0.00,-8.5,11.1,29,19.1
2024-02-20T04:00,-3.5,0.00,0.00,0.00,-8.0,9.7,31,16.2
2024-02-20T05:00,-4.7,0.00,0.00,0.00,-9.3,10.7,42,18.7
2024-02-20T06:00,-5.3,0.00,0.00,0.00,-9.8,10.2,45,18.7
2024-02-20T07:00,-5.6,0.00,0.00,0.00,-10.1,10.2,45,17.6
2024-02-20T08:00,-5.1,0.00,0.00,0.00,-9.8,11.7,47,20.2
2024-02-20T09:00,-3.3,0.00,0.00,0.00,-8.1,11.7,56,23.0
2024-02-20T10:00,-1.7,0.00,0.00,0.00,-7.1,15.7,70,31.0
2024-02-20T11:00,-0.5,0.00,0.00,0.00,-6.1,16.6,72,36.7
2024-02-20T12:00,0.6,0.00,0.00,0.00,-4.9,15.0,73,34.6
2024-02-20T13:00,1.4,0.00,0.00,0.00,-4.0,14.1,77,32.8
2024-02-20T14:00,1.7,0.00,0.00,0.00,-3.4,12.1,80,30.6
2024-02-20T15:00,1.7,0.00,0.00,0.00,-3.4,11.2,84,27.7
2024-02-20T16:00,0.1,0.00,0.00,0.00,-5.1,11.7,72,26.6
2024-02-20T17:00,-0.8,0.00,0.00,0.00,-5.6,9.3,77,24.1
2024-02-20T18:00,-3.6,0.00,0.00,0.00,-8.0,7.2,72,16.9
2024-02-20T19:00,-4.0,0.00,0.00,0.00,-8.8,10.5,63,17.6
2024-02-20T20:00,-4.5,0.00,0.00,0.00,-9.4,11.3,68,19.4
2024-02-20T21:00,-4.9,0.00,0.00,0.00,-10.2,13.6,78,23.4
2024-02-20T22:00,-5.5,0.00,0.00,0.00,-10.7,13.6,78,24.5
2024-02-20T23:00,-5.9,0.00,0.00,0.00,-10.9,13.1,82,24.1
2024-02-21T00:00,-6.0,0.00,0.00,0.00,-11.0,12.8,79,23.0
2024-02-21T01:00,-6.2,0.00,0.00,0.00,-11.1,12.3,75,22.3
2024-02-21T02:00,-6.2,0.00,0.00,0.00,-11.1,11.8,70,21.6
2024-02-21T03:00,-6.3,0.00,0.00,0.00,-11.1,11.3,73,20.9
2024-02-21T04:00,-5.8,0.00,0.00,0.00,-10.4,10.4,70,20.2
2024-02-21T05:00,-5.6,0.00,0.00,0.00,-10.3,10.9,73,19.1
2024-02-21T06:00,-5.4,0.00,0.00,0.00,-10.0,10.2,72,19.8
2024-02-21T07:00,-4.9,0.00,0.00,0.00,-9.9,13.0,84,22.7
2024-02-21T08:00,-4.2,0.00,0.00,0.00,-9.1,11.9,87,24.8
2024-02-21T09:00,-3.3,0.00,0.00,0.00,-8.2,11.9,90,24.5
2024-02-21T10:00,-2.2,0.00,0.00,0.00,-7.1,11.9,93,25.2
2024-02-21T11:00,-1.7,0.00,0.00,0.00,-6.4,11.2,92,25.6
2024-02-21T12:00,-0.7,0.00,0.00,0.00,-5.3,10.5,94,24.8
2024-02-21T13:00,0.6,0.00,0.00,0.00,-3.9,10.0,103,24.5
2024-02-21T14:00,0.7,0.00,0.00,0.00,-3.7,9.8,98,23.8
2024-02-21T15:00,0.6,0.00,0.00,0.00,-3.8,10.2,98,22.3
2024-02-21T16:00,-1.4,0.00,0.00,0.00,-6.1,10.9,99,23.0
2024-02-21T17:00,-1.9,0.00,0.00,0.00,-6.6,10.9,99,22.7
2024-02-21T18:00,-2.8,0.00,0.00,0.00,-7.2,9.1,99,21.2
2024-02-21T19:00,-3.3,0.00,0.00,0.00,-7.7,9.4,94,16.6
2024-02-21T20:00,-3.4,0.00,0.00,0.00,-7.7,9.1,97,16.2
2024-02-21T21:00,-3.6,0.00,0.00,0.00,-7.8,8.3,95,15.8
2024-02-21T22:00,-4.0,0.00,0.00,0.00,-7.9,6.8,90,14.0
2024-02-21T23:00,-4.7,0.00,0.00,0.00,-8.6,6.6,77,11.9
2024-02-22T00:00,-5.0,0.00,0.00,0.00,-8.9,6.6,77,11.5
2024-02-22T01:00,-5.0,0.00,0.00,0.00,-9.0,7.0,69,11.9
2024-02-22T02:00,-5.2,0.00,0.00,0.00,-9.3,7.7,62,13.0
2024-02-22T03:00,-5.3,0.00,0.00,0.00,-9.5,8.4,65,14.0
2024-02-22T04:00,-5.4,0.00,0.00,0.00,-9.8,9.4,72,15.8
2024-02-22T05:00,-5.3,0.00,0.00,0.00,-9.6,9.3,74,16.2
2024-02-22T06:00,-5.3,0.00,0.00,0.00,-9.5,8.7,73,15.8
2024-02-22T07:00,-5.2,0.00,0.00,0.00,-9.4,8.5,78,14.8
2024-02-22T08:00,-4.6,0.00,0.00,0.00,-8.9,9.5,79,15.8
2024-02-22T09:00,-2.9,0.00,0.00,0.00,-7.1,9.4,86,19.4
2024-02-22T10:00,-1.2,0.00,0.00,0.00,-5.5,9.7,86,22.0
2024-02-22T11:00,0.7,0.00,0.00,0.00,-3.5,9.7,94,23.0
2024-02-22T12:00,2.0,0.00,0.00,0.00,-2.2,9.0,119,23.0
2024-02-22T13:00,2.8,0.00,0.00,0.00,-1.3,8.0,117,22.7
2024-02-22T14:00,3.3,0.00,0.00,0.00,-0.6,7.0,102,21.2
2024-02-22T15:00,3.5,0.00,0.00,0.00,-0.6,7.9,90,19.4
2024-02-22T16:00,1.1,0.00,0.00,0.00,-3.6,12.4,98,25.9
2024-02-22T17:00,0.1,0.00,0.00,0.00,-4.3,10.1,92,25.2
2024-02-22T18:00,-2.2,0.00,0.00,0.00,-6.2,8.6,88,18.0
2024-02-22T19:00,-2.7,0.00,0.00,0.00,-7.1,10.8,90,18.0
2024-02-22T20:00,-2.7,0.00,0.00,0.00,-7.3,12.6,95,21.2
2024-02-22T21:00,-2.5,0.00,0.00,0.00,-7.0,12.3,97,22.3
2024-02-22T22:00,-2.7,0.00,0.00,0.00,-7.0,11.2,92,21.6
2024-02-22T23:00,-3.2,0.00,0.00,0.00,-7.4,10.1,84,18.7
2024-02-23T00:00,-3.6,0.00,0.00,0.00,-8.1,11.6,83,19.4
2024-02-23T01:00,-4.1,0.00,0.00,0.00,-8.6,11.8,78,20.5
2024-02-23T02:00,-4.4,0.00,0.00,0.00,-9.0,12.3,75,21.2
2024-02-23T03:00,-4.6,0.00,0.00,0.00,-9.3,12.8,74,22.0
2024-02-23T04:00,-3.8,0.00,0.00,0.00,-8.5,12.8,74,22.3
2024-02-23T05:00,-3.8,0.00,0.00,0.00,-8.6,13.9,80,24.5
2024-02-23T06:00,-3.9,0.00,0.00,0.00,-8.8,14.6,81,25.6
2024-02-23T07:00,-3.9,0.00,0.00,0.00,-8.9,15.2,85,26.3
2024-02-23T08:00,-3.4,0.00,0.00,0.00,-8.6,16.9,91,29.5
2024-02-23T09:00,-1.8,0.00,0.00,0.00,-7.1,17.5,98,33.5
2024-02-23T10:00,0.1,0.00,0.00,0.00,-5.0,16.8,105,34.6
2024-02-23T11:00,1.9,0.00,0.00,0.00,-3.0,15.5,103,33.5
2024-02-23T12:00,3.2,0.00,0.00,0.00,-1.5,14.9,98,32.8
2024-02-23T13:00,4.1,0.00,0.00,0.00,-0.5,14.6,99,31.7
2024-02-23T14:00,4.8,0.00,0.00,0.00,0.1,15.2,97,31.7
2024-02-23T15:00,4.9,0.00,0.00,0.00,0.3,15.2,97,31.7
2024-02-23T16:00,3.5,0.00,0.00,0.00,-1.4,15.1,89,30.2
2024-02-23T17:00,2.3,0.00,0.00,0.00,-2.4,14.4,86,29.9
2024-02-23T18:00,0.3,0.00,0.00,0.00,-4.6,15.5,86,26.6
2024-02-23T19:00,-0.4,0.00,0.00,0.00,-5.3,16.9,90,29.2
2024-02-23T20:00,-0.7,0.00,0.00,0.00,-5.8,17.6,91,30.6
2024-02-23T21:00,-0.9,0.00,0.00,0.00,-6.0,18.0,92,31.3
2024-02-23T22:00,-1.1,0.00,0.00,0.00,-6.0,16.6,94,31.3
2024-02-23T23:00,-1.4,0.00,0.00,0.00,-6.1,15.5,93,29.2
2024-02-24T00:00,-1.7,0.00,0.00,0.00,-6.3,14.8,93,27.0
2024-02-24T01:00,-1.8,0.00,0.00,0.00,-6.4,14.8,91,25.9
2024-02-24T02:00,-1.9,0.00,0.00,0.00,-6.6,15.1,91,26.6
2024-02-24T03:00,-2.1,0.00,0.00,0.00,-6.9,15.8,90,27.4
2024-02-24T04:00,-1.2,0.00,0.00,0.00,-6.1,17.6,89,30.6
2024-02-24T05:00,-1.6,0.00,0.00,0.00,-6.8,18.4,90,32.4
2024-02-24T06:00,-1.9,0.00,0.00,0.00,-7.2,19.1,93,33.8
2024-02-24T07:00,-2.1,0.00,0.00,0.00,-7.4,19.1,93,34.2
2024-02-24T08:00,-1.6,0.00,0.00,0.00,-7.0,19.5,93,34.2
2024-02-24T09:00,0.0,0.00,0.00,0.00,-5.7,21.9,99,42.5
2024-02-24T10:00,1.4,0.00,0.00,0.00,-4.3,22.5,97,42.8
2024-02-24T11:00,3.0,0.00,0.00,0.00,-2.6,21.6,101,43.6
2024-02-24T12:00,4.5,0.00,0.00,0.00,-1.1,21.4,103,42.8
2024-02-24T13:00,5.4,0.00,0.00,0.00,-0.2,21.7,102,43.2
2024-02-24T14:00,6.1,0.00,0.00,0.00,0.4,22.0,101,43.6
2024-02-24T15:00,6.0,0.00,0.00,0.00,0.2,23.3,98,44.6
2024-02-24T16:00,4.4,0.00,0.00,0.00,-2.1,25.9,90,48.2
2024-02-24T17:00,3.7,0.00,0.00,0.00,-2.7,25.0,96,48.2
2024-02-24T18:00,2.5,0.00,0.00,0.00,-3.8,23.7,100,45.4
2024-02-24T19:00,1.6,0.00,0.00,0.00,-4.4,22.3,100,42.1
2024-02-24T20:00,0.8,0.00,0.00,0.00,-5.3,22.6,99,40.3
2024-02-24T21:00,-0.1,0.00,0.00,0.00,-6.3,22.7,101,40.7
2024-02-24T22:00,-0.9,0.00,0.00,0.00,-7.1,22.3,99,40.7
2024-02-24T23:00,-1.5,0.00,0.00,0.00,-7.7,22.2,98,40.0
2024-02-25T00:00,-2.0,0.00,0.00,0.00,-8.3,22.4,96,40.3
2024-02-25T01:00,-2.3,0.00,0.00,0.00,-8.6,22.4,95,40.7
2024-02-25T02:00,-2.6,0.00,0.00,0.00,-8.9,22.4,95,40.3
2024-02-25T03:00,-2.8,0.00,0.00,0.00,-9.1,22.0,95,40.0
2024-02-25T04:00,-3.2,0.00,0.00,0.00,-9.6,23.1,94,41.8
2024-02-25T05:00,-3.4,0.00,0.00,0.00,-9.8,23.1,94,41.8
2024-02-25T06:00,-3.6,0.00,0.00,0.00,-9.8,22.4,94,41.4
2024-02-25T07:00,-3.7,0.00,0.00,0.00,-10.0,22.4,94,40.3
2024-02-25T08:00,-3.2,0.00,0.00,0.00,-9.4,22.4,94,40.3
2024-02-25T09:00,-1.8,0.00,0.00,0.00,-8.0,22.0,90,41.8
2024-02-25T10:00,-0.2,0.00,0.00,0.00,-6.8,24.5,91,47.2
2024-02-25T11:00,1.3,0.00,0.00,0.00,-5.6,26.0,93,50.4
2024-02-25T12:00,2.5,0.00,0.00,0.00,-4.5,27.4,93,53.6
2024-02-25T13:00,3.5,0.00,0.00,0.00,-3.4,27.2,97,53.6
2024-02-25T14:00,4.3,0.00,0.00,0.00,-2.5,26.4,95,52.6
2024-02-25T15:00,4.6,0.00,0.00,0.00,-2.3,26.7,94,50.8
2024-02-25T16:00,3.3,0.00,0.00,0.00,-3.8,28.1,93,55.1
2024-02-25T17:00,2.7,0.00,0.00,0.00,-4.1,25.7,95,52.2
2024-02-25T18:00,1.6,0.00,0.00,0.00,-5.1,24.7,98,46.4
2024-02-25T19:00,1.0,0.00,0.00,0.00,-5.7,24.5,100,44.3
2024-02-25T20:00,0.5,0.00,0.00,0.00,-6.2,24.5,100,43.9
2024-02-25T21:00,-0.1,0.00,0.00,0.00,-6.7,24.6,101,44.3
2024-02-25T22:00,-0.6,0.00,0.00,0.00,-7.2,24.5,100,44.3
2024-02-25T23:00,-1.1,0.00,0.00,0.00,-7.6,24.5,100,43.9
2024-02-26T00:00,-1.6,0.00,0.00,0.00,-8.0,24.1,100,43.9
2024-02-26T01:00,-2.1,0.00,0.00,0.00,-8.6,24.6,102,44.3
2024-02-26T02:00,-2.5,0.00,0.00,0.00,-9.1,25.0,102,45.0
2024-02-26T03:00,-3.0,0.00,0.00,0.00,-9.6,25.4,102,45.4
2024-02-26T04:00,-3.4,0.00,0.00,0.00,-10.0,25.4,102,46.1
2024-02-26T05:00,-3.6,0.00,0.00,0.00,-10.2,25.2,100,46.1
2024-02-26T06:00,-3.9,0.00,0.00,0.00,-10.4,24.7,98,45.7
2024-02-26T07:00,-4.1,0.00,0.00,0.00,-10.6,24.7,98,44.6
2024-02-26T08:00,-3.6,0.00,0.00,0.00,-10.3,25.8,97,46.4
2024-02-26T09:00,-1.7,0.00,0.00,0.00,-8.4,25.8,98,53.3
2024-02-26T10:00,-0.2,0.00,0.00,0.00,-7.1,27.0,93,51.8
2024-02-26T11:00,2.0,0.00,0.00,0.00,-5.1,28.1,93,54.0
2024-02-26T12:00,3.4,0.00,0.00,0.00,-3.7,28.1,93,55.4
2024-02-26T13:00,4.3,0.00,0.00,0.00,-2.6,28.5,92,54.7
2024-02-26T14:00,5.0,0.00,0.00,0.00,-1.9,27.7,92,54.7
2024-02-26T15:00,5.2,0.00,0.00,0.00,-1.7,28.1,92,53.3
2024-02-26T16:00,5.2,0.00,0.00,0.00,-1.8,29.9,89,57.6
2024-02-26T17:00,4.5,0.00,0.00,0.00,-2.3,27.7,89,55.4
2024-02-26T18:00,3.2,0.00,0.00,0.00,-3.6,27.0,93,50.4
2024-02-26T19:00,2.4,0.00,0.00,0.00,-4.3,26.0,96,48.2
2024-02-26T20:00,1.6,0.00,0.00,0.00,-5.1,26.0,96,47.2
2024-02-26T21:00,0.9,0.00,0.00,0.00,-5.9,26.0,96,46.8
2024-02-26T22:00,0.3,0.00,0.00,0.00,-6.4,25.7,96,46.8
2024-02-26T23:00,-0.3,0.00,0.00,0.00,-6.9,25.3,96,46.1
2024-02-27T00:00,-0.8,0.00,0.00,0.00,-7.3,24.6,96,45.0
2024-02-27T01:00,-1.3,0.00,0.00,0.00,-7.7,24.3,96,44.3
2024-02-27T02:00,-1.7,0.00,0.00,0.00,-8.2,24.5,94,43.9
2024-02-27T03:00,-2.1,0.00,0.00,0.00,-8.6,24.9,94,44.6
2024-02-27T04:00,-2.5,0.00,0.00,0.00,-9.0,25.3,95,46.8
2024-02-27T05:00,-2.7,0.00,0.00,0.00,-9.1,24.9,93,45.7
2024-02-27T06:00,-2.7,0.00,0.00,0.00,-9.1,24.5,92,44.6
2024-02-27T07:00,-2.7,0.00,0.00,0.00,-9.1,24.5,91,43.9
2024-02-27T08:00,-1.9,0.00,0.00,0.00,-8.5,25.2,92,45.4
2024-02-27T09:00,-0.1,0.00,0.00,0.00,-6.6,24.5,90,45.7
2024-02-27T10:00,1.8,0.00,0.00,0.00,-5.1,26.3,90,50.0
2024-02-27T11:00,3.6,0.00,0.00,0.00,-3.2,26.0,93,50.8
2024-02-27T12:00,5.0,0.00,0.00,0.00,-1.6,25.2,93,50.8
2024-02-27T13:00,5.8,0.00,0.00,0.00,-0.7,26.3,90,50.4
2024-02-27T14:00,6.4,0.00,0.00,0.00,-0.3,27.0,87,51.5
2024-02-27T15:00,6.6,0.00,0.00,0.00,-0.2,27.4,87,51.5
2024-02-27T16:00,6.4,0.00,0.00,0.00,-0.6,28.4,89,55.8
2024-02-27T17:00,5.5,0.00,0.00,0.00,-1.1,25.9,89,52.2
2024-02-27T18:00,4.0,0.00,0.00,0.00,-2.6,24.5,87,46.8
2024-02-27T19:00,2.9,0.00,0.00,0.00,-3.6,23.4,87,43.6
2024-02-27T20:00,2.0,0.00,0.00,0.00,-4.6,23.4,89,41.8
2024-02-27T21:00,1.2,0.00,0.00,0.00,-5.5,23.8,92,42.1
2024-02-27T22:00,0.5,0.00,0.00,0.00,-6.3,23.5,94,42.1
2024-02-27T23:00,-0.1,0.00,0.00,0.00,-6.7,22.4,95,41.8
2024-02-28T00:00,-0.7,0.00,0.00,0.00,-7.0,20.9,90,40.0
2024-02-28T01:00,-1.2,0.00,0.00,0.00,-7.4,20.2,86,37.4
2024-02-28T02:00,-1.7,0.00,0.00,0.00,-7.8,20.2,85,36.0
2024-02-28T03:00,-2.1,0.00,0.00,0.00,-8.3,20.6,85,36.7
2024-02-28T04:00,-2.5,0.00,0.00,0.00,-8.7,21.6,88,38.5
2024-02-28T05:00,-2.8,0.00,0.00,0.00,-9.0,21.3,88,38.5
2024-02-28T06:00,-3.1,0.00,0.00,0.00,-9.2,20.9,87,38.2
2024-02-28T07:00,-3.3,0.00,0.00,0.00,-9.5,21.3,86,37.4
2024-02-28T08:00,-2.8,0.00,0.00,0.00,-9.1,22.1,84,39.6
2024-02-28T09:00,-1.3,0.00,0.00,0.00,-7.8,22.3,81,41.8
2024-02-28T10:00,0.4,0.00,0.00,0.00,-6.3,24.0,82,45.7
2024-02-28T11:00,2.1,0.00,0.00,0.00,-4.5,24.2,86,47.5
2024-02-28T12:00,3.8,0.00,0.00,0.00,-2.7,24.5,87,47.5
2024-02-28T13:00,5.0,0.00,0.00,0.00,-1.3,24.5,90,47.5
2024-02-28T14:00,5.7,0.00,0.00,0.00,-0.7,24.5,91,47.5
2024-02-28T15:00,6.1,0.00,0.00,0.00,-0.3,24.1,92,47.2
2024-02-28T16:00,6.2,0.00,0.00,0.00,-0.3,24.2,93,47.5
2024-02-28T17:00,5.4,0.00,0.00,0.00,-0.5,20.6,94,44.3
2024-02-28T18:00,3.8,0.00,0.00,0.00,-2.0,19.2,95,36.7
2024-02-28T19:00,2.6,0.00,0.00,0.00,-2.9,17.4,96,33.5
2024-02-28T20:00,1.4,0.00,0.00,0.00,-4.0,16.2,93,30.6
2024-02-28T21:00,0.5,0.00,0.00,0.00,-5.0,16.6,88,28.8
2024-02-28T22:00,-0.2,0.00,0.00,0.00,-5.8,17.7,88,31.0
2024-02-28T23:00,-0.6,0.00,0.00,0.00,-6.3,18.0,87,31.7
2024-02-29T00:00,-0.9,0.00,0.00,0.00,-6.5,18.0,87,31.3
2024-02-29T01:00,-1.1,0.00,0.00,0.00,-6.7,18.0,87,31.7
2024-02-29T02:00,-1.4,0.00,0.00,0.00,-6.8,17.0,85,31.3
2024-02-29T03:00,-1.8,0.00,0.00,0.00,-7.0,16.3,82,29.5
2024-02-29T04:00,-1.9,0.00,0.00,0.00,-7.3,17.6,79,30.6
2024-02-29T05:00,-2.1,0.00,0.00,0.00,-7.7,18.5,82,32.4
2024-02-29T06:00,-2.3,0.00,0.00,0.00,-8.0,18.8,85,33.5
2024-02-29T07:00,-2.6,0.00,0.00,0.00,-8.2,18.0,88,33.1
2024-02-29T08:00,-1.9,0.00,0.00,0.00,-7.4,18.0,90,31.7
2024-02-29T09:00,-0.2,0.00,0.00,0.00,-5.4,16.6,91,31.3
2024-02-29T10:00,1.9,0.00,0.00,0.00,-3.5,18.0,92,35.6
2024-02-29T11:00,3.7,0.00,0.00,0.00,-1.5,18.1,95,36.7
2024-02-29T12:00,5.3,0.00,0.00,0.00,0.2,17.8,97,37.1
2024-02-29T13:00,6.3,0.00,0.00,0.00,1.6,16.9,101,36.4
2024-02-29T14:00,6.9,0.00,0.00,0.00,2.3,16.2,102,34.9
2024-02-29T15:00,7.1,0.00,0.00,0.00,2.5,15.8,102,33.5
2024-02-29T16:00,7.4,0.00,0.00,0.00,2.5,16.3,104,32.4
2024-02-29T17:00,6.0,0.00,0.00,0.00,1.7,12.6,92,30.2
2024-02-29T18:00,3.2,0.00,0.00,0.00,-1.4,14.2,83,23.4
2024-02-29T19:00,2.1,0.00,0.00,0.00,-2.8,16.6,88,28.1
2024-02-29T20:00,1.4,0.00,0.00,0.00,-3.5,16.2,90,28.4
2024-02-29T21:00,0.5,0.00,0.00,0.00,-4.1,14.4,90,27.7
2024-02-29T22:00,-0.1,0.00,0.00,0.00,-4.6,14.1,87,24.8
2024-02-29T23:00,-0.6,0.00,0.00,0.00,-5.1,14.4,86,24.8
2024-03-01T00:00,-0.8,0.00,0.00,0.00,-5.4,14.4,87,25.2
2024-03-01T01:00,-1.0,0.00,0.00,0.00,-5.6,14.4,89,25.2
2024-03-01T02:00,-1.3,0.00,0.00,0.00,-5.9,14.0,89,25.2
2024-03-01T03:00,-1.7,0.00,0.00,0.00,-6.3,13.7,90,24.8
2024-03-01T04:00,-1.7,0.00,0.00,0.00,-6.2,13.0,87,23.8
2024-03-01T05:00,-2.0,0.00,0.00,0.00,-6.5,13.4,85,22.7
2024-03-01T06:00,-2.1,0.00,0.00,0.00,-6.8,14.4,87,24.8
2024-03-01T07:00,-2.3,0.00,0.00,0.00,-7.0,14.8,89,25.6
2024-03-01T08:00,-1.6,0.00,0.00,0.00,-6.4,16.2,89,28.4
2024-03-01T09:00,0.4,0.00,0.00,0.00,-4.7,17.7,95,33.1
2024-03-01T10:00,1.9,0.00,0.00,0.00,-2.8,16.2,91,34.6
2024-03-01T11:00,3.6,0.00,0.00,0.00,-1.0,15.9,93,33.5
2024-03-01T12:00,5.1,0.00,0.00,0.00,0.7,15.5,94,33.1
2024-03-01T13:00,6.1,0.00,0.00,0.00,1.9,15.5,93,33.1
2024-03-01T14:00,6.6,0.00,0.00,0.00,2.4,15.1,90,32.8
2024-03-01T15:00,6.6,0.00,0.00,0.00,2.3,14.8,90,32.0
2024-03-01T16:00,5.3,0.00,0.00,0.00,0.4,15.1,87,31.3
2024-03-01T17:00,4.2,0.00,0.00,0.00,-0.5,14.5,84,30.2
2024-03-01T18:00,1.9,0.00,0.00,0.00,-2.6,13.1,81,26.3
2024-03-01T19:00,0.9,0.00,0.00,0.00,-3.6,14.1,84,23.8
2024-03-01T20:00,0.7,0.00,0.00,0.00,-3.8,14.4,91,25.2
2024-03-01T21:00,0.4,0.00,0.00,0.00,-4.2,14.1,86,24.5
2024-03-01T22:00,-0.3,0.00,0.00,0.00,-4.7,13.8,75,24.5
2024-03-01T23:00,-0.7,0.00,0.00,0.00,-5.3,14.4,77,24.8
2024-03-02T00:00,-0.9,0.00,0.00,0.00,-5.5,14.7,79,25.6
2024-03-02T01:00,-1.1,0.00,0.00,0.00,-5.9,16.1,80,27.7
2024-03-02T02:00,-1.1,0.00,0.00,0.00,-6.1,17.2,80,29.5
2024-03-02T03:00,-1.3,0.00,0.00,0.00,-6.3,17.6,79,31.0
2024-03-02T04:00,-0.8,0.00,0.00,0.00,-5.9,18.8,85,33.5
2024-03-02T05:00,-0.9,0.00,0.00,0.00,-6.0,18.8,86,33.1
2024-03-02T06:00,-0.5,0.00,0.00,0.00,-5.8,20.2,88,35.6
2024-03-02T07:00,-0.4,0.00,0.00,0.00,-5.7,20.9,90,37.4
2024-03-02T08:00,0.9,0.00,0.00,0.00,-4.9,23.4,94,42.8
2024-03-02T09:00,1.9,0.00,0.00,0.00,-4.2,26.0,96,47.9
2024-03-02T10:00,2.8,0.00,0.00,0.00,-3.7,28.3,105,58.0
2024-03-02T11:00,3.5,0.00,0.00,0.00,-3.0,28.8,106,54.7
2024-03-02T12:00,5.2,0.00,0.00,0.00,-1.3,28.2,107,54.0
2024-03-02T13:00,6.6,0.00,0.00,0.00,0.1,28.0,108,53.3
2024-03-02T14:00,7.3,0.00,0.00,0.00,0.9,27.3,106,52.9
2024-03-02T15:00,7.9,0.00,0.00,0.00,1.3,28.8,106,54.4
2024-03-02T16:00,8.5,0.00,0.00,0.00,1.5,30.0,104,57.6
2024-03-02T17:00,7.7,0.00,0.00,0.00,1.0,28.0,103,54.4
2024-03-02T18:00,6.8,0.00,0.00,0.00,-0.1,28.1,100,51.1
2024-03-02T19:00,6.2,0.00,0.00,0.00,-0.6,27.9,97,50.8
2024-03-02T20:00,5.8,0.00,0.00,0.00,-1.2,28.6,96,51.1
2024-03-02T21:00,5.3,0.00,0.00,0.00,-1.9,29.0,96,52.6
2024-03-02T22:00,4.8,0.00,0.00,0.00,-2.2,28.3,97,52.6
2024-03-02T23:00,4.2,0.00,0.00,0.00,-2.7,27.5,95,51.1
2024-03-03T00:00,3.7,0.00,0.00,0.00,-3.1,26.7,95,49.3
2024-03-03T01:00,3.1,0.00,0.00,0.00,-3.6,26.3,92,48.2
2024-03-03T02:00,2.6,0.00,0.00,0.00,-4.2,26.6,88,48.2
2024-03-03T03:00,1.9,0.00,0.00,0.00,-5.1,27.7,88,50.0
2024-03-03T04:00,1.0,0.00,0.00,0.00,-6.1,27.7,88,50.4
2024-03-03T05:00,1.0,0.00,0.00,0.00,-6.3,28.9,86,51.8
2024-03-03T06:00,1.0,0.00,0.00,0.00,-6.4,29.2,86,53.3
2024-03-03T07:00,0.6,0.00,0.00,0.00,-6.8,29.2,86,53.3
2024-03-03T08:00,0.5,0.00,0.00,0.00,-7.0,29.6,87,53.3
2024-03-03T09:00,1.3,0.00,0.00,0.00,-5.8,28.1,87,57.6
2024-03-03T10:00,2.1,0.00,0.00,0.00,-5.1,30.1,83,56.9
2024-03-03T11:00,3.4,0.00,0.00,0.00,-3.8,30.6,89,58.7
2024-03-03T12:00,4.6,0.00,0.00,0.00,-2.3,29.9,91,58.3
2024-03-03T13:00,5.7,0.00,0.00,0.00,-1.1,29.6,95,58.0
2024-03-03T14:00,6.6,0.00,0.00,0.00,-0.6,33.4,108,62.3
2024-03-03T15:00,6.8,0.00,0.00,0.00,-0.1,31.5,106,62.3
2024-03-03T16:00,6.5,0.00,0.00,0.00,-0.3,28.5,94,55.4
2024-03-03T17:00,6.1,0.00,0.00,0.00,-0.3,25.6,93,52.9
2024-03-03T18:00,5.5,0.00,0.00,0.00,-0.7,24.5,93,46.4
2024-03-03T19:00,4.2,0.00,0.00,0.00,-1.7,22.1,84,43.9
2024-03-03T20:00,3.0,0.00,0.00,0.00,-2.8,21.3,79,39.2
2024-03-03T21:00,2.6,0.00,0.00,0.00,-3.3,22.0,80,38.9
2024-03-03T22:00,2.5,0.00,0.00,0.00,-3.5,22.1,83,39.6
2024-03-03T23:00,2.2,0.00,0.00,0.00,-3.8,22.1,84,39.6
2024-03-04T00:00,1.7,0.00,0.00,0.00,-4.3,22.1,84,39.6
2024-03-04T01:00,1.2,0.00,0.00,0.00,-4.7,21.3,84,39.2
2024-03-04T02:00,0.8,0.00,0.00,0.00,-5.0,21.0,84,38.2
2024-03-04T03:00,0.2,0.00,0.00,0.00,-5.4,20.0,83,37.4
2024-03-04T04:00,-0.2,0.00,0.00,0.00,-5.8,20.2,85,38.5
2024-03-04T05:00,-0.3,0.00,0.00,0.00,-5.8,19.6,83,36.0
2024-03-04T06:00,-0.5,0.00,0.00,0.00,-6.0,19.3,81,34.9
2024-03-04T07:00,-0.8,0.00,0.00,0.00,-6.5,20.0,83,35.6
2024-03-04T08:00,-0.6,0.00,0.00,0.00,-6.1,18.8,83,37.8
2024-03-04T09:00,0.3,0.00,0.00,0.00,-5.5,21.0,84,39.6
2024-03-04T10:00,1.7,0.00,0.00,0.00,-4.2,22.0,86,43.2
2024-03-04T11:00,3.2,0.00,0.00,0.00,-2.6,21.6,86,43.6
2024-03-04T12:00,4.9,0.00,0.00,0.00,-0.7,21.6,86,43.2
2024-03-04T13:00,6.3,0.00,0.00,0.00,1.1,21.6,86,43.6
2024-03-04T14:00,7.2,0.00,0.00,0.00,1.8,22.0,93,43.6
2024-03-04T15:00,7.7,0.00,0.00,0.00,2.0,23.6,106,46.1
2024-03-04T16:00,6.7,0.00,0.00,0.00,0.5,24.1,89,48.2
2024-03-04T17:00,6.1,0.00,0.00,0.00,0.4,21.0,96,45.4
2024-03-04T18:00,4.9,0.00,0.00,0.00,-0.2,16.6,89,37.4
2024-03-04T19:00,3.4,0.00,0.00,0.00,-1.9,17.9,71,31.0
2024-03-04T20:00,2.4,0.00,0.00,0.00,-3.1,20.3,73,36.0
2024-03-04T21:00,1.8,0.00,0.00,0.00,-3.7,19.9,77,36.4
2024-03-04T22:00,1.1,0.00,0.00,0.00,-4.3,19.1,79,34.9
2024-03-04T23:00,0.8,0.00,0.00,0.00,-4.6,18.6,80,33.5
2024-03-05T00:00,0.6,0.00,0.00,0.00,-4.7,17.9,81,32.4
2024-03-05T01:00,0.6,0.00,0.00,0.00,-4.6,17.1,83,31.3
2024-03-05T02:00,0.6,0.00,0.00,0.00,-4.6,16.7,84,30.2
2024-03-05T03:00,0.0,0.00,0.00,0.00,-5.1,16.3,84,29.2
2024-03-05T04:00,-1.4,0.00,0.00,0.00,-6.5,16.0,76,27.7
2024-03-05T05:00,-1.6,0.00,0.00,0.00,-6.8,16.7,76,29.2
2024-03-05T06:00,-1.7,0.00,0.00,0.00,-7.1,17.7,77,31.0
2024-03-05T07:00,-1.9,0.00,0.00,0.00,-7.2,17.9,80,31.7
2024-03-05T08:00,-1.2,0.00,0.00,0.00,-6.5,17.9,81,32.0
2024-03-05T09:00,0.1,0.00,0.00,0.00,-5.2,17.7,84,34.2
2024-03-05T10:00,1.4,0.00,0.00,0.00,-3.5,16.3,84,34.2
2024-03-05T11:00,3.8,0.00,0.00,0.00,-0.9,15.9,96,33.8
2024-03-05T12:00,6.2,0.00,0.00,0.00,1.8,15.5,103,33.1
2024-03-05T13:00,6.3,0.00,0.00,0.00,2.1,14.9,110,32.4
2024-03-05T14:00,6.8,0.00,0.00,0.00,2.8,13.8,110,31.0
2024-03-05T15:00,6.9,0.00,0.00,0.00,3.0,12.8,100,28.8
2024-03-05T16:00,5.1,0.00,0.00,0.00,0.8,14.1,86,28.4
2024-03-05T17:00,4.1,0.00,0.00,0.00,0.0,12.3,83,28.1
2024-03-05T18:00,2.7,0.00,0.00,0.00,-1.0,9.4,88,22.0
2024-03-05T19:00,2.3,0.00,0.00,0.00,-1.7,11.6,85,19.1
2024-03-05T20:00,2.4,0.00,0.00,0.00,-1.7,12.3,87,21.2
2024-03-05T21:00,1.9,0.00,0.00,0.00,-2.1,11.9,87,21.2
2024-03-05T22:00,0.8,0.00,0.00,0.00,-3.3,11.9,76,20.5
2024-03-05T23:00,0.6,0.00,0.00,0.00,-3.6,12.7,75,21.6
2024-03-06T00:00,1.1,0.00,0.00,0.00,-3.3,13.6,78,23.8
2024-03-06T01:00,1.3,0.00,0.00,0.00,-3.3,14.4,77,25.2
2024-03-06T02:00,1.1,0.00,0.00,0.00,-3.5,14.1,75,25.6
2024-03-06T03:00,0.8,0.00,0.00,0.00,-3.7,13.6,68,25.2
2024-03-06T04:00,1.2,0.00,0.00,0.00,-3.6,14.8,67,25.9
2024-03-06T05:00,1.1,0.00,0.00,0.00,-4.0,16.3,68,28.4
2024-03-06T06:00,0.9,0.00,0.00,0.00,-4.5,17.8,69,31.3
2024-03-06T07:00,0.5,0.00,0.00,0.00,-5.2,18.9,72,33.5
2024-03-06T08:00,0.7,0.00,0.00,0.00,-4.7,17.0,69,33.8
2024-03-06T09:00,0.9,0.00,0.00,0.00,-4.5,17.8,72,33.5
2024-03-06T10:00,1.9,0.00,0.00,0.00,-3.4,17.9,75,34.6
2024-03-06T11:00,3.7,0.00,0.00,0.00,-1.5,17.7,77,35.6
2024-03-06T12:00,5.8,0.00,0.00,0.00,0.6,18.6,75,37.1
2024-03-06T13:00,6.8,0.00,0.00,0.00,1.5,19.1,70,38.2
2024-03-06T14:00,7.2,0.00,0.00,0.00,1.6,20.8,62,40.0
2024-03-06T15:00,7.6,0.00,0.00,0.00,1.7,22.5,63,43.9
2024-03-06T16:00,6.6,0.00,0.00,0.00,0.6,22.2,70,43.9
2024-03-06T17:00,5.9,0.00,0.00,0.00,0.0,21.3,66,41.8
2024-03-06T18:00,4.5,0.00,0.00,0.00,-1.2,20.2,55,38.5
2024-03-06T19:00,3.5,0.00,0.00,0.00,-2.3,20.3,57,37.1
2024-03-06T20:00,2.4,0.00,0.00,0.00,-3.3,19.8,57,36.4
2024-03-06T21:00,1.6,0.00,0.00,0.00,-4.3,20.8,56,36.7
2024-03-06T22:00,0.7,0.00,0.00,0.00,-5.0,20.3,57,36.7
2024-03-06T23:00,0.2,0.00,0.00,0.00,-5.5,19.7,59,36.0
2024-03-07T00:00,-0.4,0.00,0.00,0.00,-5.8,18.1,59,34.9
2024-03-07T01:00,-0.8,0.00,0.00,0.00,-6.2,18.3,54,32.8
2024-03-07T02:00,-1.3,0.00,0.00,0.00,-6.8,18.6,49,33.1
2024-03-07T03:00,-2.0,0.00,0.00,0.00,-7.4,18.1,47,33.1
2024-03-07T04:00,-2.7,0.00,0.00,0.00,-8.4,19.6,47,35.3
2024-03-07T05:00,-3.0,0.00,0.00,0.00,-8.8,20.2,50,36.0
2024-03-07T06:00,-3.2,0.00,0.00,0.00,-8.9,19.5,52,36.0
2024-03-07T07:00,-3.5,0.00,0.00,0.00,-9.1,19.2,56,35.3
2024-03-07T08:00,-2.8,0.00,0.00,0.00,-8.4,19.0,57,35.3
2024-03-07T09:00,-1.8,0.00,0.00,0.00,-7.5,20.0,60,38.9
2024-03-07T10:00,-0.4,0.00,0.00,0.00,-6.0,19.7,59,39.6
2024-03-07T11:00,1.3,0.00,0.00,0.00,-4.2,18.9,59,39.6
2024-03-07T12:00,2.8,0.00,0.00,0.00,-2.5,18.0,61,38.5
2024-03-07T13:00,4.0,0.00,0.00,0.00,-1.2,17.4,63,37.1
2024-03-07T14:00,4.9,0.00,0.00,0.00,-0.1,16.3,62,36.0
2024-03-07T15:00,5.1,0.00,0.00,0.00,0.2,15.7,58,34.2
2024-03-07T16:00,2.9,0.00,0.00,0.00,-2.3,15.0,63,32.4
2024-03-07T17:00,2.3,0.00,0.00,0.00,-2.5,12.9,63,29.9
2024-03-07T18:00,0.4,0.00,0.00,0.00,-4.0,10.3,54,23.0
2024-03-07T19:00,-1.1,0.00,0.00,0.00,-5.9,12.0,49,20.5
2024-03-07T20:00,-2.1,0.00,0.00,0.00,-6.9,12.2,45,20.9
2024-03-07T21:00,-2.9,0.00,0.00,0.00,-7.8,12.7,45,22.0
2024-03-07T22:00,-3.5,0.00,0.00,0.00,-8.3,11.8,52,22.0
2024-03-07T23:00,-3.9,0.00,0.00,0.00,-8.6,11.0,58,20.5
2024-03-08T00:00,-4.2,0.00,0.00,0.00,-8.8,10.2,58,18.7
2024-03-08T01:00,-4.6,0.00,0.00,0.00,-9.1,9.9,57,17.6
2024-03-08T02:00,-4.8,0.00,0.00,0.00,-9.3,10.1,55,17.6
2024-03-08T03:00,-5.1,0.00,0.00,0.00,-9.6,9.7,48,17.3
2024-03-08T04:00,-5.6,0.00,0.00,0.00,-10.1,9.2,45,18.0
2024-03-08T05:00,-5.8,0.00,0.00,0.00,-10.0,7.9,47,16.2
2024-03-08T06:00,-5.9,0.00,0.00,0.00,-10.1,7.4,47,14.0
2024-03-08T07:00,-6.0,0.00,0.00,0.00,-10.2,7.6,45,13.7
2024-03-08T08:00,-4.6,0.00,0.00,0.00,-8.9,7.6,45,16.6
2024-03-08T09:00,-2.8,0.00,0.00,0.00,-7.2,8.6,57,20.9
2024-03-08T10:00,-1.2,0.00,0.00,0.00,-5.4,7.4,61,21.2
2024-03-08T11:00,0.1,0.00,0.00,0.00,-3.6,4.9,73,20.5
2024-03-08T12:00,1.3,0.00,0.00,0.00,-1.7,2.6,74,17.3
2024-03-08T13:00,2.3,0.00,0.00,0.00,-0.2,1.1,18,14.8
2024-03-08T14:00,2.9,0.00,0.00,0.00,0.2,2.0,315,13.7
2024-03-08T15:00,3.4,0.00,0.00,0.00,0.2,2.9,300,13.7
2024-03-08T16:00,1.5,0.00,0.00,0.00,-2.2,2.9,263,13.0
2024-03-08T17:00,1.1,0.00,0.00,0.00,-2.8,4.0,265,12.2
2024-03-08T18:00,-2.0,0.00,0.00,0.00,-6.3,7.3,237,9.0
2024-03-08T19:00,-4.4,0.00,0.00,0.00,-9.1,10.5,248,12.6
2024-03-08T20:00,-4.7,0.00,0.00,0.00,-9.3,9.8,262,12.6
2024-03-08T21:00,-4.9,0.00,0.00,0.00,-9.3,8.6,270,12.2
2024-03-08T22:00,-5.2,0.00,0.00,0.00,-9.7,9.4,270,10.8
2024-03-08T23:00,-4.5,0.00,0.00,0.00,-8.6,6.9,279,11.9
2024-03-09T00:00,-4.0,0.00,0.00,0.00,-8.2,8.3,288,14.8
2024-03-09T01:00,-4.1,0.00,0.00,0.00,-8.3,8.3,275,14.0
2024-03-09T02:00,-4.2,0.00,0.00,0.00,-8.4,8.8,282,15.1
2024-03-09T03:00,-4.6,0.00,0.00,0.00,-8.7,7.8,283,14.8
2024-03-09T04:00,-5.9,0.00,0.00,0.00,-9.9,6.3,294,12.6
2024-03-09T05:00,-6.1,0.00,0.00,0.00,-10.0,6.2,291,10.1
2024-03-09T06:00,-6.1,0.00,0.00,0.00,-10.2,6.6,283,10.1
2024-03-09T07:00,-5.9,0.00,0.00,0.00,-9.8,6.1,270,10.1
2024-03-09T08:00,-3.4,0.00,0.00,0.00,-7.9,9.8,264,16.6
2024-03-09T09:00,-0.5,0.00,0.00,0.00,-4.8,8.8,258,19.8
2024-03-09T10:00,2.0,0.00,0.00,0.00,-2.7,11.6,265,25.9
2024-03-09T11:00,3.7,0.00,0.00,0.00,-1.2,12.7,262,29.2
2024-03-09T12:00,4.9,0.00,0.00,0.00,0.2,13.2,259,30.6
2024-03-09T13:00,5.5,0.00,0.00,0.00,0.8,14.8,257,32.4
2024-03-09T14:00,5.6,0.00,0.00,0.00,0.7,15.6,255,34.2
2024-03-09T15:00,5.4,0.00,0.00,0.00,0.1,16.1,254,34.2
2024-03-09T16:00,4.8,0.00,0.00,0.00,-0.4,15.5,248,32.0
2024-03-09T17:00,3.2,0.00,0.00,0.00,-1.8,13.7,252,31.3
2024-03-09T18:00,1.6,0.00,0.00,0.00,-2.8,10.9,261,25.2
2024-03-09T19:00,-0.2,0.00,0.00,0.00,-3.9,8.5,258,19.1
2024-03-09T20:00,-0.6,0.00,0.00,0.00,-4.6,10.5,266,17.3
2024-03-09T21:00,0.2,0.00,0.00,0.00,-3.5,9.0,268,18.4
2024-03-09T22:00,-1.0,0.00,0.00,0.00,-4.3,6.2,277,15.1
2024-03-09T23:00,-1.4,0.00,0.00,0.00,-4.6,4.8,257,9.7
2024-03-10T00:00,-1.4,0.00,0.00,0.00,-4.5,4.5,241,7.2
2024-03-10T01:00,-0.9,0.00,0.00,0.00,-3.7,2.5,225,5.4
2024-03-10T02:00,-0.9,0.00,0.00,0.00,-3.6,2.2,270,3.2
2024-03-10T03:00,-0.7,0.00,0.00,0.00,-3.3,1.3,304,2.9
2024-03-10T04:00,0.0,0.00,0.00,0.00,-3.1,4.4,189,5.0
2024-03-10T05:00,-1.9,0.00,0.00,0.00,-5.1,5.2,192,6.1
2024-03-10T06:00,-2.8,0.00,0.00,0.00,-6.3,6.8,198,7.6
2024-03-10T07:00,-2.3,0.00,0.00,0.00,-5.6,5.4,200,9.7
2024-03-10T08:00,-0.2,0.00,0.00,0.00,-3.2,4.0,175,9.7
2024-03-10T09:00,2.1,0.00,0.00,0.00,-0.6,2.4,207,9.7
2024-03-10T10:00,3.9,0.00,0.00,0.00,0.6,6.3,193,16.2
2024-03-10T11:00,4.8,0.00,0.00,0.00,0.8,9.9,190,22.0
2024-03-10T12:00,6.1,0.00,0.00,0.00,1.8,11.6,187,26.3
2024-03-10T13:00,7.4,0.00,0.00,0.00,2.6,14.8,229,29.9
2024-03-10T14:00,7.1,0.00,0.00,0.00,2.1,16.4,237,32.0
2024-03-10T15:00,7.3,0.00,0.00,0.00,1.9,20.9,243,40.7
2024-03-10T16:00,5.4,0.00,0.00,0.00,0.4,18.3,254,34.9
2024-03-10T17:00,4.6,0.00,0.00,0.00,-0.6,20.9,243,34.2
2024-03-10T18:00,4.2,0.00,0.00,0.00,-1.6,23.8,238,46.1
2024-03-10T19:00,3.6,0.00,0.00,0.00,-1.7,20.3,243,42.5
2024-03-10T20:00,3.3,0.00,0.00,0.00,-2.0,21.7,259,39.2
2024-03-10T21:00,2.5,0.00,0.00,0.00,-2.0,16.7,264,38.9
2024-03-10T22:00,1.9,0.00,0.00,0.00,-1.4,7.8,248,28.8
2024-03-10T23:00,0.6,0.00,0.00,0.00,-2.5,6.2,260,13.3
2024-03-11T00:00,1.1,0.20,0.00,0.20,-2.1,7.3,327,12.6
2024-03-11T01:00,0.4,0.40,0.21,0.10,-3.4,10.4,20,17.3
2024-03-11T02:00,-0.4,0.40,0.28,0.00,-4.1,9.8,36,19.8
2024-03-11T03:00,-0.7,0.30,0.21,0.00,-3.8,5.5,67,17.3
2024-03-11T04:00,-1.6,0.30,0.21,0.00,-5.3,8.7,66,16.6
2024-03-11T05:00,-1.2,0.40,0.28,0.00,-4.6,6.6,81,16.2
2024-03-11T06:00,-1.1,0.20,0.14,0.00,-4.9,9.3,54,16.9
2024-03-11T07:00,-1.2,0.00,0.00,0.00,-5.4,12.2,34,22.3
2024-03-11T08:00,-0.8,0.00,0.00,0.00,-5.2,13.0,39,24.1
2024-03-11T09:00,-0.1,0.00,0.00,0.00,-4.5,13.5,46,26.6
2024-03-11T10:00,1.5,0.00,0.00,0.00,-3.0,14.0,46,29.2
2024-03-11T11:00,2.6,0.00,0.00,0.00,-2.0,13.8,47,30.2
2024-03-11T12:00,3.1,0.00,0.00,0.00,-1.4,12.5,49,30.2
2024-03-11T13:00,4.1,0.00,0.00,0.00,-0.2,11.5,49,28.1
2024-03-11T14:00,4.5,0.00,0.00,0.00,0.1,10.2,45,27.0
2024-03-11T15:00,4.5,0.00,0.00,0.00,0.2,8.4,40,24.5
2024-03-11T16:00,2.6,0.00,0.00,0.00,-2.1,10.2,32,27.0
2024-03-11T17:00,2.0,0.00,0.00,0.00,-2.5,8.4,40,22.3
2024-03-11T18:00,-1.6,0.00,0.00,0.00,-6.0,9.4,50,15.5
2024-03-11T19:00,-3.3,0.00,0.00,0.00,-7.9,9.7,48,11.2
2024-03-11T20:00,-3.0,0.00,0.00,0.00,-7.2,6.9,47,11.9
2024-03-11T21:00,-2.7,0.00,0.00,0.00,-7.3,9.5,61,15.8
2024-03-11T22:00,-3.3,0.00,0.00,0.00,-7.7,8.3,85,15.8
2024-03-11T23:00,-3.9,0.00,0.00,0.00,-8.1,7.2,93,14.0
2024-03-12T00:00,-4.7,0.00,0.00,0.00,-8.6,5.8,97,11.9
2024-03-12T01:00,-4.6,0.00,0.00,0.00,-8.6,6.2,97,10.1
2024-03-12T02:00,-4.2,0.00,0.00,0.00,-8.6,8.7,97,14.8
2024-03-12T03:00,-4.5,0.00,0.00,0.00,-8.8,8.1,103,15.1
2024-03-12T04:00,-5.6,0.00,0.00,0.00,-9.7,7.2,96,14.0
2024-03-12T05:00,-5.8,0.00,0.00,0.00,-9.8,6.6,77,11.9
2024-03-12T06:00,-5.8,0.00,0.00,0.00,-9.9,6.6,77,11.2
2024-03-12T07:00,-5.6,0.00,0.00,0.00,-9.8,7.9,87,13.3
2024-03-12T08:00,-3.5,0.00,0.00,0.00,-7.8,8.7,97,16.9
2024-03-12T09:00,-1.1,0.00,0.00,0.00,-5.3,7.8,103,19.1
2024-03-12T10:00,0.8,0.00,0.00,0.00,-3.7,9.1,99,22.7
2024-03-12T11:00,2.2,0.00,0.00,0.00,-2.3,8.6,88,23.8
2024-03-12T12:00,3.3,0.00,0.00,0.00,-0.8,9.2,79,24.5
2024-03-12T13:00,4.2,0.00,0.00,0.00,-0.0,10.7,76,26.6
2024-03-12T14:00,4.8,0.00,0.00,0.00,0.4,11.3,81,27.4
2024-03-12T15:00,5.0,0.00,0.00,0.00,0.1,10.9,84,27.0
2024-03-12T16:00,4.8,0.00,0.00,0.00,-0.3,11.5,86,26.3
2024-03-12T17:00,3.7,0.00,0.00,0.00,-1.6,12.8,79,24.8
2024-03-12T18:00,0.9,0.00,0.00,0.00,-3.9,9.3,77,23.0
2024-03-12T19:00,-0.8,0.00,0.00,0.00,-5.8,11.3,81,18.4
2024-03-12T20:00,-1.2,0.00,0.00,0.00,-6.3,12.3,83,20.9
2024-03-12T21:00,-1.9,0.00,0.00,0.00,-7.0,12.1,80,20.5
2024-03-12T22:00,-2.1,0.00,0.00,0.00,-7.7,15.7,74,26.3
2024-03-12T23:00,-2.3,0.00,0.00,0.00,-8.2,17.2,80,29.9
2024-03-13T00:00,-2.8,0.00,0.00,0.00,-8.5,15.9,86,30.2
2024-03-13T01:00,-3.1,0.00,0.00,0.00,-8.8,15.9,86,28.1
2024-03-13T02:00,-3.0,0.00,0.00,0.00,-9.2,18.8,85,32.4
2024-03-13T03:00,-3.2,0.00,0.00,0.00,-9.4,18.8,85,34.6
2024-03-13T04:00,-3.6,0.00,0.00,0.00,-9.7,19.5,85,34.6
2024-03-13T05:00,-3.4,0.00,0.00,0.00,-9.8,21.3,85,37.8
2024-03-13T06:00,-3.1,0.00,0.00,0.00,-9.2,19.8,87,37.8
2024-03-13T07:00,-2.8,0.00,0.00,0.00,-9.2,22.0,85,39.6
2024-03-13T08:00,-2.2,0.00,0.00,0.00,-8.2,18.9,76,40.0
2024-03-13T09:00,-0.9,0.00,0.00,0.00,-7.5,23.5,85,42.8
2024-03-13T10:00,1.1,0.00,0.00,0.00,-5.9,25.9,88,48.6
2024-03-13T11:00,3.2,0.00,0.00,0.00,-4.1,28.1,89,53.6
2024-03-13T12:00,4.9,0.00,0.00,0.00,-2.4,29.5,92,57.6
2024-03-13T13:00,5.6,0.00,0.00,0.00,-1.7,29.5,91,57.2
2024-03-13T14:00,6.2,0.00,0.00,0.00,-1.2,29.5,91,56.9
2024-03-13T15:00,6.4,0.00,0.00,0.00,-1.2,30.2,91,56.5
2024-03-13T16:00,6.3,0.00,0.00,0.00,-1.5,31.3,89,59.8
2024-03-13T17:00,5.2,0.00,0.00,0.00,-2.3,29.5,88,59.0
2024-03-13T18:00,3.9,0.00,0.07,0.00,-3.5,29.2,86,53.6
2024-03-13T19:00,3.4,0.00,0.00,0.00,-4.3,30.3,93,54.7
2024-03-13T20:00,2.8,0.00,0.00,0.00,-4.8,30.1,97,55.1
2024-03-13T21:00,2.2,0.00,0.00,0.00,-5.1,28.5,100,54.4
2024-03-13T22:00,1.7,0.00,0.00,0.00,-5.8,29.4,97,53.3
2024-03-13T23:00,1.7,0.00,0.00,0.00,-5.6,29.0,97,54.0
2024-03-14T00:00,1.6,0.00,0.00,0.00,-5.7,29.4,98,53.3
2024-03-14T01:00,1.4,0.00,0.00,0.00,-5.8,29.8,98,54.0
2024-03-14T02:00,1.1,0.00,0.00,0.00,-5.8,28.5,99,54.0
2024-03-14T03:00,0.6,0.00,0.00,0.00,-6.1,28.3,97,51.8
2024-03-14T04:00,0.9,0.00,0.00,0.00,-5.9,28.9,100,54.0
2024-03-14T05:00,0.8,0.00,0.00,0.00,-5.8,28.0,102,52.2
2024-03-14T06:00,0.9,0.00,0.00,0.00,-5.6,27.2,101,50.8
2024-03-14T07:00,1.0,0.00,0.00,0.00,-5.4,27.0,100,48.6
2024-03-14T08:00,1.5,0.00,0.00,0.00,-4.9,26.8,97,49.0
2024-03-14T09:00,2.3,0.00,0.00,0.00,-4.1,26.9,98,52.2
2024-03-14T10:00,2.5,0.00,0.00,0.00,-3.4,24.2,95,49.3
2024-03-14T11:00,3.2,0.10,0.00,0.10,-3.3,28.4,114,49.7
2024-03-14T12:00,5.1,0.00,0.00,0.00,-1.1,26.8,114,53.6
2024-03-14T13:00,6.1,0.00,0.00,0.00,0.2,25.7,105,49.3
2024-03-14T14:00,5.5,0.10,0.00,0.10,-0.4,26.3,100,49.3
2024-03-14T15:00,5.0,0.10,0.00,0.10,-0.6,24.1,99,49.0
2024-03-14T16:00,6.4,0.00,0.00,0.00,-0.1,29.4,105,54.7
2024-03-14T17:00,6.6,0.00,0.00,0.00,0.6,26.4,107,54.4
2024-03-14T18:00,6.1,0.00,0.00,0.00,0.8,22.1,109,47.9
2024-03-14T19:00,5.3,0.00,0.00,0.00,-0.1,22.0,100,39.6
2024-03-14T20:00,4.2,0.00,0.00,0.00,-1.3,22.4,101,40.3
2024-03-14T21:00,3.5,0.00,0.00,0.00,-1.7,20.3,103,40.0
2024-03-14T22:00,3.1,0.00,0.00,0.00,-2.0,19.5,102,36.4
2024-03-14T23:00,2.6,0.00,0.00,0.00,-2.3,18.4,102,34.2
2024-03-15T00:00,2.8,0.00,0.00,0.00,-2.1,18.4,101,33.1
2024-03-15T01:00,2.6,0.00,0.00,0.00,-2.2,18.2,98,32.8
2024-03-15T02:00,2.6,0.00,0.00,0.00,-2.2,18.1,97,32.8
2024-03-15T03:00,2.4,0.10,0.00,0.10,-2.2,17.7,94,32.0
2024-03-15T04:00,1.5,0.00,0.00,0.00,-3.4,18.0,93,32.4
2024-03-15T05:00,2.0,0.00,0.00,0.00,-2.8,17.7,94,32.0
2024-03-15T06:00,2.0,0.10,0.00,0.10,-2.7,17.3,92,31.3
2024-03-15T07:00,1.7,0.30,0.00,0.30,-2.9,17.3,91,31.0
2024-03-15T08:00,1.9,0.10,0.00,0.10,-2.8,18.0,92,32.0
2024-03-15T09:00,2.3,0.00,0.00,0.00,-2.6,19.1,90,33.5
2024-03-15T10:00,3.7,0.00,0.00,0.00,-1.5,21.3,95,38.9
2024-03-15T11:00,6.0,0.00,0.00,0.00,1.0,21.2,105,43.6
2024-03-15T12:00,7.7,0.00,0.00,0.00,2.9,19.7,108,42.5
2024-03-15T13:00,8.5,0.00,0.00,0.00,4.1,17.9,105,39.2
2024-03-15T14:00,8.7,0.00,0.00,0.00,4.4,17.1,105,35.6
2024-03-15T15:00,8.5,0.00,0.00,0.00,4.3,16.7,97,33.5
2024-03-15T16:00,7.6,0.00,0.00,0.00,2.7,19.3,99,37.4
2024-03-15T17:00,7.3,0.00,0.00,0.00,2.6,18.1,95,36.7
2024-03-15T18:00,6.2,0.00,0.00,0.00,1.8,16.2,93,33.8
2024-03-15T19:00,5.4,0.00,0.00,0.00,0.9,16.2,86,29.2
2024-03-15T20:00,4.7,0.00,0.00,0.00,0.2,15.9,77,28.8
2024-03-15T21:00,3.8,0.00,0.00,0.00,-0.6,14.6,80,28.4
2024-03-15T22:00,3.3,0.00,0.00,0.00,-0.8,12.4,82,25.2
2024-03-15T23:00,2.3,0.00,0.00,0.00,-1.5,10.4,76,20.9
2024-03-16T00:00,2.3,0.00,0.00,0.00,-1.6,10.4,70,18.4
2024-03-16T01:00,2.0,0.00,0.00,0.00,-1.8,10.3,65,17.6
2024-03-16T02:00,0.9,0.00,0.00,0.00,-3.0,10.3,54,17.6
2024-03-16T03:00,0.5,0.00,0.00,0.00,-3.5,10.5,52,18.0
2024-03-16T04:00,1.5,0.00,0.00,0.00,-2.4,10.2,51,17.6
2024-03-16T05:00,1.7,0.00,0.00,0.00,-2.3,10.7,57,18.4
2024-03-16T06:00,1.8,0.00,0.00,0.00,-2.1,10.7,57,18.7
2024-03-16T07:00,1.9,0.00,0.00,0.00,-2.0,10.8,60,18.4
2024-03-16T08:00,2.4,0.00,0.00,0.00,-1.2,9.1,56,18.7
2024-03-16T09:00,3.0,0.00,0.00,0.00,-0.5,8.8,55,17.6
2024-03-16T10:00,4.8,0.00,0.00,0.00,1.2,9.7,68,21.6
2024-03-16T11:00,6.6,0.00,0.00,0.00,3.2,9.5,79,23.0
2024-03-16T12:00,8.1,0.00,0.00,0.00,5.0,8.4,80,23.0
2024-03-16T13:00,9.0,0.00,0.00,0.00,6.1,7.6,85,22.0
2024-03-16T14:00,10.0,0.00,0.00,0.00,7.4,5.8,97,19.8
2024-03-16T15:00,10.2,0.00,0.00,0.00,7.9,3.2,63,17.3
2024-03-16T16:00,10.8,0.00,0.00,0.00,8.4,4.1,52,14.0
2024-03-16T17:00,10.4,0.00,0.00,0.00,7.8,4.8,27,12.2
2024-03-16T18:00,8.4,0.00,0.00,0.00,6.1,5.9,43,10.4
2024-03-16T19:00,6.6,0.00,0.00,0.00,4.0,5.6,50,9.0
2024-03-16T20:00,6.9,0.00,0.00,0.00,4.5,4.4,55,8.6
2024-03-16T21:00,6.4,0.00,0.00,0.00,4.0,5.1,39,7.2
2024-03-16T22:00,5.8,0.00,0.00,0.00,3.5,4.0,355,5.8
2024-03-16T23:00,5.6,0.00,0.00,0.00,2.7,7.1,45,11.5
2024-03-17T00:00,4.9,0.00,0.00,0.00,2.0,7.0,69,11.9
2024-03-17T01:00,4.4,0.00,0.00,0.00,1.3,7.8,68,13.3
2024-03-17T02:00,3.6,0.00,0.00,0.00,0.8,5.4,90,13.3
2024-03-17T03:00,3.3,0.00,0.00,0.00,0.6,4.8,103,9.7
2024-03-17T04:00,2.9,0.00,0.00,0.00,0.3,4.7,94,7.9
2024-03-17T05:00,2.9,0.00,0.00,0.00,0.6,2.3,51,5.4
2024-03-17T06:00,2.8,0.00,0.00,0.00,0.2,4.5,76,5.0
2024-03-17T07:00,3.2,0.00,0.00,0.00,0.8,2.7,157,5.4
2024-03-17T08:00,3.7,0.00,0.00,0.00,1.1,4.5,194,9.0
2024-03-17T09:00,5.0,0.00,0.00,0.00,2.9,1.3,236,9.4
2024-03-17T10:00,6.5,0.00,0.00,0.00,4.4,2.9,240,10.4
2024-03-17T11:00,7.8,0.00,0.00,0.00,5.5,4.4,261,13.7
2024-03-17T12:00,8.4,0.00,0.00,0.00,6.1,5.1,274,14.4
2024-03-17T13:00,9.1,0.00,0.00,0.00,6.7,5.4,278,14.8
2024-03-17T14:00,9.8,0.00,0.00,0.00,7.0,8.3,288,19.1
2024-03-17T15:00,9.7,0.00,0.00,0.00,6.8,8.6,272,19.1
2024-03-17T16:00,9.4,0.00,0.00,0.00,6.5,8.3,270,16.6
2024-03-17T17:00,8.4,0.00,0.00,0.00,5.7,8.7,265,16.9
2024-03-17T18:00,7.4,0.00,0.00,0.00,4.5,10.2,260,17.6
2024-03-17T19:00,6.3,0.00,0.00,0.00,3.3,10.1,264,18.7
2024-03-17T20:00,5.6,0.00,0.00,0.00,2.9,8.4,263,17.6
2024-03-17T21:00,5.2,0.00,0.00,0.00,2.5,8.2,255,14.4
2024-03-17T22:00,4.8,0.00,0.00,0.00,2.0,9.2,249,15.5
2024-03-17T23:00,4.8,0.00,0.00,0.00,1.8,10.1,253,17.6
2024-03-18T00:00,4.6,0.00,0.00,0.00,1.7,9.4,263,17.6
2024-03-18T01:00,4.6,0.00,0.00,0.00,1.8,9.1,261,16.6
2024-03-18T02:00,4.4,0.00,0.00,0.00,1.8,7.3,261,15.5
2024-03-18T03:00,4.0,0.00,0.00,0.00,1.4,7.2,252,12.6
2024-03-18T04:00,4.4,0.00,0.00,0.00,1.7,8.6,255,14.0
2024-03-18T05:00,4.7,0.00,0.00,0.00,1.8,9.5,259,16.6
2024-03-18T06:00,4.8,0.20,0.00,0.20,2.1,8.4,260,16.6
2024-03-18T07:00,4.7,0.20,0.00,0.20,2.0,9.1,252,15.5
2024-03-18T08:00,5.1,0.00,0.00,0.00,2.4,9.4,247,16.2
2024-03-18T09:00,7.0,0.00,0.00,0.00,4.6,8.2,247,18.7
2024-03-18T10:00,8.3,0.00,0.00,0.00,5.8,9.7,248,22.0
2024-03-18T11:00,9.6,0.00,0.00,0.00,6.9,10.1,253,25.6
2024-03-18T12:00,10.4,0.00,0.00,0.00,7.7,9.7,270,25.9
2024-03-18T13:00,11.5,0.10,0.00,0.10,9.2,9.4,266,25.6
2024-03-18T14:00,11.8,0.00,0.00,0.00,8.9,9.6,257,23.8
2024-03-18T15:00,11.8,0.00,0.00,0.00,8.6,10.4,250,23.4
2024-03-18T16:00,11.7,0.00,0.00,0.00,8.6,9.3,242,24.1
2024-03-18T17:00,11.0,0.00,0.00,0.00,8.1,8.8,251,20.5
2024-03-18T18:00,9.2,0.00,0.00,0.00,6.8,6.6,261,17.3
2024-03-18T19:00,5.9,0.00,0.00,0.00,3.2,8.0,288,11.2
2024-03-18T20:00,4.4,0.00,0.00,0.00,1.5,7.8,347,11.2
2024-03-18T21:00,3.8,0.00,0.00,0.00,1.2,5.4,8,9.4
2024-03-18T22:00,4.3,0.00,0.00,0.00,1.4,7.4,61,11.2
2024-03-18T23:00,4.1,0.00,0.00,0.00,0.8,10.5,74,17.3
2024-03-19T00:00,3.7,0.00,0.00,0.00,0.4,10.6,80,18.4
2024-03-19T01:00,3.2,0.00,0.00,0.00,-0.0,9.8,84,18.0
2024-03-19T02:00,2.8,0.00,0.00,0.00,-0.5,10.5,84,17.6
2024-03-19T03:00,2.6,0.00,0.00,0.00,-1.0,12.0,83,20.2
2024-03-19T04:00,3.0,0.00,0.00,0.00,-0.6,12.7,83,22.0
2024-03-19T05:00,2.8,0.00,0.00,0.00,-1.0,13.4,82,22.7
2024-03-19T06:00,2.5,0.00,0.00,0.00,-1.4,13.8,81,24.1
2024-03-19T07:00,2.5,0.00,0.00,0.00,-1.5,14.9,82,25.6
2024-03-19T08:00,4.0,0.00,0.00,0.00,0.1,15.3,81,27.4
2024-03-19T09:00,6.0,0.00,0.00,0.00,2.4,14.9,83,29.5
2024-03-19T10:00,8.4,0.00,0.00,0.00,4.9,15.0,79,31.3
2024-03-19T11:00,10.4,0.00,0.00,0.00,6.7,15.9,84,32.8
2024-03-19T12:00,12.0,0.00,0.00,0.00,8.1,17.7,86,35.6
2024-03-19T13:00,13.5,0.00,0.00,0.00,9.4,19.9,96,40.0
2024-03-19T14:00,13.6,0.00,0.00,0.00,8.9,19.9,96,40.0
2024-03-19T15:00,13.4,0.00,0.00,0.00,8.5,20.6,102,39.2
2024-03-19T16:00,12.8,0.00,0.00,0.00,7.9,21.0,84,40.7
2024-03-19T17:00,12.3,0.00,0.00,0.00,7.6,20.3,78,40.7
2024-03-19T18:00,10.7,0.00,0.00,0.00,5.9,22.7,67,40.3
2024-03-19T19:00,8.7,0.00,0.00,0.00,4.0,21.9,73,41.0
2024-03-19T20:00,7.5,0.00,0.00,0.00,2.7,22.3,76,40.3
2024-03-19T21:00,6.5,0.00,0.00,0.00,1.8,20.7,77,39.6
2024-03-19T22:00,5.7,0.00,0.00,0.00,1.0,20.1,81,36.7
2024-03-19T23:00,5.0,0.00,0.00,0.00,0.4,19.1,78,35.6
2024-03-20T00:00,4.2,0.00,0.00,0.00,-0.2,17.5,76,33.8
2024-03-20T01:00,3.7,0.00,0.00,0.00,-0.6,16.9,74,31.0
2024-03-20T02:00,3.3,0.00,0.00,0.00,-1.1,16.6,72,29.5
2024-03-20T03:00,3.1,0.00,0.00,0.00,-1.4,17.1,72,30.2
2024-03-20T04:00,2.7,0.00,0.00,0.00,-1.9,17.8,72,31.0
2024-03-20T05:00,2.1,0.00,0.00,0.00,-2.6,18.1,73,32.0
2024-03-20T06:00,1.5,0.00,0.00,0.00,-3.3,18.4,73,32.4
2024-03-20T07:00,1.4,0.00,0.00,0.00,-3.5,19.1,74,33.8
2024-03-20T08:00,2.4,0.00,0.00,0.00,-2.5,19.2,77,37.4
2024-03-20T09:00,3.8,0.00,0.00,0.00,-1.2,20.3,83,40.3
2024-03-20T10:00,5.2,0.00,0.00,0.00,0.5,18.8,78,38.9
2024-03-20T11:00,6.9,0.00,0.00,0.00,2.3,18.0,78,37.1
2024-03-20T12:00,8.3,0.00,0.00,0.00,3.8,18.3,80,37.8
2024-03-20T13:00,10.1,0.00,0.00,0.00,5.2,22.0,92,43.2
2024-03-20T14:00,10.7,0.00,0.00,0.00,5.5,20.9,93,43.6
2024-03-20T15:00,10.8,0.00,0.00,0.00,5.8,20.2,90,41.4
2024-03-20T16:00,10.1,0.00,0.00,0.00,5.2,18.4,88,38.9
2024-03-20T17:00,9.5,0.00,0.00,0.00,4.7,18.0,88,36.0
2024-03-20T18:00,8.0,0.00,0.00,0.00,3.8,14.0,78,33.5
2024-03-20T19:00,5.9,0.00,0.00,0.00,2.0,12.4,73,24.8
2024-03-20T20:00,4.8,0.00,0.00,0.00,1.0,12.0,83,21.6
2024-03-20T21:00,3.9,0.00,0.00,0.00,0.1,12.0,83,20.9
2024-03-20T22:00,2.8,0.00,0.00,0.00,-0.8,10.7,76,20.5
2024-03-20T23:00,2.0,0.00,0.00,0.00,-1.7,11.4,72,19.1
2024-03-21T00:00,1.5,0.00,0.00,0.00,-2.6,13.2,73,23.0
2024-03-21T01:00,1.5,0.00,0.00,0.00,-2.8,12.8,74,23.4
2024-03-21T02:00,1.1,0.00,0.00,0.00,-3.3,13.4,70,23.4
2024-03-21T03:00,0.6,0.00,0.00,0.00,-4.0,14.2,66,24.5
2024-03-21T04:00,0.5,0.00,0.00,0.00,-4.0,13.9,69,25.9
2024-03-21T05:00,-0.2,0.00,0.00,0.00,-4.7,14.2,66,24.8
2024-03-21T06:00,-0.8,0.00,0.00,0.00,-5.5,14.7,65,25.9
2024-03-21T07:00,-1.2,0.00,0.00,0.00,-5.9,14.8,67,27.0
2024-03-21T08:00,-0.3,0.00,0.00,0.00,-5.1,15.8,69,30.2
2024-03-21T09:00,1.6,0.00,0.00,0.00,-3.1,15.7,74,32.0
2024-03-21T10:00,3.7,0.00,0.00,0.00,-0.9,15.8,78,33.1
2024-03-21T11:00,5.5,0.00,0.00,0.00,1.1,16.0,81,34.2
2024-03-21T12:00,7.0,0.00,0.00,0.00,2.8,16.6,92,36.4
2024-03-21T13:00,7.4,0.00,0.00,0.00,2.9,15.2,94,35.6
2024-03-21T14:00,7.6,0.00,0.00,0.00,3.4,13.7,92,32.4
2024-03-21T15:00,7.9,0.00,0.00,0.00,3.6,13.8,84,29.5
2024-03-21T16:00,6.3,0.00,0.00,0.00,1.7,15.5,72,31.0
2024-03-21T17:00,5.5,0.00,0.00,0.00,0.7,16.3,68,31.3
2024-03-21T18:00,4.5,0.00,0.00,0.00,-0.4,17.1,65,32.4
2024-03-21T19:00,3.6,0.00,0.00,0.00,-1.0,15.0,66,33.1
2024-03-21T20:00,2.8,0.00,0.00,0.00,-1.4,12.4,68,26.6
2024-03-21T21:00,2.2,0.00,0.00,0.00,-1.8,11.1,65,22.0
2024-03-21T22:00,1.7,0.00,0.00,0.00,-2.4,11.3,63,19.8
2024-03-21T23:00,1.2,0.00,0.00,0.00,-3.0,12.6,53,21.2
2024-03-22T00:00,0.6,0.00,0.00,0.00,-3.6,12.3,52,22.0
2024-03-22T01:00,0.2,0.00,0.00,0.00,-3.9,11.3,63,21.6
2024-03-22T02:00,0.2,0.00,0.00,0.00,-3.8,10.5,68,19.8
2024-03-22T03:00,0.6,0.00,0.00,0.00,-3.5,11.4,55,19.8
2024-03-22T04:00,1.0,0.00,0.00,0.00,-3.3,12.7,55,22.3
2024-03-22T05:00,0.8,0.00,0.00,0.00,-3.5,12.2,47,22.3
2024-03-22T06:00,0.5,0.00,0.00,0.00,-3.6,11.2,45,21.6
2024-03-22T07:00,0.7,0.00,0.00,0.00,-3.7,13.3,52,23.4
2024-03-22T08:00,1.3,0.00,0.00,0.00,-3.2,14.1,58,27.4
2024-03-22T09:00,2.3,0.00,0.00,0.00,-2.5,16.6,68,32.0
2024-03-22T10:00,3.5,0.00,0.00,0.00,-1.4,17.1,72,34.2
2024-03-22T11:00,4.4,0.00,0.00,0.00,-0.1,14.1,75,33.8
2024-03-22T12:00,4.6,0.00,0.00,0.00,0.3,12.8,80,29.9
2024-03-22T13:00,4.8,0.00,0.00,0.00,0.7,11.8,78,27.4
2024-03-22T14:00,4.9,0.00,0.00,0.00,0.8,12.1,67,25.6
2024-03-22T15:00,5.1,0.00,0.00,0.00,0.9,12.9,60,26.6
2024-03-22T16:00,4.5,0.00,0.00,0.00,-0.0,14.5,63,29.9
2024-03-22T17:00,4.3,0.00,0.00,0.00,-0.3,15.0,60,28.8
2024-03-22T18:00,4.0,0.00,0.00,0.00,-0.6,14.3,65,28.8
2024-03-22T19:00,3.5,0.00,0.00,0.00,-0.5,10.8,69,28.1
2024-03-22T20:00,3.3,0.00,0.00,0.00,-0.8,11.4,66,20.5
2024-03-22T21:00,3.0,0.00,0.00,0.00,-1.3,12.5,78,22.0
2024-03-22T22:00,2.7,0.00,0.00,0.00,-1.4,11.2,90,22.0
2024-03-22T23:00,2.6,0.00,0.00,0.00,-1.2,8.7,85,19.8
2024-03-23T00:00,2.4,0.00,0.00,0.00,-1.1,7.1,66,15.1
2024-03-23T01:00,2.3,0.00,0.00,0.00,-1.1,6.6,49,12.2
2024-03-23T02:00,2.2,0.00,0.00,0.00,-1.4,7.9,47,13.7
2024-03-23T03:00,1.9,0.00,0.00,0.00,-1.8,8.7,45,15.1
2024-03-23T04:00,2.0,0.00,0.00,0.00,-1.8,9.0,53,16.9
2024-03-23T05:00,1.6,0.00,0.00,0.00,-1.9,7.4,67,15.8
2024-03-23T06:00,1.7,0.00,0.00,0.00,-1.9,8.0,63,14.0
2024-03-23T07:00,1.9,0.00,0.00,0.00,-1.7,8.4,65,14.8
2024-03-23T08:00,2.4,0.00,0.00,0.00,-1.4,9.6,77,18.7
2024-03-23T09:00,3.2,0.00,0.00,0.00,-0.4,8.8,81,19.8
2024-03-23T10:00,4.2,0.00,0.00,0.00,0.6,9.0,92,21.2
2024-03-23T11:00,5.1,0.00,0.00,0.00,1.8,7.4,113,21.2
2024-03-23T12:00,5.7,0.00,0.00,0.00,2.7,5.4,143,19.1
2024-03-23T13:00,6.1,0.00,0.00,0.00,3.3,4.8,167,16.6
2024-03-23T14:00,6.5,0.00,0.00,0.00,3.6,5.0,201,15.1
2024-03-23T15:00,6.8,0.00,0.00,0.00,3.9,5.5,238,15.1
2024-03-23T16:00,6.3,0.00,0.00,0.00,3.4,5.5,212,13.7
2024-03-23T17:00,6.3,0.00,0.00,0.00,3.1,6.7,216,15.1
2024-03-23T18:00,5.8,0.00,0.00,0.00,3.3,3.2,243,14.8
2024-03-23T19:00,4.8,0.00,0.00,0.00,2.3,3.3,131,5.0
2024-03-23T20:00,4.0,0.00,0.00,0.00,1.2,5.3,118,6.5
2024-03-23T21:00,4.4,0.00,0.00,0.00,1.6,5.2,168,6.1
2024-03-23T22:00,4.2,0.00,0.00,0.00,1.4,5.1,176,7.9
2024-03-23T23:00,3.2,0.00,0.00,0.00,0.5,5.1,184,8.3
2024-03-24T00:00,2.5,0.00,0.00,0.00,-0.4,7.4,203,11.9
2024-03-24T01:00,2.3,0.00,0.00,0.00,-0.7,7.4,223,14.4
2024-03-24T02:00,0.2,0.00,0.00,0.00,-3.2,8.2,221,12.2
2024-03-24T03:00,-0.4,0.00,0.00,0.00,-3.8,8.0,216,11.9
2024-03-24T04:00,-1.3,0.00,0.00,0.00,-5.1,10.5,232,12.6
2024-03-24T05:00,-1.2,0.00,0.00,0.00,-5.0,9.9,237,12.6
2024-03-24T06:00,-1.3,0.00,0.00,0.00,-4.9,9.4,220,11.9
2024-03-24T07:00,0.4,0.00,0.00,0.00,-2.3,4.2,211,11.2
2024-03-24T08:00,2.7,0.00,0.00,0.00,0.4,3.3,193,9.7
2024-03-24T09:00,5.5,0.00,0.00,0.00,3.0,6.0,197,15.5
2024-03-24T10:00,7.9,0.00,0.00,0.00,4.3,14.4,217,28.4
2024-03-24T11:00,9.8,0.10,0.00,0.10,5.3,19.8,233,38.2
2024-03-24T12:00,10.6,0.00,0.00,0.00,6.3,18.7,232,38.9
2024-03-24T13:00,11.7,0.00,0.00,0.00,7.5,16.9,232,37.1
2024-03-24T14:00,12.0,0.00,0.00,0.00,7.9,16.0,234,34.6
2024-03-24T15:00,12.0,0.00,0.00,0.00,8.4,13.1,238,32.8
2024-03-24T16:00,13.0,0.00,0.00,0.00,9.5,11.8,239,30.2
2024-03-24T17:00,12.2,0.00,0.00,0.00,9.2,9.1,261,24.1
2024-03-24T18:00,10.4,0.00,0.00,0.00,7.8,7.6,270,17.3
2024-03-24T19:00,8.4,0.00,0.00,0.00,5.9,5.8,270,13.0
2024-03-24T20:00,7.6,0.00,0.00,0.00,5.1,6.9,261,8.6
2024-03-24T21:00,8.7,0.00,0.00,0.00,5.9,7.3,171,8.3
2024-03-24T22:00,5.3,0.00,0.00,0.00,2.1,10.0,167,13.7
2024-03-24T23:00,6.2,0.00,0.00,0.00,3.2,9.7,195,15.5
2024-03-25T00:00,5.0,0.00,0.00,0.00,2.1,8.2,218,16.2
2024-03-25T01:00,3.7,0.00,0.00,0.00,0.8,7.5,215,13.3
2024-03-25T02:00,2.0,0.00,0.00,0.00,-1.6,11.0,199,13.0
2024-03-25T03:00,2.3,0.00,0.00,0.00,-0.9,9.1,187,13.3
2024-03-25T04:00,4.5,0.00,0.00,0.00,1.9,6.1,177,10.1
2024-03-25T05:00,2.2,0.00,0.00,0.00,-0.6,6.4,142,7.6
2024-03-25T06:00,1.7,0.00,0.00,0.00,-1.1,5.8,112,8.3
2024-03-25T07:00,2.8,0.00,0.00,0.00,0.6,2.9,83,7.2
2024-03-25T08:00,5.2,0.00,0.00,0.00,2.6,7.7,101,14.0
2024-03-25T09:00,7.1,0.00,0.00,0.00,4.7,7.7,101,17.6
2024-03-25T10:00,9.6,0.00,0.00,0.00,7.0,9.8,107,22.7
2024-03-25T11:00,11.6,0.00,0.00,0.00,8.6,12.8,128,27.4
2024-03-25T12:00,12.9,0.00,0.00,0.00,9.4,16.1,146,33.8
2024-03-25T13:00,13.5,0.10,0.00,0.10,10.1,13.8,147,33.5
2024-03-25T14:00,13.9,0.10,0.00,0.10,10.5,12.0,141,29.2
2024-03-25T15:00,14.1,0.10,0.00,0.10,10.6,12.2,133,25.9
2024-03-25T16:00,14.6,0.00,0.00,0.00,10.8,14.0,134,28.1
2024-03-25T17:00,13.8,0.00,0.00,0.00,10.2,12.8,130,28.8
2024-03-25T18:00,12.0,0.00,0.00,0.00,9.1,9.7,117,22.7
2024-03-25T19:00,10.0,0.00,0.00,0.00,6.6,12.8,101,21.2
2024-03-25T20:00,9.0,0.00,0.00,0.00,5.2,15.1,102,25.6
2024-03-25T21:00,8.1,0.00,0.00,0.00,4.1,16.5,110,28.4
2024-03-25T22:00,7.2,0.00,0.00,0.00,3.5,14.3,115,28.4
2024-03-25T23:00,6.1,0.00,0.00,0.00,2.8,11.6,116,24.5
2024-03-26T00:00,5.0,0.00,0.00,0.00,1.9,10.5,106,20.2
2024-03-26T01:00,4.3,0.00,0.00,0.00,1.2,10.1,107,18.4
2024-03-26T02:00,3.9,0.00,0.00,0.00,0.6,11.2,92,18.7
2024-03-26T03:00,3.5,0.00,0.00,0.00,0.2,10.8,88,20.9
2024-03-26T04:00,2.9,0.00,0.00,0.00,-0.1,8.3,95,19.1
2024-03-26T05:00,2.6,0.00,0.00,0.00,-0.8,10.8,90,18.0
2024-03-26T06:00,2.4,0.00,0.00,0.00,-1.2,12.3,87,20.9
2024-03-26T07:00,2.8,0.00,0.00,0.00,-0.9,13.4,82,23.0
2024-03-26T08:00,4.6,0.00,0.00,0.00,1.1,13.0,87,24.1
2024-03-26T09:00,6.7,0.00,0.00,0.00,3.4,13.0,93,27.4
2024-03-26T10:00,8.8,0.00,0.00,0.00,5.2,14.8,94,30.6
2024-03-26T11:00,10.5,0.00,0.00,0.00,6.8,16.5,106,36.7
2024-03-26T12:00,10.8,0.00,0.00,0.00,7.3,13.7,113,34.9
2024-03-26T13:00,11.2,0.10,0.00,0.10,8.0,12.0,129,29.2
2024-03-26T14:00,11.2,0.00,0.00,0.00,8.1,10.9,134,25.6
2024-03-26T15:00,10.5,0.60,0.00,0.60,7.5,11.6,150,24.1
2024-03-26T16:00,9.0,1.00,0.00,1.00,6.9,8.2,131,26.6
2024-03-26T17:00,8.5,0.80,0.00,0.80,6.8,7.1,135,17.6
2024-03-26T18:00,8.2,0.20,0.00,0.20,6.9,4.2,121,13.0
2024-03-26T19:00,6.8,0.10,0.00,0.10,5.0,5.6,140,7.2
2024-03-26T20:00,6.0,0.00,0.00,0.00,4.1,5.8,158,7.6
2024-03-26T21:00,7.0,0.00,0.00,0.00,5.6,2.2,81,7.9
2024-03-26T22:00,6.7,0.00,0.00,0.00,5.1,3.9,248,4.3
2024-03-26T23:00,4.8,0.00,0.00,0.00,2.6,5.7,288,6.5
2024-03-27T00:00,3.3,0.00,0.00,0.00,0.8,6.6,315,9.7
2024-03-27T01:00,3.6,0.00,0.00,0.00,0.8,8.7,315,13.7
2024-03-27T02:00,3.6,0.00,0.00,0.00,0.7,9.4,313,15.8
2024-03-27T03:00,3.5,0.00,0.00,0.00,0.5,10.0,308,16.2
2024-03-27T04:00,4.3,0.00,0.00,0.00,1.1,10.8,307,19.1
2024-03-27T05:00,4.0,0.00,0.00,0.00,0.9,9.7,309,18.0
2024-03-27T06:00,3.9,0.00,0.00,0.00,0.8,9.9,303,16.9
2024-03-27T07:00,4.3,0.00,0.00,0.00,1.2,10.3,295,16.6
2024-03-27T08:00,6.2,0.00,0.00,0.00,3.6,9.4,270,18.0
2024-03-27T09:00,8.5,0.00,0.00,0.00,6.3,8.3,252,19.1
2024-03-27T10:00,10.5,0.00,0.00,0.00,7.9,12.1,253,26.6
2024-03-27T11:00,12.6,0.00,0.00,0.00,9.9,13.9,260,31.3
2024-03-27T12:00,13.3,0.10,0.00,0.10,9.9,16.9,269,34.6
2024-03-27T13:00,13.4,0.10,0.00,0.10,9.5,19.5,267,39.2
2024-03-27T14:00,12.7,0.10,0.00,0.10,8.3,21.3,267,42.5
2024-03-27T15:00,12.9,0.00,0.00,0.00,8.6,20.5,260,42.1
2024-03-27T16:00,11.9,0.00,0.00,0.00,7.5,21.2,255,43.6
2024-03-27T17:00,10.5,0.00,0.00,0.00,6.7,18.5,257,41.0
2024-03-27T18:00,9.1,0.00,0.00,0.00,5.4,18.6,252,34.6
2024-03-27T19:00,7.4,0.00,0.00,0.00,3.5,18.8,253,34.9
2024-03-27T20:00,6.6,0.00,0.00,0.00,3.0,16.9,258,33.1
2024-03-27T21:00,6.3,0.00,0.00,0.00,2.9,15.3,262,29.5
2024-03-27T22:00,6.1,0.00,0.00,0.00,3.0,13.8,261,26.3
2024-03-27T23:00,5.9,0.00,0.00,0.00,3.0,12.0,261,24.1
2024-03-28T00:00,5.7,0.00,0.00,0.00,2.8,11.7,261,20.5
2024-03-28T01:00,5.6,0.00,0.00,0.00,2.7,11.6,254,20.5
2024-03-28T02:00,5.4,0.00,0.00,0.00,2.8,9.8,253,20.2
2024-03-28T03:00,5.5,0.00,0.00,0.00,2.9,8.9,256,16.9
2024-03-28T04:00,5.6,0.00,0.00,0.00,3.4,6.6,248,11.9
2024-03-28T05:00,5.6,0.00,0.00,0.00,3.6,5.8,248,11.5
2024-03-28T06:00,5.4,0.00,0.00,0.00,3.4,4.7,247,9.7
2024-03-28T07:00,5.3,0.00,0.00,0.00,3.2,6.5,251,9.0
2024-03-28T08:00,6.9,0.00,0.00,0.00,5.0,5.8,248,14.0
2024-03-28T09:00,9.0,0.00,0.00,0.00,7.0,6.8,245,17.6
2024-03-28T10:00,10.8,0.00,0.00,0.00,8.9,7.2,243,19.4
2024-03-28T11:00,12.8,0.00,0.00,0.00,11.2,6.6,225,20.5
2024-03-28T12:00,14.2,0.00,0.00,0.00,12.8,6.8,198,20.2
2024-03-28T13:00,14.7,0.00,0.00,0.00,12.4,7.6,188,20.5
2024-03-28T14:00,15.5,0.00,0.00,0.00,13.1,7.2,174,20.9
2024-03-28T15:00,15.7,0.00,0.00,0.00,13.3,8.4,155,20.9
2024-03-28T16:00,16.6,0.00,0.00,0.00,13.8,10.0,167,22.3
2024-03-28T17:00,16.0,0.00,0.00,0.00,13.2,9.7,165,22.0
2024-03-28T18:00,13.8,0.00,0.00,0.00,12.1,5.5,148,18.4
2024-03-28T19:00,10.3,0.00,0.00,0.00,7.7,9.5,155,13.0
2024-03-28T20:00,9.5,0.00,0.00,0.00,6.8,8.8,161,13.3
2024-03-28T21:00,9.0,0.00,0.00,0.00,6.4,8.7,150,13.3
2024-03-28T22:00,8.7,0.00,0.00,0.00,5.9,9.5,151,15.5
2024-03-28T23:00,8.6,0.00,0.00,0.00,5.5,11.6,144,19.1
2024-03-29T00:00,8.8,0.00,0.00,0.00,5.7,11.3,153,20.5
2024-03-29T01:00,8.3,0.00,0.00,0.00,5.4,10.2,162,19.1
2024-03-29T02:00,8.0,0.20,0.00,0.20,5.3,8.4,173,16.6
2024-03-29T03:00,8.0,0.20,0.00,0.20,5.1,10.6,145,17.6
2024-03-29T04:00,8.1,0.00,0.00,0.00,5.5,8.4,137,18.4
2024-03-29T05:00,8.4,0.00,0.00,0.00,5.6,10.0,142,16.9
2024-03-29T06:00,7.9,0.00,0.00,0.00,5.4,8.4,155,16.9
2024-03-29T07:00,8.4,0.00,0.00,0.00,5.3,12.0,147,20.5
2024-03-29T08:00,9.1,0.00,0.00,0.00,6.0,11.9,155,21.2
2024-03-29T09:00,10.0,0.00,0.00,0.00,7.3,10.2,157,21.2
2024-03-29T10:00,12.8,0.00,0.00,0.00,10.1,11.5,178,24.5
2024-03-29T11:00,14.2,0.00,0.00,0.00,11.4,12.9,193,25.9
2024-03-29T12:00,15.3,0.00,0.00,0.00,12.1,14.7,216,28.4
2024-03-29T13:00,15.1,0.10,0.00,0.10,11.8,17.3,211,34.9
2024-03-29T14:00,13.3,0.10,0.00,0.10,10.9,13.6,202,34.6
2024-03-29T15:00,13.6,0.00,0.00,0.00,11.3,14.2,189,27.4
2024-03-29T16:00,12.2,0.00,0.00,0.00,10.2,14.9,173,28.4
2024-03-29T17:00,13.0,0.00,0.00,0.00,10.9,15.5,179,29.5
2024-03-29T18:00,12.4,0.00,0.00,0.00,9.6,18.8,185,32.8
2024-03-29T19:00,11.5,0.00,0.00,0.00,8.8,17.1,188,32.8
2024-03-29T20:00,11.2,0.00,0.00,0.00,8.5,16.9,180,30.2
2024-03-29T21:00,10.6,0.80,0.00,0.80,7.9,17.4,198,29.9
2024-03-29T22:00,11.0,1.00,0.00,1.00,7.9,22.3,211,38.2
2024-03-29T23:00,11.1,1.00,0.00,1.00,8.3,20.2,221,39.6
2024-03-30T00:00,11.0,0.20,0.00,0.20,7.9,21.1,226,36.7
2024-03-30T01:00,10.5,0.00,0.00,0.00,7.2,21.6,224,40.3
2024-03-30T02:00,9.8,1.50,0.00,1.50,6.4,21.2,235,37.8
2024-03-30T03:00,9.4,0.10,0.00,0.10,6.5,17.1,248,37.1
2024-03-30T04:00,8.8,0.00,0.00,0.00,5.8,17.5,256,30.6
2024-03-30T05:00,9.3,0.10,0.00,0.10,6.1,19.1,271,33.5
2024-03-30T06:00,9.7,0.00,0.00,0.00,6.6,19.1,273,34.6
2024-03-30T07:00,10.0,0.00,0.00,0.00,6.9,18.9,279,33.1
2024-03-30T08:00,10.4,0.00,0.00,0.00,7.4,18.4,296,33.5
2024-03-30T09:00,11.4,0.00,0.00,0.00,8.3,19.3,303,35.3
2024-03-30T10:00,13.7,0.10,0.00,0.10,10.1,22.5,311,42.5
2024-03-30T11:00,14.6,0.00,0.00,0.00,11.1,20.7,319,42.8
2024-03-30T12:00,16.4,0.00,0.00,0.00,12.8,19.9,316,41.0
2024-03-30T13:00,16.6,0.00,0.00,0.00,13.1,18.4,305,38.9
2024-03-30T14:00,16.4,0.00,0.00,0.00,13.0,18.5,294,36.0
2024-03-30T15:00,16.4,0.00,0.00,0.00,12.9,19.5,282,37.8
2024-03-30T16:00,15.8,0.00,0.00,0.00,12.8,18.2,256,34.9
2024-03-30T17:00,14.2,0.00,0.00,0.00,11.5,16.3,242,35.3
2024-03-30T18:00,12.8,0.00,0.00,0.00,9.9,16.4,255,30.2
2024-03-30T19:00,10.6,0.00,0.00,0.00,7.9,13.8,263,28.8
2024-03-30T20:00,9.4,0.00,0.00,0.00,7.2,10.4,256,23.8
2024-03-30T21:00,8.8,0.00,0.00,0.00,6.8,8.6,255,17.6
2024-03-30T22:00,8.4,0.00,0.00,0.00,6.3,9.0,241,14.8
2024-03-30T23:00,8.6,0.00,0.00,0.00,6.6,8.9,243,15.8
2024-03-31T00:00,8.5,0.00,0.00,0.00,6.6,8.4,245,14.4
2024-03-31T01:00,8.0,0.00,0.00,0.00,5.8,8.9,243,14.4
2024-03-31T02:00,7.6,0.00,0.00,0.00,5.4,8.7,246,15.1
2024-03-31T03:00,7.0,0.00,0.00,0.00,4.9,7.8,248,14.8
2024-03-31T04:00,6.1,0.00,0.00,0.00,3.9,7.8,248,11.5
2024-03-31T05:00,5.2,0.00,0.00,0.00,2.5,9.7,228,11.9
2024-03-31T06:00,4.7,0.00,0.00,0.00,1.9,9.9,213,11.2
2024-03-31T07:00,6.8,0.00,0.00,0.00,4.9,6.0,205,11.5
2024-03-31T08:00,9.4,0.00,0.00,0.00,7.7,6.0,197,13.7
2024-03-31T09:00,12.1,0.00,0.00,0.00,10.6,5.7,198,15.1
2024-03-31T10:00,14.6,0.00,0.00,0.00,12.9,7.4,203,19.1
2024-03-31T11:00,16.7,0.00,0.00,0.00,15.3,8.3,214,21.2
2024-03-31T12:00,18.1,0.00,0.00,0.00,16.9,9.4,223,23.0
2024-03-31T13:00,19.0,0.00,0.00,0.00,18.1,9.2,231,23.4
2024-03-31T14:00,19.6,0.00,0.00,0.00,18.4,9.4,238,22.7
2024-03-31T15:00,19.8,0.00,0.00,0.00,18.1,9.0,241,22.7
2024-03-31T16:00,20.1,0.00,0.00,0.00,17.8,8.4,245,21.2
2024-03-31T17:00,19.2,0.00,0.00,0.00,17.6,7.0,249,18.0
2024-03-31T18:00,16.4,0.00,0.00,0.00,15.8,6.1,273,11.9
2024-03-31T19:00,12.9,0.00,0.00,0.00,11.3,8.0,288,9.7
2024-03-31T20:00,11.7,0.00,0.00,0.00,9.9,7.3,303,9.7
2024-03-31T21:00,14.8,0.00,0.00,0.00,13.3,3.6,315,8.6
2024-03-31T22:00,15.1,0.00,0.00,0.00,13.4,4.5,104,5.0
2024-03-31T23:00,10.6,0.00,0.00,0.00,8.3,8.7,132,9.7
2024-04-01T00:00,8.4,0.00,0.00,0.00,5.8,10.5,142,12.2
2024-04-01T01:00,7.7,0.00,0.00,0.00,4.8,11.7,162,13.7
2024-04-01T02:00,7.2,0.00,0.00,0.00,4.1,12.0,164,14.0
2024-04-01T03:00,6.7,0.00,0.00,0.00,3.6,12.1,153,14.4
2024-04-01T04:00,7.8,0.00,0.00,0.00,5.4,8.3,124,13.0
2024-04-01T05:00,8.0,0.00,0.00,0.00,5.8,7.1,105,12.2
2024-04-01T06:00,8.0,0.00,0.00,0.00,5.7,8.1,103,13.3
2024-04-01T07:00,9.3,0.00,0.00,0.00,6.8,9.7,105,15.8
2024-04-01T08:00,11.6,0.00,0.00,0.00,9.5,9.8,107,18.4
2024-04-01T09:00,14.5,0.00,0.00,0.00,12.8,9.0,113,19.8
2024-04-01T10:00,17.3,0.00,0.00,0.00,15.7,10.7,123,23.4
2024-04-01T11:00,19.3,0.00,0.00,0.00,17.8,13.0,134,28.1
2024-04-01T12:00,20.8,0.00,0.00,0.00,19.2,13.4,144,28.8
2024-04-01T13:00,21.7,0.00,0.00,0.00,20.2,13.4,153,28.8
2024-04-01T14:00,22.0,0.00,0.00,0.00,20.1,14.8,154,30.6
2024-04-01T15:00,22.1,0.00,0.00,0.00,19.7,15.0,153,31.0
2024-04-01T16:00,22.8,0.00,0.00,0.00,20.0,13.7,153,28.8
2024-04-01T17:00,21.6,0.00,0.00,0.00,19.8,10.5,149,26.3
2024-04-01T18:00,19.3,0.00,0.00,0.00,17.8,9.7,138,18.7
2024-04-01T19:00,17.0,0.00,0.00,0.00,15.1,10.7,130,17.3
2024-04-01T20:00,16.1,0.00,0.00,0.00,13.7,12.2,133,20.2
2024-04-01T21:00,15.4,0.00,0.00,0.00,12.8,13.0,136,21.6
2024-04-01T22:00,14.9,0.00,0.00,0.00,12.3,12.5,141,21.6
2024-04-01T23:00,14.2,0.00,0.00,0.00,11.9,10.7,140,20.9
2024-04-02T00:00,13.7,0.00,0.00,0.00,11.5,9.7,141,18.0
2024-04-02T01:00,12.8,0.00,0.00,0.00,10.9,7.9,156,15.8
2024-04-02T02:00,10.6,0.00,0.00,0.00,8.4,10.1,184,13.0
2024-04-02T03:00,9.6,0.00,0.00,0.00,7.2,10.8,178,13.7
2024-04-02T04:00,10.4,0.00,0.00,0.00,8.7,7.2,162,12.6
2024-04-02T05:00,9.1,0.00,0.00,0.00,7.3,7.6,149,11.9
2024-04-02T06:00,8.3,0.00,0.00,0.00,6.4,7.3,123,11.2
2024-04-02T07:00,10.1,0.00,0.00,0.00,8.4,7.6,121,11.5
2024-04-02T08:00,12.4,0.00,0.00,0.00,11.2,6.6,135,15.1
2024-04-02T09:00,15.1,0.00,0.00,0.00,14.3,6.4,153,16.2
2024-04-02T10:00,17.9,0.00,0.00,0.00,17.2,7.1,165,18.7
2024-04-02T11:00,20.3,0.00,0.00,0.00,19.6,8.7,173,21.6
2024-04-02T12:00,21.9,0.00,0.00,0.00,21.3,10.8,178,24.5
2024-04-02T13:00,23.1,0.00,0.00,0.00,22.2,12.6,182,27.4
2024-04-02T14:00,23.7,0.00,0.00,0.00,22.3,13.8,187,29.2
2024-04-02T15:00,23.9,0.00,0.00,0.00,22.0,13.5,189,29.2
2024-04-02T16:00,23.9,0.00,0.00,0.00,21.0,13.0,177,26.6
2024-04-02T17:00,22.7,0.00,0.00,0.00,21.0,9.8,172,24.1
2024-04-02T18:00,20.2,0.00,0.00,0.00,18.7,8.8,161,16.6
2024-04-02T19:00,18.4,0.00,0.00,0.00,16.1,11.1,155,17.6
2024-04-02T20:00,17.4,0.00,0.00,0.00,14.9,12.2,152,20.2
2024-04-02T21:00,16.7,0.00,0.00,0.00,13.7,13.7,150,23.0
2024-04-02T22:00,15.9,0.00,0.00,0.00,13.1,13.4,156,23.0
2024-04-02T23:00,15.3,0.00,0.00,0.00,12.5,13.5,155,23.0
2024-04-03T00:00,14.7,0.00,0.00,0.00,12.0,12.6,156,22.7
2024-04-03T01:00,14.1,0.00,0.00,0.00,11.3,11.9,155,20.9
2024-04-03T02:00,13.3,0.00,0.00,0.00,10.8,10.2,162,20.2
2024-04-03T03:00,11.8,0.00,0.00,0.00,9.7,7.6,172,16.9
2024-04-03T04:00,11.0,0.00,0.00,0.00,9.0,7.6,185,13.3
2024-04-03T05:00,11.3,0.00,0.00,0.00,9.0,9.4,173,15.1
2024-04-03T06:00,11.0,0.00,0.00,0.00,8.2,12.8,169,20.9
2024-04-03T07:00,12.1,0.00,0.00,0.00,9.0,15.1,177,25.9
2024-04-03T08:00,13.9,0.00,0.00,0.00,11.1,15.1,192,25.9
2024-04-03T09:00,16.3,0.00,0.00,0.00,13.6,14.2,216,28.1
2024-04-03T10:00,17.6,0.00,0.00,0.00,14.2,17.1,226,33.8
2024-04-03T11:00,17.3,0.00,0.00,0.00,14.2,16.6,240,35.3
2024-04-03T12:00,17.8,0.00,0.00,0.00,15.2,17.6,242,35.3
2024-04-03T13:00,16.6,0.00,0.00,0.00,13.6,19.3,249,40.7
2024-04-03T14:00,16.4,0.00,0.00,0.00,13.4,18.5,262,38.9
2024-04-03T15:00,16.0,0.00,0.00,0.00,13.6,14.4,266,37.4
2024-04-03T16:00,16.0,0.00,0.00,0.00,12.7,17.2,244,32.4
2024-04-03T17:00,13.5,0.20,0.00,0.20,10.2,18.2,252,33.5
2024-04-03T18:00,12.4,0.30,0.00,0.30,9.6,16.6,257,31.7
2024-04-03T19:00,11.4,0.80,0.00,0.80,9.2,15.2,256,28.8
2024-04-03T20:00,10.9,1.00,0.00,1.00,8.8,14.5,251,28.4
2024-04-03T21:00,10.7,0.70,0.00,0.70,9.3,9.9,226,24.5
2024-04-03T22:00,10.6,0.20,0.00,0.20,9.0,10.3,234,19.1
2024-04-03T23:00,10.5,0.00,0.00,0.00,8.7,10.9,262,19.8
2024-04-04T00:00,10.4,0.00,0.00,0.00,7.9,14.0,270,22.0
2024-04-04T01:00,10.5,0.00,0.00,0.00,7.4,16.2,271,27.4
2024-04-04T02:00,10.1,0.00,0.00,0.00,6.8,16.0,279,27.4
2024-04-04T03:00,9.9,0.00,0.00,0.00,6.5,15.3,279,27.4
2024-04-04T04:00,9.7,0.00,0.00,0.00,6.1,15.7,279,27.4
2024-04-04T05:00,9.0,0.00,0.00,0.00,5.7,13.4,275,27.0
2024-04-04T06:00,8.2,0.00,0.00,0.00,5.1,11.9,265,23.0
2024-04-04T07:00,8.6,0.00,0.00,0.00,5.6,12.0,261,20.2
2024-04-04T08:00,10.7,0.00,0.00,0.00,7.6,14.3,258,27.0
2024-04-04T09:00,12.5,0.00,0.00,0.00,9.2,15.5,258,31.7
2024-04-04T10:00,14.1,0.00,0.00,0.00,10.8,16.6,252,33.8
2024-04-04T11:00,15.2,0.00,0.00,0.00,12.3,17.9,248,37.4
2024-04-04T12:00,15.9,0.00,0.00,0.00,13.1,19.5,247,40.3
2024-04-04T13:00,16.6,0.00,0.00,0.00,13.4,20.2,251,41.0
2024-04-04T14:00,16.4,0.00,0.00,0.00,12.6,21.9,256,43.2
2024-04-04T15:00,16.2,0.00,0.00,0.00,12.4,21.7,249,43.6
2024-04-04T16:00,16.6,0.00,0.00,0.00,12.7,19.5,254,40.0
2024-04-04T17:00,15.6,0.00,0.00,0.00,12.5,17.4,246,37.4
2024-04-04T18:00,14.0,0.00,0.00,0.00,10.4,19.4,255,33.5
2024-04-04T19:00,12.7,0.00,0.00,0.00,9.1,16.8,255,34.2
2024-04-04T20:00,12.0,0.00,0.00,0.00,8.8,14.2,249,28.8
2024-04-04T21:00,11.5,0.00,0.00,0.00,8.4,14.0,244,24.5
2024-04-04T22:00,10.9,0.00,0.00,0.00,7.9,13.6,248,24.1
2024-04-04T23:00,10.4,0.00,0.00,0.00,7.3,15.1,252,25.6
2024-04-05T00:00,10.2,0.00,0.00,0.00,7.1,15.5,248,27.0
2024-04-05T01:00,9.8,0.00,0.00,0.00,6.8,15.3,246,27.0
2024-04-05T02:00,9.3,0.00,0.00,0.00,6.5,14.6,260,26.3
2024-04-05T03:00,8.9,0.00,0.00,0.00,6.4,12.4,248,25.2
2024-04-05T04:00,8.7,0.00,0.00,0.00,6.4,10.9,262,22.3
2024-04-05T05:00,8.0,0.00,0.00,0.00,6.0,8.7,275,18.4
2024-04-05T06:00,7.6,0.00,0.00,0.00,5.9,5.8,292,14.4
2024-04-05T07:00,8.3,0.00,0.00,0.00,6.4,6.9,313,11.9
2024-04-05T08:00,10.2,0.00,0.00,0.00,8.4,5.8,338,13.7
2024-04-05T09:00,12.1,0.00,0.00,0.00,10.1,7.2,357,18.7
2024-04-05T10:00,13.8,0.00,0.00,0.00,11.6,7.3,351,20.2
2024-04-05T11:00,15.1,0.00,0.00,0.00,13.0,7.9,330,21.6
2024-04-05T12:00,16.2,0.00,0.00,0.00,14.5,8.7,308,23.0
2024-04-05T13:00,16.8,0.00,0.00,0.00,14.7,10.8,291,25.9
2024-04-05T14:00,16.6,0.00,0.00,0.00,13.7,12.0,291,27.7
2024-04-05T15:00,15.9,0.00,0.00,0.00,12.4,12.8,302,28.1
2024-04-05T16:00,16.8,0.00,0.00,0.00,13.2,12.0,309,27.4
2024-04-05T17:00,16.2,0.00,0.00,0.00,12.8,11.5,319,25.6
2024-04-05T18:00,14.7,0.00,0.00,0.00,11.6,10.8,339,23.0
2024-04-05T19:00,12.5,0.00,0.00,0.00,8.5,15.1,357,25.9
2024-04-05T20:00,11.2,0.00,0.00,0.00,7.3,13.3,360,27.0
2024-04-05T21:00,10.1,0.00,0.00,0.00,6.2,13.7,5,24.1
2024-04-05T22:00,8.9,0.00,0.00,0.00,5.4,11.3,9,24.1
2024-04-05T23:00,7.8,0.00,0.00,0.00,4.5,9.8,6,19.4
2024-04-06T00:00,6.9,0.00,0.00,0.00,3.8,8.6,360,16.6
2024-04-06T01:00,6.0,0.00,0.00,0.00,3.1,7.6,357,14.8
2024-04-06T02:00,5.4,0.00,0.00,0.00,2.5,7.6,352,12.6
2024-04-06T03:00,4.9,0.00,0.00,0.00,1.9,8.4,350,14.0
2024-04-06T04:00,3.7,0.00,0.00,0.00,0.7,7.9,344,12.6
2024-04-06T05:00,3.4,0.00,0.00,0.00,0.4,7.6,355,13.3
2024-04-06T06:00,3.0,0.00,0.00,0.00,0.0,7.0,12,13.0
2024-04-06T07:00,4.6,0.00,0.00,0.00,1.8,6.2,36,11.5
2024-04-06T08:00,7.3,0.00,0.00,0.00,5.4,1.9,112,11.5
2024-04-06T09:00,9.5,0.00,0.00,0.00,7.6,1.8,191,11.9
2024-04-06T10:00,11.0,0.00,0.00,0.00,8.7,4.5,256,16.2
2024-04-06T11:00,12.2,0.00,0.00,0.00,10.4,6.6,257,20.2
2024-04-06T12:00,13.2,0.00,0.00,0.00,11.6,8.3,252,23.0
2024-04-06T13:00,13.9,0.00,0.00,0.00,12.2,10.2,252,25.9
2024-04-06T14:00,14.3,0.00,0.00,0.00,12.2,11.3,261,27.4
2024-04-06T15:00,14.4,0.00,0.00,0.00,11.9,11.2,268,27.4
2024-04-06T16:00,15.4,0.00,0.00,0.00,12.1,9.7,255,24.5
2024-04-06T17:00,14.8,0.00,0.00,0.00,11.5,9.2,249,22.7
2024-04-06T18:00,13.4,0.00,0.00,0.00,10.6,7.6,245,19.8
2024-04-06T19:00,10.2,0.00,0.00,0.00,7.4,7.0,249,13.0
2024-04-06T20:00,8.6,0.00,0.00,0.00,5.7,8.3,252,11.2
2024-04-06T21:00,7.5,0.00,0.00,0.00,4.5,9.2,249,11.2
2024-04-06T22:00,6.8,0.00,0.00,0.00,4.0,9.3,257,12.6
2024-04-06T23:00,7.0,0.00,0.00,0.00,4.5,7.9,273,11.9
2024-04-07T00:00,6.8,0.00,0.00,0.00,4.4,7.8,292,11.5
2024-04-07T01:00,5.6,0.00,0.00,0.00,2.6,10.7,310,12.6
2024-04-07T02:00,8.5,0.00,0.00,0.00,6.0,6.7,306,12.6
2024-04-07T03:00,8.2,0.00,0.00,0.00,6.0,4.8,243,7.9
2024-04-07T04:00,8.4,0.00,0.00,0.00,6.6,4.4,145,5.0
2024-04-07T05:00,7.3,0.00,0.00,0.00,5.2,6.5,174,7.6
2024-04-07T06:00,7.2,0.00,0.00,0.00,5.1,6.6,209,7.9
2024-04-07T07:00,7.9,0.00,0.00,0.00,6.0,5.2,192,8.3
2024-04-07T08:00,10.6,0.00,0.00,0.00,9.2,4.0,207,11.2
2024-04-07T09:00,13.1,0.00,0.00,0.00,11.8,3.7,209,13.7
2024-04-07T10:00,15.2,0.00,0.00,0.00,14.2,3.1,216,14.4
2024-04-07T11:00,16.9,0.00,0.00,0.00,16.7,2.6,214,14.4
2024-04-07T12:00,18.1,0.10,0.00,0.10,18.7,1.0,225,14.4
2024-04-07T13:00,18.7,0.10,0.00,0.10,18.3,2.3,18,13.0
2024-04-07T14:00,19.1,0.00,0.00,0.00,18.3,2.9,30,14.0
2024-04-07T15:00,19.4,0.00,0.00,0.00,18.2,3.1,69,14.0
2024-04-07T16:00,20.5,0.00,0.00,0.00,17.8,7.5,107,17.6
2024-04-07T17:00,19.7,0.00,0.00,0.00,16.6,10.2,113,19.8
2024-04-07T18:00,17.7,0.00,0.00,0.00,15.1,8.6,123,19.8
2024-04-07T19:00,13.7,0.00,0.00,0.00,10.7,11.5,131,14.4
2024-04-07T20:00,13.0,0.00,0.00,0.00,10.0,10.2,141,13.0
2024-04-07T21:00,15.0,0.00,0.00,0.00,12.1,6.9,137,11.9
2024-04-07T22:00,12.3,0.00,0.00,0.00,9.3,8.4,137,9.7
2024-04-07T23:00,10.7,0.00,0.00,0.00,7.4,10.0,131,11.5
2024-04-08T00:00,13.2,0.00,0.00,0.00,10.3,7.2,127,11.5
2024-04-08T01:00,13.4,0.00,0.00,0.00,10.6,6.1,130,8.6
2024-04-08T02:00,12.8,0.00,0.00,0.00,9.9,7.1,156,8.6
2024-04-08T03:00,12.5,0.00,0.00,0.00,10.1,4.3,90,8.3
2024-04-08T04:00,7.5,0.00,0.00,0.00,5.0,5.2,12,7.6
2024-04-08T05:00,10.1,0.00,0.00,0.00,7.8,3.6,37,6.8
2024-04-08T06:00,9.2,0.00,0.00,0.00,6.5,6.9,81,7.9
2024-04-08T07:00,10.8,0.00,0.00,0.00,8.6,5.1,86,9.7
2024-04-08T08:00,13.6,0.00,0.00,0.00,11.8,5.4,90,12.2
2024-04-08T09:00,16.5,0.00,0.00,0.00,15.1,4.1,105,13.0
2024-04-08T10:00,18.4,0.00,0.00,0.00,16.6,6.0,115,16.9
2024-04-08T11:00,19.8,0.00,0.00,0.00,18.4,6.8,108,19.1
2024-04-08T12:00,20.7,0.00,0.00,0.00,19.4,8.6,105,22.0
2024-04-08T13:00,21.2,0.00,0.00,0.00,19.8,9.5,99,23.8
2024-04-08T14:00,21.4,0.00,0.00,0.00,19.6,10.4,88,24.1
2024-04-08T15:00,21.3,0.00,0.00,0.00,18.9,10.9,84,24.8
2024-04-08T16:00,21.9,0.00,0.00,0.00,19.0,9.4,108,22.0
2024-04-08T17:00,21.1,0.00,0.00,0.00,18.2,10.7,132,20.5
2024-04-08T18:00,19.1,0.00,0.00,0.00,16.4,10.9,146,20.2
2024-04-08T19:00,16.6,0.00,0.00,0.00,13.8,10.2,132,18.4
2024-04-08T20:00,15.7,0.00,0.00,0.00,12.9,10.0,128,17.6
2024-04-08T21:00,14.2,0.00,0.00,0.00,11.8,8.4,137,15.8
2024-04-08T22:00,11.8,0.00,0.00,0.00,9.3,11.3,149,13.0
2024-04-08T23:00,11.5,0.00,0.00,0.00,8.9,11.5,134,13.7
2024-04-09T00:00,10.9,0.00,0.00,0.00,8.0,11.8,121,14.8
2024-04-09T01:00,10.6,0.00,0.00,0.00,7.6,11.6,116,14.4
2024-04-09T02:00,9.7,0.00,0.00,0.00,6.8,11.4,103,14.0
2024-04-09T03:00,9.6,0.00,0.00,0.00,7.0,8.3,85,13.3
2024-04-09T04:00,9.7,0.00,0.00,0.00,7.3,7.9,43,13.0
2024-04-09T05:00,9.1,0.00,0.00,0.00,6.8,8.1,58,13.0
2024-04-09T06:00,9.2,0.00,0.00,0.00,6.8,9.2,64,14.8
2024-04-09T07:00,11.2,0.00,0.00,0.00,8.7,10.7,78,17.3
2024-04-09T08:00,13.4,0.00,0.00,0.00,11.6,8.7,83,18.4
2024-04-09T09:00,15.9,0.00,0.00,0.00,14.1,8.7,95,20.2
2024-04-09T10:00,18.0,0.00,0.00,0.00,16.0,9.2,111,22.3
2024-04-09T11:00,19.5,0.00,0.00,0.00,17.3,11.2,111,25.9
2024-04-09T12:00,20.4,0.00,0.00,0.00,18.3,13.4,96,29.5
2024-04-09T13:00,21.0,0.00,0.00,0.00,18.7,15.5,87,32.8
2024-04-09T14:00,21.4,0.00,0.00,0.00,18.8,16.2,89,34.2
2024-04-09T15:00,21.4,0.00,0.00,0.00,18.2,16.2,94,34.2
2024-04-09T16:00,21.3,0.00,0.00,0.00,17.6,14.8,91,30.6
2024-04-09T17:00,20.5,0.00,0.00,0.00,16.9,14.4,87,29.5
2024-04-09T18:00,19.0,0.00,0.00,0.00,16.6,9.0,90,27.4
2024-04-09T19:00,15.0,0.00,0.00,0.00,12.8,9.1,97,15.1
2024-04-09T20:00,13.6,0.00,0.00,0.00,11.6,8.4,83,12.6
2024-04-09T21:00,13.3,0.00,0.00,0.00,11.3,7.6,71,12.6
2024-04-09T22:00,12.6,0.00,0.00,0.00,10.6,8.1,77,13.3
2024-04-09T23:00,12.0,0.00,0.00,0.00,9.9,8.4,80,13.7
2024-04-10T00:00,11.6,0.00,0.00,0.00,9.3,9.7,68,16.2
2024-04-10T01:00,11.2,0.00,0.00,0.00,8.7,10.0,64,17.3
2024-04-10T02:00,10.6,0.00,0.00,0.00,8.0,10.5,63,17.6
2024-04-10T03:00,10.1,0.00,0.00,0.00,7.5,11.0,67,18.7
2024-04-10T04:00,9.5,0.00,0.00,0.00,6.9,11.5,70,19.8
2024-04-10T05:00,9.3,0.00,0.00,0.00,6.5,11.8,67,20.2
2024-04-10T06:00,9.0,0.00,0.00,0.00,5.9,12.7,61,21.2
2024-04-10T07:00,10.5,0.00,0.00,0.00,7.3,13.9,59,23.4
2024-04-10T08:00,12.7,0.00,0.00,0.00,10.0,11.8,63,23.8
2024-04-10T09:00,15.0,0.00,0.00,0.00,12.2,13.1,69,27.7
2024-04-10T10:00,17.3,0.00,0.00,0.00,14.6,14.4,68,30.2
2024-04-10T11:00,19.1,0.00,0.00,0.00,16.5,17.2,70,35.6
2024-04-10T12:00,20.3,0.00,0.00,0.00,17.6,18.8,78,38.5
2024-04-10T13:00,21.1,0.00,0.00,0.00,18.6,18.3,75,38.5
2024-04-10T14:00,21.7,0.00,0.00,0.00,19.0,18.1,69,37.4
2024-04-10T15:00,22.0,0.00,0.00,0.00,18.6,19.0,63,37.8
2024-04-10T16:00,22.4,0.00,0.00,0.00,18.5,18.1,67,36.4
2024-04-10T17:00,21.8,0.00,0.00,0.00,18.1,17.1,68,35.3
2024-04-10T18:00,20.4,0.00,0.00,0.00,17.5,13.2,64,31.7
2024-04-10T19:00,17.8,0.00,0.00,0.00,15.0,11.7,56,23.0
2024-04-10T20:00,16.7,0.00,0.00,0.00,13.8,12.5,57,20.9
2024-04-10T21:00,15.9,0.00,0.00,0.00,13.2,12.7,55,22.0
2024-04-10T22:00,15.2,0.00,0.00,0.00,12.6,11.9,55,21.6
2024-04-10T23:00,14.8,0.00,0.00,0.00,11.9,12.2,47,20.5
2024-04-11T00:00,14.2,0.00,0.00,0.00,11.3,12.2,56,21.2
2024-04-11T01:00,13.6,0.00,0.00,0.00,10.7,11.1,61,20.2
2024-04-11T02:00,13.1,0.00,0.00,0.00,10.3,10.5,59,18.7
2024-04-11T03:00,12.6,0.00,0.00,0.00,9.7,11.2,50,19.1
2024-04-11T04:00,11.9,0.00,0.00,0.00,9.2,11.2,42,18.4
2024-04-11T05:00,11.6,0.00,0.00,0.00,8.8,12.0,44,20.2
2024-04-11T06:00,11.5,0.00,0.00,0.00,8.7,12.0,41,20.5
2024-04-11T07:00,13.2,0.00,0.00,0.00,10.5,13.2,45,22.3
2024-04-11T08:00,15.7,0.00,0.00,0.00,13.7,11.2,50,23.4
2024-04-11T09:00,18.2,0.00,0.00,0.00,16.3,11.6,68,24.5
2024-04-11T10:00,20.2,0.00,0.00,0.00,18.6,11.8,78,26.3
2024-04-11T11:00,22.1,0.00,0.00,0.00,20.9,12.8,79,28.4
2024-04-11T12:00,23.3,0.00,0.00,0.00,22.1,14.5,84,31.3
2024-04-11T13:00,24.1,0.00,0.00,0.00,23.0,13.7,87,31.3
2024-04-11T14:00,24.5,0.00,0.00,0.00,23.5,12.2,88,30.2
2024-04-11T15:00,24.6,0.00,0.00,0.00,23.3,11.2,94,27.7
2024-04-11T16:00,24.4,0.00,0.00,0.00,22.4,9.1,97,23.0
2024-04-11T17:00,23.9,0.00,0.00,0.00,22.1,8.0,98,19.8
2024-04-11T18:00,21.8,0.00,0.00,0.00,21.9,4.7,122,16.2
2024-04-11T19:00,19.2,0.00,0.00,0.00,17.9,7.9,133,9.4
2024-04-11T20:00,18.2,0.00,0.00,0.00,16.8,7.1,114,9.0
2024-04-11T21:00,18.1,0.00,0.00,0.00,16.8,5.4,82,8.3
2024-04-11T22:00,18.7,0.00,0.00,0.00,17.3,4.9,73,6.8
2024-04-11T23:00,18.8,0.00,0.00,0.00,17.4,4.4,81,5.8
2024-04-12T00:00,18.5,0.00,0.00,0.00,16.8,5.4,127,6.5
2024-04-12T01:00,17.8,0.00,0.00,0.00,16.1,5.8,158,6.8
2024-04-12T02:00,17.4,0.00,0.00,0.00,15.9,5.0,180,6.8
2024-04-12T03:00,17.3,0.00,0.00,0.00,15.8,4.4,189,6.1
2024-04-12T04:00,13.4,0.00,0.00,0.00,12.1,5.4,340,9.0
2024-04-12T05:00,11.8,0.00,0.00,0.00,10.4,6.9,351,9.4
2024-04-12T06:00,12.4,0.00,0.00,0.00,11.3,4.0,5,9.7
2024-04-12T07:00,14.1,0.00,0.00,0.00,13.6,1.4,360,5.0
2024-04-12T08:00,16.1,0.00,0.00,0.00,16.2,1.0,225,5.8
2024-04-12T09:00,18.4,0.00,0.00,0.00,18.1,3.4,212,11.2
2024-04-12T10:00,19.8,0.00,0.00,0.00,19.3,5.2,214,14.0
2024-04-12T11:00,21.5,0.00,0.00,0.00,20.7,6.4,232,17.3
2024-04-12T12:00,22.9,0.00,0.00,0.00,21.8,8.4,250,21.2
2024-04-12T13:00,23.8,0.00,0.00,0.00,23.1,9.2,249,22.7
2024-04-12T14:00,24.4,0.00,0.00,0.00,23.7,9.7,248,23.8
2024-04-12T15:00,24.2,0.00,0.00,0.00,22.4,11.3,263,24.8
2024-04-12T16:00,23.9,0.00,0.00,0.00,21.3,12.3,265,27.0
2024-04-12T17:00,23.0,0.00,0.00,0.00,20.6,11.8,258,25.9
2024-04-12T18:00,21.3,0.00,0.00,0.00,19.2,11.1,234,23.0
2024-04-12T19:00,18.6,0.00,0.00,0.00,16.9,9.4,247,19.8
2024-04-12T20:00,17.2,0.00,0.00,0.00,15.4,11.3,261,18.4
2024-04-12T21:00,16.6,0.00,0.00,0.00,14.7,12.4,260,20.9
2024-04-12T22:00,16.1,0.00,0.00,0.00,14.0,13.0,256,22.0
2024-04-12T23:00,15.8,0.00,0.00,0.00,13.5,13.7,256,23.4
2024-04-13T00:00,15.2,0.00,0.00,0.00,13.4,11.8,258,23.4
2024-04-13T01:00,14.5,0.00,0.00,0.00,13.2,9.8,287,19.8
2024-04-13T02:00,13.7,0.00,0.00,0.00,12.2,8.7,318,16.9
2024-04-13T03:00,13.9,0.00,0.00,0.00,11.6,11.7,351,19.1
2024-04-13T04:00,13.4,0.00,0.00,0.00,12.0,8.0,8,17.3
2024-04-13T05:00,13.3,0.00,0.00,0.00,11.1,11.5,356,18.4
2024-04-13T06:00,13.3,0.00,0.00,0.00,10.4,11.3,9,20.5
2024-04-13T07:00,14.1,0.00,0.00,0.00,11.4,9.4,23,19.4
2024-04-13T08:00,16.0,0.00,0.00,0.00,13.8,6.3,24,14.8
2024-04-13T09:00,18.1,0.00,0.00,0.00,15.5,8.2,15,19.8
2024-04-13T10:00,20.0,0.00,0.00,0.00,17.6,7.1,30,20.2
2024-04-13T11:00,21.4,0.00,0.00,0.00,20.4,3.1,36,19.1
2024-04-13T12:00,22.5,0.00,0.00,0.00,22.1,2.2,261,14.8
2024-04-13T13:00,23.3,0.00,0.00,0.00,22.3,6.9,264,19.8
2024-04-13T14:00,23.6,0.00,0.00,0.00,21.8,11.5,274,27.0
2024-04-13T15:00,23.3,0.00,0.00,0.00,20.4,15.3,278,32.0
2024-04-13T16:00,22.7,0.00,0.00,0.00,18.9,16.2,269,32.8
2024-04-13T17:00,21.2,0.00,0.00,0.00,17.5,16.9,258,33.1
2024-04-13T18:00,19.1,0.00,0.00,0.00,15.8,14.8,256,33.1
2024-04-13T19:00,17.0,0.00,0.00,0.00,14.5,14.8,257,26.6
2024-04-13T20:00,15.8,0.00,0.00,0.00,13.5,14.8,257,25.6
2024-04-13T21:00,15.1,0.00,0.00,0.00,12.8,14.6,261,27.0
2024-04-13T22:00,14.6,0.00,0.00,0.00,12.9,10.8,270,24.8
2024-04-13T23:00,14.1,0.00,0.00,0.00,12.4,8.8,289,18.4
2024-04-14T00:00,14.1,0.00,0.00,0.00,11.8,9.2,318,15.1
2024-04-14T01:00,14.0,0.00,0.00,0.00,11.4,10.8,330,18.4
2024-04-14T02:00,13.4,0.00,0.00,0.00,10.9,10.0,330,18.4
2024-04-14T03:00,12.8,0.00,0.00,0.00,10.3,9.4,328,16.9
2024-04-14T04:00,11.2,0.00,0.00,0.00,9.0,8.6,303,14.0
2024-04-14T05:00,10.9,0.00,0.00,0.00,8.3,10.3,306,16.9
2024-04-14T06:00,10.9,0.00,0.00,0.00,8.2,10.9,314,18.4
2024-04-14T07:00,12.4,0.00,0.00,0.00,9.8,11.5,311,19.8
2024-04-14T08:00,14.7,0.00,0.00,0.00,12.4,10.0,311,20.9
2024-04-14T09:00,17.0,0.00,0.00,0.00,14.8,10.0,308,23.0
2024-04-14T10:00,19.0,0.00,0.00,0.00,16.3,11.6,300,26.3
2024-04-14T11:00,20.3,0.00,0.00,0.00,17.1,17.6,296,36.4
2024-04-14T12:00,20.4,0.00,0.00,0.00,17.2,16.3,295,36.7
2024-04-14T13:00,20.8,0.00,0.00,0.00,17.9,14.8,288,34.9
2024-04-14T14:00,20.8,0.00,0.00,0.00,17.2,16.3,284,33.8
2024-04-14T15:00,20.5,0.00,0.00,0.00,16.7,18.6,279,37.1
2024-04-14T16:00,18.7,0.00,0.00,0.00,14.7,22.1,251,42.1
2024-04-14T17:00,18.6,0.00,0.00,0.00,14.5,21.3,254,42.5
2024-04-14T18:00,18.1,0.00,0.00,0.00,14.7,18.5,249,39.6
2024-04-14T19:00,16.1,0.00,0.00,0.00,12.6,19.3,256,34.9
2024-04-14T20:00,15.4,0.00,0.00,0.00,12.6,16.9,246,34.9
2024-04-14T21:00,15.4,0.00,0.00,0.00,12.4,17.9,251,31.3
2024-04-14T22:00,14.8,0.00,0.00,0.00,12.3,15.6,244,31.3
2024-04-14T23:00,14.1,0.00,0.00,0.00,11.9,15.0,240,27.4
2024-04-15T00:00,13.5,0.00,0.00,0.00,11.4,15.2,234,26.3
2024-04-15T01:00,13.2,0.00,0.00,0.00,11.0,16.1,230,28.1
2024-04-15T02:00,12.8,0.00,0.00,0.00,10.7,15.5,226,28.1
2024-04-15T03:00,12.7,0.00,0.00,0.00,10.3,17.3,227,30.2
2024-04-15T04:00,13.3,0.00,0.00,0.00,11.0,18.8,225,33.1
2024-04-15T05:00,13.3,0.00,0.00,0.00,10.8,19.6,226,34.2
2024-04-15T06:00,13.8,0.00,0.00,0.00,10.9,22.8,231,40.3
2024-04-15T07:00,15.1,0.00,0.00,0.00,11.5,27.7,245,50.4
2024-04-15T08:00,15.0,0.60,0.00,0.60,11.8,26.6,243,51.8
2024-04-15T09:00,14.5,2.30,0.00,2.30,11.4,26.8,239,49.3
2024-04-15T10:00,16.1,0.00,0.00,0.00,11.9,34.0,244,63.7
2024-04-15T11:00,16.9,0.10,0.00,0.10,12.8,30.8,246,62.3
2024-04-15T12:00,17.8,0.00,0.00,0.00,12.8,36.2,248,68.0
2024-04-15T13:00,19.0,0.00,0.00,0.00,14.4,36.1,251,68.8
2024-04-15T14:00,18.6,0.00,0.00,0.00,14.1,33.2,250,68.8
2024-04-15T15:00,19.0,0.00,0.00,0.00,14.6,32.1,245,63.0
2024-04-15T16:00,19.3,0.00,0.00,0.00,15.4,27.9,243,53.6
2024-04-15T17:00,19.3,0.00,0.00,0.00,15.9,25.0,243,52.9
2024-04-15T18:00,18.6,0.00,0.00,0.00,15.8,22.2,234,46.8
2024-04-15T19:00,17.1,0.00,0.00,0.00,14.0,22.7,234,41.8
2024-04-15T20:00,16.2,0.00,0.00,0.00,12.9,22.5,231,41.4
2024-04-15T21:00,15.7,0.00,0.00,0.00,12.5,21.4,228,40.0
2024-04-15T22:00,15.6,0.00,0.00,0.00,12.0,23.0,229,41.4
2024-04-15T23:00,14.9,0.20,0.00,0.20,10.9,26.4,231,44.6
2024-04-16T00:00,14.4,0.50,0.00,0.50,10.1,28.9,230,52.2
2024-04-16T01:00,14.8,0.00,0.00,0.00,10.5,27.7,231,51.1
2024-04-16T02:00,14.6,0.00,0.00,0.00,10.4,26.1,237,49.7
2024-04-16T03:00,14.3,0.00,0.00,0.00,10.3,24.7,233,46.8
2024-04-16T04:00,13.7,0.00,0.00,0.00,9.9,22.0,232,41.0
2024-04-16T05:00,13.6,0.00,0.00,0.00,9.7,22.9,225,40.7
2024-04-16T06:00,13.6,0.00,0.00,0.00,9.8,21.6,226,40.7
2024-04-16T07:00,14.6,0.00,0.00,0.00,10.9,21.4,225,38.9
2024-04-16T08:00,16.1,0.00,0.00,0.00,12.4,21.1,226,39.6
2024-04-16T09:00,17.6,0.00,0.00,0.00,13.3,24.2,229,46.1
2024-04-16T10:00,19.3,0.00,0.00,0.00,14.8,24.9,231,48.6
2024-04-16T11:00,20.8,0.00,0.00,0.00,16.8,25.4,232,50.0
2024-04-16T12:00,22.4,0.00,0.00,0.00,18.8,25.9,231,51.1
2024-04-16T13:00,23.6,0.00,0.00,0.00,20.2,26.3,237,51.8
2024-04-16T14:00,24.1,0.00,0.00,0.00,20.7,25.5,241,51.8
2024-04-16T15:00,23.6,0.00,0.00,0.00,20.1,23.8,250,50.0
2024-04-16T16:00,22.8,0.00,0.00,0.00,20.0,18.2,256,42.5
2024-04-16T17:00,22.5,0.00,0.00,0.00,20.4,14.0,244,35.3
2024-04-16T18:00,21.8,0.00,0.00,0.00,19.7,13.7,235,27.0
2024-04-16T19:00,19.8,0.00,0.00,0.00,17.4,12.2,225,24.8
2024-04-16T20:00,18.2,0.00,0.00,0.00,15.5,11.9,209,20.9
2024-04-16T21:00,18.3,0.00,0.00,0.00,14.7,16.3,205,27.7
2024-04-16T22:00,17.7,0.00,0.00,0.00,14.0,15.8,207,28.8
2024-04-16T23:00,17.5,0.00,0.00,0.00,13.6,15.5,211,28.1
2024-04-17T00:00,17.0,0.00,0.00,0.00,13.0,14.8,209,27.0
2024-04-17T01:00,16.2,0.00,0.00,0.00,12.1,14.6,213,25.9
2024-04-17T02:00,15.8,0.00,0.00,0.00,11.5,14.9,217,25.6
2024-04-17T03:00,15.9,0.00,0.00,0.00,11.5,15.2,216,27.0
2024-04-17T04:00,15.8,0.00,0.00,0.00,11.8,14.1,212,27.0
2024-04-17T05:00,14.7,0.00,0.00,0.00,10.8,13.7,198,24.5
2024-04-17T06:00,14.1,0.00,0.00,0.00,10.0,14.1,193,24.1
2024-04-17T07:00,15.3,0.00,0.00,0.00,11.1,15.4,191,26.3
2024-04-17T08:00,17.4,0.00,0.00,0.00,13.6,14.2,189,27.0
2024-04-17T09:00,19.9,0.00,0.00,0.00,16.3,14.0,192,29.2
2024-04-17T10:00,22.5,0.00,0.00,0.00,19.0,16.0,194,32.8
2024-04-17T11:00,24.8,0.00,0.00,0.00,21.7,17.4,204,35.6
2024-04-17T12:00,26.4,0.00,0.00,0.00,23.3,17.9,205,36.7
2024-04-17T13:00,27.4,0.00,0.00,0.00,24.1,19.0,217,38.5
2024-04-17T14:00,27.5,0.00,0.00,0.00,24.1,19.5,236,39.6
2024-04-17T15:00,26.8,0.00,0.00,0.00,23.0,16.3,239,39.2
2024-04-17T16:00,27.9,0.00,0.00,0.00,25.3,10.9,214,26.3
2024-04-17T17:00,26.7,0.00,0.00,0.00,26.2,3.8,253,22.0
2024-04-17T18:00,24.1,0.00,0.00,0.00,25.2,2.4,333,6.5
2024-04-17T19:00,23.0,0.00,0.00,0.00,23.2,1.6,27,5.8
2024-04-17T20:00,21.3,0.00,0.00,0.00,21.0,4.9,197,6.1
2024-04-17T21:00,19.2,0.00,0.00,0.00,17.7,10.0,159,14.4
2024-04-17T22:00,19.9,0.00,0.00,0.00,17.1,13.5,196,22.3
2024-04-17T23:00,16.9,0.00,0.00,0.00,15.2,8.4,260,23.4
2024-04-18T00:00,15.1,0.00,0.00,0.00,13.7,7.4,293,11.2
2024-04-18T01:00,13.9,0.00,0.00,0.00,12.6,7.2,357,11.5
2024-04-18T02:00,13.9,0.00,0.00,0.00,13.0,4.3,42,8.3
2024-04-18T03:00,13.2,0.00,0.00,0.00,12.2,5.5,58,7.6
2024-04-18T04:00,12.8,0.00,0.00,0.00,11.4,8.3,92,10.1
2024-04-18T05:00,12.2,0.00,0.00,0.00,11.1,6.3,77,10.4
2024-04-18T06:00,13.3,0.00,0.00,0.00,11.8,8.7,73,13.7
2024-04-18T07:00,15.5,0.00,0.00,0.00,13.7,10.9,82,18.0
2024-04-18T08:00,18.5,0.00,0.00,0.00,17.4,6.8,72,19.1
2024-04-18T09:00,21.6,0.00,0.00,0.00,20.4,8.0,82,18.7
2024-04-18T10:00,24.2,0.00,0.00,0.00,22.4,10.6,100,24.1
2024-04-18T11:00,26.2,0.00,0.00,0.00,25.0,10.2,113,25.2
2024-04-18T12:00,27.9,0.00,0.00,0.00,27.8,9.4,113,24.5
2024-04-18T13:00,29.2,0.00,0.00,0.00,29.3,8.9,140,23.0
2024-04-18T14:00,30.1,0.00,0.00,0.00,29.2,12.8,142,27.4
2024-04-18T15:00,28.7,0.30,0.00,0.30,26.7,15.8,163,42.5
2024-04-18T16:00,28.2,0.00,0.00,0.00,25.4,16.9,218,43.9
2024-04-18T17:00,27.2,0.00,0.00,0.00,25.2,11.5,176,37.8
2024-04-18T18:00,25.9,0.10,0.00,0.10,23.9,13.5,151,30.6
2024-04-18T19:00,25.4,0.00,0.00,0.00,21.3,21.9,197,38.5
2024-04-18T20:00,23.3,0.00,0.00,0.00,19.7,17.8,194,38.9
2024-04-18T21:00,22.2,0.00,0.00,0.00,18.1,20.5,208,35.6
2024-04-18T22:00,21.1,0.00,0.00,0.00,17.2,19.1,221,37.8
2024-04-18T23:00,19.1,0.00,0.00,0.00,16.1,16.6,228,33.5
2024-04-19T00:00,17.8,0.00,0.00,0.00,15.2,15.3,231,29.5
2024-04-19T01:00,16.4,0.00,0.00,0.00,14.8,11.0,232,26.6
2024-04-19T02:00,15.4,0.00,0.00,0.00,14.6,7.5,235,18.7
2024-04-19T03:00,15.5,0.00,0.00,0.00,14.0,14.6,232,23.4
2024-04-19T04:00,15.3,0.30,0.00,0.30,14.0,16.6,243,28.4
2024-04-19T05:00,14.9,0.00,0.00,0.00,13.4,16.6,243,33.5
2024-04-19T06:00,14.4,0.00,0.00,0.00,13.0,15.2,234,28.8
2024-04-19T07:00,14.4,0.00,0.00,0.00,12.0,19.4,252,37.4
2024-04-19T08:00,14.7,0.00,0.00,0.00,12.1,19.6,253,38.5
2024-04-19T09:00,15.4,0.10,0.00,0.10,12.5,20.5,260,40.0
2024-04-19T10:00,14.8,0.00,0.00,0.00,12.2,17.0,257,40.3
2024-04-19T11:00,15.4,0.00,0.00,0.00,12.0,20.9,243,40.0
2024-04-19T12:00,16.2,0.00,0.00,0.00,12.5,22.2,243,43.2
2024-04-19T13:00,16.9,0.00,0.00,0.00,12.6,24.1,248,47.2
2024-04-19T14:00,17.6,0.00,0.00,0.00,13.7,25.4,249,50.4
2024-04-19T15:00,17.5,0.00,0.00,0.00,13.3,25.1,249,50.4
2024-04-19T16:00,17.0,0.00,0.00,0.00,12.7,21.3,246,43.9
2024-04-19T17:00,16.4,0.00,0.00,0.00,12.2,18.9,239,41.8
2024-04-19T18:00,15.8,0.00,0.00,0.00,12.1,16.6,236,36.7
2024-04-19T19:00,14.0,0.00,0.00,0.00,11.2,11.6,240,30.2
2024-04-19T20:00,12.6,0.00,0.00,0.00,10.4,8.0,243,20.2
2024-04-19T21:00,11.6,0.00,0.00,0.00,9.6,6.8,238,13.3
2024-04-19T22:00,10.5,0.00,0.00,0.00,8.1,10.2,225,12.2
2024-04-19T23:00,10.2,0.00,0.00,0.00,8.0,8.4,239,12.2
2024-04-20T00:00,10.2,0.00,0.00,0.00,8.2,7.2,273,12.2
2024-04-20T01:00,9.0,0.00,0.00,0.00,6.7,9.1,288,12.2
2024-04-20T02:00,7.8,0.00,0.00,0.00,5.9,6.4,16,10.8
2024-04-20T03:00,8.3,0.00,0.00,0.00,6.4,6.9,43,11.2
2024-04-20T04:00,7.7,0.00,0.00,0.00,5.6,7.6,45,12.2
2024-04-20T05:00,7.8,0.00,0.00,0.00,5.7,8.5,62,14.4
2024-04-20T06:00,8.4,0.00,0.00,0.00,6.2,9.4,67,15.5
2024-04-20T07:00,10.3,0.00,0.00,0.00,8.0,11.8,63,19.8
2024-04-20T08:00,12.3,0.00,0.00,0.00,10.1,11.3,73,23.0
2024-04-20T09:00,14.4,0.00,0.00,0.00,12.0,13.0,85,27.0
2024-04-20T10:00,15.4,0.00,0.00,0.00,12.7,13.6,79,27.7
2024-04-20T11:00,16.9,0.00,0.00,0.00,13.5,17.7,78,34.6
2024-04-20T12:00,19.2,0.00,0.00,0.00,16.1,19.7,75,40.0
2024-04-20T13:00,20.4,0.00,0.00,0.00,17.2,20.7,70,41.8
2024-04-20T14:00,21.1,0.00,0.00,0.00,17.6,22.8,69,44.6
2024-04-20T15:00,21.2,0.00,0.00,0.00,17.1,25.4,69,48.6
2024-04-20T16:00,21.6,0.00,0.00,0.00,16.5,29.4,75,55.8
2024-04-20T17:00,21.3,0.00,0.00,0.00,16.0,29.7,80,55.4
2024-04-20T18:00,20.4,0.00,0.00,0.00,15.8,26.6,81,55.1
2024-04-20T19:00,19.2,0.00,0.00,0.00,14.7,26.3,81,48.2
2024-04-20T20:00,18.7,0.00,0.00,0.00,14.0,26.3,80,47.5
2024-04-20T21:00,18.3,0.00,0.00,0.00,13.7,26.6,77,47.9
2024-04-20T22:00,17.9,0.00,0.00,0.00,13.7,25.7,79,47.5
2024-04-20T23:00,17.5,0.00,0.00,0.00,13.7,24.5,80,45.7
2024-04-21T00:00,17.2,0.00,0.00,0.00,13.6,23.9,83,43.2
2024-04-21T01:00,16.8,0.00,0.00,0.00,13.5,22.3,87,42.8
2024-04-21T02:00,16.4,0.00,0.00,0.00,13.3,21.2,90,39.6
2024-04-21T03:00,16.1,0.00,0.00,0.00,13.3,19.5,94,37.1
2024-04-21T04:00,15.8,0.00,0.00,0.00,13.3,17.6,89,30.6
2024-04-21T05:00,15.3,0.00,0.00,0.00,12.9,15.9,96,30.6
2024-04-21T06:00,15.1,0.00,0.00,0.00,12.8,14.7,107,27.7
2024-04-21T07:00,16.2,0.00,0.00,0.00,14.4,13.1,106,25.2
2024-04-21T08:00,18.2,0.00,0.00,0.00,16.7,11.4,125,24.8
2024-04-21T09:00,20.0,0.00,0.00,0.00,18.9,12.6,185,27.0
2024-04-21T10:00,19.2,0.00,0.00,0.00,17.9,14.5,226,31.3
2024-04-21T11:00,17.9,0.40,0.00,0.40,17.0,13.7,247,29.5
2024-04-21T12:00,18.3,0.10,0.00,0.10,16.8,16.9,241,33.5
2024-04-21T13:00,17.4,0.80,0.00,0.80,16.1,17.1,240,39.2
2024-04-21T14:00,19.3,0.00,0.00,0.00,16.9,17.7,232,37.8
2024-04-21T15:00,20.2,0.00,0.00,0.00,17.2,19.7,211,43.9
2024-04-21T16:00,20.9,0.00,0.00,0.00,17.2,20.9,216,37.4
2024-04-21T17:00,20.0,0.00,0.00,0.00,16.1,22.7,234,49.3
2024-04-21T18:00,16.9,0.00,0.00,0.00,13.9,18.8,253,42.5
2024-04-21T19:00,15.9,0.00,0.00,0.00,13.3,14.8,247,34.6
2024-04-21T20:00,14.4,0.00,0.00,0.00,11.2,19.4,248,34.2
2024-04-21T21:00,13.3,0.00,0.00,0.00,10.4,16.8,239,34.9
2024-04-21T22:00,12.4,0.00,0.00,0.00,9.8,14.9,238,29.9
2024-04-21T23:00,11.7,0.00,0.00,0.00,9.5,12.8,232,26.3
2024-04-22T00:00,11.3,0.00,0.00,0.00,9.1,12.2,225,22.3
2024-04-22T01:00,10.8,0.00,0.00,0.00,8.6,12.2,223,21.6
2024-04-22T02:00,10.2,0.00,0.00,0.00,8.3,10.9,224,21.6
2024-04-22T03:00,9.5,0.00,0.00,0.00,8.0,7.4,219,19.1
2024-04-22T04:00,8.7,0.00,0.00,0.00,6.8,9.0,203,16.9
2024-04-22T05:00,8.3,0.00,0.00,0.00,6.5,8.4,200,15.5
2024-04-22T06:00,8.4,0.00,0.00,0.00,6.6,8.3,198,14.4
2024-04-22T07:00,10.1,0.00,0.00,0.00,8.4,8.1,193,16.6
2024-04-22T08:00,12.3,0.00,0.00,0.00,10.8,7.8,202,19.1
2024-04-22T09:00,14.6,0.00,0.00,0.00,12.3,11.9,256,26.3
2024-04-22T10:00,16.0,0.00,0.00,0.00,14.1,9.3,257,26.6
2024-04-22T11:00,17.3,0.00,0.00,0.00,16.5,7.5,253,23.8
2024-04-22T12:00,18.4,0.00,0.00,0.00,17.8,7.8,248,22.3
2024-04-22T13:00,19.1,0.00,0.00,0.00,18.4,7.9,246,22.7
2024-04-22T14:00,19.6,0.00,0.00,0.00,18.6,7.6,245,22.7
2024-04-22T15:00,19.9,0.00,0.00,0.00,18.2,7.5,253,21.6
2024-04-22T16:00,20.0,0.00,0.00,0.00,17.4,5.7,252,19.8
2024-04-22T17:00,19.8,0.00,0.00,0.00,17.0,5.2,236,16.9
2024-04-22T18:00,18.7,0.00,0.00,0.00,16.2,4.9,234,13.7
2024-04-22T19:00,15.0,0.00,0.00,0.00,12.5,8.3,265,9.4
2024-04-22T20:00,16.0,0.00,0.00,0.00,13.6,1.6,333,9.4
2024-04-22T21:00,12.7,0.00,0.00,0.00,9.2,11.1,103,11.5
2024-04-22T22:00,13.5,0.00,0.00,0.00,10.8,8.0,117,13.3
2024-04-22T23:00,13.3,0.00,0.00,0.00,10.8,9.4,133,15.1
2024-04-23T00:00,13.1,0.00,0.00,0.00,10.4,10.3,119,17.3
2024-04-23T01:00,11.5,0.60,0.00,0.60,9.3,9.4,137,17.3
2024-04-23T02:00,11.9,0.70,0.00,0.70,10.2,10.5,27,17.6
2024-04-23T03:00,11.5,0.00,0.00,0.00,10.3,5.8,112,18.0
2024-04-23T04:00,11.3,0.00,0.00,0.00,9.5,8.7,173,15.1
2024-04-23T05:00,10.1,0.00,0.00,0.00,8.5,8.1,193,14.4
2024-04-23T06:00,10.7,0.00,0.00,0.00,8.9,11.5,212,18.4
2024-04-23T07:00,12.9,0.00,0.00,0.00,10.8,15.5,222,29.5
2024-04-23T08:00,14.9,0.00,0.00,0.00,12.7,17.2,237,32.4
2024-04-23T09:00,16.4,0.00,0.00,0.00,13.6,19.8,254,39.2
2024-04-23T10:00,17.3,0.00,0.00,0.00,14.4,19.4,260,40.0
2024-04-23T11:00,18.0,0.00,0.00,0.00,15.7,19.3,256,40.0
2024-04-23T12:00,19.1,0.00,0.00,0.00,16.9,20.3,258,42.1
2024-04-23T13:00,19.8,0.00,0.00,0.00,17.5,18.3,260,42.1
2024-04-23T14:00,19.9,0.00,0.00,0.00,17.5,16.2,258,38.5
2024-04-23T15:00,19.4,0.00,0.00,0.00,16.8,16.8,255,35.3
2024-04-23T16:00,19.8,0.00,0.00,0.00,17.4,10.8,244,28.4
2024-04-23T17:00,19.2,0.00,0.00,0.00,16.2,15.5,267,30.6
2024-04-23T18:00,17.8,0.00,0.00,0.00,15.1,16.2,258,32.4
2024-04-23T19:00,15.6,0.00,0.00,0.00,13.6,10.2,252,29.9
2024-04-23T20:00,13.8,0.00,0.00,0.00,11.9,10.4,270,17.6
2024-04-23T21:00,13.1,0.00,0.00,0.00,11.5,9.0,265,19.1
2024-04-23T22:00,12.1,0.00,0.00,0.00,10.9,6.3,336,14.8
2024-04-23T23:00,10.9,0.00,0.00,0.00,9.7,6.3,13,9.4
2024-04-24T00:00,11.1,0.00,0.00,0.00,9.9,6.8,18,11.2
2024-04-24T01:00,10.9,0.00,0.00,0.00,9.6,7.1,41,12.2
2024-04-24T02:00,10.3,0.00,0.00,0.00,8.9,6.8,72,11.5
2024-04-24T03:00,10.6,0.00,0.00,0.00,8.4,11.0,67,18.4
2024-04-24T04:00,10.2,0.00,0.00,0.00,7.2,14.5,71,24.8
2024-04-24T05:00,9.8,0.00,0.00,0.00,6.8,14.5,71,25.6
2024-04-24T06:00,10.4,0.00,0.00,0.00,7.1,16.3,76,28.1
2024-04-24T07:00,10.8,0.00,0.00,0.00,7.7,15.5,77,28.8
2024-04-24T08:00,11.8,0.00,0.00,0.00,8.5,16.4,81,30.2
2024-04-24T09:00,13.6,0.00,0.00,0.00,10.6,15.9,86,32.4
2024-04-24T10:00,14.1,0.00,0.00,0.00,11.5,13.7,87,31.0
2024-04-24T11:00,16.6,0.00,0.00,0.00,14.1,14.8,93,30.2
2024-04-24T12:00,16.6,0.00,0.00,0.00,13.8,16.6,91,31.3
2024-04-24T13:00,17.6,0.00,0.00,0.00,15.0,16.9,92,34.6
2024-04-24T14:00,19.0,0.00,0.00,0.00,16.5,17.3,92,34.2
2024-04-24T15:00,21.3,0.00,0.00,0.00,18.8,18.9,103,38.2
2024-04-24T16:00,21.2,0.00,0.00,0.00,17.8,20.7,103,41.8
2024-04-24T17:00,21.2,0.00,0.00,0.00,17.7,21.2,105,40.7
2024-04-24T18:00,20.4,0.00,0.00,0.00,17.2,20.3,103,40.3
2024-04-24T19:00,19.3,0.00,0.00,0.00,16.0,20.1,105,37.4
2024-04-24T20:00,18.3,0.00,0.00,0.00,15.1,19.5,102,36.0
2024-04-24T21:00,18.0,0.00,0.00,0.00,14.7,20.9,101,37.1
2024-04-24T22:00,17.8,0.00,0.00,0.00,14.4,20.8,104,37.4
2024-04-24T23:00,17.5,0.00,0.00,0.00,14.5,18.4,107,37.1
2024-04-25T00:00,17.4,0.00,0.00,0.00,14.4,18.2,108,32.4
2024-04-25T01:00,17.4,0.00,0.00,0.00,14.5,17.4,114,32.0
2024-04-25T02:00,17.0,0.00,0.00,0.00,14.2,16.3,115,30.6
2024-04-25T03:00,16.5,0.00,0.00,0.00,13.8,16.1,110,28.4
2024-04-25T04:00,16.3,0.00,0.00,0.00,13.7,16.3,104,28.8
2024-04-25T05:00,16.1,0.00,0.00,0.00,13.5,15.9,108,28.4
2024-04-25T06:00,16.4,0.00,0.00,0.00,13.4,19.5,106,34.2
2024-04-25T07:00,18.1,0.00,0.00,0.00,15.7,16.2,111,34.2
2024-04-25T08:00,20.1,0.00,0.00,0.00,17.7,17.5,104,32.4
2024-04-25T09:00,21.8,0.00,0.00,0.00,19.4,20.2,106,39.6
2024-04-25T10:00,23.9,0.00,0.00,0.00,22.3,17.4,112,38.9
2024-04-25T11:00,25.7,0.00,0.00,0.00,24.6,16.6,114,35.6
2024-04-25T12:00,26.9,0.00,0.00,0.00,25.6,16.5,126,34.6
2024-04-25T13:00,28.6,0.00,0.00,0.00,28.2,13.8,137,33.1
2024-04-25T14:00,30.0,0.00,0.00,0.00,30.4,10.6,152,28.8
2024-04-25T15:00,29.1,0.00,0.00,0.00,28.1,17.1,120,32.8
2024-04-25T16:00,29.0,0.00,0.00,0.00,27.4,16.1,129,36.4
2024-04-25T17:00,27.7,0.00,0.00,0.00,26.5,15.1,118,31.3
2024-04-25T18:00,26.0,0.00,0.00,0.00,24.7,15.9,95,27.7
2024-04-25T19:00,24.3,0.00,0.00,0.00,22.8,16.3,98,28.4
2024-04-25T20:00,23.1,0.00,0.00,0.00,21.3,16.3,85,28.4
2024-04-25T21:00,22.9,0.00,0.00,0.00,20.9,15.2,95,29.9
2024-04-25T22:00,22.7,0.00,0.00,0.00,20.1,15.0,107,26.3
2024-04-25T23:00,22.1,0.00,0.00,0.00,18.8,17.1,112,29.9
2024-04-26T00:00,21.5,0.00,0.00,0.00,18.0,17.8,108,31.0
2024-04-26T01:00,20.4,0.00,0.00,0.00,16.7,18.1,103,32.0
2024-04-26T02:00,19.4,0.00,0.00,0.00,15.5,19.2,103,33.5
2024-04-26T03:00,18.9,0.00,0.00,0.00,14.6,21.5,108,37.8
2024-04-26T04:00,18.5,0.00,0.00,0.00,14.3,21.1,110,36.7
2024-04-26T05:00,17.9,0.00,0.00,0.00,13.5,22.1,109,39.2
2024-04-26T06:00,17.5,0.00,0.00,0.00,13.0,21.7,105,39.2
2024-04-26T07:00,17.9,0.00,0.00,0.00,13.6,21.6,105,39.2
2024-04-26T08:00,18.9,0.00,0.00,0.00,14.9,21.0,103,39.6
2024-04-26T09:00,20.4,0.00,0.00,0.00,17.3,17.4,108,39.6
2024-04-26T10:00,22.0,0.00,0.00,0.00,18.8,21.5,108,42.5
2024-04-26T11:00,23.3,0.00,0.00,0.00,21.0,19.8,117,42.8
2024-04-26T12:00,25.1,0.00,0.00,0.00,23.7,17.9,124,40.3
2024-04-26T13:00,26.1,0.00,0.00,0.00,25.1,16.7,127,37.1
2024-04-26T14:00,27.3,0.00,0.00,0.00,27.0,16.3,125,35.3
2024-04-26T15:00,28.1,0.00,0.00,0.00,27.8,13.5,136,34.2
2024-04-26T16:00,27.5,0.00,0.00,0.00,25.6,16.6,146,37.8
2024-04-26T17:00,26.8,0.00,0.00,0.00,25.6,12.7,145,32.8
2024-04-26T18:00,24.9,0.00,0.00,0.00,24.5,10.8,90,23.4
2024-04-26T19:00,23.7,0.00,0.00,0.00,23.1,10.1,90,19.1
2024-04-26T20:00,22.7,0.00,0.00,0.00,21.3,14.1,86,23.0
2024-04-26T21:00,21.8,0.00,0.00,0.00,19.9,14.3,102,25.2
2024-04-26T22:00,21.0,0.00,0.00,0.00,18.8,14.3,102,24.8
2024-04-26T23:00,20.5,0.00,0.00,0.00,18.1,14.1,105,28.4
2024-04-27T00:00,19.6,0.00,0.00,0.00,17.6,8.8,102,23.8
2024-04-27T01:00,18.7,0.00,0.00,0.00,16.3,9.9,109,16.6
2024-04-27T02:00,18.1,0.00,0.00,0.00,15.5,10.8,111,18.0
2024-04-27T03:00,17.1,0.00,0.00,0.00,14.7,9.2,111,18.0
2024-04-27T04:00,16.8,0.00,0.00,0.00,14.6,8.6,88,15.5
2024-04-27T05:00,16.4,0.00,0.00,0.00,14.1,9.4,88,18.4
2024-04-27T06:00,15.7,0.00,0.00,0.00,14.0,6.5,84,15.5
2024-04-27T07:00,16.9,0.00,0.00,0.00,14.7,11.3,81,18.7
2024-04-27T08:00,18.6,0.00,0.00,0.00,17.1,7.6,87,22.0
2024-04-27T09:00,20.6,0.00,0.00,0.00,19.6,5.9,101,17.6
2024-04-27T10:00,22.5,0.00,0.00,0.00,22.1,3.3,103,16.9
2024-04-27T11:00,24.2,0.00,0.00,0.00,24.7,3.7,101,15.5
2024-04-27T12:00,25.4,0.00,0.00,0.00,26.5,2.5,98,15.5
2024-04-27T13:00,26.5,0.00,0.00,0.00,27.8,1.6,63,14.0
2024-04-27T14:00,27.1,0.00,0.00,0.00,27.7,3.9,56,14.8
2024-04-27T15:00,27.1,0.00,0.00,0.00,26.7,6.6,77,17.6
2024-04-27T16:00,26.0,0.00,0.00,0.00,25.0,9.6,70,20.9
2024-04-27T17:00,24.6,0.00,0.00,0.00,23.2,11.8,78,24.5
2024-04-27T18:00,23.2,0.00,0.00,0.00,22.0,10.3,78,23.8
2024-04-27T19:00,21.5,0.00,0.00,0.00,20.4,10.0,77,18.0
2024-04-27T20:00,20.3,0.00,0.00,0.00,19.0,9.8,82,18.0
2024-04-27T21:00,18.9,0.00,0.00,0.00,18.2,6.6,68,16.6
2024-04-27T22:00,17.3,0.00,0.00,0.00,16.7,6.2,36,10.4
2024-04-27T23:00,16.7,0.00,0.00,0.00,16.2,6.3,31,10.1
2024-04-28T00:00,16.6,0.00,0.00,0.00,15.8,7.9,24,12.6
2024-04-28T01:00,16.3,0.00,0.00,0.00,15.3,9.2,11,14.8
2024-04-28T02:00,15.9,0.00,0.00,0.00,14.7,10.7,12,18.0
2024-04-28T03:00,15.8,0.00,0.00,0.00,14.3,12.4,26,20.5
2024-04-28T04:00,14.9,0.00,0.00,0.00,13.8,10.0,21,18.0
2024-04-28T05:00,14.4,0.00,0.00,0.00,13.2,10.7,20,18.0
2024-04-28T06:00,14.8,0.00,0.00,0.00,13.0,12.9,30,22.0
2024-04-28T07:00,16.6,0.00,0.00,0.00,14.8,12.9,36,23.0
2024-04-28T08:00,18.7,0.00,0.00,0.00,16.6,13.6,50,27.4
2024-04-28T09:00,20.7,0.00,0.00,0.00,18.6,14.0,61,29.5
2024-04-28T10:00,22.5,0.00,0.00,0.00,21.1,13.9,69,30.2
2024-04-28T11:00,24.1,0.00,0.00,0.00,23.7,13.0,71,30.2
2024-04-28T12:00,25.4,0.00,0.00,0.00,25.5,12.1,63,29.5
2024-04-28T13:00,26.2,0.00,0.00,0.00,26.5,11.0,58,28.1
2024-04-28T14:00,26.7,0.00,0.00,0.00,26.7,12.4,60,27.7
2024-04-28T15:00,26.9,0.00,0.00,0.00,26.9,10.7,57,28.8
2024-04-28T16:00,26.7,0.00,0.00,0.00,26.3,7.4,67,23.0
2024-04-28T17:00,26.3,0.00,0.00,0.00,25.5,9.5,61,19.8
2024-04-28T18:00,25.2,0.00,0.00,0.00,24.9,9.1,56,20.2
2024-04-28T19:00,23.0,0.00,0.00,0.00,23.4,6.4,52,16.6
2024-04-28T20:00,21.4,0.00,0.00,0.00,21.4,9.0,61,14.0
2024-04-28T21:00,20.6,0.00,0.00,0.00,20.4,10.0,69,18.0
2024-04-28T22:00,18.9,0.00,0.00,0.00,19.2,6.3,59,16.6
2024-04-28T23:00,18.0,0.00,0.00,0.00,18.3,5.8,30,10.8
2024-04-29T00:00,17.9,0.00,0.00,0.00,17.6,9.3,36,15.5
2024-04-29T01:00,17.4,0.00,0.00,0.00,17.3,8.2,15,15.8
2024-04-29T02:00,16.6,0.00,0.00,0.00,16.3,9.4,2,15.5
2024-04-29T03:00,16.2,0.00,0.00,0.00,15.6,11.2,354,18.7
2024-04-29T04:00,15.7,0.00,0.00,0.00,15.0,12.0,351,20.5
2024-04-29T05:00,15.4,0.00,0.00,0.00,14.8,11.9,355,20.5
2024-04-29T06:00,16.2,0.00,0.00,0.00,15.1,15.9,3,27.4
2024-04-29T07:00,17.9,0.00,0.00,0.00,17.1,15.9,6,29.5
2024-04-29T08:00,19.7,0.00,0.00,0.00,18.8,16.1,10,32.8
2024-04-29T09:00,21.6,0.00,0.00,0.00,20.8,14.9,7,32.8
2024-04-29T10:00,23.3,0.00,0.00,0.00,22.6,15.7,351,32.8
2024-04-29T11:00,23.7,0.20,0.00,0.20,22.7,18.7,360,38.9
2024-04-29T12:00,22.2,0.50,0.00,0.50,20.1,23.0,10,42.8
2024-04-29T13:00,23.4,0.00,0.00,0.00,21.0,23.9,23,49.3
2024-04-29T14:00,24.5,0.00,0.00,0.00,23.5,21.4,17,46.1
2024-04-29T15:00,23.4,0.00,0.00,0.00,21.8,23.5,5,46.4
2024-04-29T16:00,21.3,0.00,0.00,0.00,18.0,26.2,13,51.1
2024-04-29T17:00,21.3,0.00,0.00,0.00,18.2,25.0,12,51.1
2024-04-29T18:00,20.1,0.00,0.00,0.00,16.8,26.2,16,49.3
2024-04-29T19:00,18.8,0.00,0.00,0.00,15.8,24.1,20,49.0
2024-04-29T20:00,17.7,0.00,0.00,0.00,14.4,23.8,27,45.0
2024-04-29T21:00,17.1,0.00,0.00,0.00,13.7,22.4,30,43.2
2024-04-29T22:00,16.7,0.00,0.00,0.00,13.0,23.2,30,41.8
2024-04-29T23:00,16.5,0.00,0.00,0.00,12.7,23.1,31,42.5
2024-04-30T00:00,16.4,0.00,0.00,0.00,12.6,23.6,34,42.1
2024-04-30T01:00,15.9,0.00,0.00,0.00,11.9,24.7,37,44.3
2024-04-30T02:00,15.1,0.00,0.00,0.00,10.5,27.7,38,50.8
2024-04-30T03:00,14.3,0.00,0.00,0.00,9.8,26.3,36,50.8
2024-04-30T04:00,13.0,0.00,0.00,0.00,9.3,21.9,27,40.0
2024-04-30T05:00,12.4,0.00,0.00,0.00,8.3,23.2,30,42.1
2024-04-30T06:00,12.0,0.00,0.00,0.00,7.5,24.7,34,44.6
2024-04-30T07:00,12.4,0.00,0.00,0.00,7.6,25.5,36,46.4
2024-04-30T08:00,13.6,0.00,0.00,0.00,8.6,27.4,39,51.8
2024-04-30T09:00,15.0,0.00,0.00,0.00,10.1,27.5,42,53.3
2024-04-30T10:00,16.6,0.00,0.00,0.00,12.2,26.7,47,53.6
2024-04-30T11:00,18.2,0.00,0.00,0.00,14.5,26.4,52,52.6
2024-04-30T12:00,19.7,0.00,0.00,0.00,15.7,29.4,59,58.7
2024-04-30T13:00,20.2,0.00,0.00,0.00,15.3,30.0,61,58.0
2024-04-30T14:00,20.2,0.00,0.00,0.00,15.1,29.4,67,57.2
2024-04-30T15:00,20.3,0.00,0.00,0.00,15.3,28.9,71,57.2
2024-04-30T16:00,20.4,0.00,0.00,0.00,14.7,28.6,67,55.8
2024-04-30T17:00,19.9,0.00,0.00,0.00,13.7,28.7,70,55.1
2024-04-30T18:00,19.1,0.00,0.00,0.00,13.2,25.6,73,53.6
2024-04-30T19:00,17.6,0.00,0.00,0.00,12.0,22.5,78,46.4
2024-04-30T20:00,16.2,0.00,0.00,0.00,11.0,19.5,74,40.7
2024-04-30T21:00,15.4,0.00,0.00,0.00,10.6,17.9,71,34.9
2024-04-30T22:00,14.7,0.00,0.00,0.00,9.9,17.9,71,32.4
2024-04-30T23:00,13.9,0.00,0.00,0.00,9.4,16.5,70,31.7
2024-05-01T00:00,13.0,0.00,0.00,0.00,8.8,14.9,58,29.2
2024-05-01T01:00,12.3,0.00,0.00,0.00,8.2,14.8,51,26.3
2024-05-01T02:00,12.1,0.00,0.00,0.00,7.8,15.6,50,27.0
2024-05-01T03:00,12.1,0.00,0.00,0.00,7.8,16.3,55,28.1
2024-05-01T04:00,10.9,0.00,0.00,0.00,7.0,15.0,69,27.7
2024-05-01T05:00,10.5,0.00,0.00,0.00,6.7,15.2,68,26.3
2024-05-01T06:00,11.1,0.00,0.00,0.00,7.1,17.2,57,29.5
2024-05-01T07:00,12.8,0.00,0.00,0.00,9.4,15.5,54,31.0
2024-05-01T08:00,15.0,0.00,0.00,0.00,11.4,17.7,63,34.2
2024-05-01T09:00,17.0,0.00,0.00,0.00,13.0,19.7,72,39.2
2024-05-01T10:00,18.5,0.00,0.00,0.00,14.8,20.9,75,42.1
2024-05-01T11:00,19.8,0.00,0.00,0.00,16.8,20.1,75,42.5
2024-05-01T12:00,20.9,0.00,0.00,0.00,18.5,19.2,77,41.0
2024-05-01T13:00,21.8,0.00,0.00,0.00,19.3,20.0,67,41.4
2024-05-01T14:00,22.4,0.00,0.00,0.00,19.9,19.3,66,41.4
2024-05-01T15:00,22.8,0.00,0.00,0.00,20.1,17.5,71,40.0
2024-05-01T16:00,22.9,0.00,0.00,0.00,19.3,14.4,68,32.0
2024-05-01T17:00,22.5,0.00,0.00,0.00,18.9,13.2,68,30.2
2024-05-01T18:00,21.5,0.00,0.00,0.00,18.7,10.0,69,26.3
2024-05-01T19:00,18.2,0.00,0.00,0.00,16.5,7.6,85,18.0
2024-05-01T20:00,15.3,0.00,0.00,0.00,12.9,10.4,92,12.6
2024-05-01T21:00,14.3,0.00,0.00,0.00,11.8,11.0,101,13.0
2024-05-01T22:00,14.8,0.00,0.00,0.00,12.5,8.6,92,13.0
2024-05-01T23:00,16.7,0.00,0.00,0.00,14.6,5.8,83,10.1
2024-05-02T00:00,14.1,0.00,0.00,0.00,12.0,7.0,159,7.6
2024-05-02T01:00,13.8,0.00,0.00,0.00,11.8,6.6,209,8.6
2024-05-02T02:00,11.6,0.00,0.00,0.00,9.4,7.6,289,8.3
2024-05-02T03:00,10.7,0.00,0.00,0.00,8.3,8.2,319,9.4
2024-05-02T04:00,9.4,0.00,0.00,0.00,7.3,7.5,343,10.4
2024-05-02T05:00,8.7,0.00,0.00,0.00,6.5,8.0,352,10.4
2024-05-02T06:00,10.5,0.00,0.00,0.00,9.1,5.1,4,9.7
2024-05-02T07:00,14.0,0.00,0.00,0.00,12.8,4.1,38,11.2
2024-05-02T08:00,17.0,0.00,0.00,0.00,16.2,2.4,63,10.1
2024-05-02T09:00,19.1,0.00,0.00,0.00,17.9,5.2,65,16.2
2024-05-02T10:00,21.1,0.00,0.00,0.00,20.4,5.9,79,18.0
2024-05-02T11:00,22.7,0.00,0.00,0.00,22.4,6.5,84,19.8
2024-05-02T12:00,23.7,0.00,0.00,0.00,23.2,7.9,87,22.3
2024-05-02T13:00,24.3,0.00,0.00,0.00,23.8,8.2,75,22.7
2024-05-02T14:00,24.9,0.00,0.00,0.00,24.3,8.3,90,22.7
2024-05-02T15:00,25.1,0.00,0.00,0.00,23.2,9.4,90,22.7
2024-05-02T16:00,24.8,0.00,0.00,0.00,22.6,7.9,114,19.8
2024-05-02T17:00,24.5,0.00,0.00,0.00,21.8,9.4,130,21.2
2024-05-02T18:00,23.4,0.00,0.00,0.00,21.0,9.0,143,20.5
2024-05-02T19:00,20.1,0.00,0.00,0.00,19.1,7.6,155,15.8
2024-05-02T20:00,19.0,0.00,0.00,0.00,17.2,8.3,90,9.4
2024-05-02T21:00,18.5,0.00,0.00,0.00,16.9,6.1,62,11.2
2024-05-02T22:00,18.4,0.00,0.00,0.00,16.4,10.2,45,17.6
2024-05-02T23:00,16.9,0.00,0.00,0.00,14.1,14.5,35,23.8
2024-05-03T00:00,16.0,0.00,0.00,0.00,13.2,15.9,51,28.8
2024-05-03T01:00,15.4,0.00,0.00,0.00,13.3,11.1,61,27.4
2024-05-03T02:00,14.8,0.00,0.00,0.00,13.3,6.5,84,18.7
2024-05-03T03:00,13.9,0.00,0.00,0.00,11.7,11.9,29,19.8
2024-05-03T04:00,12.6,0.00,0.00,0.00,10.5,11.8,31,20.5
2024-05-03T05:00,11.5,0.00,0.00,0.00,9.4,11.7,34,20.9
2024-05-03T06:00,11.9,0.00,0.00,0.00,9.4,12.9,36,22.0
2024-05-03T07:00,13.5,0.00,0.00,0.00,11.4,11.0,38,22.7
2024-05-03T08:00,15.7,0.00,0.00,0.00,13.6,10.9,46,24.5
2024-05-03T09:00,18.0,0.00,0.00,0.00,15.8,11.3,53,26.3
2024-05-03T10:00,19.8,0.00,0.00,0.00,18.1,11.2,50,26.6
2024-05-03T11:00,21.0,0.00,0.00,0.00,20.1,10.9,44,27.4
2024-05-03T12:00,21.8,0.00,0.00,0.00,21.3,10.9,27,27.4
2024-05-03T13:00,22.4,0.00,0.00,0.00,21.4,11.6,22,28.1
2024-05-03T14:00,22.8,0.00,0.00,0.00,21.0,14.1,19,31.7
2024-05-03T15:00,22.8,0.00,0.00,0.00,20.1,14.7,22,32.4
2024-05-03T16:00,22.7,0.00,0.00,0.00,19.5,13.5,29,32.0
2024-05-03T17:00,22.8,0.00,0.00,0.00,18.7,15.3,9,28.8
2024-05-03T18:00,20.1,0.00,0.00,0.00,15.8,20.3,23,43.6
2024-05-03T19:00,18.9,0.00,0.00,0.00,15.0,17.9,25,37.4
2024-05-03T20:00,17.3,0.00,0.00,0.00,13.9,14.2,30,32.0
2024-05-03T21:00,16.3,0.00,0.00,0.00,12.1,19.5,34,33.5
2024-05-03T22:00,14.7,0.00,0.00,0.00,9.5,21.1,43,40.0
2024-05-03T23:00,13.5,0.00,0.00,0.00,8.3,19.9,45,37.8
2024-05-04T00:00,12.6,0.00,0.00,0.00,7.5,18.9,48,35.6
2024-05-04T01:00,11.8,0.00,0.00,0.00,6.8,18.1,49,33.8
2024-05-04T02:00,11.0,0.00,0.00,0.00,5.6,20.6,47,36.7
2024-05-04T03:00,9.7,0.00,0.00,0.00,4.1,21.5,52,40.0
2024-05-04T04:00,8.0,0.00,0.00,0.00,2.6,20.2,51,40.0
2024-05-04T05:00,7.3,0.00,0.00,0.00,1.8,20.0,51,36.7
2024-05-04T06:00,7.2,0.00,0.00,0.00,1.8,19.2,52,36.0
2024-05-04T07:00,7.7,0.00,0.00,0.00,1.8,22.1,56,41.4
2024-05-04T08:00,8.6,0.00,0.00,0.00,2.8,21.7,58,42.8
2024-05-04T09:00,9.7,0.00,0.00,0.00,4.0,21.4,57,43.2
2024-05-04T10:00,11.0,0.00,0.00,0.00,5.9,21.1,57,43.6
2024-05-04T11:00,12.0,0.00,0.00,0.00,7.4,20.6,54,43.6
2024-05-04T12:00,12.7,0.00,0.00,0.00,8.7,19.1,49,43.2
2024-05-04T13:00,13.2,0.00,0.00,0.00,9.3,19.3,45,41.4
2024-05-04T14:00,13.4,0.00,0.00,0.00,9.3,19.6,41,41.8
2024-05-04T15:00,13.4,0.00,0.00,0.00,8.6,19.9,41,42.1
2024-05-04T16:00,13.2,0.00,0.00,0.00,7.6,19.6,49,40.3
2024-05-04T17:00,12.8,0.00,0.00,0.00,6.9,19.5,52,40.3
2024-05-04T18:00,12.2,0.00,0.00,0.00,6.3,19.1,54,38.9
2024-05-04T19:00,11.4,0.00,0.00,0.00,6.1,14.9,53,36.0
2024-05-04T20:00,9.9,0.00,0.00,0.00,5.3,11.0,49,27.0
2024-05-04T21:00,8.9,0.00,0.00,0.00,4.4,10.4,44,19.1
2024-05-04T22:00,8.1,0.00,0.00,0.00,3.6,10.2,48,18.4
2024-05-04T23:00,7.4,0.00,0.00,0.00,3.0,9.7,45,17.6
2024-05-05T00:00,6.9,0.00,0.00,0.00,2.4,10.6,35,18.4
2024-05-05T01:00,6.4,0.00,0.00,0.00,1.9,11.0,32,18.7
2024-05-05T02:00,5.9,0.00,0.00,0.00,1.3,11.6,26,19.8
2024-05-05T03:00,5.5,0.00,0.00,0.00,0.7,12.2,24,21.6
2024-05-05T04:00,4.0,0.00,0.00,0.00,-0.6,12.2,24,20.9
2024-05-05T05:00,3.7,0.00,0.00,0.00,-0.7,11.1,36,20.9
2024-05-05T06:00,4.6,0.00,0.00,0.00,0.2,11.2,45,18.7
2024-05-05T07:00,7.0,0.00,0.00,0.00,3.0,9.4,47,19.1
2024-05-05T08:00,9.5,0.00,0.00,0.00,5.5,9.9,57,22.7
2024-05-05T09:00,11.6,0.00,0.00,0.00,7.2,11.8,70,26.6
2024-05-05T10:00,12.8,0.00,0.00,0.00,8.9,13.0,71,30.2
2024-05-05T11:00,13.8,0.00,0.00,0.00,10.5,13.2,68,31.0
2024-05-05T12:00,14.6,0.00,0.00,0.00,11.8,12.4,64,31.0
2024-05-05T13:00,15.2,0.00,0.00,0.00,12.9,11.0,67,29.9
2024-05-05T14:00,15.7,0.00,0.00,0.00,13.4,9.3,77,28.1
2024-05-05T15:00,15.9,0.00,0.00,0.00,13.6,6.9,84,24.5
2024-05-05T16:00,16.3,0.00,0.00,0.00,13.4,3.9,124,18.4
2024-05-05T17:00,16.1,0.00,0.00,0.00,12.6,4.2,121,15.8
2024-05-05T18:00,15.6,0.00,0.00,0.00,12.2,3.7,119,13.7
2024-05-05T19:00,13.1,0.00,0.00,0.00,10.3,6.1,140,10.1
2024-05-05T20:00,10.5,0.00,0.00,0.00,6.8,8.4,170,11.9
2024-05-05T21:00,9.3,0.00,0.00,0.00,5.3,10.8,195,12.6
2024-05-05T22:00,9.0,0.00,0.00,0.00,5.1,9.8,188,13.3
2024-05-05T23:00,8.4,0.00,0.00,0.00,4.7,9.5,191,13.3
2024-05-06T00:00,8.4,0.00,0.00,0.00,5.0,7.8,202,12.2
2024-05-06T01:00,8.3,0.00,0.00,0.00,4.7,8.4,211,14.0
2024-05-06T02:00,7.7,0.00,0.00,0.00,3.9,9.5,209,15.5
2024-05-06T03:00,7.6,0.00,0.00,0.00,3.6,10.9,224,18.4
2024-05-06T04:00,6.3,0.00,0.00,0.00,2.7,10.0,218,17.3
2024-05-06T05:00,6.0,0.00,0.00,0.00,2.5,10.3,216,17.3
2024-05-06T06:00,7.2,0.00,0.00,0.00,3.6,12.0,213,19.8
2024-05-06T07:00,9.2,0.00,0.00,0.00,5.9,10.9,207,21.6
2024-05-06T08:00,12.0,0.00,0.00,0.00,8.8,11.5,212,24.8
2024-05-06T09:00,14.6,0.00,0.00,0.00,10.8,15.8,221,32.4
2024-05-06T10:00,16.4,0.00,0.00,0.00,12.8,17.9,232,37.1
2024-05-06T11:00,17.7,0.00,0.00,0.00,14.4,18.4,235,38.9
2024-05-06T12:00,18.7,0.00,0.00,0.00,15.6,19.0,237,40.0
2024-05-06T13:00,19.9,0.00,0.00,0.00,17.1,19.0,241,40.3
2024-05-06T14:00,20.4,0.00,0.00,0.00,17.3,19.8,245,41.4
2024-05-06T15:00,20.3,0.00,0.00,0.00,16.6,20.5,252,42.1
2024-05-06T16:00,19.8,0.00,0.00,0.00,15.5,19.5,247,40.3
2024-05-06T17:00,19.2,0.00,0.00,0.00,14.7,18.7,247,39.2
2024-05-06T18:00,18.0,0.00,0.00,0.00,14.3,16.2,249,36.7
2024-05-06T19:00,16.4,0.00,0.00,0.00,13.6,12.5,258,30.2
2024-05-06T20:00,14.5,0.00,0.00,0.00,12.1,12.1,258,22.0
2024-05-06T21:00,13.9,0.00,0.00,0.00,11.8,10.9,243,20.5
2024-05-06T22:00,13.6,0.00,0.00,0.00,11.0,12.8,220,21.2
2024-05-06T23:00,12.9,0.00,0.00,0.00,10.1,12.8,220,22.0
2024-05-07T00:00,12.3,0.00,0.00,0.00,9.5,12.1,217,21.6
2024-05-07T01:00,11.8,0.00,0.00,0.00,8.8,12.3,220,20.9
2024-05-07T02:00,11.6,0.00,0.00,0.00,8.4,12.7,215,21.2
2024-05-07T03:00,11.3,0.00,0.00,0.00,8.2,12.3,212,21.6
2024-05-07T04:00,10.6,0.00,0.00,0.00,8.0,10.8,206,19.1
2024-05-07T05:00,10.2,0.00,0.00,0.00,7.7,10.8,201,18.4
2024-05-07T06:00,11.0,0.00,0.00,0.00,8.5,11.8,203,19.8
2024-05-07T07:00,13.1,0.00,0.00,0.00,10.9,11.0,203,21.6
2024-05-07T08:00,15.6,0.00,0.00,0.00,13.6,11.9,209,25.2
2024-05-07T09:00,17.9,0.00,0.00,0.00,15.7,12.9,216,28.4
2024-05-07T10:00,19.8,0.00,0.00,0.00,18.0,13.3,221,29.9
2024-05-07T11:00,21.2,0.00,0.00,0.00,19.8,14.3,231,32.0
2024-05-07T12:00,22.3,0.00,0.00,0.00,20.9,15.0,240,33.5
2024-05-07T13:00,23.0,0.00,0.00,0.00,21.1,16.4,244,35.6
2024-05-07T14:00,23.0,0.00,0.00,0.00,20.4,18.8,250,39.2
2024-05-07T15:00,22.5,0.00,0.00,0.00,18.8,21.4,250,43.2
2024-05-07T16:00,22.2,0.00,0.00,0.00,17.7,20.7,247,42.8
2024-05-07T17:00,21.4,0.00,0.00,0.00,16.7,19.8,245,40.7
2024-05-07T18:00,19.8,0.00,0.00,0.00,15.8,17.2,250,38.5
2024-05-07T19:00,18.0,0.00,0.00,0.00,13.7,19.6,253,34.6
2024-05-07T20:00,16.6,0.00,0.00,0.00,13.0,18.1,257,34.6
2024-05-07T21:00,16.0,0.00,0.00,0.00,13.0,16.8,255,32.0
2024-05-07T22:00,15.6,0.00,0.00,0.00,13.0,15.9,252,29.9
2024-05-07T23:00,15.3,0.00,0.00,0.00,12.6,16.6,252,28.8
2024-05-08T00:00,15.0,0.00,0.00,0.00,12.5,16.6,252,29.2
2024-05-08T01:00,14.7,0.00,0.00,0.00,12.4,16.7,251,29.5
2024-05-08T02:00,14.6,0.00,0.00,0.00,12.6,16.4,255,29.5
2024-05-08T03:00,14.4,0.00,0.00,0.00,12.5,15.7,259,28.8
2024-05-08T04:00,12.9,0.00,0.00,0.00,11.3,12.2,272,25.9
2024-05-08T05:00,12.2,0.00,0.00,0.00,10.3,11.7,281,21.2
2024-05-08T06:00,13.2,0.00,0.00,0.00,10.8,12.1,280,21.2
2024-05-08T07:00,14.6,0.00,0.00,0.00,12.1,12.2,294,23.0
2024-05-08T08:00,14.9,1.10,0.00,1.10,12.6,13.5,335,29.2
2024-05-08T09:00,14.9,0.20,0.00,0.20,13.2,12.6,347,27.7
2024-05-08T10:00,14.2,0.40,0.00,0.40,12.1,15.5,3,28.8
2024-05-08T11:00,14.6,0.00,0.00,0.00,12.5,13.0,360,30.6
2024-05-08T12:00,17.8,0.00,0.00,0.00,15.9,11.7,351,30.6
2024-05-08T13:00,19.3,0.00,0.00,0.00,17.8,13.5,344,31.0
2024-05-08T14:00,19.4,0.00,0.00,0.00,17.1,15.0,339,33.8
2024-05-08T15:00,19.2,0.00,0.00,0.00,15.9,14.8,337,33.8
2024-05-08T16:00,17.5,0.00,0.00,0.00,14.3,11.1,335,27.7
2024-05-08T17:00,17.3,0.00,0.00,0.00,13.5,11.5,340,26.3
2024-05-08T18:00,16.6,0.00,0.00,0.00,12.9,10.9,343,25.6
2024-05-08T19:00,15.3,0.00,0.00,0.00,12.2,7.6,341,21.6
2024-05-08T20:00,13.1,0.00,0.00,0.00,9.9,8.1,339,13.3
2024-05-08T21:00,12.2,0.00,0.00,0.00,8.7,9.5,349,16.2
2024-05-08T22:00,11.4,0.00,0.00,0.00,7.8,10.8,356,18.0
2024-05-08T23:00,10.9,0.00,0.00,0.00,7.1,11.7,11,20.5
2024-05-09T00:00,10.2,0.00,0.00,0.00,6.3,11.4,24,20.2
2024-05-09T01:00,9.4,0.00,0.00,0.00,5.6,10.0,26,19.1
2024-05-09T02:00,8.5,0.00,0.00,0.00,4.9,8.4,25,16.9
2024-05-09T03:00,7.7,0.00,0.00,0.00,4.4,6.8,25,13.7
2024-05-09T04:00,4.8,0.00,0.00,0.00,1.6,6.8,18,10.4
2024-05-09T05:00,4.6,0.00,0.00,0.00,1.6,5.5,11,9.4
2024-05-09T06:00,6.4,0.00,0.00,0.00,3.5,5.8,7,9.4
2024-05-09T07:00,9.8,0.00,0.00,0.00,7.4,3.3,6,10.8
2024-05-09T08:00,12.4,0.00,0.00,0.00,10.0,1.1,342,10.4
2024-05-09T09:00,13.6,0.00,0.00,0.00,11.0,2.1,329,11.9
2024-05-09T10:00,14.9,0.00,0.00,0.00,12.5,4.7,351,17.3
2024-05-09T11:00,15.7,0.00,0.00,0.00,13.3,7.0,348,20.9
2024-05-09T12:00,16.4,0.00,0.00,0.00,14.2,8.8,348,24.1
2024-05-09T13:00,17.0,0.00,0.00,0.00,15.1,9.3,344,25.2
2024-05-09T14:00,17.7,0.00,0.00,0.00,15.9,9.0,337,25.2
2024-05-09T15:00,18.1,0.00,0.00,0.00,15.2,11.4,349,27.0
2024-05-09T16:00,18.5,0.00,0.00,0.00,15.5,8.0,355,20.9
2024-05-09T17:00,18.1,0.00,0.00,0.00,13.9,11.7,9,25.2
2024-05-09T18:00,17.1,0.00,0.00,0.00,12.5,13.4,14,26.6
2024-05-09T19:00,15.9,0.00,0.00,0.00,11.8,10.9,17,25.9
2024-05-09T20:00,14.4,0.00,0.00,0.00,9.8,13.9,21,23.4
2024-05-09T21:00,13.1,0.00,0.00,0.00,8.0,15.2,31,27.0
2024-05-09T22:00,11.9,0.00,0.00,0.00,6.8,14.7,36,27.0
2024-05-09T23:00,10.9,0.00,0.00,0.00,5.7,14.7,36,25.9
2024-05-10T00:00,10.0,0.00,0.00,0.00,5.0,13.5,42,25.6
2024-05-10T01:00,9.2,0.00,0.00,0.00,4.3,12.7,45,23.4
2024-05-10T02:00,8.6,0.00,0.00,0.00,3.7,12.2,43,22.0
2024-05-10T03:00,8.0,0.00,0.00,0.00,3.2,11.7,45,21.2
2024-05-10T04:00,6.2,0.00,0.00,0.00,1.8,10.2,45,17.6
2024-05-10T05:00,5.8,0.00,0.00,0.00,1.3,11.2,48,19.4
2024-05-10T06:00,6.7,0.00,0.00,0.00,2.1,12.1,53,20.5
2024-05-10T07:00,8.8,0.00,0.00,0.00,4.6,10.7,57,20.9
2024-05-10T08:00,11.0,0.00,0.00,0.00,7.1,9.4,67,22.3
2024-05-10T09:00,13.4,0.00,0.00,0.00,9.5,8.9,76,22.7
2024-05-10T10:00,14.9,0.00,0.00,0.00,11.8,8.2,75,23.4
2024-05-10T11:00,16.0,0.00,0.00,0.00,14.1,5.4,70,22.7
2024-05-10T12:00,16.8,0.00,0.00,0.00,15.8,3.3,41,19.4
2024-05-10T13:00,17.5,0.00,0.00,0.00,16.4,4.4,9,18.4
2024-05-10T14:00,18.0,0.00,0.00,0.00,16.4,5.4,4,19.4
2024-05-10T15:00,18.2,0.00,0.00,0.00,15.9,6.5,360,20.2
2024-05-10T16:00,18.4,0.00,0.00,0.00,15.1,6.4,16,20.5
2024-05-10T17:00,18.0,0.00,0.00,0.00,14.0,6.5,34,18.7
2024-05-10T18:00,17.4,0.00,0.00,0.00,13.4,6.6,45,17.3
2024-05-10T19:00,15.2,0.00,0.00,0.00,12.2,4.6,45,14.4
2024-05-10T20:00,12.5,0.00,0.00,0.00,8.8,6.9,43,10.1
2024-05-10T21:00,11.7,0.00,0.00,0.00,8.0,6.8,58,10.1
2024-05-10T22:00,10.5,0.00,0.00,0.00,6.8,8.4,83,11.2
2024-05-10T23:00,9.5,0.00,0.00,0.00,5.6,10.2,100,13.3
2024-05-11T00:00,8.9,0.00,0.00,0.00,4.8,11.7,101,14.0
2024-05-11T01:00,8.8,0.00,0.00,0.00,5.2,7.6,85,13.7
2024-05-11T02:00,8.7,0.00,0.00,0.00,5.0,7.6,82,12.6
2024-05-11T03:00,8.6,0.00,0.00,0.00,4.7,8.4,83,13.7
2024-05-11T04:00,6.9,0.00,0.00,0.00,3.6,5.9,38,7.6
2024-05-11T05:00,5.1,0.00,0.00,0.00,1.4,8.4,50,10.4
2024-05-11T06:00,8.4,0.00,0.00,0.00,5.2,5.6,50,10.4
2024-05-11T07:00,11.6,0.00,0.00,0.00,8.2,7.7,101,15.1
2024-05-11T08:00,14.1,0.00,0.00,0.00,10.8,7.3,99,18.0
2024-05-11T09:00,16.2,0.00,0.00,0.00,12.6,8.2,105,20.9
2024-05-11T10:00,17.6,0.00,0.00,0.00,15.1,7.4,113,21.6
2024-05-11T11:00,18.6,0.00,0.00,0.00,17.4,4.7,90,21.2
2024-05-11T12:00,19.5,0.00,0.00,0.00,18.8,4.3,48,18.4
2024-05-11T13:00,20.2,0.00,0.00,0.00,19.8,3.8,73,18.4
2024-05-11T14:00,20.6,0.00,0.00,0.00,20.1,2.9,90,17.3
2024-05-11T15:00,21.0,0.00,0.00,0.00,19.9,2.2,81,15.8
2024-05-11T16:00,21.3,0.00,0.00,0.00,19.2,2.1,301,13.0
2024-05-11T17:00,20.9,0.00,0.00,0.00,17.7,4.5,331,13.7
2024-05-11T18:00,20.2,0.00,0.00,0.00,16.8,6.2,353,13.7
2024-05-11T19:00,18.2,0.00,0.00,0.00,15.5,5.6,15,12.2
2024-05-11T20:00,15.8,0.00,0.00,0.00,12.7,6.4,43,11.2
2024-05-11T21:00,13.9,0.00,0.00,0.00,10.7,8.1,45,10.4
2024-05-11T22:00,16.7,0.00,0.00,0.00,13.9,2.7,23,10.1
2024-05-11T23:00,13.5,0.00,0.00,0.00,9.8,8.8,305,13.0
2024-05-12T00:00,12.8,0.00,0.00,0.00,9.1,9.6,304,18.7
2024-05-12T01:00,12.5,0.00,0.00,0.00,8.1,14.8,313,23.4
2024-05-12T02:00,12.6,0.00,0.00,0.00,8.2,16.4,331,30.6
2024-05-12T03:00,11.9,0.00,0.00,0.00,7.7,19.6,353,33.8
2024-05-12T04:00,11.5,0.00,0.00,0.00,8.4,14.6,9,27.7
2024-05-12T05:00,11.3,0.00,0.00,0.00,8.3,15.6,7,27.4
2024-05-12T06:00,11.9,0.00,0.00,0.00,8.9,16.6,4,30.2
2024-05-12T07:00,13.0,0.00,0.00,0.00,9.8,18.3,10,34.9
2024-05-12T08:00,14.0,0.00,0.00,0.00,10.5,19.2,13,37.8
2024-05-12T09:00,15.1,0.00,0.00,0.00,11.5,17.4,13,37.4
2024-05-12T10:00,16.6,0.00,0.00,0.00,13.3,16.8,9,36.0
2024-05-12T11:00,17.3,0.00,0.00,0.00,14.2,17.7,2,37.8
2024-05-12T12:00,17.6,0.00,0.00,0.00,14.5,17.6,359,38.9
2024-05-12T13:00,18.1,0.00,0.00,0.00,15.2,17.0,4,38.2
2024-05-12T14:00,18.4,0.00,0.00,0.00,15.2,16.9,11,37.4
2024-05-12T15:00,18.5,0.00,0.00,0.00,14.9,16.5,16,37.1
2024-05-12T16:00,18.2,0.00,0.00,0.00,14.2,12.7,15,28.8
2024-05-12T17:00,17.8,0.00,0.00,0.00,13.4,12.3,21,28.8
2024-05-12T18:00,17.1,0.00,0.00,0.00,12.9,11.6,26,26.6
2024-05-12T19:00,15.9,0.00,0.00,0.00,12.1,9.2,26,23.0
2024-05-12T20:00,13.7,0.00,0.00,0.00,10.0,9.2,26,16.6
2024-05-12T21:00,12.6,0.00,0.00,0.00,8.9,9.0,29,16.6
2024-05-12T22:00,11.5,0.00,0.00,0.00,8.0,8.0,27,15.5
2024-05-12T23:00,10.9,0.00,0.00,0.00,7.2,9.2,31,14.8
2024-05-13T00:00,10.8,0.00,0.00,0.00,6.4,13.7,45,23.4
2024-05-13T01:00,10.1,0.00,0.00,0.00,5.8,13.0,56,23.8
2024-05-13T02:00,9.4,0.00,0.00,0.00,5.1,12.2,62,22.3
2024-05-13T03:00,8.8,0.00,0.00,0.00,4.1,14.7,62,25.6
2024-05-13T04:00,7.4,0.00,0.00,0.00,3.0,13.9,65,23.4
2024-05-13T05:00,7.5,0.00,0.00,0.00,2.7,16.2,73,27.7
2024-05-13T06:00,8.2,0.00,0.00,0.00,3.5,16.6,77,31.3
2024-05-13T07:00,9.6,0.00,0.00,0.00,5.0,17.4,84,32.8
2024-05-13T08:00,11.4,0.00,0.00,0.00,6.9,17.7,94,35.3
2024-05-13T09:00,13.1,0.00,0.00,0.00,8.7,17.8,97,37.1
2024-05-13T10:00,14.6,0.00,0.00,0.00,11.1,16.9,101,37.1
2024-05-13T11:00,15.9,0.00,0.00,0.00,13.3,15.0,101,36.4
2024-05-13T12:00,16.9,0.00,0.00,0.00,14.4,12.3,93,34.2
2024-05-13T13:00,16.5,0.00,0.00,0.00,12.8,10.6,80,29.9
2024-05-13T14:00,16.1,0.00,0.00,0.00,12.2,11.6,68,25.2
2024-05-13T15:00,15.7,0.00,0.00,0.00,11.7,12.4,68,26.3
2024-05-13T16:00,17.2,0.00,0.00,0.00,13.1,10.9,81,25.2
2024-05-13T17:00,16.7,0.00,0.00,0.00,12.0,15.2,76,30.2
2024-05-13T18:00,16.0,0.00,0.00,0.00,11.1,16.0,82,32.0
2024-05-13T19:00,15.2,0.00,0.00,0.00,10.6,14.1,94,30.2
2024-05-13T20:00,13.3,0.00,0.00,0.00,9.0,12.6,90,25.6
2024-05-13T21:00,12.2,0.00,0.00,0.00,7.4,16.0,76,27.4
2024-05-13T22:00,11.6,0.00,0.00,0.00,6.4,17.8,72,32.4
2024-05-13T23:00,11.1,0.00,0.00,0.00,5.9,17.3,69,31.7
2024-05-14T00:00,10.1,0.00,0.00,0.00,4.7,18.6,68,32.8
2024-05-14T01:00,9.0,0.00,0.00,0.00,3.7,18.3,68,33.1
2024-05-14T02:00,8.6,0.00,0.00,0.00,3.2,18.5,69,33.1
2024-05-14T03:00,8.2,0.00,0.00,0.00,3.0,17.1,68,32.8
2024-05-14T04:00,7.3,0.00,0.00,0.00,2.7,15.2,59,25.9
2024-05-14T05:00,7.1,0.00,0.00,0.00,2.2,16.5,58,28.1
2024-05-14T06:00,7.6,0.00,0.00,0.00,2.8,16.5,58,30.6
2024-05-14T07:00,9.1,0.00,0.00,0.00,4.3,16.0,59,30.6
2024-05-14T08:00,11.0,0.00,0.00,0.00,6.0,17.9,68,34.9
2024-05-14T09:00,12.6,0.00,0.00,0.00,7.4,18.7,74,38.9
2024-05-14T10:00,13.7,0.00,0.00,0.00,9.2,15.3,82,38.2
2024-05-14T11:00,14.6,0.00,0.00,0.00,10.8,14.9,83,33.5
2024-05-14T12:00,15.4,0.00,0.00,0.00,11.8,15.9,85,35.3
2024-05-14T13:00,16.2,0.00,0.00,0.00,13.1,14.8,94,35.6
2024-05-14T14:00,17.0,0.00,0.00,0.00,14.2,12.2,118,33.5
2024-05-14T15:00,17.4,0.00,0.00,0.00,12.8,15.1,140,31.7
2024-05-14T16:00,17.5,0.00,0.00,0.00,13.6,13.6,101,31.3
2024-05-14T17:00,17.2,0.00,0.00,0.00,12.9,12.7,105,30.2
2024-05-14T18:00,16.8,0.00,0.00,0.00,12.2,14.1,109,27.4
2024-05-14T19:00,15.9,0.00,0.00,0.00,11.7,11.9,92,27.4
2024-05-14T20:00,14.2,0.00,0.00,0.00,10.1,11.6,64,21.2
2024-05-14T21:00,14.1,0.00,0.00,0.00,9.3,15.5,78,26.3
2024-05-14T22:00,13.4,0.00,0.00,0.00,8.1,18.8,78,33.8
2024-05-14T23:00,12.4,0.10,0.00,0.10,7.3,17.9,81,34.2
2024-05-15T00:00,12.2,0.00,0.00,0.00,7.1,18.0,78,31.3
2024-05-15T01:00,12.2,0.00,0.00,0.00,7.2,17.3,89,32.4
2024-05-15T02:00,11.7,0.00,0.00,0.00,7.2,14.8,93,30.6
2024-05-15T03:00,10.2,0.40,0.00,0.40,6.4,14.8,90,26.6
2024-05-15T04:00,10.7,0.00,0.00,0.00,6.8,10.9,81,20.2
2024-05-15T05:00,9.9,0.30,0.00,0.30,6.5,9.8,84,20.9
2024-05-15T06:00,9.0,0.30,0.00,0.30,5.3,15.0,63,24.8
2024-05-15T07:00,8.5,0.70,0.00,0.70,5.2,15.0,80,27.4
2024-05-15T08:00,8.6,0.90,0.00,0.90,5.7,15.5,90,28.8
2024-05-15T09:00,9.6,0.20,0.00,0.20,6.2,18.5,97,33.8
2024-05-15T10:00,10.8,0.10,0.00,0.10,7.7,16.9,89,35.6
2024-05-15T11:00,12.4,0.00,0.00,0.00,9.0,19.2,85,39.2
2024-05-15T12:00,14.4,0.00,0.00,0.00,11.3,19.2,85,39.6
2024-05-15T13:00,15.1,0.20,0.00,0.20,11.6,22.7,92,45.0
2024-05-15T14:00,13.9,5.50,0.00,5.50,9.9,23.3,99,46.8
2024-05-15T15:00,15.3,0.10,0.00,0.10,11.6,20.2,91,44.3
2024-05-15T16:00,16.5,0.00,0.00,0.00,12.2,17.9,99,36.7
2024-05-15T17:00,16.5,0.00,0.00,0.00,12.0,16.4,123,36.4
2024-05-15T18:00,16.2,0.00,0.00,0.00,11.8,15.8,125,32.0
2024-05-15T19:00,15.0,0.00,0.00,0.00,11.5,10.6,118,28.8
2024-05-15T20:00,13.7,0.00,0.00,0.00,10.8,7.2,108,18.7
2024-05-15T21:00,12.9,0.00,0.00,0.00,10.8,4.0,153,12.2
2024-05-15T22:00,12.1,0.00,0.00,0.00,10.5,3.3,264,7.2
2024-05-15T23:00,11.3,0.00,0.00,0.00,9.6,4.4,9,4.7
2024-05-16T00:00,12.1,0.00,0.00,0.00,8.3,11.5,76,18.7
2024-05-16T01:00,10.9,0.00,0.00,0.00,7.1,11.2,84,21.2
2024-05-16T02:00,10.0,0.00,0.00,0.00,6.5,9.7,75,19.1
2024-05-16T03:00,10.0,0.00,0.00,0.00,6.3,10.0,69,17.6
2024-05-16T04:00,7.9,0.00,0.00,0.00,4.5,9.8,54,16.2
2024-05-16T05:00,8.4,0.00,0.00,0.00,4.7,12.5,51,21.2
2024-05-16T06:00,9.2,0.00,0.00,0.00,5.3,15.5,65,26.3
2024-05-16T07:00,10.5,0.00,0.00,0.00,6.9,15.2,83,28.8
2024-05-16T08:00,11.7,0.00,0.00,0.00,8.5,14.8,87,30.2
2024-05-16T09:00,12.6,0.00,0.00,0.00,9.4,15.8,89,32.8
2024-05-16T10:00,13.7,0.00,0.00,0.00,10.5,15.5,87,35.3
2024-05-16T11:00,14.7,0.00,0.00,0.00,12.1,14.5,83,34.2
2024-05-16T12:00,15.0,0.00,0.00,0.00,12.0,14.2,83,33.1
2024-05-16T13:00,15.2,0.00,0.00,0.00,12.1,13.0,85,31.7
2024-05-16T14:00,15.1,0.00,0.00,0.00,11.9,13.0,62,28.4
2024-05-16T15:00,14.6,0.10,0.00,0.10,11.1,15.5,46,31.3
2024-05-16T16:00,15.9,0.00,0.00,0.00,12.2,13.2,68,28.8
2024-05-16T17:00,16.0,0.00,0.00,0.00,12.7,10.0,64,28.1
2024-05-16T18:00,16.0,0.00,0.00,0.00,12.5,9.4,50,21.6
2024-05-16T19:00,14.5,0.00,0.00,0.00,11.9,5.7,35,18.4
2024-05-16T20:00,13.3,0.00,0.00,0.00,9.9,9.2,21,14.8
2024-05-16T21:00,12.7,0.00,0.00,0.00,8.7,12.0,21,19.8
2024-05-16T22:00,11.5,0.00,0.00,0.00,7.7,10.6,18,20.2
2024-05-16T23:00,10.9,0.00,0.00,0.00,7.3,9.3,16,17.6
2024-05-17T00:00,10.9,0.00,0.00,0.00,7.4,8.4,20,16.2
2024-05-17T01:00,10.1,0.00,0.00,0.00,6.6,8.2,15,14.0
2024-05-17T02:00,9.3,0.00,0.00,0.00,5.7,9.2,11,14.8
2024-05-17T03:00,9.4,0.00,0.00,0.00,6.0,8.0,5,15.5
2024-05-17T04:00,8.9,0.00,0.00,0.00,5.8,8.6,358,14.8
2024-05-17T05:00,9.4,0.00,0.00,0.00,6.2,9.0,2,15.5
2024-05-17T06:00,10.6,0.00,0.00,0.00,7.4,9.5,11,16.2
2024-05-17T07:00,11.8,0.00,0.00,0.00,8.8,8.8,12,16.6
2024-05-17T08:00,12.8,0.00,0.00,0.00,9.7,9.0,16,18.7
2024-05-17T09:00,13.8,0.00,0.00,0.00,10.8,8.3,5,19.1
2024-05-17T10:00,14.9,0.10,0.00,0.10,11.9,9.0,355,20.5
2024-05-17T11:00,15.1,0.00,0.00,0.00,11.9,8.0,342,20.9
2024-05-17T12:00,16.2,0.00,0.00,0.00,13.8,5.5,337,20.5
2024-05-17T13:00,17.0,0.00,0.00,0.00,15.4,6.2,306,19.1
2024-05-17T14:00,17.0,0.30,0.00,0.30,14.8,9.5,307,23.8
2024-05-17T15:00,16.6,0.20,0.00,0.20,14.2,7.0,305,24.1
2024-05-17T16:00,17.4,0.00,0.00,0.00,12.8,14.5,312,28.4
2024-05-17T17:00,16.6,0.00,0.00,0.00,12.1,15.3,321,31.0
2024-05-17T18:00,16.4,0.00,0.00,0.00,12.2,13.3,322,29.5
2024-05-17T19:00,15.4,0.00,0.00,0.00,11.9,10.9,316,25.6
2024-05-17T20:00,12.7,0.00,0.00,0.00,9.8,7.6,315,19.8
2024-05-17T21:00,11.1,0.00,0.00,0.00,8.3,7.4,309,13.0
2024-05-17T22:00,10.4,0.00,0.00,0.00,7.6,7.7,298,11.9
2024-05-17T23:00,10.4,0.00,0.00,0.00,7.3,8.9,297,14.8
2024-05-18T00:00,9.9,0.00,0.00,0.00,6.8,8.9,297,14.8
2024-05-18T01:00,9.6,0.00,0.00,0.00,6.6,8.3,304,14.4
2024-05-18T02:00,9.7,0.00,0.00,0.00,7.0,6.4,297,13.7
2024-05-18T03:00,8.8,0.00,0.00,0.00,5.9,8.6,270,11.5
2024-05-18T04:00,9.5,0.00,0.00,0.00,7.3,6.0,163,6.8
2024-05-18T05:00,6.4,0.00,0.00,0.00,3.6,9.3,152,11.5
2024-05-18T06:00,9.1,0.00,0.00,0.00,6.7,8.7,185,14.0
2024-05-18T07:00,11.1,0.00,0.00,0.00,9.0,7.9,183,16.6
2024-05-18T08:00,13.9,0.00,0.00,0.00,11.8,8.9,194,20.9
2024-05-18T09:00,16.3,0.00,0.00,0.00,13.5,13.0,208,27.7
2024-05-18T10:00,17.5,0.00,0.00,0.00,14.8,14.3,227,31.3
2024-05-18T11:00,18.2,0.00,0.00,0.00,15.4,13.4,239,31.3
2024-05-18T12:00,18.8,0.00,0.00,0.00,15.9,12.0,249,29.5
2024-05-18T13:00,19.3,0.00,0.00,0.00,16.9,11.9,241,27.0
2024-05-18T14:00,19.8,0.00,0.00,0.00,17.1,11.3,253,27.0
2024-05-18T15:00,19.8,0.00,0.00,0.00,17.1,10.5,254,25.2
2024-05-18T16:00,20.1,0.00,0.00,0.00,17.0,10.9,278,28.8
2024-05-18T17:00,19.5,0.00,0.00,0.00,15.9,12.8,286,25.9
2024-05-18T18:00,18.4,0.00,0.00,0.00,15.0,16.1,254,30.2
2024-05-18T19:00,16.7,0.00,0.00,0.00,14.4,13.9,253,29.9
2024-05-18T20:00,14.5,0.00,0.00,0.00,13.0,10.6,246,24.1
2024-05-18T21:00,13.1,0.00,0.00,0.00,12.3,7.6,239,18.4
2024-05-18T22:00,11.9,0.00,0.00,0.00,11.0,7.4,219,12.6
2024-05-18T23:00,11.3,0.00,0.00,0.00,10.4,6.8,212,10.8
2024-05-19T00:00,11.6,0.10,0.00,0.10,10.4,7.4,219,11.5
2024-05-19T01:00,11.1,0.10,0.00,0.10,9.9,6.7,216,12.6
2024-05-19T02:00,10.0,0.00,0.00,0.00,8.5,8.1,201,10.8
2024-05-19T03:00,9.9,0.00,0.00,0.00,8.5,7.2,207,9.7
2024-05-19T04:00,11.6,0.00,0.00,0.00,10.9,4.0,207,7.2
2024-05-19T05:00,9.9,0.00,0.00,0.00,8.9,5.1,172,7.2
2024-05-19T06:00,11.5,0.00,0.00,0.00,10.9,3.6,135,6.1
2024-05-19T07:00,13.4,0.00,0.00,0.00,13.6,0.8,63,8.3
2024-05-19T08:00,15.2,0.00,0.00,0.00,15.5,1.3,34,11.2
2024-05-19T09:00,16.9,0.00,0.00,0.00,17.0,1.8,90,14.4
2024-05-19T10:00,18.4,0.10,0.00,0.10,19.0,3.5,114,18.0
2024-05-19T11:00,19.5,0.10,0.00,0.10,20.6,4.0,95,19.1
2024-05-19T12:00,20.5,0.10,0.00,0.10,21.1,5.4,94,18.7
2024-05-19T13:00,20.2,0.10,0.00,0.10,19.8,4.3,138,18.7
2024-05-19T14:00,17.0,1.50,0.00,1.50,15.5,14.8,225,32.0
2024-05-19T15:00,16.7,1.30,0.00,1.30,15.4,11.0,328,31.3
2024-05-19T16:00,22.3,0.00,0.00,0.00,20.5,8.9,47,20.9
2024-05-19T17:00,21.4,0.00,0.00,0.00,19.0,10.3,25,23.8
2024-05-19T18:00,19.3,0.10,0.00,0.10,16.9,10.5,84,22.3
2024-05-19T19:00,16.6,0.00,0.00,0.00,14.8,13.3,161,24.8
2024-05-19T20:00,15.7,0.00,0.00,0.00,15.2,3.4,32,22.7
2024-05-19T21:00,13.9,0.00,0.00,0.00,13.3,4.0,360,5.8
2024-05-19T22:00,13.5,0.00,0.00,0.00,12.7,4.7,9,6.8
2024-05-19T23:00,13.2,0.00,0.00,0.00,12.1,6.4,52,6.8
2024-05-20T00:00,12.3,0.00,0.00,0.00,11.3,6.0,73,10.1
2024-05-20T01:00,11.4,0.00,0.00,0.00,10.2,6.9,62,9.7
2024-05-20T02:00,11.2,0.00,0.00,0.00,10.1,5.8,60,9.7
2024-05-20T03:00,10.8,0.00,0.00,0.00,9.6,6.1,62,9.0
2024-05-20T04:00,9.6,0.00,0.00,0.00,8.5,4.8,48,8.3
2024-05-20T05:00,9.8,0.00,0.00,0.00,8.3,7.4,61,11.9
2024-05-20T06:00,11.3,0.00,0.00,0.00,10.0,9.1,72,14.8
2024-05-20T07:00,13.7,0.00,0.00,0.00,13.3,6.0,73,15.8
2024-05-20T08:00,16.4,0.00,0.00,0.00,15.9,7.6,82,18.4
2024-05-20T09:00,18.2,0.00,0.00,0.00,17.0,9.8,96,23.4
2024-05-20T10:00,19.4,0.00,0.00,0.00,18.5,10.8,105,26.3
2024-05-20T11:00,20.4,0.10,0.00,0.10,19.8,11.1,115,26.6
2024-05-20T12:00,21.1,0.10,0.00,0.10,21.0,9.7,121,26.6
2024-05-20T13:00,21.7,0.00,0.00,0.00,21.9,8.4,121,24.8
2024-05-20T14:00,22.1,0.00,0.00,0.00,21.9,7.4,119,22.3
2024-05-20T15:00,22.3,0.00,0.00,0.00,21.9,7.0,125,20.9
2024-05-20T16:00,23.5,0.00,0.00,0.00,22.2,6.0,107,17.6
2024-05-20T17:00,23.2,0.00,0.00,0.00,21.4,6.8,93,16.6
2024-05-20T18:00,22.5,0.00,0.00,0.00,20.5,8.0,98,16.2
2024-05-20T19:00,20.4,0.00,0.00,0.00,19.9,4.6,129,14.8
2024-05-20T20:00,19.0,0.00,0.00,0.00,17.8,6.5,124,9.7
2024-05-20T21:00,16.1,0.00,0.00,0.00,14.7,8.2,67,9.4
2024-05-20T22:00,15.9,0.00,0.00,0.00,14.5,6.9,81,10.4
2024-05-20T23:00,14.7,0.00,0.00,0.00,13.3,8.0,95,11.5
2024-05-21T00:00,13.6,0.00,0.00,0.00,12.0,9.6,103,12.2
2024-05-21T01:00,14.2,0.00,0.00,0.00,13.0,6.9,96,11.2
2024-05-21T02:00,15.0,0.00,0.00,0.00,14.0,4.3,66,7.9
2024-05-21T03:00,14.7,0.00,0.00,0.00,13.7,3.3,41,5.8
2024-05-21T04:00,11.5,0.00,0.00,0.00,10.2,5.7,35,9.7
2024-05-21T05:00,11.2,0.00,0.00,0.00,9.6,7.6,45,12.2
2024-05-21T06:00,13.5,0.00,0.00,0.00,12.0,8.3,56,13.0
2024-05-21T07:00,16.7,0.00,0.00,0.00,15.6,7.5,73,15.8
2024-05-21T08:00,19.2,0.00,0.00,0.00,18.2,7.6,90,18.0
2024-05-21T09:00,21.2,0.00,0.00,0.00,20.0,8.8,99,21.6
2024-05-21T10:00,22.7,0.00,0.00,0.00,21.6,10.0,111,24.5
2024-05-21T11:00,23.5,0.00,0.00,0.00,22.7,9.5,115,24.5
2024-05-21T12:00,24.3,0.00,0.00,0.00,23.8,9.6,110,24.1
2024-05-21T13:00,24.7,0.00,0.00,0.00,24.1,9.7,112,24.5
2024-05-21T14:00,25.0,0.00,0.00,0.00,24.4,9.2,121,24.5
2024-05-21T15:00,24.6,0.00,0.00,0.00,23.4,8.1,111,23.4
2024-05-21T16:00,25.3,0.00,0.00,0.00,22.5,9.3,103,23.0
2024-05-21T17:00,25.4,0.00,0.00,0.00,22.5,6.2,97,20.9
2024-05-21T18:00,24.8,0.00,0.00,0.00,22.8,3.7,169,14.0
2024-05-21T19:00,21.8,0.00,0.00,0.00,21.7,5.4,228,7.6
2024-05-21T20:00,17.7,0.00,0.00,0.00,16.0,7.1,336,8.3
2024-05-21T21:00,17.6,0.00,0.00,0.00,15.5,6.5,360,10.4
2024-05-21T22:00,15.3,0.00,0.00,0.00,12.7,9.4,58,11.5
2024-05-21T23:00,14.5,0.00,0.00,0.00,11.8,12.3,122,13.0
2024-05-22T00:00,18.6,0.00,0.00,0.00,16.1,9.0,157,14.0
2024-05-22T01:00,19.4,0.00,0.00,0.00,17.6,2.7,337,10.1
2024-05-22T02:00,17.8,0.00,0.00,0.00,16.0,2.2,360,3.2
2024-05-22T03:00,14.4,0.00,0.00,0.00,12.1,5.6,27,9.4
2024-05-22T04:00,12.4,0.00,0.00,0.00,10.0,8.2,49,13.0
2024-05-22T05:00,12.8,0.00,0.00,0.00,10.3,9.4,47,15.1
2024-05-22T06:00,15.2,0.00,0.00,0.00,12.7,10.7,57,17.3
2024-05-22T07:00,18.0,0.00,0.00,0.00,15.8,11.4,77,20.2
2024-05-22T08:00,20.0,0.00,0.00,0.00,18.1,10.5,86,22.3
2024-05-22T09:00,22.2,0.00,0.00,0.00,20.4,10.1,92,23.4
2024-05-22T10:00,24.3,0.00,0.00,0.00,22.4,10.8,90,25.2
2024-05-22T11:00,25.5,0.00,0.00,0.00,23.6,12.6,95,28.4
2024-05-22T12:00,26.1,0.00,0.00,0.00,24.3,14.2,97,31.3
2024-05-22T13:00,26.5,0.00,0.00,0.00,24.6,14.9,98,32.8
2024-05-22T14:00,26.8,0.00,0.00,0.00,24.6,15.0,101,33.1
2024-05-22T15:00,26.8,0.00,0.00,0.00,24.1,15.3,105,32.8
2024-05-22T16:00,26.6,0.00,0.00,0.00,23.0,16.4,109,34.2
2024-05-22T17:00,26.2,0.00,0.00,0.00,22.3,14.7,115,33.1
2024-05-22T18:00,25.4,0.00,0.00,0.00,22.2,11.9,125,28.4
2024-05-22T19:00,23.1,0.00,0.00,0.00,20.7,8.9,137,21.2
2024-05-22T20:00,19.4,0.00,0.00,0.00,16.9,9.3,126,14.8
2024-05-22T21:00,17.3,0.00,0.00,0.00,14.9,11.4,125,13.3
2024-05-22T22:00,16.8,0.00,0.00,0.00,14.9,6.8,65,13.0
2024-05-22T23:00,15.6,0.00,0.00,0.00,13.2,9.7,48,10.8
2024-05-23T00:00,15.3,0.00,0.00,0.00,12.5,10.8,75,13.7
2024-05-23T01:00,14.7,0.00,0.00,0.00,12.1,10.0,69,13.3
2024-05-23T02:00,14.8,0.00,0.00,0.00,12.6,7.1,45,13.3
2024-05-23T03:00,14.3,0.00,0.00,0.00,11.8,9.7,31,16.2
2024-05-23T04:00,13.2,0.00,0.00,0.00,10.8,9.7,59,16.6
2024-05-23T05:00,13.0,0.00,0.00,0.00,10.6,9.5,65,16.2
2024-05-23T06:00,14.4,0.00,0.00,0.00,12.0,11.5,76,19.4
2024-05-23T07:00,16.8,0.00,0.00,0.00,14.6,11.6,68,22.3
2024-05-23T08:00,19.5,0.00,0.00,0.00,17.4,11.1,77,23.8
2024-05-23T09:00,21.9,0.00,0.00,0.00,19.6,13.0,84,28.1
2024-05-23T10:00,23.6,0.00,0.00,0.00,20.8,17.6,90,36.0
2024-05-23T11:00,24.8,0.00,0.00,0.00,22.1,19.1,91,39.6
2024-05-23T12:00,25.6,0.00,0.00,0.00,22.7,20.9,94,42.5
2024-05-23T13:00,26.4,0.00,0.00,0.00,23.1,22.3,100,45.0
2024-05-23T14:00,26.6,0.00,0.00,0.00,23.3,21.6,101,45.0
2024-05-23T15:00,26.9,0.00,0.00,0.00,23.8,19.2,98,43.6
2024-05-23T16:00,26.7,0.00,0.00,0.00,22.5,20.3,96,42.1
2024-05-23T17:00,26.2,0.00,0.00,0.00,21.6,19.2,98,40.0
2024-05-23T18:00,25.5,0.00,0.00,0.00,21.6,16.0,98,36.7
2024-05-23T19:00,23.5,0.00,0.00,0.00,21.0,8.6,105,28.4
2024-05-23T20:00,20.2,0.00,0.00,0.00,17.9,8.2,61,14.8
2024-05-23T21:00,21.0,0.00,0.00,0.00,17.3,15.1,72,24.8
2024-05-23T22:00,20.4,0.00,0.00,0.00,16.8,14.5,67,26.6
2024-05-23T23:00,20.0,0.00,0.00,0.00,16.3,15.5,77,25.9
2024-05-24T00:00,19.0,0.00,0.00,0.00,15.3,16.3,65,29.2
2024-05-24T01:00,18.4,0.00,0.00,0.00,15.0,16.4,71,28.4
2024-05-24T02:00,18.0,0.00,0.00,0.00,14.8,17.1,65,29.9
2024-05-24T03:00,17.6,0.00,0.00,0.00,14.4,18.4,59,31.7
2024-05-24T04:00,16.8,0.00,0.00,0.00,13.7,20.4,64,36.0
2024-05-24T05:00,16.6,0.00,0.00,0.00,13.6,21.7,63,38.2
2024-05-24T06:00,17.2,0.00,0.00,0.00,14.1,24.2,65,43.2
2024-05-24T07:00,18.1,0.00,0.00,0.00,14.2,27.1,67,50.0
2024-05-24T08:00,19.0,0.00,0.00,0.00,14.5,28.4,66,53.6
2024-05-24T09:00,19.9,0.00,0.00,0.00,14.8,28.7,66,55.1
2024-05-24T10:00,21.1,0.00,0.00,0.00,16.4,29.1,68,56.9
2024-05-24T11:00,22.3,0.00,0.00,0.00,17.9,30.2,68,58.7
2024-05-24T12:00,23.3,0.00,0.00,0.00,19.1,31.5,68,60.8
2024-05-24T13:00,24.0,0.00,0.00,0.00,19.7,32.6,70,63.0
2024-05-24T14:00,24.4,0.00,0.00,0.00,20.0,32.4,73,63.0
2024-05-24T15:00,24.3,0.00,0.00,0.00,19.3,32.7,76,63.0
2024-05-24T16:00,23.5,0.00,0.00,0.00,17.2,33.2,72,64.1
2024-05-24T17:00,22.9,0.00,0.00,0.00,16.1,33.0,74,63.0
2024-05-24T18:00,22.0,0.00,0.00,0.00,15.4,31.6,73,61.9
2024-05-24T19:00,20.9,0.00,0.00,0.00,14.7,27.7,69,58.3
2024-05-24T20:00,19.5,0.00,0.00,0.00,13.1,26.9,67,50.4
2024-05-24T21:00,18.6,0.00,0.00,0.00,11.8,27.9,68,50.0
2024-05-24T22:00,18.0,0.00,0.00,0.00,11.3,26.9,70,50.4
2024-05-24T23:00,17.2,0.00,0.00,0.00,10.6,26.4,70,48.2
2024-05-25T00:00,16.5,0.00,0.00,0.00,10.0,26.6,71,48.2
2024-05-25T01:00,15.9,0.00,0.00,0.00,9.3,26.5,72,48.2
2024-05-25T02:00,15.3,0.00,0.00,0.00,8.7,26.1,72,47.5
2024-05-25T03:00,14.7,0.00,0.00,0.00,8.2,25.2,73,47.2
2024-05-25T04:00,13.4,0.00,0.00,0.00,7.1,23.9,72,44.3
2024-05-25T05:00,12.9,0.00,0.00,0.00,6.6,24.0,71,43.2
2024-05-25T06:00,13.3,0.00,0.00,0.00,7.0,25.0,72,45.4
2024-05-25T07:00,14.4,0.00,0.00,0.00,8.2,25.6,70,46.4
2024-05-25T08:00,15.8,0.00,0.00,0.00,9.5,27.9,76,52.6
2024-05-25T09:00,17.4,0.00,0.00,0.00,11.4,28.8,81,55.4
2024-05-25T10:00,19.0,0.00,0.00,0.00,13.7,30.4,85,58.7
2024-05-25T11:00,20.3,0.00,0.00,0.00,14.8,32.3,83,62.6
2024-05-25T12:00,21.1,0.00,0.00,0.00,15.5,34.0,80,65.2
2024-05-25T13:00,21.7,0.00,0.00,0.00,16.2,33.6,81,65.5
2024-05-25T14:00,22.3,0.00,0.00,0.00,16.6,33.3,80,65.2
2024-05-25T15:00,22.5,0.00,0.00,0.00,16.6,32.5,80,64.1
2024-05-25T16:00,22.0,0.00,0.00,0.00,15.6,30.8,83,61.6
2024-05-25T17:00,21.7,0.00,0.00,0.00,14.7,30.7,86,58.7
2024-05-25T18:00,21.1,0.00,0.00,0.00,14.3,29.7,84,57.6
2024-05-25T19:00,20.1,0.00,0.00,0.00,13.8,26.8,79,54.7
2024-05-25T20:00,19.6,0.00,0.00,0.00,13.1,27.0,80,49.3
2024-05-25T21:00,19.2,0.00,0.00,0.00,13.0,25.7,75,48.6
2024-05-25T22:00,18.8,0.00,0.00,0.00,12.6,25.5,74,46.8
2024-05-25T23:00,18.3,0.00,0.00,0.00,12.2,25.4,78,46.8
2024-05-26T00:00,17.8,0.00,0.00,0.00,12.0,24.0,81,46.1
2024-05-26T01:00,17.3,0.00,0.00,0.00,11.5,23.9,83,43.6
2024-05-26T02:00,16.1,0.10,0.00,0.10,10.7,22.9,83,43.2
2024-05-26T03:00,15.6,0.00,0.00,0.00,10.0,22.7,80,40.7
2024-05-26T04:00,12.8,0.00,0.00,0.00,7.6,21.1,73,37.8
2024-05-26T05:00,12.3,0.00,0.00,0.00,7.0,21.5,72,38.9
2024-05-26T06:00,12.5,0.00,0.00,0.00,7.3,21.3,66,40.7
2024-05-26T07:00,13.3,0.00,0.00,0.00,7.8,23.8,65,44.3
2024-05-26T08:00,14.8,0.00,0.00,0.00,9.2,25.4,69,48.2
2024-05-26T09:00,16.1,0.00,0.00,0.00,10.6,24.9,72,49.0
2024-05-26T10:00,16.9,0.00,0.00,0.00,11.4,25.1,66,48.6
2024-05-26T11:00,18.8,0.00,0.00,0.00,13.5,25.3,67,49.3
2024-05-26T12:00,20.7,0.00,0.00,0.00,15.5,26.0,71,50.8
2024-05-26T13:00,21.2,0.00,0.00,0.00,15.6,27.3,74,52.6
2024-05-26T14:00,21.3,0.00,0.00,0.00,15.4,28.7,70,54.4
2024-05-26T15:00,21.1,0.00,0.00,0.00,15.2,27.6,66,55.1
2024-05-26T16:00,19.1,0.00,0.00,0.00,12.9,31.8,95,60.1
2024-05-26T17:00,16.7,0.10,0.00,0.10,12.3,22.0,80,59.4
2024-05-26T18:00,15.5,0.10,0.00,0.10,11.9,20.0,60,40.3
2024-05-26T19:00,15.0,0.00,0.00,0.00,11.4,20.4,42,36.4
2024-05-26T20:00,15.5,0.00,0.00,0.00,11.1,23.7,43,43.6
2024-05-26T21:00,16.2,0.00,0.00,0.00,11.7,21.7,50,42.5
2024-05-26T22:00,16.4,0.00,0.00,0.00,12.2,19.5,65,38.9
2024-05-26T23:00,16.4,0.00,0.00,0.00,12.1,20.1,75,36.4
2024-05-27T00:00,16.5,0.00,0.00,0.00,12.0,20.2,79,36.4
2024-05-27T01:00,16.4,0.00,0.00,0.00,12.1,18.8,73,36.0
2024-05-27T02:00,16.2,0.00,0.00,0.00,12.0,18.8,73,33.8
2024-05-27T03:00,16.1,0.00,0.00,0.00,12.2,17.9,71,33.8
2024-05-27T04:00,13.8,0.00,0.00,0.00,10.4,13.8,51,24.1
2024-05-27T05:00,14.0,0.00,0.00,0.00,10.6,14.8,56,25.9
2024-05-27T06:00,15.4,0.00,0.00,0.00,12.0,16.3,65,28.4
2024-05-27T07:00,16.9,0.00,0.00,0.00,13.5,17.0,69,31.3
2024-05-27T08:00,18.2,0.00,0.00,0.00,14.6,19.8,80,38.9
2024-05-27T09:00,19.3,0.00,0.00,0.00,15.9,20.0,83,40.3
2024-05-27T10:00,20.6,0.00,0.00,0.00,17.4,20.9,87,42.1
2024-05-27T11:00,22.3,0.00,0.00,0.00,19.3,22.7,86,45.7
2024-05-27T12:00,23.6,0.00,0.00,0.00,20.8,24.5,88,49.3
2024-05-27T13:00,24.5,0.00,0.00,0.00,20.8,29.4,98,56.2
2024-05-27T14:00,24.4,0.00,0.00,0.00,20.1,27.9,96,56.5
2024-05-27T15:00,24.6,0.00,0.00,0.00,20.8,27.6,102,54.7
2024-05-27T16:00,23.7,0.00,0.00,0.00,20.5,20.6,85,45.0
2024-05-27T17:00,23.7,0.00,0.00,0.00,20.1,20.5,88,40.7
2024-05-27T18:00,23.5,0.00,0.00,0.00,20.0,19.9,85,40.3
2024-05-27T19:00,22.4,0.00,0.00,0.00,19.4,15.7,58,37.1
2024-05-27T20:00,20.8,0.00,0.00,0.00,16.8,16.1,56,28.4
2024-05-27T21:00,20.3,0.00,0.00,0.00,16.1,14.8,64,28.1
2024-05-27T22:00,19.3,0.00,0.00,0.00,15.6,12.2,62,25.6
2024-05-27T23:00,18.7,0.00,0.00,0.00,14.8,14.2,66,24.1
2024-05-28T00:00,18.3,0.00,0.00,0.00,14.2,16.0,67,27.4
2024-05-28T01:00,17.6,0.00,0.00,0.00,13.3,17.0,73,29.2
2024-05-28T02:00,17.1,0.00,0.00,0.00,12.8,16.1,74,29.2
2024-05-28T03:00,16.6,0.00,0.00,0.00,12.1,15.5,72,28.1
2024-05-28T04:00,14.9,0.00,0.00,0.00,10.8,15.5,65,26.6
2024-05-28T05:00,14.7,0.00,0.00,0.00,10.5,17.2,70,29.2
2024-05-28T06:00,15.7,0.00,0.00,0.00,11.7,18.6,72,32.4
2024-05-28T07:00,17.4,0.00,0.00,0.00,14.0,16.9,70,32.8
2024-05-28T08:00,19.5,0.00,0.00,0.00,15.8,19.2,73,37.1
2024-05-28T09:00,21.5,0.00,0.00,0.00,17.8,21.8,81,42.8
2024-05-28T10:00,23.2,0.00,0.00,0.00,19.5,25.2,90,49.3
2024-05-28T11:00,24.7,0.00,0.00,0.00,20.3,28.6,96,55.4
2024-05-28T12:00,25.5,0.00,0.00,0.00,21.3,29.2,100,56.9
2024-05-28T13:00,26.3,0.00,0.00,0.00,22.2,28.5,99,56.9
2024-05-28T14:00,26.8,0.00,0.00,0.00,22.6,28.2,101,55.4
2024-05-28T15:00,26.9,0.00,0.00,0.00,22.4,27.7,106,55.1
2024-05-28T16:00,26.5,0.00,0.00,0.00,21.5,26.2,103,53.3
2024-05-28T17:00,26.3,0.00,0.00,0.00,21.2,25.0,97,50.4
2024-05-28T18:00,26.1,0.00,0.00,0.00,21.5,21.6,101,47.2
2024-05-28T19:00,24.8,0.00,0.00,0.00,20.9,18.4,107,39.6
2024-05-28T20:00,23.5,0.00,0.00,0.00,19.6,17.0,84,33.1
2024-05-28T21:00,22.0,0.00,0.00,0.00,18.1,16.7,65,30.2
2024-05-28T22:00,22.3,0.00,0.00,0.00,17.5,22.0,69,38.5
2024-05-28T23:00,21.5,0.00,0.00,0.00,16.7,21.8,74,39.6
2024-05-29T00:00,20.3,0.00,0.00,0.00,15.7,21.6,75,38.9
2024-05-29T01:00,19.7,0.00,0.00,0.00,15.0,21.3,78,38.2
2024-05-29T02:00,19.3,0.00,0.00,0.00,14.5,21.7,79,38.2
2024-05-29T03:00,18.8,0.00,0.00,0.00,14.0,20.8,80,38.2
2024-05-29T04:00,17.7,0.00,0.00,0.00,13.4,19.8,80,35.3
2024-05-29T05:00,17.3,0.00,0.00,0.00,12.9,20.5,80,36.4
2024-05-29T06:00,17.9,0.00,0.00,0.00,13.5,21.1,81,37.8
2024-05-29T07:00,19.1,0.00,0.00,0.00,15.2,19.5,74,38.2
2024-05-29T08:00,20.8,0.00,0.00,0.00,16.6,22.2,77,41.8
2024-05-29T09:00,22.7,0.00,0.00,0.00,18.5,23.4,80,45.7
2024-05-29T10:00,24.6,0.00,0.00,0.00,20.9,24.2,87,47.5
2024-05-29T11:00,26.0,0.00,0.00,0.00,21.8,25.9,88,50.0
2024-05-29T12:00,27.5,0.00,0.00,0.00,23.4,28.1,99,55.1
2024-05-29T13:00,28.0,0.00,0.00,0.00,24.1,28.3,116,54.7
2024-05-29T14:00,24.7,0.00,0.00,0.00,21.7,21.6,120,56.2
2024-05-29T15:00,27.2,0.00,0.00,0.00,23.7,21.1,123,42.1
2024-05-29T16:00,25.7,0.00,0.00,0.00,22.8,20.2,161,42.8
2024-05-29T17:00,26.2,0.00,0.00,0.00,23.7,16.3,149,41.0
2024-05-29T18:00,25.2,0.00,0.00,0.00,22.4,21.0,173,39.2
2024-05-29T19:00,22.5,0.00,0.00,0.00,21.1,15.9,193,39.6
2024-05-29T20:00,20.4,0.00,0.00,0.00,20.4,10.7,213,28.1
2024-05-29T21:00,19.6,0.00,0.00,0.00,20.0,8.9,227,18.0
2024-05-29T22:00,19.0,0.00,0.00,0.00,19.3,10.8,233,18.7
2024-05-29T23:00,18.0,0.00,0.00,0.00,18.7,9.1,236,18.7
2024-05-30T00:00,17.1,0.00,0.00,0.00,18.3,5.2,254,15.5
2024-05-30T01:00,16.1,0.00,0.00,0.00,16.9,6.6,315,8.6
2024-05-30T02:00,16.2,0.00,0.00,0.00,17.3,4.6,342,7.9
2024-05-30T03:00,15.9,0.00,0.00,0.00,16.9,4.8,347,8.3
2024-05-30T04:00,13.9,0.00,0.00,0.00,14.1,5.9,43,7.9
2024-05-30T05:00,14.3,0.00,0.00,0.00,15.2,2.8,40,6.8
2024-05-30T06:00,15.6,0.00,0.00,0.00,17.1,1.5,346,6.1
2024-05-30T07:00,18.5,0.00,0.00,0.00,20.3,1.9,338,9.7
2024-05-30T08:00,20.4,0.00,0.00,0.00,22.3,1.8,360,11.9
2024-05-30T09:00,22.3,0.00,0.00,0.00,24.1,1.9,292,13.0
2024-05-30T10:00,24.0,0.00,0.00,0.00,26.3,3.6,276,16.6
2024-05-30T11:00,25.5,0.00,0.00,0.00,28.4,3.8,253,23.0
2024-05-30T12:00,26.7,0.00,0.00,0.00,29.8,2.3,219,23.0
2024-05-30T13:00,27.9,0.10,0.00,0.10,30.1,5.4,176,20.5
2024-05-30T14:00,27.9,0.10,0.00,0.10,28.6,8.2,165,21.6
2024-05-30T15:00,28.3,0.00,0.00,0.00,29.2,7.6,161,22.7
2024-05-30T16:00,29.3,0.00,0.00,0.00,29.0,5.4,86,17.3
2024-05-30T17:00,29.4,0.00,0.00,0.00,28.7,3.8,131,16.6
2024-05-30T18:00,28.2,0.00,0.00,0.00,27.6,4.8,222,12.6
2024-05-30T19:00,24.9,0.00,0.00,0.00,23.8,17.6,239,28.8
2024-05-30T20:00,21.7,0.50,0.00,0.50,21.8,12.4,296,37.4
2024-05-30T21:00,21.8,0.10,0.00,0.10,22.2,8.4,295,25.2
2024-05-30T22:00,21.6,0.00,0.00,0.00,21.0,14.0,337,24.8
2024-05-30T23:00,20.5,0.00,0.00,0.00,20.4,9.7,309,23.4
2024-05-31T00:00,20.0,0.20,0.00,0.20,20.6,5.4,270,19.1
2024-05-31T01:00,19.4,0.90,0.00,0.90,20.3,6.7,324,18.0
2024-05-31T02:00,18.2,0.00,0.00,0.00,19.5,4.3,355,8.3
2024-05-31T03:00,17.6,0.10,0.00,0.10,18.9,6.2,350,14.0
2024-05-31T04:00,17.8,0.00,0.00,0.00,18.5,8.2,337,14.0
2024-05-31T05:00,17.6,0.00,0.00,0.00,18.4,7.7,323,14.0
2024-05-31T06:00,18.5,0.00,0.00,0.00,19.4,8.4,277,14.8
2024-05-31T07:00,20.3,0.00,0.00,0.00,21.6,5.8,266,15.8
2024-05-31T08:00,22.5,0.00,0.00,0.00,24.0,4.3,246,15.1
2024-05-31T09:00,24.6,0.00,0.00,0.00,25.6,7.4,223,20.2
2024-05-31T10:00,25.7,0.00,0.00,0.00,27.0,10.0,229,25.2
2024-05-31T11:00,26.1,1.10,0.00,1.10,27.3,14.3,227,32.0
2024-05-31T12:00,26.4,0.00,0.00,0.00,27.7,13.7,235,32.4
2024-05-31T13:00,25.9,0.10,0.00,0.10,27.1,12.8,232,31.3
2024-05-31T14:00,25.7,0.20,0.00,0.20,26.3,13.9,233,30.2
2024-05-31T15:00,25.7,0.10,0.00,0.10,25.8,14.2,246,31.0
2024-05-31T16:00,27.1,0.00,0.00,0.00,27.0,10.0,232,29.2
2024-05-31T17:00,26.2,0.00,0.00,0.00,26.0,10.2,260,23.8
2024-05-31T18:00,25.4,0.00,0.00,0.00,25.3,12.3,267,24.8
2024-05-31T19:00,23.9,0.00,0.00,0.00,24.1,11.9,273,24.8
2024-05-31T20:00,22.1,0.00,0.00,0.00,22.7,10.4,270,20.9
2024-05-31T21:00,21.2,0.00,0.00,0.00,21.9,9.8,276,18.0
2024-05-31T22:00,20.5,0.00,0.00,0.00,21.2,9.4,277,16.6
2024-05-31T23:00,19.9,0.00,0.00,0.00,20.5,8.8,282,16.2
2024-06-01T00:00,19.6,0.00,0.00,0.00,19.8,10.3,295,17.3
2024-06-01T01:00,18.9,0.00,0.00,0.00,19.3,8.7,294,17.6
2024-06-01T02:00,18.1,0.00,0.00,0.00,18.7,6.8,295,14.0
2024-06-01T03:00,17.5,0.00,0.00,0.00,18.1,7.1,330,11.9
2024-06-01T04:00,15.9,0.00,0.00,0.00,16.6,5.8,360,8.3
2024-06-01T05:00,16.6,0.00,0.00,0.00,17.4,5.8,353,9.7
2024-06-01T06:00,18.7,0.00,0.00,0.00,19.5,8.0,350,13.7
2024-06-01T07:00,21.6,0.00,0.00,0.00,23.0,4.7,351,13.7
2024-06-01T08:00,23.7,0.00,0.00,0.00,25.1,3.6,354,13.3
2024-06-01T09:00,25.3,0.00,0.00,0.00,26.5,3.8,343,14.8
2024-06-01T10:00,26.6,0.00,0.00,0.00,27.9,6.8,328,20.5
2024-06-01T11:00,27.3,0.00,0.00,0.00,27.7,10.5,319,25.2
2024-06-01T12:00,28.1,0.00,0.00,0.00,28.1,12.8,308,29.2
2024-06-01T13:00,28.9,0.00,0.00,0.00,29.0,14.0,296,32.0
2024-06-01T14:00,29.1,0.00,0.00,0.00,28.7,15.1,282,33.1
2024-06-01T15:00,28.8,0.00,0.00,0.00,28.0,15.9,274,34.2
2024-06-01T16:00,27.9,0.00,0.00,0.00,26.7,13.7,273,33.5
2024-06-01T17:00,27.8,0.00,0.00,0.00,26.0,13.8,261,29.2
2024-06-01T18:00,26.2,0.00,0.00,0.00,24.6,20.0,256,37.8
2024-06-01T19:00,24.0,0.00,0.00,0.00,22.9,17.4,252,38.2
2024-06-01T20:00,22.3,0.00,0.00,0.00,21.5,18.5,257,34.9
2024-06-01T21:00,21.3,0.00,0.00,0.00,20.2,18.3,254,32.8
2024-06-01T22:00,20.5,0.00,0.00,0.00,19.9,16.5,254,32.0
2024-06-01T23:00,19.9,0.00,0.00,0.00,19.5,14.1,257,29.2
2024-06-02T00:00,19.5,0.00,0.00,0.00,19.2,12.0,261,24.1
2024-06-02T01:00,18.9,0.00,0.00,0.00,18.8,10.1,266,20.5
2024-06-02T02:00,18.3,0.00,0.00,0.00,18.3,9.4,268,17.3
2024-06-02T03:00,17.7,0.00,0.00,0.00,17.8,9.0,275,15.8
2024-06-02T04:00,16.9,0.00,0.00,0.00,17.5,7.9,267,13.0
2024-06-02T05:00,17.0,0.00,0.00,0.00,17.5,8.0,278,13.3
2024-06-02T06:00,19.1,0.00,0.00,0.00,19.1,9.7,285,16.6
2024-06-02T07:00,21.6,0.00,0.00,0.00,21.9,7.9,270,16.9
2024-06-02T08:00,23.9,0.00,0.00,0.00,24.1,9.0,268,20.5
2024-06-02T09:00,26.0,0.00,0.00,0.00,26.2,9.8,262,23.4
2024-06-02T10:00,27.5,0.00,0.00,0.00,28.3,11.7,259,27.0
2024-06-02T11:00,28.5,0.00,0.00,0.00,28.7,14.5,264,32.0
2024-06-02T12:00,28.8,0.00,0.00,0.00,28.5,16.2,269,36.0
2024-06-02T13:00,29.0,0.00,0.00,0.00,28.3,18.5,263,38.5
2024-06-02T14:00,29.1,0.00,0.00,0.00,27.7,19.8,260,40.7
2024-06-02T15:00,28.8,0.00,0.00,0.00,26.8,20.5,259,41.8
2024-06-02T16:00,28.6,0.00,0.00,0.00,25.5,21.5,249,42.1
2024-06-02T17:00,27.1,0.00,0.00,0.00,24.2,21.5,252,43.9
2024-06-02T18:00,26.7,0.00,0.00,0.00,25.2,18.7,254,41.0
2024-06-02T19:00,24.7,0.00,0.00,0.00,23.6,16.9,254,35.3
2024-06-02T20:00,22.6,0.00,0.00,0.00,21.9,18.3,255,33.8
2024-06-02T21:00,21.4,0.00,0.00,0.00,21.0,16.9,254,31.7
2024-06-02T22:00,20.6,0.00,0.00,0.00,20.6,15.6,255,29.2
2024-06-02T23:00,20.2,0.00,0.00,0.00,19.9,15.5,252,27.4
2024-06-03T00:00,19.8,0.00,0.00,0.00,19.7,14.1,257,26.6
2024-06-03T01:00,19.2,0.00,0.00,0.00,19.6,11.9,265,24.1
2024-06-03T02:00,18.6,0.00,0.00,0.00,19.3,10.8,268,20.2
2024-06-03T03:00,18.2,0.00,0.00,0.00,19.1,9.7,266,18.7
2024-06-03T04:00,16.9,0.00,0.00,0.00,18.2,6.2,234,10.1
2024-06-03T05:00,17.2,0.00,0.00,0.00,18.5,7.2,217,11.2
2024-06-03T06:00,18.4,0.00,0.00,0.00,19.5,9.5,205,16.6
2024-06-03T07:00,20.4,0.00,0.00,0.00,21.1,10.0,210,20.5
2024-06-03T08:00,22.7,0.00,0.00,0.00,22.6,12.0,224,25.9
2024-06-03T09:00,24.7,0.00,0.00,0.00,24.0,13.5,228,29.5
2024-06-03T10:00,26.3,0.00,0.00,0.00,26.1,14.9,233,32.8
2024-06-03T11:00,27.5,0.00,0.00,0.00,27.9,15.9,237,34.6
2024-06-03T12:00,28.4,0.00,0.00,0.00,29.2,16.5,238,36.0
2024-06-03T13:00,29.3,0.00,0.00,0.00,29.7,17.4,240,37.4
2024-06-03T14:00,29.6,0.00,0.00,0.00,29.2,19.9,248,41.4
2024-06-03T15:00,29.4,0.00,0.00,0.00,28.1,21.7,249,43.6
2024-06-03T16:00,28.8,0.00,0.00,0.00,26.9,19.8,251,40.7
2024-06-03T17:00,27.9,0.00,0.00,0.00,25.5,18.9,256,39.6
2024-06-03T18:00,27.0,0.00,0.00,0.00,24.9,17.0,264,37.1
2024-06-03T19:00,25.7,0.00,0.00,0.00,24.8,13.4,264,32.0
2024-06-03T20:00,23.8,0.00,0.00,0.00,23.3,12.8,259,23.8
2024-06-03T21:00,22.5,0.00,0.00,0.00,22.5,11.6,244,22.3
2024-06-03T22:00,21.6,0.00,0.00,0.00,22.5,9.7,225,19.8
2024-06-03T23:00,20.9,0.00,0.00,0.00,21.9,9.2,228,16.2
2024-06-04T00:00,20.6,0.00,0.00,0.00,20.4,11.3,248,19.1
2024-06-04T01:00,20.1,0.00,0.00,0.00,20.5,9.7,248,19.1
2024-06-04T02:00,19.6,0.00,0.00,0.00,20.6,8.7,246,16.2
2024-06-04T03:00,19.3,0.00,0.00,0.00,20.6,8.9,238,14.8
2024-06-04T04:00,17.4,0.00,0.00,0.00,18.6,6.5,214,10.4
2024-06-04T05:00,17.3,0.00,0.00,0.00,18.5,6.2,216,10.4
2024-06-04T06:00,19.1,0.00,0.00,0.00,20.2,7.2,207,13.7
2024-06-04T07:00,21.4,0.00,0.00,0.00,22.7,7.2,207,16.2
2024-06-04T08:00,23.8,0.00,0.00,0.00,24.5,9.5,217,22.3
2024-06-04T09:00,25.9,0.00,0.00,0.00,26.0,10.5,211,24.8
2024-06-04T10:00,27.9,0.00,0.00,0.00,28.5,11.7,214,27.7
2024-06-04T11:00,29.2,0.00,0.00,0.00,30.7,13.2,227,30.6
2024-06-04T12:00,30.0,0.00,0.00,0.00,31.6,14.5,240,32.8
2024-06-04T13:00,30.5,0.00,0.00,0.00,31.9,14.5,243,33.1
2024-06-04T14:00,30.8,0.00,0.00,0.00,31.7,15.4,249,34.2
2024-06-04T15:00,30.8,0.00,0.00,0.00,31.0,16.2,249,34.6
2024-06-04T16:00,30.6,0.00,0.00,0.00,29.4,17.4,257,36.0
2024-06-04T17:00,30.0,0.00,0.00,0.00,28.7,15.3,261,35.6
2024-06-04T18:00,29.4,0.00,0.00,0.00,28.6,12.2,256,31.0
2024-06-04T19:00,28.1,0.00,0.00,0.00,28.6,7.9,254,23.8
2024-06-04T20:00,25.5,0.00,0.00,0.00,26.9,6.7,254,14.0
2024-06-04T21:00,23.9,0.00,0.00,0.00,25.7,7.1,255,11.2
2024-06-04T22:00,23.2,0.00,0.00,0.00,25.1,7.3,279,12.2
2024-06-04T23:00,22.1,0.00,0.00,0.00,24.2,6.8,288,11.9
2024-06-05T00:00,21.1,0.00,0.00,0.00,22.9,8.5,298,10.1
2024-06-05T01:00,20.5,0.00,0.00,0.00,22.3,7.7,311,10.1
2024-06-05T02:00,20.5,0.00,0.00,0.00,22.2,5.6,345,9.4
2024-06-05T03:00,20.0,0.00,0.00,0.00,21.3,6.2,10,9.4
2024-06-05T04:00,19.1,0.00,0.00,0.00,20.4,5.6,40,8.6
2024-06-05T05:00,19.3,0.00,0.00,0.00,20.5,6.5,71,10.4
2024-06-05T06:00,21.4,0.00,0.00,0.00,22.7,7.0,69,11.9
2024-06-05T07:00,24.1,0.00,0.00,0.00,26.1,4.0,100,12.2
2024-06-05T08:00,26.8,0.00,0.00,0.00,28.8,4.1,128,13.7
2024-06-05T09:00,28.8,0.00,0.00,0.00,30.5,5.1,129,16.6
2024-06-05T10:00,30.3,0.00,0.00,0.00,32.1,5.6,140,18.4
2024-06-05T11:00,31.5,0.00,0.00,0.00,33.8,4.4,171,18.4
2024-06-05T12:00,32.5,0.00,0.00,0.00,35.5,2.8,220,17.3
2024-06-05T13:00,33.2,0.00,0.00,0.00,35.6,5.5,293,19.1
2024-06-05T14:00,33.3,0.00,0.00,0.00,35.2,4.1,15,18.7
2024-06-05T15:00,33.7,0.00,0.00,0.00,34.4,9.7,22,23.8
2024-06-05T16:00,34.3,0.00,0.00,0.00,34.4,5.1,172,16.9
2024-06-05T17:00,34.0,0.00,0.00,0.00,32.9,8.3,198,19.1
2024-06-05T18:00,33.2,0.00,0.00,0.00,32.2,9.0,203,19.1
2024-06-05T19:00,30.9,0.00,0.00,0.00,32.4,4.7,238,17.3
2024-06-05T20:00,28.1,0.00,0.00,0.00,28.2,5.4,307,8.6
2024-06-05T21:00,26.0,0.00,0.00,0.00,26.2,4.7,356,9.0
2024-06-05T22:00,25.2,0.00,0.00,0.00,25.5,4.8,27,8.6
2024-06-05T23:00,24.6,0.00,0.00,0.00,24.8,6.1,50,10.4
2024-06-06T00:00,24.2,0.00,0.00,0.00,24.0,9.2,111,12.2
2024-06-06T01:00,24.4,0.00,0.00,0.00,24.7,8.2,131,13.0
2024-06-06T02:00,22.3,0.00,0.00,0.00,22.8,10.0,193,13.0
2024-06-06T03:00,21.7,0.00,0.00,0.00,22.7,7.2,288,12.6
2024-06-06T04:00,20.2,0.00,0.00,0.00,21.2,8.0,262,12.2
2024-06-06T05:00,21.0,0.00,0.00,0.00,21.3,9.8,262,15.8
2024-06-06T06:00,22.7,0.00,0.00,0.00,22.9,11.1,245,18.7
2024-06-06T07:00,24.7,0.00,0.00,0.00,26.7,10.9,226,22.0
2024-06-06T08:00,26.2,0.00,0.00,0.00,27.6,13.2,227,28.4
2024-06-06T09:00,27.7,0.00,0.00,0.00,27.6,14.0,222,29.9
2024-06-06T10:00,28.2,0.00,0.00,0.00,28.4,16.1,230,33.5
2024-06-06T11:00,29.5,0.00,0.00,0.00,31.0,18.8,241,38.9
2024-06-06T12:00,30.1,0.00,0.00,0.00,31.0,22.1,248,45.0
2024-06-06T13:00,30.1,0.00,0.00,0.00,30.3,24.7,247,49.7
2024-06-06T14:00,30.2,0.00,0.00,0.00,29.9,23.1,249,50.0
2024-06-06T15:00,29.9,0.00,0.00,0.00,28.8,23.9,252,47.9
2024-06-06T16:00,29.5,0.00,0.00,0.00,27.7,22.4,244,44.3
2024-06-06T17:00,28.6,0.00,0.00,0.00,26.9,23.0,250,45.7
2024-06-06T18:00,28.3,0.00,0.00,0.00,26.8,22.7,243,44.3
2024-06-06T19:00,26.8,0.00,0.00,0.00,26.2,19.8,245,42.5
2024-06-06T20:00,24.7,0.00,0.00,0.00,24.1,20.4,249,38.9
2024-06-06T21:00,23.3,0.00,0.00,0.00,23.8,14.8,252,36.0
2024-06-06T22:00,22.8,0.00,0.00,0.00,23.8,12.3,265,25.6
2024-06-06T23:00,23.9,0.00,0.00,0.00,23.2,14.5,289,24.8
2024-06-07T00:00,23.9,0.00,0.00,0.00,22.2,16.6,297,28.8
2024-06-07T01:00,23.6,0.00,0.00,0.00,21.5,19.6,296,34.6
2024-06-07T02:00,22.2,0.00,0.00,0.00,20.6,19.3,284,39.2
2024-06-07T03:00,21.4,0.20,0.00,0.20,21.3,10.8,249,33.5
2024-06-07T04:00,20.7,0.00,0.00,0.00,20.5,11.5,250,19.1
2024-06-07T05:00,20.5,0.00,0.00,0.00,20.3,13.1,262,22.3
2024-06-07T06:00,21.5,0.00,0.00,0.00,21.5,12.3,273,24.1
2024-06-07T07:00,23.0,0.00,0.00,0.00,22.4,15.1,282,29.2
2024-06-07T08:00,24.3,0.00,0.00,0.00,23.5,16.4,285,33.1
2024-06-07T09:00,25.3,0.00,0.00,0.00,24.0,19.1,282,38.9
2024-06-07T10:00,25.5,0.10,0.00,0.10,24.2,21.3,281,45.0
2024-06-07T11:00,26.0,0.10,0.00,0.10,24.3,21.7,282,45.4
2024-06-07T12:00,27.4,0.00,0.00,0.00,26.8,21.4,283,46.4
2024-06-07T13:00,28.8,0.00,0.00,0.00,27.9,23.1,285,47.5
2024-06-07T14:00,29.4,0.00,0.00,0.00,28.0,24.5,294,50.0
2024-06-07T15:00,29.4,0.00,0.00,0.00,27.0,24.0,298,49.7
2024-06-07T16:00,30.0,0.00,0.00,0.00,27.1,23.6,291,48.6
2024-06-07T17:00,29.3,0.00,0.00,0.00,26.5,19.9,292,45.7
2024-06-07T18:00,28.7,0.00,0.00,0.00,26.3,17.0,291,40.0
2024-06-07T19:00,27.7,0.00,0.00,0.00,26.2,12.1,293,31.7
2024-06-07T20:00,25.5,0.00,0.00,0.00,24.7,7.7,281,21.2
2024-06-07T21:00,24.1,0.00,0.00,0.00,23.2,8.8,279,14.0
2024-06-07T22:00,23.4,0.00,0.00,0.00,22.3,9.6,290,15.8
2024-06-07T23:00,22.7,0.00,0.00,0.00,21.5,10.3,299,16.9
2024-06-08T00:00,22.1,0.00,0.00,0.00,20.8,11.4,305,18.7
2024-06-08T01:00,21.7,0.00,0.00,0.00,20.4,12.0,319,20.2
2024-06-08T02:00,21.3,0.00,0.00,0.00,20.2,10.7,320,20.2
2024-06-08T03:00,20.7,0.00,0.00,0.00,19.7,10.9,326,18.4
2024-06-08T04:00,18.3,0.00,0.00,0.00,18.0,6.9,317,11.2
2024-06-08T05:00,18.4,0.00,0.00,0.00,18.0,8.6,338,13.7
2024-06-08T06:00,20.1,0.00,0.00,0.00,19.7,10.3,348,18.0
2024-06-08T07:00,22.4,0.00,0.00,0.00,22.6,7.6,355,17.3
2024-06-08T08:00,24.6,0.00,0.00,0.00,24.9,7.5,17,19.1
2024-06-08T09:00,26.2,0.00,0.00,0.00,26.7,5.8,30,19.4
2024-06-08T10:00,27.4,0.00,0.00,0.00,28.5,5.8,353,19.1
2024-06-08T11:00,28.1,0.00,0.00,0.00,28.8,6.6,347,20.2
2024-06-08T12:00,28.9,0.00,0.00,0.00,29.8,5.8,330,20.2
2024-06-08T13:00,29.7,0.00,0.00,0.00,30.2,7.4,313,21.2
2024-06-08T14:00,30.1,0.00,0.00,0.00,30.2,8.7,315,23.0
2024-06-08T15:00,30.5,0.00,0.00,0.00,29.6,11.2,327,25.6
2024-06-08T16:00,30.2,0.00,0.00,0.00,29.4,6.7,286,18.4
2024-06-08T17:00,29.9,0.00,0.00,0.00,28.6,8.7,287,19.8
2024-06-08T18:00,29.4,0.00,0.00,0.00,28.1,9.1,288,20.2
2024-06-08T19:00,28.0,0.00,0.00,0.00,27.1,11.3,261,20.5
2024-06-08T20:00,25.6,0.00,0.00,0.00,25.4,12.0,277,22.3
2024-06-08T21:00,24.2,0.00,0.00,0.00,24.4,9.4,317,20.5
2024-06-08T22:00,23.4,0.00,0.00,0.00,23.9,7.4,299,16.2
2024-06-08T23:00,22.9,0.00,0.00,0.00,23.5,6.2,306,12.2
2024-06-09T00:00,21.7,0.00,0.00,0.00,22.5,5.4,312,9.7
2024-06-09T01:00,20.9,0.00,0.00,0.00,21.7,5.5,337,9.0
2024-06-09T02:00,21.3,0.00,0.00,0.00,21.5,9.3,16,15.1
2024-06-09T03:00,21.4,0.00,0.00,0.00,21.2,8.0,36,15.8
2024-06-09T04:00,19.7,0.00,0.00,0.00,19.7,6.4,38,16.2
2024-06-09T05:00,19.3,0.00,0.00,0.00,19.4,6.1,40,10.4
2024-06-09T06:00,21.3,0.00,0.00,0.00,21.2,7.9,60,13.0
2024-06-09T07:00,23.8,0.00,0.00,0.00,24.0,5.1,51,13.3
2024-06-09T08:00,25.3,0.00,0.00,0.00,25.3,6.6,338,17.3
2024-06-09T09:00,25.5,0.00,0.00,0.00,24.9,12.2,341,24.8
2024-06-09T10:00,26.6,0.00,0.00,0.00,26.3,11.9,358,32.8
2024-06-09T11:00,28.6,0.00,0.00,0.00,29.7,7.4,23,27.0
2024-06-09T12:00,28.9,0.00,0.00,0.00,31.0,3.7,331,21.2
2024-06-09T13:00,25.0,3.20,0.00,3.20,26.5,10.7,320,31.0
2024-06-09T14:00,27.1,0.00,0.00,0.00,27.8,5.2,25,25.2
2024-06-09T15:00,27.4,0.00,0.00,0.00,29.0,5.5,337,18.7
2024-06-09T16:00,21.2,1.30,0.00,1.30,23.0,6.3,103,45.7
2024-06-09T17:00,22.6,0.00,0.00,0.00,24.3,6.6,347,18.0
2024-06-09T18:00,23.6,0.00,0.00,0.00,25.7,1.9,68,15.1
2024-06-09T19:00,23.6,0.00,0.00,0.00,25.3,3.7,11,9.0
2024-06-09T20:00,22.0,0.00,0.00,0.00,23.9,5.4,360,8.3
2024-06-09T21:00,21.2,0.00,0.00,0.00,22.8,5.8,360,6.8
2024-06-09T22:00,20.3,0.00,0.00,0.00,21.7,6.6,347,9.0
2024-06-09T23:00,19.5,0.00,0.00,0.00,20.7,7.6,341,10.1
2024-06-10T00:00,19.2,0.00,0.00,0.00,20.4,7.3,340,9.0
2024-06-10T01:00,18.6,0.00,0.00,0.00,19.5,8.6,338,10.1
2024-06-10T02:00,18.3,0.00,0.00,0.00,19.3,7.8,347,10.4
2024-06-10T03:00,18.3,0.00,0.00,0.00,19.6,5.6,345,9.7
2024-06-10T04:00,19.1,0.00,0.00,0.00,21.4,2.5,82,3.6
2024-06-10T05:00,18.1,0.00,0.00,0.00,20.1,3.2,360,3.6
2024-06-10T06:00,20.1,0.00,0.00,0.00,22.3,3.7,11,7.9
2024-06-10T07:00,22.4,0.00,0.00,0.00,24.8,2.9,83,10.4
2024-06-10T08:00,24.6,0.00,0.00,0.00,26.6,4.7,99,15.1
2024-06-10T09:00,26.5,0.00,0.00,0.00,27.4,6.0,123,18.4
2024-06-10T10:00,27.9,0.00,0.00,0.00,29.7,4.6,141,18.7
2024-06-10T11:00,29.2,0.00,0.00,0.00,31.6,3.6,186,19.1
2024-06-10T12:00,30.2,0.00,0.00,0.00,32.6,5.0,201,19.4
2024-06-10T13:00,31.0,0.00,0.00,0.00,33.0,6.4,196,20.5
2024-06-10T14:00,31.4,0.00,0.00,0.00,32.6,7.4,194,21.2
2024-06-10T15:00,31.6,0.00,0.00,0.00,32.5,8.0,198,21.2
2024-06-10T16:00,27.7,0.10,0.00,0.10,27.2,15.8,204,38.5
2024-06-10T17:00,28.5,0.00,0.00,0.00,28.7,8.2,229,32.4
2024-06-10T18:00,28.6,0.00,0.00,0.00,28.4,10.9,224,22.3
2024-06-10T19:00,27.8,0.00,0.00,0.00,28.0,7.7,233,22.3
2024-06-10T20:00,25.1,0.00,0.00,0.00,26.1,6.5,264,13.0
2024-06-10T21:00,24.1,0.00,0.00,0.00,25.1,5.7,288,9.4
2024-06-10T22:00,22.8,0.00,0.00,0.00,23.6,7.9,300,9.7
2024-06-10T23:00,22.5,0.00,0.00,0.00,23.4,6.6,311,10.1
2024-06-11T00:00,21.8,0.00,0.00,0.00,22.5,7.7,311,9.7
2024-06-11T01:00,21.1,0.00,0.00,0.00,21.7,8.2,308,10.4
2024-06-11T02:00,20.6,0.00,0.00,0.00,21.1,8.4,310,10.1
2024-06-11T03:00,22.6,0.00,0.00,0.00,23.7,4.5,331,9.7
2024-06-11T04:00,19.1,0.00,0.00,0.00,20.2,8.4,97,9.7
2024-06-11T05:00,19.8,0.00,0.00,0.00,21.3,7.0,102,10.4
2024-06-11T06:00,22.3,0.00,0.00,0.00,24.5,4.0,95,8.3
2024-06-11T07:00,24.5,0.00,0.00,0.00,26.6,4.0,100,11.5
2024-06-11T08:00,26.4,0.00,0.00,0.00,28.2,5.0,90,15.1
2024-06-11T09:00,28.1,0.00,0.00,0.00,29.6,5.8,97,17.6
2024-06-11T10:00,29.4,0.00,0.00,0.00,31.1,8.2,113,24.1
2024-06-11T11:00,30.4,0.00,0.00,0.00,32.1,9.3,118,24.5
2024-06-11T12:00,31.1,0.00,0.00,0.00,32.6,10.6,118,26.6
2024-06-11T13:00,31.4,0.00,0.00,0.00,32.7,10.5,117,27.4
2024-06-11T14:00,32.0,0.00,0.00,0.00,33.0,10.2,108,26.6
2024-06-11T15:00,32.2,0.00,0.00,0.00,32.5,11.4,114,26.6
2024-06-11T16:00,32.7,0.00,0.00,0.00,31.8,12.0,99,30.2
2024-06-11T17:00,32.1,0.00,0.00,0.00,30.9,11.8,128,27.4
2024-06-11T18:00,31.0,0.00,0.00,0.00,29.6,14.5,117,27.7
2024-06-11T19:00,29.4,0.00,0.00,0.00,28.1,15.2,104,30.6
2024-06-11T20:00,27.8,0.00,0.00,0.00,26.4,15.7,101,28.1
2024-06-11T21:00,26.4,0.00,0.00,0.00,25.6,11.4,103,27.7
2024-06-11T22:00,24.9,0.00,0.00,0.00,24.8,7.8,103,19.4
2024-06-11T23:00,23.9,0.00,0.00,0.00,23.8,7.9,106,13.0
2024-06-12T00:00,23.0,0.00,0.00,0.00,23.5,6.0,107,13.0
2024-06-12T01:00,22.4,0.00,0.00,0.00,23.1,6.1,93,9.7
2024-06-12T02:00,22.2,0.00,0.00,0.00,22.7,7.9,90,13.0
2024-06-12T03:00,21.7,0.00,0.00,0.00,22.2,7.9,90,13.3
2024-06-12T04:00,20.8,0.00,0.00,0.00,21.6,7.3,81,11.5
2024-06-12T05:00,21.0,0.00,0.00,0.00,21.6,9.8,84,16.2
2024-06-12T06:00,22.3,0.00,0.00,0.00,23.1,10.1,88,18.0
2024-06-12T07:00,24.3,0.00,0.00,0.00,25.4,8.1,103,18.0
2024-06-12T08:00,26.6,0.00,0.00,0.00,27.3,9.4,122,21.2
2024-06-12T09:00,28.6,0.00,0.00,0.00,28.8,11.0,142,25.6
2024-06-12T10:00,30.1,0.00,0.00,0.00,30.8,11.8,153,30.6
2024-06-12T11:00,31.2,0.00,0.00,0.00,32.0,13.2,151,31.7
2024-06-12T12:00,32.0,0.00,0.00,0.00,32.9,13.2,154,32.0
2024-06-12T13:00,32.8,0.00,0.00,0.00,34.0,13.0,166,31.3
2024-06-12T14:00,33.1,0.00,0.00,0.00,33.9,13.7,175,30.6
2024-06-12T15:00,32.8,0.00,0.00,0.00,33.2,14.4,179,31.7
2024-06-12T16:00,33.7,0.00,0.00,0.00,32.8,12.8,191,33.8
2024-06-12T17:00,32.2,0.00,0.00,0.00,30.7,15.5,193,34.9
2024-06-12T18:00,30.1,0.00,0.00,0.00,29.4,13.7,235,29.5
2024-06-12T19:00,29.1,0.00,0.00,0.00,29.7,10.2,231,25.9
2024-06-12T20:00,26.9,0.00,0.00,0.00,29.1,10.0,232,21.2
2024-06-12T21:00,25.7,0.00,0.00,0.00,28.5,8.8,251,16.6
2024-06-12T22:00,24.3,1.60,0.00,1.60,26.9,11.5,272,21.2
2024-06-12T23:00,22.9,0.40,0.00,0.40,25.0,12.4,253,23.0
2024-06-13T00:00,21.5,0.20,0.00,0.20,23.0,12.1,233,25.6
2024-06-13T01:00,21.1,0.00,0.00,0.00,23.4,8.7,204,22.0
2024-06-13T02:00,20.7,0.00,0.00,0.00,23.4,7.2,90,13.0
2024-06-13T03:00,20.7,0.00,0.00,0.00,23.8,4.2,160,12.2
2024-06-13T04:00,20.9,0.00,0.00,0.00,23.3,9.7,228,15.5
2024-06-13T05:00,21.0,0.00,0.00,0.00,23.6,7.7,217,15.8
2024-06-13T06:00,21.8,0.00,0.00,0.00,24.6,8.1,193,14.8
2024-06-13T07:00,23.2,0.00,0.00,0.00,26.5,8.5,192,18.0
2024-06-13T08:00,25.0,0.00,0.00,0.00,28.1,10.2,212,22.3
2024-06-13T09:00,26.5,0.10,0.00,0.10,29.1,10.8,217,26.6
2024-06-13T10:00,27.6,0.00,0.00,0.00,30.1,12.5,221,28.8
2024-06-13T11:00,28.1,0.10,0.00,0.10,30.4,15.9,232,33.1
2024-06-13T12:00,28.0,0.00,0.00,0.00,29.8,15.2,234,35.6
2024-06-13T13:00,28.1,0.00,0.00,0.00,29.8,15.3,246,32.8
2024-06-13T14:00,28.7,0.00,0.00,0.00,30.2,15.6,247,33.5
2024-06-13T15:00,28.7,0.00,0.00,0.00,29.5,15.8,243,33.1
2024-06-13T16:00,28.4,0.00,0.00,0.00,29.0,14.3,252,36.0
2024-06-13T17:00,28.0,0.00,0.00,0.00,28.7,12.3,249,29.9
2024-06-13T18:00,27.1,0.00,0.00,0.00,27.5,15.1,258,29.2
2024-06-13T19:00,25.5,0.00,0.00,0.00,26.6,12.0,254,28.8
2024-06-13T20:00,23.9,0.00,0.00,0.00,24.8,12.5,252,23.4
2024-06-13T21:00,22.8,0.00,0.00,0.00,23.8,10.7,250,21.2
2024-06-13T22:00,22.0,0.00,0.00,0.00,23.2,9.8,264,18.4
2024-06-13T23:00,21.8,0.00,0.00,0.00,22.8,9.7,321,16.2
2024-06-14T00:00,22.5,0.00,0.00,0.00,22.1,13.7,3,23.4
2024-06-14T01:00,21.6,0.00,0.00,0.00,21.5,11.7,11,23.0
2024-06-14T02:00,20.9,0.00,0.00,0.00,20.9,11.4,18,20.2
2024-06-14T03:00,20.3,0.00,0.00,0.00,20.4,10.5,22,19.1
2024-06-14T04:00,19.1,0.00,0.00,0.00,19.5,9.2,39,15.5
2024-06-14T05:00,19.0,0.00,0.00,0.00,19.3,9.7,48,15.8
2024-06-14T06:00,20.2,0.00,0.00,0.00,20.8,10.0,60,17.3
2024-06-14T07:00,22.0,0.00,0.00,0.00,23.2,7.0,69,16.6
2024-06-14T08:00,24.0,0.00,0.00,0.00,25.4,5.9,52,16.2
2024-06-14T09:00,25.8,0.00,0.00,0.00,26.6,7.7,53,19.4
2024-06-14T10:00,27.2,0.00,0.00,0.00,28.7,6.9,62,21.6
2024-06-14T11:00,28.2,0.00,0.00,0.00,30.7,4.1,75,19.1
2024-06-14T12:00,29.1,0.00,0.00,0.00,32.4,1.6,117,16.2
2024-06-14T13:00,29.7,0.00,0.00,0.00,33.3,0.7,180,13.7
2024-06-14T14:00,30.2,0.00,0.00,0.00,33.2,1.9,248,13.0
2024-06-14T15:00,30.3,0.00,0.00,0.00,31.9,4.2,250,15.1
2024-06-14T16:00,30.2,0.00,0.00,0.00,31.2,2.9,270,14.4
2024-06-14T17:00,30.1,0.00,0.00,0.00,30.4,3.4,252,12.2
2024-06-14T18:00,29.4,0.00,0.00,0.00,29.6,5.6,243,12.6
2024-06-14T19:00,27.7,0.00,0.00,0.00,29.1,5.6,225,12.2
2024-06-14T20:00,25.1,0.00,0.00,0.00,26.7,7.2,233,9.7
2024-06-14T21:00,25.4,0.00,0.00,0.00,26.7,4.0,333,8.3
2024-06-14T22:00,23.1,0.00,0.00,0.00,23.5,6.5,3,9.7
2024-06-14T23:00,23.0,0.00,0.00,0.00,21.9,10.8,30,17.6
2024-06-15T00:00,22.8,0.00,0.00,0.00,21.5,10.7,50,18.4
2024-06-15T01:00,22.6,0.00,0.00,0.00,20.8,12.9,54,21.6
2024-06-15T02:00,21.9,0.00,0.00,0.00,20.3,12.2,56,21.6
2024-06-15T03:00,21.4,0.00,0.00,0.00,19.9,12.4,64,21.2
2024-06-15T04:00,21.0,0.00,0.00,0.00,19.7,12.9,63,22.3
2024-06-15T05:00,20.9,0.00,0.00,0.00,19.5,13.9,59,23.4
2024-06-15T06:00,21.9,0.00,0.00,0.00,20.6,14.2,60,24.8
2024-06-15T07:00,23.1,0.00,0.00,0.00,22.5,13.0,62,25.9
2024-06-15T08:00,25.6,0.00,0.00,0.00,25.4,13.5,74,27.4
2024-06-15T09:00,27.7,0.00,0.00,0.00,28.0,14.5,84,30.6
2024-06-15T10:00,29.6,0.00,0.00,0.00,30.7,14.1,94,30.2
2024-06-15T11:00,31.1,0.00,0.00,0.00,31.8,15.6,105,33.5
2024-06-15T12:00,31.8,0.00,0.00,0.00,31.8,15.8,107,33.8
2024-06-15T13:00,32.1,0.00,0.00,0.00,31.7,15.8,107,33.8
2024-06-15T14:00,32.0,0.00,0.00,0.00,31.3,15.0,111,32.0
2024-06-15T15:00,31.1,0.00,0.00,0.00,30.2,15.1,147,31.7
2024-06-15T16:00,24.9,1.20,0.00,1.20,26.3,18.1,41,37.4
2024-06-15T17:00,23.2,1.10,0.00,1.10,27.1,7.3,79,33.8
2024-06-15T18:00,24.1,0.00,0.00,0.00,28.7,3.4,148,12.6
2024-06-15T19:00,24.3,0.00,0.00,0.00,27.9,8.2,293,15.1
2024-06-15T20:00,23.3,0.00,0.00,0.00,26.8,4.5,346,14.0
2024-06-15T21:00,22.9,1.10,0.00,1.10,25.5,9.7,297,18.7
2024-06-15T22:00,21.2,8.10,0.00,8.10,23.3,10.9,6,23.8
2024-06-15T23:00,20.7,1.90,0.00,1.90,23.1,9.0,360,27.4
2024-06-16T00:00,20.3,0.60,0.00,0.60,23.2,4.1,38,22.3
2024-06-16T01:00,19.9,0.00,0.00,0.00,22.7,4.3,90,6.8
2024-06-16T02:00,20.2,0.00,0.00,0.00,22.4,7.6,115,12.2
2024-06-16T03:00,19.8,0.00,0.00,0.00,22.2,5.6,130,12.2
2024-06-16T04:00,18.9,0.00,0.00,0.00,20.6,8.5,102,18.4
2024-06-16T05:00,18.9,0.00,0.00,0.00,20.8,7.9,129,14.4
2024-06-16T06:00,19.8,0.00,0.00,0.00,21.6,10.0,154,18.0
2024-06-16T07:00,20.9,0.00,0.00,0.00,23.0,9.7,180,19.8
2024-06-16T08:00,22.3,0.00,0.00,0.00,24.0,11.7,189,25.2
2024-06-16T09:00,23.9,0.00,0.00,0.00,25.2,11.5,178,26.6
2024-06-16T10:00,25.6,0.00,0.00,0.00,27.0,14.1,177,35.3
2024-06-16T11:00,26.7,0.10,0.00,0.10,27.5,18.4,176,39.6
2024-06-16T12:00,27.6,0.10,0.00,0.10,27.8,21.3,185,42.1
2024-06-16T13:00,28.3,0.10,0.00,0.10,29.2,20.6,186,43.2
2024-06-16T14:00,24.3,5.00,0.00,5.00,26.0,16.5,216,45.0
2024-06-16T15:00,24.2,0.00,0.00,0.00,26.2,11.2,195,33.8
2024-06-16T16:00,23.9,0.00,0.00,0.00,25.9,9.5,217,27.7
2024-06-16T17:00,25.4,0.00,0.00,0.00,26.8,14.7,205,34.9
2024-06-16T18:00,24.8,0.10,0.00,0.10,25.5,16.1,209,35.6
2024-06-16T19:00,23.9,0.00,0.00,0.00,25.2,12.6,204,30.6
2024-06-16T20:00,22.7,0.00,0.00,0.00,24.5,9.6,193,22.7
2024-06-16T21:00,22.1,0.00,0.00,0.00,23.8,9.6,193,16.9
2024-06-16T22:00,21.9,0.00,0.00,0.00,23.3,11.0,191,18.7
2024-06-16T23:00,21.5,0.00,0.00,0.00,22.7,12.3,201,21.2
2024-06-17T00:00,20.9,0.00,0.00,0.00,22.2,11.3,207,21.2
2024-06-17T01:00,20.4,0.00,0.00,0.00,21.9,9.7,207,19.1
2024-06-17T02:00,20.1,0.00,0.00,0.00,21.3,11.6,206,19.4
2024-06-17T03:00,19.7,0.00,0.00,0.00,20.7,12.2,208,21.6
2024-06-17T04:00,19.2,0.00,0.00,0.00,20.3,11.8,192,21.2
2024-06-17T05:00,19.0,0.00,0.00,0.00,20.0,12.3,183,20.9
2024-06-17T06:00,20.3,0.00,0.00,0.00,20.7,16.8,189,30.6
2024-06-17T07:00,21.2,0.00,0.00,0.00,21.6,17.5,194,32.8
2024-06-17T08:00,22.5,0.10,0.00,0.10,23.0,16.9,200,34.6
2024-06-17T09:00,23.3,0.20,0.00,0.20,23.8,16.1,204,33.5
2024-06-17T10:00,24.5,0.50,0.00,0.50,24.9,16.9,209,34.2
2024-06-17T11:00,25.3,0.50,0.00,0.50,26.6,16.8,211,36.0
2024-06-17T12:00,26.5,0.10,0.00,0.10,27.7,18.5,213,37.8
2024-06-17T13:00,26.9,0.10,0.00,0.10,28.1,18.8,216,39.2
2024-06-17T14:00,27.1,0.10,0.00,0.10,27.8,18.6,221,38.9
2024-06-17T15:00,26.8,0.10,0.00,0.10,27.3,17.9,232,38.5
2024-06-17T16:00,26.5,0.10,0.00,0.10,26.1,19.3,233,38.9
2024-06-17T17:00,25.1,0.00,0.00,0.00,25.8,15.7,259,38.5
2024-06-17T18:00,24.5,0.00,0.00,0.00,25.3,16.1,250,31.7
2024-06-17T19:00,23.6,0.00,0.00,0.00,24.9,12.1,243,31.3
2024-06-17T20:00,22.4,0.00,0.00,0.00,23.8,12.0,254,22.7
2024-06-17T21:00,21.5,0.00,0.00,0.00,22.9,12.4,262,22.3
2024-06-17T22:00,21.0,0.00,0.00,0.00,22.5,11.9,267,21.2
2024-06-17T23:00,20.7,0.00,0.00,0.00,22.3,11.2,268,20.5
2024-06-18T00:00,20.6,0.00,0.00,0.00,22.2,10.6,260,18.7
2024-06-18T01:00,20.2,0.00,0.00,0.00,21.8,10.5,266,18.4
2024-06-18T02:00,19.9,0.00,0.00,0.00,21.8,9.1,261,18.0
2024-06-18T03:00,19.8,0.00,0.00,0.00,22.0,7.0,249,15.5
2024-06-18T04:00,19.2,0.00,0.00,0.00,21.4,5.8,248,9.0
2024-06-18T05:00,19.1,0.00,0.00,0.00,21.6,4.7,212,9.0
2024-06-18T06:00,20.7,0.00,0.00,0.00,23.7,4.4,189,9.7
2024-06-18T07:00,22.4,0.10,0.00,0.10,25.2,5.1,219,15.5
2024-06-18T08:00,23.8,0.20,0.00,0.20,25.9,8.0,243,21.6
2024-06-18T09:00,24.7,0.30,0.00,0.30,26.7,8.1,238,22.0
2024-06-18T10:00,25.5,0.20,0.00,0.20,27.8,8.7,246,24.1
2024-06-18T11:00,26.2,0.20,0.00,0.20,28.8,10.2,252,26.3
2024-06-18T12:00,27.1,0.00,0.00,0.00,29.6,12.5,258,28.8
2024-06-18T13:00,27.8,0.00,0.00,0.00,29.9,14.4,269,31.7
2024-06-18T14:00,27.7,0.00,0.00,0.00,29.6,16.2,274,33.8
2024-06-18T15:00,26.6,0.00,0.00,0.00,28.0,13.6,282,34.9
2024-06-18T16:00,27.1,0.00,0.00,0.00,27.8,14.0,288,32.8
2024-06-18T17:00,27.6,0.00,0.00,0.00,28.4,11.7,281,28.4
2024-06-18T18:00,27.3,0.00,0.00,0.00,27.9,12.2,284,25.2
2024-06-18T19:00,26.5,0.00,0.00,0.00,27.8,7.6,278,24.1
2024-06-18T20:00,23.9,0.00,0.00,0.00,26.0,6.8,288,13.3
2024-06-18T21:00,22.4,0.00,0.00,0.00,24.2,7.3,290,9.4
2024-06-18T22:00,21.6,0.00,0.00,0.00,23.2,7.3,290,9.4
2024-06-18T23:00,21.5,0.00,0.00,0.00,22.9,6.2,306,9.4
2024-06-19T00:00,21.2,0.00,0.00,0.00,22.2,7.7,319,12.2
2024-06-19T01:00,20.8,0.00,0.00,0.00,21.8,8.3,326,14.0
2024-06-19T02:00,20.3,0.00,0.00,0.00,21.3,8.2,331,13.7
2024-06-19T03:00,19.9,0.00,0.00,0.00,20.8,8.8,341,14.4
2024-06-19T04:00,19.3,0.00,0.00,0.00,20.6,8.0,352,13.3
2024-06-19T05:00,19.5,0.00,0.00,0.00,20.6,8.7,355,14.4
2024-06-19T06:00,21.4,0.00,0.00,0.00,22.6,10.1,358,16.6
2024-06-19T07:00,23.9,0.00,0.00,0.00,25.9,7.6,357,17.3
2024-06-19T08:00,25.9,0.00,0.00,0.00,27.6,9.0,360,20.9
2024-06-19T09:00,27.2,0.00,0.00,0.00,28.8,7.3,11,21.6
2024-06-19T10:00,28.3,0.00,0.00,0.00,30.9,4.7,9,20.2
2024-06-19T11:00,29.1,0.00,0.00,0.00,31.8,5.4,352,18.7
2024-06-19T12:00,29.6,0.00,0.00,0.00,32.3,5.6,345,18.7
2024-06-19T13:00,30.2,0.00,0.00,0.00,33.0,5.2,335,18.4
2024-06-19T14:00,30.5,0.00,0.00,0.00,32.8,6.5,326,19.4
2024-06-19T15:00,30.7,0.00,0.00,0.00,32.3,6.9,309,20.2
2024-06-19T16:00,31.6,0.00,0.00,0.00,31.3,8.0,324,20.9
2024-06-19T17:00,31.3,0.00,0.00,0.00,30.4,7.4,321,20.2
2024-06-19T18:00,30.7,0.00,0.00,0.00,29.9,7.1,315,17.6
2024-06-19T19:00,28.9,0.00,0.00,0.00,29.4,5.8,300,14.4
2024-06-19T20:00,26.5,0.00,0.00,0.00,26.6,8.1,315,13.0
2024-06-19T21:00,25.0,0.00,0.00,0.00,25.0,7.4,331,13.3
2024-06-19T22:00,23.9,0.00,0.00,0.00,23.9,8.0,342,12.2
2024-06-19T23:00,23.3,0.00,0.00,0.00,23.2,9.0,358,15.5
2024-06-20T00:00,22.6,0.00,0.00,0.00,22.8,7.3,9,15.1
2024-06-20T01:00,22.1,0.00,0.00,0.00,22.1,8.0,8,13.3
2024-06-20T02:00,21.8,0.00,0.00,0.00,21.5,8.6,15,14.4
2024-06-20T03:00,21.5,0.00,0.00,0.00,21.0,9.8,28,15.8
2024-06-20T04:00,20.1,0.00,0.00,0.00,20.0,7.5,35,12.6
2024-06-20T05:00,19.9,0.00,0.00,0.00,19.9,7.7,37,12.6
2024-06-20T06:00,21.5,0.00,0.00,0.00,21.5,9.1,56,14.8
2024-06-20T07:00,24.1,0.00,0.00,0.00,24.7,7.4,67,16.2
2024-06-20T08:00,26.4,0.00,0.00,0.00,27.0,6.8,93,16.9
2024-06-20T09:00,28.5,0.00,0.00,0.00,29.0,6.2,111,17.6
2024-06-20T10:00,30.1,0.00,0.00,0.00,31.2,5.9,142,18.4
2024-06-20T11:00,31.2,0.00,0.00,0.00,32.5,7.2,183,20.5
2024-06-20T12:00,32.0,0.00,0.00,0.00,33.4,9.6,214,24.1
2024-06-20T13:00,32.4,0.00,0.00,0.00,33.6,11.8,232,27.7
2024-06-20T14:00,32.6,0.00,0.00,0.00,33.2,14.4,238,31.7
2024-06-20T15:00,32.4,0.00,0.00,0.00,32.3,16.1,250,33.8
2024-06-20T16:00,32.3,0.00,0.00,0.00,30.9,19.5,266,38.9
2024-06-20T17:00,31.8,0.00,0.00,0.00,29.7,21.0,265,40.3
2024-06-20T18:00,30.7,0.00,0.00,0.00,28.7,21.6,266,41.8
2024-06-20T19:00,29.4,0.00,0.00,0.00,28.5,21.7,264,41.4
2024-06-20T20:00,27.5,0.00,0.00,0.00,28.2,18.6,252,38.9
2024-06-20T21:00,26.3,0.00,0.00,0.00,27.3,16.6,246,33.5
2024-06-20T22:00,25.9,0.00,0.00,0.00,25.8,22.9,263,40.3
2024-06-20T23:00,21.3,0.00,0.00,0.00,19.1,30.0,331,63.7
2024-06-21T00:00,18.5,0.00,0.00,0.00,13.3,33.7,330,62.6
2024-06-21T01:00,16.7,0.40,0.00,0.40,14.0,20.8,337,61.6
2024-06-21T02:00,17.0,0.00,0.00,0.00,15.0,20.1,314,37.4
2024-06-21T03:00,16.7,0.00,0.00,0.00,14.5,20.1,316,37.8
2024-06-21T04:00,15.5,0.00,0.00,0.00,13.7,16.9,308,34.2
2024-06-21T05:00,15.4,0.00,0.00,0.00,13.3,17.4,304,31.0
2024-06-21T06:00,16.1,0.00,0.00,0.00,13.9,17.7,299,33.1
2024-06-21T07:00,17.1,0.00,0.00,0.00,14.0,22.1,307,41.8
2024-06-21T08:00,18.6,0.00,0.00,0.00,15.4,22.3,304,43.9
2024-06-21T09:00,20.1,0.00,0.00,0.00,17.2,22.1,300,44.3
2024-06-21T10:00,21.7,0.00,0.00,0.00,19.0,23.6,304,46.4
2024-06-21T11:00,22.8,0.00,0.00,0.00,19.8,25.8,298,50.4
2024-06-21T12:00,24.0,0.00,0.00,0.00,20.7,26.8,301,52.9
2024-06-21T13:00,24.8,0.00,0.00,0.00,21.4,26.6,303,52.9
2024-06-21T14:00,25.5,0.00,0.00,0.00,22.4,27.1,299,53.6
2024-06-21T15:00,25.9,0.00,0.00,0.00,22.3,28.0,307,54.7
2024-06-21T16:00,25.6,0.00,0.00,0.00,21.7,26.5,314,54.7
2024-06-21T17:00,25.2,0.00,0.00,0.00,21.0,24.8,319,51.5
2024-06-21T18:00,24.9,0.00,0.00,0.00,20.4,26.1,321,48.6
2024-06-21T19:00,24.7,0.00,0.00,0.00,21.0,19.9,315,48.6
2024-06-21T20:00,23.4,0.00,0.00,0.00,20.5,15.0,312,35.6
2024-06-21T21:00,22.7,0.00,0.00,0.00,19.6,18.1,325,31.7
2024-06-21T22:00,21.9,0.00,0.00,0.00,19.5,14.7,324,32.0
2024-06-21T23:00,20.7,0.00,0.00,0.00,18.8,12.0,314,25.9
2024-06-22T00:00,19.7,0.00,0.00,0.00,18.0,11.8,310,20.5
2024-06-22T01:00,19.0,0.00,0.00,0.00,17.4,11.5,311,20.5
2024-06-22T02:00,18.3,0.00,0.00,0.00,16.8,11.1,299,19.4
2024-06-22T03:00,17.9,0.00,0.00,0.00,16.2,12.2,298,20.9
2024-06-22T04:00,16.8,0.00,0.00,0.00,15.4,11.4,298,19.4
2024-06-22T05:00,17.0,0.00,0.00,0.00,15.5,12.1,307,20.5
2024-06-22T06:00,18.2,0.00,0.00,0.00,16.9,12.8,308,22.0
2024-06-22T07:00,19.6,0.00,0.00,0.00,18.7,11.8,308,23.0
2024-06-22T08:00,21.0,0.00,0.00,0.00,20.0,13.5,318,27.7
2024-06-22T09:00,23.1,0.00,0.00,0.00,22.1,13.6,320,30.2
2024-06-22T10:00,24.7,0.00,0.00,0.00,24.0,14.0,325,30.6
2024-06-22T11:00,24.9,0.00,0.00,0.00,23.4,13.3,327,31.0
2024-06-22T12:00,25.3,0.00,0.00,0.00,23.7,14.5,314,30.2
2024-06-22T13:00,26.1,0.00,0.00,0.00,24.3,14.5,316,31.3
2024-06-22T14:00,27.4,0.00,0.00,0.00,26.1,14.9,323,31.7
2024-06-22T15:00,27.4,0.00,0.00,0.00,25.4,15.4,323,32.4
2024-06-22T16:00,27.7,0.00,0.00,0.00,25.8,14.2,300,30.2
2024-06-22T17:00,27.9,0.00,0.00,0.00,25.9,12.4,292,30.6
2024-06-22T18:00,28.3,0.00,0.00,0.00,25.8,13.7,288,25.9
2024-06-22T19:00,26.5,0.00,0.00,0.00,25.3,9.7,309,25.9
2024-06-22T20:00,23.2,0.00,0.00,0.00,23.2,7.4,299,16.6
2024-06-22T21:00,23.4,0.00,0.00,0.00,23.4,4.5,241,8.6
2024-06-22T22:00,22.5,0.00,0.00,0.00,22.9,2.6,214,5.4
2024-06-22T23:00,21.2,0.00,0.00,0.00,21.7,4.2,250,5.0
2024-06-23T00:00,20.2,0.00,0.00,0.00,20.6,4.4,305,5.8
2024-06-23T01:00,18.4,0.00,0.00,0.00,18.2,6.3,329,7.9
2024-06-23T02:00,18.2,0.00,0.00,0.00,17.8,5.8,338,9.0
2024-06-23T03:00,18.4,0.00,0.00,0.00,17.4,9.2,334,14.8
2024-06-23T04:00,15.6,0.00,0.00,0.00,15.2,5.8,356,9.4
2024-06-23T05:00,15.9,0.00,0.00,0.00,15.8,4.7,9,9.0
2024-06-23T06:00,18.2,0.00,0.00,0.00,18.0,7.1,15,11.5
2024-06-23T07:00,21.0,0.00,0.00,0.00,21.6,3.2,27,11.9
2024-06-23T08:00,23.2,0.00,0.00,0.00,24.0,1.1,72,10.4
2024-06-23T09:00,24.8,0.00,0.00,0.00,25.2,3.7,259,14.0
2024-06-23T10:00,26.1,0.00,0.00,0.00,26.6,7.9,270,21.2
2024-06-23T11:00,27.0,0.00,0.00,0.00,27.7,11.2,285,27.0
2024-06-23T12:00,27.8,0.00,0.00,0.00,29.0,11.2,285,28.4
2024-06-23T13:00,28.7,0.00,0.00,0.00,30.0,11.2,285,27.4
2024-06-23T14:00,29.2,0.00,0.00,0.00,30.3,11.9,305,28.4
2024-06-23T15:00,30.1,0.00,0.00,0.00,30.5,11.4,305,28.1
2024-06-23T16:00,29.4,0.00,0.00,0.00,29.5,8.8,261,24.8
2024-06-23T17:00,29.4,0.00,0.00,0.00,28.6,10.0,229,22.3
2024-06-23T18:00,28.7,0.00,0.00,0.00,27.9,12.7,245,25.2
2024-06-23T19:00,26.9,0.00,0.00,0.00,26.0,16.7,245,29.5
2024-06-23T20:00,25.4,0.00,0.00,0.00,25.5,13.2,259,30.2
2024-06-23T21:00,24.2,0.00,0.00,0.00,25.1,11.1,245,22.7
2024-06-23T22:00,23.5,0.00,0.00,0.00,24.7,10.7,258,18.4
2024-06-23T23:00,23.0,0.00,0.00,0.00,24.6,9.7,248,17.6
2024-06-24T00:00,22.6,0.00,0.00,0.00,24.8,9.4,247,16.6
2024-06-24T01:00,22.2,0.00,0.00,0.00,24.3,11.2,237,18.7
2024-06-24T02:00,22.0,0.00,0.00,0.00,24.0,11.0,232,18.7
2024-06-24T03:00,21.9,0.00,0.00,0.00,23.7,12.0,221,19.8
2024-06-24T04:00,21.0,0.00,0.00,0.00,23.2,9.8,242,16.2
2024-06-24T05:00,21.0,0.00,0.00,0.00,23.1,11.0,247,18.4
2024-06-24T06:00,22.6,0.00,0.00,0.00,24.4,14.0,241,23.8
2024-06-24T07:00,25.0,0.00,0.00,0.00,27.1,15.1,252,28.4
2024-06-24T08:00,26.4,0.00,0.00,0.00,27.2,20.1,261,39.6
2024-06-24T09:00,27.5,0.00,0.00,0.00,27.9,17.5,262,39.6
2024-06-24T10:00,28.3,0.00,0.00,0.00,29.2,17.7,268,36.7
2024-06-24T11:00,29.5,0.00,0.00,0.00,30.5,19.6,276,40.3
2024-06-24T12:00,30.1,0.00,0.00,0.00,30.8,19.9,283,41.4
2024-06-24T13:00,30.8,0.00,0.00,0.00,31.5,18.6,280,42.1
2024-06-24T14:00,31.2,0.00,0.00,0.00,31.4,19.1,281,40.3
2024-06-24T15:00,31.3,0.00,0.00,0.00,31.1,20.1,279,41.0
2024-06-24T16:00,30.9,0.00,0.00,0.00,29.8,18.4,296,37.8
2024-06-24T17:00,30.5,0.00,0.00,0.00,29.0,17.4,294,37.4
2024-06-24T18:00,29.9,0.00,0.00,0.00,28.6,16.6,288,34.2
2024-06-24T19:00,28.3,0.00,0.00,0.00,28.2,12.7,255,31.3
2024-06-24T20:00,26.2,0.00,0.00,0.00,27.4,11.8,258,23.0
2024-06-24T21:00,26.3,0.00,0.00,0.00,25.4,15.3,297,25.6
2024-06-24T22:00,25.1,0.00,0.00,0.00,22.7,24.2,318,42.8
2024-06-24T23:00,22.6,0.00,0.00,0.00,20.8,23.3,325,43.2
2024-06-25T00:00,21.0,0.30,0.00,0.30,21.2,12.7,317,41.4
2024-06-25T01:00,20.3,0.40,0.00,0.40,20.6,14.5,277,23.8
2024-06-25T02:00,20.2,0.00,0.00,0.00,20.4,15.0,291,25.9
2024-06-25T03:00,19.3,0.00,0.00,0.00,19.8,11.6,296,25.2
2024-06-25T04:00,18.4,0.00,0.00,0.00,18.2,13.1,291,21.6
2024-06-25T05:00,18.4,0.00,0.00,0.00,17.9,13.2,296,21.6
2024-06-25T06:00,19.5,0.00,0.00,0.00,18.7,15.3,309,25.6
2024-06-25T07:00,21.0,0.00,0.00,0.00,20.4,14.8,309,27.7
2024-06-25T08:00,22.2,0.00,0.00,0.00,21.7,14.7,306,30.2
2024-06-25T09:00,23.3,0.00,0.00,0.00,22.5,16.6,309,36.0
2024-06-25T10:00,24.3,0.00,0.00,0.00,23.8,18.4,310,37.8
2024-06-25T11:00,24.7,0.10,0.00,0.10,24.5,19.4,313,40.7
2024-06-25T12:00,25.3,0.20,0.00,0.20,25.0,19.7,332,41.0
2024-06-25T13:00,25.5,0.10,0.00,0.10,24.7,16.9,349,41.0
2024-06-25T14:00,24.3,1.20,0.00,1.20,23.7,15.0,314,38.2
2024-06-25T15:00,26.0,0.00,0.00,0.00,24.1,17.2,344,34.6
2024-06-25T16:00,25.9,0.00,0.00,0.00,23.7,16.9,348,36.4
2024-06-25T17:00,25.5,0.00,0.00,0.00,22.7,16.9,340,35.3
2024-06-25T18:00,24.8,0.00,0.00,0.00,21.6,18.4,348,34.6
2024-06-25T19:00,23.6,0.00,0.00,0.00,21.0,14.4,356,34.6
2024-06-25T20:00,22.0,0.00,0.00,0.00,19.9,10.8,4,26.3
2024-06-25T21:00,20.6,0.00,0.00,0.00,18.4,11.5,14,19.4
2024-06-25T22:00,19.8,0.00,0.00,0.00,17.7,11.2,6,20.2
2024-06-25T23:00,19.3,0.00,0.00,0.00,16.8,14.8,13,25.9
2024-06-26T00:00,18.4,0.00,0.00,0.00,16.1,13.9,10,25.9
2024-06-26T01:00,17.7,0.00,0.00,0.00,15.6,13.2,11,24.5
2024-06-26T02:00,17.0,0.00,0.00,0.00,15.4,10.9,6,23.4
2024-06-26T03:00,16.4,0.00,0.00,0.00,14.9,10.5,352,18.7
2024-06-26T04:00,14.6,0.00,0.00,0.00,13.2,10.3,335,17.3
2024-06-26T05:00,14.6,0.00,0.00,0.00,12.9,12.6,336,21.2
2024-06-26T06:00,15.6,0.00,0.00,0.00,14.1,12.8,344,22.3
2024-06-26T07:00,17.5,0.00,0.00,0.00,16.0,11.9,346,23.8
2024-06-26T08:00,19.7,0.00,0.00,0.00,17.8,13.0,346,27.0
2024-06-26T09:00,21.6,0.00,0.00,0.00,19.2,13.9,339,29.5
2024-06-26T10:00,23.4,0.00,0.00,0.00,21.5,14.4,338,30.6
2024-06-26T11:00,24.3,0.00,0.00,0.00,21.2,19.1,349,38.5
2024-06-26T12:00,25.1,0.00,0.00,0.00,22.6,16.2,343,38.9
2024-06-26T13:00,26.0,0.00,0.00,0.00,24.1,16.5,337,34.9
2024-06-26T14:00,26.2,0.00,0.00,0.00,24.5,14.1,322,35.3
2024-06-26T15:00,26.8,0.00,0.00,0.00,24.9,15.5,318,33.1
2024-06-26T16:00,26.7,0.00,0.00,0.00,23.8,16.2,323,32.8
2024-06-26T17:00,24.0,0.00,0.00,0.00,20.2,24.8,334,46.4
2024-06-26T18:00,22.3,0.00,0.00,0.00,20.1,15.1,322,48.2
2024-06-26T19:00,22.0,0.00,0.00,0.00,20.0,14.3,313,27.7
2024-06-26T20:00,21.5,0.00,0.00,0.00,19.6,14.4,328,26.3
2024-06-26T21:00,20.9,0.00,0.00,0.00,19.8,9.5,331,25.6
2024-06-26T22:00,19.7,0.00,0.00,0.00,20.1,4.4,351,16.6
2024-06-26T23:00,18.2,0.00,0.00,0.00,18.1,5.2,258,8.3
2024-06-27T00:00,19.6,0.00,0.00,0.00,17.9,14.4,269,24.1
2024-06-27T01:00,18.2,0.60,0.00,0.60,17.0,14.4,274,29.2
2024-06-27T02:00,17.6,0.10,0.00,0.10,16.9,12.6,270,23.8
2024-06-27T03:00,17.0,0.00,0.00,0.00,16.5,12.1,293,22.0
2024-06-27T04:00,16.0,0.00,0.00,0.00,15.5,10.0,311,18.4
2024-06-27T05:00,15.8,0.00,0.00,0.00,15.0,12.6,329,20.9
2024-06-27T06:00,16.9,0.00,0.00,0.00,16.0,14.3,342,25.2
2024-06-27T07:00,18.3,0.00,0.00,0.00,17.6,13.6,348,29.5
2024-06-27T08:00,19.8,0.00,0.00,0.00,19.1,13.1,351,28.4
2024-06-27T09:00,21.2,0.00,0.00,0.00,19.7,15.5,5,32.4
2024-06-27T10:00,22.3,0.10,0.00,0.10,21.5,14.2,9,33.1
2024-06-27T11:00,23.3,0.10,0.00,0.10,23.0,13.0,6,31.0
2024-06-27T12:00,24.6,0.00,0.00,0.00,24.4,12.6,3,29.9
2024-06-27T13:00,25.7,0.00,0.00,0.00,25.3,12.0,351,29.2
2024-06-27T14:00,26.2,0.00,0.00,0.00,25.0,12.1,343,28.4
2024-06-27T15:00,26.3,0.00,0.00,0.00,24.5,10.6,332,27.0
2024-06-27T16:00,26.1,0.00,0.00,0.00,23.5,12.6,347,25.9
2024-06-27T17:00,26.1,0.00,0.00,0.00,23.8,11.7,351,26.3
2024-06-27T18:00,25.5,0.00,0.00,0.00,23.0,13.8,345,26.3
2024-06-27T19:00,24.3,0.00,0.00,0.00,22.1,14.3,332,26.3
2024-06-27T20:00,22.6,0.00,0.00,0.00,20.9,11.1,347,25.6
2024-06-27T21:00,21.0,0.00,0.00,0.00,19.8,7.2,354,19.1
2024-06-27T22:00,20.3,0.00,0.00,0.00,19.0,8.3,355,13.3
2024-06-27T23:00,20.0,0.00,0.00,0.00,18.5,10.0,13,17.3
2024-06-28T00:00,19.3,0.00,0.00,0.00,18.1,8.6,15,16.9
2024-06-28T01:00,18.8,0.00,0.00,0.00,17.1,11.2,15,18.7
2024-06-28T02:00,18.1,0.00,0.00,0.00,16.7,10.3,25,18.7
2024-06-28T03:00,17.4,0.00,0.00,0.00,16.2,10.0,21,17.6
2024-06-28T04:00,16.3,0.00,0.00,0.00,15.4,8.5,12,14.0
2024-06-28T05:00,16.2,0.00,0.00,0.00,15.4,8.9,14,14.8
2024-06-28T06:00,17.5,0.00,0.00,0.00,16.8,10.1,17,16.6
2024-06-28T07:00,19.4,0.00,0.00,0.00,19.2,8.7,30,18.7
2024-06-28T08:00,21.4,0.00,0.00,0.00,21.2,9.2,42,21.2
2024-06-28T09:00,23.0,0.00,0.00,0.00,22.8,8.2,38,22.7
2024-06-28T10:00,24.4,0.00,0.00,0.00,24.6,8.9,14,23.8
2024-06-28T11:00,25.1,0.00,0.00,0.00,24.8,10.8,4,25.6
2024-06-28T12:00,26.1,0.00,0.00,0.00,26.1,12.6,2,29.2
2024-06-28T13:00,26.8,0.00,0.00,0.00,26.6,13.7,3,30.6
2024-06-28T14:00,27.4,0.00,0.00,0.00,26.7,14.1,4,31.3
2024-06-28T15:00,28.0,0.00,0.00,0.00,26.5,14.6,10,31.3
2024-06-28T16:00,27.7,0.00,0.00,0.00,24.8,14.8,4,30.6
2024-06-28T17:00,26.9,0.00,0.00,0.00,23.9,16.2,4,31.0
2024-06-28T18:00,26.4,0.00,0.00,0.00,23.7,15.6,8,32.0
2024-06-28T19:00,25.8,0.00,0.00,0.00,23.9,11.5,20,29.2
2024-06-28T20:00,23.8,0.00,0.00,0.00,22.2,10.0,30,20.2
2024-06-28T21:00,22.8,0.00,0.00,0.00,21.2,10.9,34,19.8
2024-06-28T22:00,21.7,0.00,0.00,0.00,20.3,9.8,24,18.0
2024-06-28T23:00,21.2,0.00,0.00,0.00,19.5,13.0,28,22.3
2024-06-29T00:00,20.4,0.00,0.00,0.00,19.1,10.8,37,22.7
2024-06-29T01:00,19.6,0.00,0.00,0.00,18.6,9.7,39,18.4
2024-06-29T02:00,19.0,0.00,0.00,0.00,18.1,9.0,37,16.9
2024-06-29T03:00,18.4,0.00,0.00,0.00,17.5,9.5,29,16.2
2024-06-29T04:00,17.4,0.00,0.00,0.00,16.5,10.7,33,18.0
2024-06-29T05:00,17.3,0.00,0.00,0.00,16.2,11.7,34,19.4
2024-06-29T06:00,18.3,0.00,0.00,0.00,17.2,13.3,33,22.7
2024-06-29T07:00,19.8,0.00,0.00,0.00,19.0,12.5,44,25.2
2024-06-29T08:00,21.3,0.00,0.00,0.00,20.3,13.7,55,28.4
2024-06-29T09:00,22.8,0.00,0.00,0.00,21.7,13.6,53,29.5
2024-06-29T10:00,24.2,0.00,0.00,0.00,23.6,14.5,46,32.4
2024-06-29T11:00,25.3,0.00,0.00,0.00,24.5,16.6,56,35.6
2024-06-29T12:00,26.5,0.00,0.00,0.00,25.9,16.8,67,36.7
2024-06-29T13:00,27.4,0.00,0.00,0.00,27.0,15.8,69,36.4
2024-06-29T14:00,28.3,0.00,0.00,0.00,27.9,14.8,72,34.9
2024-06-29T15:00,29.5,0.00,0.00,0.00,27.9,14.5,60,32.0
2024-06-29T16:00,30.4,0.00,0.00,0.00,26.3,20.5,59,38.9
2024-06-29T17:00,28.5,0.00,0.00,0.00,25.0,19.0,57,45.7
2024-06-29T18:00,28.8,0.00,0.00,0.00,26.7,9.2,69,35.3
2024-06-29T19:00,27.6,0.00,0.00,0.00,26.1,8.7,60,17.6
2024-06-29T20:00,25.3,0.00,0.00,0.00,24.0,7.9,47,15.5
2024-06-29T21:00,23.3,0.00,0.00,0.00,22.3,6.6,29,13.0
2024-06-29T22:00,23.2,0.00,0.00,0.00,21.2,12.9,23,19.4
2024-06-29T23:00,23.3,0.00,0.00,0.00,21.6,12.4,36,24.8
2024-06-30T00:00,22.1,0.00,0.00,0.00,20.8,11.6,26,21.2
2024-06-30T01:00,21.6,0.00,0.00,0.00,20.3,11.9,25,20.2
2024-06-30T02:00,21.2,0.00,0.00,0.00,20.1,11.3,22,19.8
2024-06-30T03:00,20.9,0.00,0.00,0.00,20.0,10.7,20,19.1
2024-06-30T04:00,20.6,0.00,0.00,0.00,20.0,9.8,8,17.3
2024-06-30T05:00,20.7,0.00,0.00,0.00,20.2,10.5,6,17.6
2024-06-30T06:00,21.8,0.00,0.00,0.00,21.4,11.2,15,18.7
2024-06-30T07:00,23.6,0.00,0.00,0.00,23.9,8.6,22,18.0
2024-06-30T08:00,25.7,0.00,0.00,0.00,26.2,8.9,32,20.5
2024-06-30T09:00,27.8,0.00,0.00,0.00,28.1,9.4,40,23.4
2024-06-30T10:00,29.3,0.00,0.00,0.00,29.9,10.6,35,26.3
2024-06-30T11:00,30.0,0.00,0.00,0.00,30.4,13.0,34,29.5
2024-06-30T12:00,30.5,0.00,0.00,0.00,30.9,13.8,39,31.3
2024-06-30T13:00,30.8,0.00,0.00,0.00,31.4,13.8,41,32.4
2024-06-30T14:00,31.2,0.00,0.00,0.00,31.5,13.2,43,31.3
2024-06-30T15:00,31.5,0.00,0.00,0.00,31.7,12.2,43,29.9
2024-06-30T16:00,32.6,0.00,0.00,0.00,31.2,12.9,30,28.1
2024-06-30T17:00,32.5,0.00,0.00,0.00,30.9,10.9,34,28.1
2024-06-30T18:00,32.2,0.00,0.00,0.00,30.5,9.4,47,23.0
2024-06-30T19:00,30.5,0.00,0.00,0.00,30.1,5.9,52,18.0
2024-06-30T20:00,26.7,0.00,0.00,0.00,26.8,8.7,66,10.1
2024-06-30T21:00,24.9,0.00,0.00,0.00,24.5,8.4,47,10.4
2024-06-30T22:00,24.4,0.00,0.00,0.00,23.9,7.0,35,11.2
2024-06-30T23:00,24.1,0.00,0.00,0.00,23.0,9.2,42,15.5
2024-07-01T00:00,23.1,0.00,0.00,0.00,22.2,7.9,47,15.5
2024-07-01T01:00,22.5,0.00,0.00,0.00,21.3,10.4,56,16.6
2024-07-01T02:00,22.2,0.00,0.00,0.00,20.2,12.7,61,21.6
2024-07-01T03:00,21.6,0.00,0.00,0.00,19.0,13.7,67,23.0
2024-07-01T04:00,20.8,0.00,0.00,0.00,18.1,13.5,65,25.2
2024-07-01T05:00,20.5,0.00,0.00,0.00,17.8,13.5,61,23.0
2024-07-01T06:00,21.5,0.00,0.00,0.00,18.9,13.7,60,23.8
2024-07-01T07:00,23.2,0.00,0.00,0.00,21.1,12.8,52,24.1
2024-07-01T08:00,25.5,0.00,0.00,0.00,23.3,12.7,55,26.6
2024-07-01T09:00,27.8,0.00,0.00,0.00,25.2,14.8,61,30.6
2024-07-01T10:00,29.6,0.00,0.00,0.00,26.8,18.0,64,37.1
2024-07-01T11:00,30.9,0.00,0.00,0.00,28.6,18.0,70,38.2
2024-07-01T12:00,31.9,0.00,0.00,0.00,30.2,16.4,75,38.2
2024-07-01T13:00,32.5,0.00,0.00,0.00,31.4,14.1,77,35.3
2024-07-01T14:00,32.9,0.00,0.00,0.00,31.8,12.8,80,31.7
2024-07-01T15:00,33.2,0.00,0.00,0.00,31.6,12.8,79,29.2
2024-07-01T16:00,33.2,0.00,0.00,0.00,31.0,11.6,85,26.3
2024-07-01T17:00,33.0,0.00,0.00,0.00,30.1,11.4,79,25.9
2024-07-01T18:00,32.3,0.00,0.00,0.00,29.3,11.0,67,24.1
2024-07-01T19:00,30.2,0.00,0.00,0.00,28.3,7.6,45,20.9
2024-07-01T20:00,27.3,0.00,0.00,0.00,24.9,8.4,43,13.7
2024-07-01T21:00,25.7,0.00,0.00,0.00,22.6,8.9,63,14.8
2024-07-01T22:00,24.8,0.00,0.00,0.00,21.7,8.4,65,14.0
2024-07-01T23:00,23.7,0.00,0.00,0.00,20.7,8.6,57,14.4
2024-07-02T00:00,22.1,0.00,0.00,0.00,19.2,8.0,63,14.0
2024-07-02T01:00,21.4,0.00,0.00,0.00,18.7,7.4,61,11.9
2024-07-02T02:00,20.9,0.00,0.00,0.00,18.3,7.4,67,11.9
2024-07-02T03:00,21.0,0.00,0.00,0.00,18.1,9.4,58,14.8
2024-07-02T04:00,19.6,0.00,0.00,0.00,17.0,9.7,48,16.2
2024-07-02T05:00,19.5,0.00,0.00,0.00,17.1,9.7,51,16.2
2024-07-02T06:00,20.9,0.00,0.00,0.00,18.8,10.5,74,16.9
2024-07-02T07:00,23.2,0.00,0.00,0.00,21.8,9.7,92,18.7
2024-07-02T08:00,25.9,0.00,0.00,0.00,24.8,7.9,106,19.1
2024-07-02T09:00,28.2,0.00,0.00,0.00,26.7,8.5,126,21.2
2024-07-02T10:00,30.1,0.00,0.00,0.00,29.5,7.4,141,21.6
2024-07-02T11:00,31.7,0.00,0.00,0.00,31.8,5.7,145,20.9
2024-07-02T12:00,32.7,0.00,0.00,0.00,33.0,6.0,123,19.4
2024-07-02T13:00,33.4,0.00,0.00,0.00,33.7,5.9,104,19.8
2024-07-02T14:00,33.9,0.00,0.00,0.00,33.8,6.9,84,20.9
2024-07-02T15:00,34.1,0.00,0.00,0.00,33.0,10.3,78,24.8
2024-07-02T16:00,34.3,0.00,0.00,0.00,32.1,10.9,84,24.8
2024-07-02T17:00,33.6,0.00,0.00,0.00,30.2,13.7,92,28.4
2024-07-02T18:00,32.7,0.00,0.00,0.00,29.3,14.0,89,28.8
2024-07-02T19:00,31.1,0.00,0.00,0.00,28.7,9.4,83,27.0
2024-07-02T20:00,27.8,0.00,0.00,0.00,26.0,7.2,90,16.6
2024-07-02T21:00,27.8,0.00,0.00,0.00,26.2,6.2,97,12.2
2024-07-02T22:00,28.1,0.00,0.00,0.00,26.4,5.7,198,7.2
2024-07-02T23:00,27.2,0.00,0.00,0.00,25.3,7.4,203,8.6
2024-07-03T00:00,27.4,0.00,0.00,0.00,25.3,7.0,168,8.6
2024-07-03T01:00,22.8,0.00,0.00,0.00,20.6,9.2,132,10.4
2024-07-03T02:00,21.3,0.00,0.00,0.00,19.1,9.4,140,13.3
2024-07-03T03:00,20.2,0.00,0.00,0.00,18.2,10.2,141,13.3
2024-07-03T04:00,19.1,0.00,0.00,0.00,17.6,5.9,38,10.1
2024-07-03T05:00,17.9,0.00,0.00,0.00,16.5,8.1,69,10.8
2024-07-03T06:00,20.8,0.00,0.00,0.00,19.6,7.3,79,11.5
2024-07-03T07:00,23.5,0.00,0.00,0.00,22.7,6.8,90,14.4
2024-07-03T08:00,26.6,0.00,0.00,0.00,25.7,6.8,90,16.2
2024-07-03T09:00,29.0,0.00,0.00,0.00,27.5,10.1,94,23.0
2024-07-03T10:00,31.0,0.00,0.00,0.00,29.9,12.2,90,27.7
2024-07-03T11:00,32.4,0.00,0.00,0.00,31.2,15.9,95,34.2
2024-07-03T12:00,33.4,0.00,0.00,0.00,31.5,19.8,100,40.3
2024-07-03T13:00,33.8,0.00,0.00,0.00,31.4,21.3,102,43.9
2024-07-03T14:00,34.0,0.00,0.00,0.00,31.8,20.1,100,43.9
2024-07-03T15:00,34.2,0.00,0.00,0.00,31.4,19.8,102,41.4
2024-07-03T16:00,34.1,0.00,0.00,0.00,30.1,21.5,113,45.0
2024-07-03T17:00,33.6,0.00,0.00,0.00,29.4,19.6,116,42.1
2024-07-03T18:00,32.8,0.00,0.00,0.00,28.9,18.7,124,38.2
2024-07-03T19:00,31.3,0.00,0.00,0.00,28.7,12.5,136,34.9
2024-07-03T20:00,28.5,0.00,0.00,0.00,26.7,8.0,144,22.0
2024-07-03T21:00,26.5,0.00,0.00,0.00,24.8,7.9,141,12.6
2024-07-03T22:00,24.8,0.00,0.00,0.00,22.9,10.3,102,13.0
2024-07-03T23:00,25.2,0.00,0.00,0.00,23.6,6.8,65,13.0
2024-07-04T00:00,24.8,0.00,0.00,0.00,22.9,9.2,79,14.4
2024-07-04T01:00,24.4,0.00,0.00,0.00,22.1,11.6,74,19.1
2024-07-04T02:00,23.4,0.00,0.00,0.00,21.4,10.5,63,19.4
2024-07-04T03:00,23.2,0.00,0.00,0.00,21.0,12.2,66,20.2
2024-07-04T04:00,22.1,0.00,0.00,0.00,19.9,13.0,76,23.0
2024-07-04T05:00,21.8,0.00,0.00,0.00,19.6,14.0,78,23.8
2024-07-04T06:00,22.8,0.00,0.00,0.00,20.9,15.0,80,25.9
2024-07-04T07:00,24.5,0.00,0.00,0.00,23.2,13.8,83,26.3
2024-07-04T08:00,26.5,0.00,0.00,0.00,24.9,15.5,90,31.0
2024-07-04T09:00,28.7,0.00,0.00,0.00,26.5,17.7,96,36.0
2024-07-04T10:00,30.4,0.00,0.00,0.00,28.1,19.7,98,40.3
2024-07-04T11:00,31.9,0.00,0.00,0.00,29.5,20.0,98,40.7
2024-07-04T12:00,33.0,0.00,0.00,0.00,30.6,23.0,100,46.1
2024-07-04T13:00,33.8,0.00,0.00,0.00,31.4,24.4,104,49.3
2024-07-04T14:00,34.3,0.00,0.00,0.00,32.3,23.7,107,49.3
2024-07-04T15:00,34.8,0.00,0.00,0.00,32.9,21.9,104,47.2
2024-07-04T16:00,35.7,0.00,0.00,0.00,32.7,22.1,112,45.0
2024-07-04T17:00,34.2,0.00,0.00,0.00,31.4,20.2,131,44.3
2024-07-04T18:00,33.8,0.00,0.00,0.00,32.8,10.0,142,38.5
2024-07-04T19:00,32.3,0.00,0.00,0.00,32.0,8.0,188,19.1
2024-07-04T20:00,30.9,0.00,0.00,0.00,31.1,4.6,141,14.0
2024-07-04T21:00,27.0,0.00,0.00,0.00,27.5,4.7,360,6.8
2024-07-04T22:00,28.7,0.00,0.00,0.00,29.5,1.5,45,6.5
2024-07-04T23:00,25.8,0.00,0.00,0.00,26.6,2.4,27,4.0
2024-07-05T00:00,25.7,0.00,0.00,0.00,26.4,1.9,22,3.6
2024-07-05T01:00,25.3,0.00,0.00,0.00,26.0,1.9,22,4.0
2024-07-05T02:00,25.8,0.00,0.00,0.00,26.4,1.5,45,2.9
2024-07-05T03:00,23.3,0.00,0.00,0.00,23.6,4.8,63,6.5
2024-07-05T04:00,22.2,0.00,0.00,0.00,22.7,5.7,108,9.4
2024-07-05T05:00,21.9,0.00,0.00,0.00,22.5,6.0,115,10.1
2024-07-05T06:00,23.9,0.00,0.00,0.00,24.7,6.4,128,9.4
2024-07-05T07:00,26.4,0.00,0.00,0.00,27.5,4.7,176,12.2
2024-07-05T08:00,28.9,0.00,0.00,0.00,30.7,3.1,144,11.9
2024-07-05T09:00,31.3,0.00,0.00,0.00,32.7,3.9,146,14.8
2024-07-05T10:00,33.1,0.00,0.00,0.00,35.0,4.3,156,16.6
2024-07-05T11:00,34.5,0.00,0.00,0.00,36.5,6.1,180,21.2
2024-07-05T12:00,35.3,0.00,0.00,0.00,37.0,9.0,203,23.8
2024-07-05T13:00,35.5,0.00,0.00,0.00,36.8,9.6,214,25.6
2024-07-05T14:00,35.6,0.00,0.00,0.00,36.3,10.3,241,24.8
2024-07-05T15:00,35.2,0.00,0.00,0.00,34.5,11.2,249,26.6
2024-07-05T16:00,35.8,0.00,0.00,0.00,35.6,11.6,234,25.9
2024-07-05T17:00,34.9,0.00,0.00,0.00,33.1,16.8,247,33.8
2024-07-05T18:00,33.9,0.00,0.00,0.00,32.6,13.8,261,33.5
2024-07-05T19:00,32.2,0.00,0.00,0.00,32.1,14.8,271,27.7
2024-07-05T20:00,30.0,0.00,0.00,0.00,31.6,10.9,278,26.3
2024-07-05T21:00,28.5,0.00,0.00,0.00,30.4,8.3,304,18.7
2024-07-05T22:00,27.9,0.00,0.00,0.00,29.2,9.0,293,14.8
2024-07-05T23:00,27.6,0.00,0.00,0.00,28.6,8.8,289,15.8
2024-07-06T00:00,27.0,0.00,0.00,0.00,27.7,9.7,301,16.6
2024-07-06T01:00,26.6,0.00,0.00,0.00,26.8,9.7,318,16.9
2024-07-06T02:00,25.8,0.00,0.00,0.00,25.5,10.5,322,17.3
2024-07-06T03:00,25.3,0.00,0.00,0.00,24.9,12.0,327,20.2
2024-07-06T04:00,24.5,0.00,0.00,0.00,24.6,13.4,340,22.7
2024-07-06T05:00,24.2,0.00,0.00,0.00,24.4,13.0,346,23.0
2024-07-06T06:00,25.2,0.00,0.00,0.00,25.2,14.1,341,23.4
2024-07-06T07:00,26.8,0.00,0.00,0.00,26.7,15.0,343,28.4
2024-07-06T08:00,28.6,0.00,0.00,0.00,28.9,14.4,347,31.0
2024-07-06T09:00,30.5,0.00,0.00,0.00,31.0,15.1,348,32.0
2024-07-06T10:00,32.3,0.00,0.00,0.00,33.2,15.3,351,33.8
2024-07-06T11:00,33.8,0.00,0.00,0.00,35.2,13.6,348,33.1
2024-07-06T12:00,34.9,0.00,0.00,0.00,36.5,13.3,341,31.0
2024-07-06T13:00,35.6,0.00,0.00,0.00,37.1,14.0,337,32.4
2024-07-06T14:00,35.8,0.00,0.00,0.00,37.1,13.5,326,32.8
2024-07-06T15:00,35.9,0.00,0.00,0.00,36.8,13.0,336,31.7
2024-07-06T16:00,35.3,0.00,0.00,0.00,33.1,18.2,352,35.6
2024-07-06T17:00,35.1,0.00,0.00,0.00,33.8,13.4,352,38.2
2024-07-06T18:00,34.0,0.00,0.00,0.00,33.0,15.5,360,29.9
2024-07-06T19:00,32.8,0.00,0.00,0.00,32.2,13.3,2,31.3
2024-07-06T20:00,31.4,0.00,0.00,0.00,30.9,12.4,343,23.4
2024-07-06T21:00,30.3,0.00,0.00,0.00,28.9,18.4,358,32.4
2024-07-06T22:00,29.7,0.00,0.00,0.00,28.2,18.9,9,33.5
2024-07-06T23:00,28.8,0.00,0.00,0.00,27.0,20.4,8,35.3
2024-07-07T00:00,27.9,0.00,0.00,0.00,25.8,22.1,19,40.0
2024-07-07T01:00,27.0,0.00,0.00,0.00,25.2,21.3,26,39.6
2024-07-07T02:00,26.3,0.00,0.00,0.00,24.5,21.1,30,38.5
2024-07-07T03:00,25.7,0.00,0.00,0.00,24.0,20.6,29,37.8
2024-07-07T04:00,24.1,0.00,0.00,0.00,22.4,20.1,21,36.0
2024-07-07T05:00,23.7,0.00,0.00,0.00,21.8,21.3,24,38.2
2024-07-07T06:00,24.0,0.00,0.00,0.00,22.5,20.3,25,39.2
2024-07-07T07:00,24.9,0.00,0.00,0.00,23.4,21.6,26,41.0
2024-07-07T08:00,26.4,0.00,0.00,0.00,25.2,20.6,27,41.4
2024-07-07T09:00,28.2,0.00,0.00,0.00,27.4,19.2,30,40.7
2024-07-07T10:00,30.1,0.00,0.00,0.00,30.2,17.9,34,39.2
2024-07-07T11:00,31.9,0.00,0.00,0.00,32.7,16.9,34,37.8
2024-07-07T12:00,33.4,0.00,0.00,0.00,34.6,16.6,30,36.7
2024-07-07T13:00,34.6,0.00,0.00,0.00,35.9,16.3,25,36.4
2024-07-07T14:00,35.6,0.00,0.00,0.00,36.6,15.8,21,36.0
2024-07-07T15:00,35.9,0.00,0.00,0.00,36.6,15.1,18,34.9
2024-07-07T16:00,35.8,0.00,0.00,0.00,36.3,10.8,30,30.2
2024-07-07T17:00,35.7,0.00,0.00,0.00,36.3,4.7,32,25.2
2024-07-07T18:00,34.7,0.00,0.00,0.00,34.7,8.0,8,15.1
2024-07-07T19:00,33.7,0.00,0.00,0.00,34.1,7.6,5,17.3
2024-07-07T20:00,31.6,0.00,0.00,0.00,31.8,9.4,356,15.5
2024-07-07T21:00,30.7,0.00,0.00,0.00,30.6,9.4,360,16.2
2024-07-07T22:00,29.7,0.00,0.00,0.00,29.4,11.6,5,19.1
2024-07-07T23:00,29.1,0.00,0.00,0.00,28.3,14.3,12,24.1
2024-07-08T00:00,28.7,0.00,0.00,0.00,27.6,15.0,21,25.6
2024-07-08T01:00,28.1,0.00,0.00,0.00,26.9,15.2,22,25.9
2024-07-08T02:00,27.8,0.00,0.00,0.00,26.5,15.0,24,25.9
2024-07-08T03:00,27.4,0.00,0.00,0.00,26.0,15.4,33,26.6
2024-07-08T04:00,25.1,0.00,0.00,0.00,26.1,7.7,37,19.1
2024-07-08T05:00,25.3,0.00,0.00,0.00,25.9,11.2,15,18.4
2024-07-08T06:00,26.1,0.00,0.00,0.00,26.8,13.4,24,22.3
2024-07-08T07:00,27.5,0.00,0.00,0.00,28.3,13.2,45,24.8
2024-07-08T08:00,30.2,0.00,0.00,0.00,30.4,12.6,59,26.3
2024-07-08T09:00,32.3,0.00,0.00,0.00,32.3,13.1,74,28.1
2024-07-08T10:00,34.1,0.00,0.00,0.00,34.3,14.5,84,31.3
2024-07-08T11:00,35.5,0.00,0.00,0.00,36.0,14.8,84,32.0
2024-07-08T12:00,36.8,0.00,0.00,0.00,37.2,15.1,87,34.9
2024-07-08T13:00,36.5,0.30,0.00,0.30,35.3,26.6,103,49.7
2024-07-08T14:00,34.3,0.00,0.00,0.00,34.2,12.1,120,55.4
2024-07-08T15:00,36.3,0.00,0.00,0.00,34.7,17.3,107,38.5
2024-07-08T16:00,38.4,0.00,0.00,0.00,36.3,17.0,107,33.8
2024-07-08T17:00,37.6,0.00,0.00,0.00,35.1,18.2,108,36.7
2024-07-08T18:00,36.8,0.00,0.00,0.00,34.3,18.4,113,35.3
2024-07-08T19:00,35.3,0.00,0.00,0.00,34.3,10.9,117,34.6
2024-07-08T20:00,32.4,0.00,0.00,0.00,32.0,7.6,90,18.7
2024-07-08T21:00,31.5,0.00,0.00,0.00,30.6,9.9,71,15.5
2024-07-08T22:00,31.9,0.00,0.00,0.00,29.4,17.9,80,29.9
2024-07-08T23:00,31.8,0.00,0.00,0.00,29.3,18.4,78,32.4
2024-07-09T00:00,30.9,0.00,0.00,0.00,28.6,18.7,71,33.1
2024-07-09T01:00,30.2,0.00,0.00,0.00,28.0,19.1,70,33.8
2024-07-09T02:00,29.5,0.00,0.00,0.00,27.5,18.9,77,33.8
2024-07-09T03:00,28.9,0.00,0.00,0.00,26.9,18.8,78,33.5
2024-07-09T04:00,25.9,0.00,0.00,0.00,25.3,12.1,53,20.5
2024-07-09T05:00,25.5,0.00,0.00,0.00,24.5,14.0,55,23.4
2024-07-09T06:00,26.4,0.00,0.00,0.00,24.9,16.6,56,28.4
2024-07-09T07:00,28.0,0.00,0.00,0.00,26.2,19.1,47,34.9
2024-07-09T08:00,29.6,0.00,0.00,0.00,26.7,23.4,59,45.0
2024-07-09T09:00,31.1,0.00,0.00,0.00,28.2,22.6,68,45.7
2024-07-09T10:00,32.8,0.00,0.00,0.00,30.9,21.4,73,44.3
2024-07-09T11:00,34.4,0.00,0.00,0.00,33.0,22.0,75,44.3
2024-07-09T12:00,35.5,0.00,0.00,0.00,34.4,21.7,75,45.0
2024-07-09T13:00,36.3,0.00,0.00,0.00,35.0,20.5,75,44.3
2024-07-09T14:00,36.7,0.00,0.00,0.00,35.1,20.4,73,42.5
2024-07-09T15:00,36.9,0.00,0.00,0.00,34.7,19.5,74,42.1
2024-07-09T16:00,36.2,0.00,0.00,0.00,33.2,20.3,73,45.0
2024-07-09T17:00,35.8,0.00,0.00,0.00,32.3,19.7,66,40.3
2024-07-09T18:00,35.2,0.00,0.00,0.00,31.8,18.8,64,38.5
2024-07-09T19:00,34.1,0.00,0.00,0.00,31.1,15.5,59,35.6
2024-07-09T20:00,32.3,0.00,0.00,0.00,28.7,16.5,54,28.8
2024-07-09T21:00,31.0,0.00,0.00,0.00,27.1,16.8,59,30.2
2024-07-09T22:00,29.9,0.00,0.00,0.00,25.7,19.0,61,32.8
2024-07-09T23:00,29.2,0.00,0.00,0.00,25.1,18.9,66,33.5
2024-07-10T00:00,28.7,0.00,0.00,0.00,24.6,19.7,69,34.6
2024-07-10T01:00,27.9,0.00,0.00,0.00,23.7,20.5,68,36.4
2024-07-10T02:00,27.0,0.00,0.00,0.00,23.1,19.5,71,36.4
2024-07-10T03:00,26.1,0.00,0.00,0.00,22.4,18.6,72,34.2
2024-07-10T04:00,24.2,0.00,0.00,0.00,21.4,15.7,79,28.8
2024-07-10T05:00,23.5,0.00,0.00,0.00,20.6,15.9,72,27.7
2024-07-10T06:00,24.2,0.00,0.00,0.00,21.1,17.0,73,29.2
2024-07-10T07:00,26.0,0.00,0.00,0.00,23.3,15.0,69,29.9
2024-07-10T08:00,28.1,0.00,0.00,0.00,25.2,16.9,74,32.8
2024-07-10T09:00,30.2,0.00,0.00,0.00,26.8,19.7,81,38.9
2024-07-10T10:00,31.8,0.00,0.00,0.00,28.4,23.1,87,45.7
2024-07-10T11:00,33.0,0.00,0.00,0.00,30.1,22.9,83,46.4
2024-07-10T12:00,34.0,0.00,0.00,0.00,31.4,22.6,81,46.4
2024-07-10T13:00,34.6,0.00,0.00,0.00,32.4,21.6,79,46.1
2024-07-10T14:00,35.1,0.00,0.00,0.00,32.7,22.0,72,45.0
2024-07-10T15:00,35.1,0.00,0.00,0.00,32.0,22.4,71,45.7
2024-07-10T16:00,34.4,0.00,0.00,0.00,30.8,19.6,77,40.0
2024-07-10T17:00,34.1,0.00,0.00,0.00,30.3,19.4,80,38.9
2024-07-10T18:00,33.6,0.00,0.00,0.00,29.9,18.9,82,37.8
2024-07-10T19:00,32.5,0.00,0.00,0.00,29.6,14.3,80,35.6
2024-07-10T20:00,30.4,0.00,0.00,0.00,28.0,10.9,63,25.6
2024-07-10T21:00,29.1,0.00,0.00,0.00,26.3,13.2,47,22.0
2024-07-10T22:00,28.6,0.00,0.00,0.00,25.8,13.3,52,22.7
2024-07-10T23:00,28.3,0.00,0.00,0.00,25.4,14.2,60,24.1
2024-07-11T00:00,27.6,0.00,0.00,0.00,24.9,13.6,68,24.1
2024-07-11T01:00,27.0,0.00,0.00,0.00,24.4,12.8,68,23.4
2024-07-11T02:00,26.3,0.00,0.00,0.00,23.9,12.6,66,22.0
2024-07-11T03:00,25.4,0.00,0.00,0.00,22.8,14.5,48,24.8
2024-07-11T04:00,24.8,0.00,0.00,0.00,22.4,14.5,48,24.8
2024-07-11T05:00,24.8,0.00,0.00,0.00,22.4,15.5,48,26.6
2024-07-11T06:00,25.4,0.00,0.00,0.00,23.2,15.9,51,27.7
2024-07-11T07:00,26.9,0.00,0.00,0.00,25.2,14.4,53,27.7
2024-07-11T08:00,28.7,0.00,0.00,0.00,27.0,15.3,56,29.9
2024-07-11T09:00,31.0,0.00,0.00,0.00,29.0,16.6,60,33.8
2024-07-11T10:00,33.0,0.00,0.00,0.00,30.8,17.7,66,36.7
2024-07-11T11:00,34.2,0.00,0.00,0.00,32.7,16.8,67,36.7
2024-07-11T12:00,34.8,0.00,0.00,0.00,33.8,15.9,65,36.0
2024-07-11T13:00,35.3,0.00,0.00,0.00,34.7,15.0,69,35.3
2024-07-11T14:00,35.8,0.00,0.00,0.00,35.2,14.5,76,33.8
2024-07-11T15:00,35.8,0.00,0.00,0.00,34.6,14.6,80,32.4
2024-07-11T16:00,34.9,0.00,0.00,0.00,33.2,12.6,95,29.5
2024-07-11T17:00,34.3,0.00,0.00,0.00,32.1,13.6,78,28.4
2024-07-11T18:00,33.7,0.00,0.00,0.00,31.5,13.4,82,28.4
2024-07-11T19:00,32.8,0.00,0.00,0.00,31.2,10.1,90,25.9
2024-07-11T20:00,31.0,0.00,0.00,0.00,29.2,10.5,96,17.6
2024-07-11T21:00,30.0,0.00,0.00,0.00,28.2,9.7,105,20.5
2024-07-11T22:00,28.6,0.00,0.00,0.00,27.2,7.1,75,16.2
2024-07-11T23:00,28.4,0.00,0.00,0.00,26.7,8.7,48,14.4
2024-07-12T00:00,27.7,0.00,0.00,0.00,25.6,11.3,31,18.4
2024-07-12T01:00,27.4,0.00,0.00,0.00,25.1,13.9,31,23.0
2024-07-12T02:00,27.0,0.00,0.00,0.00,24.2,18.6,44,32.4
2024-07-12T03:00,26.5,0.00,0.00,0.00,24.4,16.8,47,32.8
2024-07-12T04:00,25.2,0.00,0.00,0.00,23.7,16.3,49,28.8
2024-07-12T05:00,24.7,0.00,0.00,0.00,23.3,17.0,54,29.9
2024-07-12T06:00,25.4,0.00,0.00,0.00,24.1,18.1,55,32.0
2024-07-12T07:00,26.6,0.00,0.00,0.00,25.3,19.1,58,35.3
2024-07-12T08:00,28.3,0.00,0.00,0.00,26.9,18.6,68,37.4
2024-07-12T09:00,30.1,0.00,0.00,0.00,28.3,19.4,68,39.2
2024-07-12T10:00,31.4,0.00,0.00,0.00,29.7,20.9,66,43.2
2024-07-12T11:00,32.5,0.00,0.00,0.00,31.5,19.2,64,42.8
2024-07-12T12:00,33.5,0.00,0.00,0.00,32.9,18.2,56,40.7
2024-07-12T13:00,34.2,0.00,0.00,0.00,33.7,17.8,47,39.2
2024-07-12T14:00,34.5,0.00,0.00,0.00,33.5,18.6,36,39.6
2024-07-12T15:00,34.6,0.00,0.00,0.00,32.6,18.7,34,39.6
2024-07-12T16:00,33.7,0.00,0.00,0.00,30.2,17.7,39,37.4
2024-07-12T17:00,33.2,0.00,0.00,0.00,29.0,17.1,46,36.7
2024-07-12T18:00,32.4,0.00,0.00,0.00,28.4,15.9,52,34.6
2024-07-12T19:00,31.2,0.00,0.00,0.00,28.0,12.3,52,30.6
2024-07-12T20:00,29.0,0.00,0.00,0.00,25.9,11.5,39,22.0
2024-07-12T21:00,27.6,0.00,0.00,0.00,24.3,13.6,40,23.0
2024-07-12T22:00,26.8,0.00,0.00,0.00,23.4,14.3,41,24.8
2024-07-12T23:00,26.0,0.00,0.00,0.00,22.4,14.1,58,25.2
2024-07-13T00:00,24.9,0.00,0.00,0.00,21.5,12.3,58,24.1
2024-07-13T01:00,24.0,0.00,0.00,0.00,20.6,12.0,51,21.2
2024-07-13T02:00,23.1,0.00,0.00,0.00,19.5,13.5,44,23.0
2024-07-13T03:00,22.6,0.00,0.00,0.00,19.1,14.2,54,24.5
2024-07-13T04:00,21.3,0.00,0.00,0.00,18.2,13.4,54,25.2
2024-07-13T05:00,20.7,0.00,0.00,0.00,17.8,13.1,53,23.0
2024-07-13T06:00,21.5,0.00,0.00,0.00,18.8,13.6,53,23.8
2024-07-13T07:00,23.3,0.00,0.00,0.00,20.8,12.5,51,25.2
2024-07-13T08:00,25.5,0.00,0.00,0.00,22.9,13.6,58,28.4
2024-07-13T09:00,27.5,0.00,0.00,0.00,24.4,15.6,61,32.4
2024-07-13T10:00,28.8,0.00,0.00,0.00,26.0,17.9,60,37.8
2024-07-13T11:00,29.8,0.00,0.00,0.00,27.7,17.7,61,38.5
2024-07-13T12:00,30.9,0.00,0.00,0.00,29.1,16.8,62,38.2
2024-07-13T13:00,31.8,0.00,0.00,0.00,30.1,16.7,57,37.1
2024-07-13T14:00,32.4,0.00,0.00,0.00,30.5,16.5,54,37.1
2024-07-13T15:00,32.8,0.00,0.00,0.00,30.8,14.8,51,36.0
2024-07-13T16:00,32.3,0.00,0.00,0.00,29.4,15.1,52,35.6
2024-07-13T17:00,32.2,0.00,0.00,0.00,28.4,15.5,44,32.4
2024-07-13T18:00,31.7,0.00,0.00,0.00,27.8,15.8,41,32.0
2024-07-13T19:00,30.6,0.00,0.00,0.00,27.1,14.0,42,31.3
2024-07-13T20:00,28.3,0.00,0.00,0.00,25.4,10.4,34,24.8
2024-07-13T21:00,26.8,0.00,0.00,0.00,23.8,11.1,29,19.1
2024-07-13T22:00,25.8,0.00,0.00,0.00,23.0,10.9,27,19.1
2024-07-13T23:00,25.2,0.00,0.00,0.00,22.2,12.4,30,20.9
2024-07-14T00:00,24.6,0.00,0.00,0.00,21.7,12.0,33,21.2
2024-07-14T01:00,23.9,0.00,0.00,0.00,20.9,12.9,30,22.0
2024-07-14T02:00,23.3,0.00,0.00,0.00,20.4,13.1,37,22.7
2024-07-14T03:00,22.8,0.00,0.00,0.00,20.1,11.5,44,22.3
2024-07-14T04:00,21.0,0.00,0.00,0.00,18.6,10.4,44,19.8
2024-07-14T05:00,20.5,0.00,0.00,0.00,18.0,11.5,41,19.1
2024-07-14T06:00,21.6,0.00,0.00,0.00,19.2,12.3,40,20.9
2024-07-14T07:00,23.8,0.00,0.00,0.00,21.9,9.7,42,21.2
2024-07-14T08:00,26.3,0.00,0.00,0.00,24.2,11.3,53,24.1
2024-07-14T09:00,28.4,0.00,0.00,0.00,25.7,13.9,59,29.9
2024-07-14T10:00,29.8,0.00,0.00,0.00,27.5,16.9,56,35.6
2024-07-14T11:00,30.9,0.00,0.00,0.00,29.2,17.8,54,38.2
2024-07-14T12:00,32.0,0.00,0.00,0.00,30.7,17.3,54,38.2
2024-07-14T13:00,33.0,0.00,0.00,0.00,31.9,16.3,55,37.8
2024-07-14T14:00,33.7,0.00,0.00,0.00,32.4,15.7,53,36.0
2024-07-14T15:00,34.2,0.00,0.00,0.00,32.3,15.5,48,34.6
2024-07-14T16:00,34.1,0.00,0.00,0.00,31.0,17.1,42,35.6
2024-07-14T17:00,34.0,0.00,0.00,0.00,30.2,17.1,41,35.6
2024-07-14T18:00,33.5,0.00,0.00,0.00,29.8,16.6,41,34.6
2024-07-14T19:00,32.4,0.00,0.00,0.00,29.3,13.0,42,32.0
2024-07-14T20:00,29.8,0.00,0.00,0.00,27.3,8.9,40,23.4
2024-07-14T21:00,28.0,0.00,0.00,0.00,25.4,10.0,38,16.2
2024-07-14T22:00,27.0,0.00,0.00,0.00,24.4,10.5,38,17.6
2024-07-14T23:00,26.3,0.00,0.00,0.00,23.7,11.8,40,19.4
2024-07-15T00:00,25.6,0.00,0.00,0.00,23.0,11.6,54,20.2
2024-07-15T01:00,24.6,0.00,0.00,0.00,22.0,10.0,69,19.8
2024-07-15T02:00,23.7,0.00,0.00,0.00,20.9,9.9,57,16.9
2024-07-15T03:00,22.9,0.00,0.00,0.00,20.2,8.9,58,16.9
2024-07-15T04:00,21.4,0.00,0.00,0.00,18.8,9.8,28,15.8
2024-07-15T05:00,21.5,0.00,0.00,0.00,19.0,9.6,34,16.9
2024-07-15T06:00,23.1,0.00,0.00,0.00,20.5,10.5,38,17.3
2024-07-15T07:00,25.7,0.00,0.00,0.00,23.6,8.7,30,18.0
2024-07-15T08:00,28.5,0.00,0.00,0.00,26.1,9.8,36,22.0
2024-07-15T09:00,30.9,0.00,0.00,0.00,28.1,11.2,50,25.6
2024-07-15T10:00,32.7,0.00,0.00,0.00,30.5,13.8,51,30.6
2024-07-15T11:00,34.1,0.00,0.00,0.00,32.8,16.4,57,35.3
2024-07-15T12:00,35.1,0.00,0.00,0.00,34.5,16.4,57,36.0
2024-07-15T13:00,35.9,0.00,0.00,0.00,35.6,16.2,53,36.0
2024-07-15T14:00,36.5,0.00,0.00,0.00,36.2,15.8,49,35.6
2024-07-15T15:00,36.8,0.00,0.00,0.00,36.3,15.3,47,34.6
2024-07-15T16:00,37.7,0.00,0.00,0.00,34.6,21.1,30,40.3
2024-07-15T17:00,36.8,0.00,0.00,0.00,34.0,20.0,28,42.1
2024-07-15T18:00,35.1,0.00,0.00,0.00,32.9,22.1,12,40.7
2024-07-15T19:00,33.0,0.00,0.00,0.00,31.3,24.9,5,47.2
2024-07-15T20:00,31.3,0.00,0.00,0.00,31.2,17.0,5,46.1
2024-07-15T21:00,30.7,0.00,0.00,0.00,30.4,17.9,10,31.7
2024-07-15T22:00,30.2,0.00,0.00,0.00,29.9,18.1,13,32.8
2024-07-15T23:00,29.4,0.00,0.00,0.00,29.7,14.2,27,31.7
2024-07-16T00:00,28.6,0.00,0.00,0.00,29.1,12.1,30,24.5
2024-07-16T01:00,28.0,0.00,0.00,0.00,28.4,12.7,25,22.0
2024-07-16T02:00,27.1,0.00,0.00,0.00,27.6,12.4,22,22.0
2024-07-16T03:00,26.2,0.00,0.00,0.00,26.8,10.6,24,21.2
2024-07-16T04:00,25.2,0.00,0.00,0.00,26.2,10.3,12,18.4
2024-07-16T05:00,24.5,0.00,0.00,0.00,25.4,10.2,39,17.3
2024-07-16T06:00,25.6,0.00,0.00,0.00,26.0,12.0,44,20.2
2024-07-16T07:00,27.6,0.00,0.00,0.00,27.8,10.0,52,20.2
2024-07-16T08:00,29.9,0.00,0.00,0.00,29.2,10.3,65,23.0
2024-07-16T09:00,32.3,0.00,0.00,0.00,31.3,10.9,73,25.2
2024-07-16T10:00,34.2,0.00,0.00,0.00,33.3,11.7,81,27.4
2024-07-16T11:00,35.4,0.00,0.00,0.00,34.9,12.7,83,29.5
2024-07-16T12:00,36.3,0.00,0.00,0.00,36.2,13.4,76,31.3
2024-07-16T13:00,37.3,0.00,0.00,0.00,37.1,15.0,66,33.5
2024-07-16T14:00,37.6,0.00,0.00,0.00,36.7,17.4,60,37.4
2024-07-16T15:00,37.5,0.00,0.00,0.00,36.2,13.8,81,37.1
2024-07-16T16:00,37.5,0.00,0.00,0.00,36.1,13.2,101,32.0
2024-07-16T17:00,37.2,0.00,0.00,0.00,35.1,13.3,87,29.2
2024-07-16T18:00,36.3,0.00,0.00,0.00,34.0,14.8,64,29.5
2024-07-16T19:00,35.1,0.00,0.00,0.00,33.4,11.1,61,29.5
2024-07-16T20:00,32.2,0.00,0.00,0.00,31.1,7.0,69,19.8
2024-07-16T21:00,32.1,0.00,0.00,0.00,29.9,13.8,81,22.7
2024-07-16T22:00,31.1,0.00,0.00,0.00,29.3,10.8,88,24.8
2024-07-16T23:00,29.3,0.00,0.00,0.00,28.0,8.4,83,18.4
2024-07-17T00:00,28.8,0.00,0.00,0.00,27.3,9.6,77,15.5
2024-07-17T01:00,28.3,0.00,0.00,0.00,26.7,10.0,69,16.6
2024-07-17T02:00,27.5,0.00,0.00,0.00,25.9,9.8,66,16.6
2024-07-17T03:00,26.8,0.00,0.00,0.00,25.1,10.5,68,17.6
2024-07-17T04:00,25.8,0.00,0.00,0.00,24.7,9.0,85,16.6
2024-07-17T05:00,25.2,0.00,0.00,0.00,24.1,9.2,79,15.1
2024-07-17T06:00,26.3,0.00,0.00,0.00,25.1,10.7,76,17.6
2024-07-17T07:00,28.2,0.00,0.00,0.00,27.3,9.4,72,18.7
2024-07-17T08:00,30.5,0.00,0.00,0.00,29.4,9.4,88,21.6
2024-07-17T09:00,32.7,0.00,0.00,0.00,31.6,8.8,102,22.3
2024-07-17T10:00,34.6,0.00,0.00,0.00,34.0,9.7,105,24.5
2024-07-17T11:00,36.0,0.00,0.00,0.00,35.6,11.9,93,28.1
2024-07-17T12:00,36.8,0.00,0.00,0.00,36.5,13.3,87,31.3
2024-07-17T13:00,37.6,0.00,0.00,0.00,37.6,12.2,88,31.3
2024-07-17T14:00,37.9,0.00,0.00,0.00,37.3,12.7,83,29.5
2024-07-17T15:00,38.0,0.00,0.00,0.00,37.2,13.2,73,30.2
2024-07-17T16:00,37.6,0.00,0.00,0.00,36.2,7.2,127,27.4
2024-07-17T17:00,36.8,0.00,0.00,0.00,34.2,17.1,72,30.2
2024-07-17T18:00,35.8,0.00,0.00,0.00,33.1,17.9,71,41.4
2024-07-17T19:00,35.3,0.00,0.00,0.00,34.4,6.6,103,32.0
2024-07-17T20:00,32.9,0.00,0.00,0.00,31.7,9.1,97,14.4
2024-07-17T21:00,31.2,0.00,0.00,0.00,30.3,7.6,85,16.2
2024-07-17T22:00,29.3,0.00,0.00,0.00,28.7,6.4,63,12.6
2024-07-17T23:00,28.7,0.00,0.00,0.00,28.2,5.9,43,10.1
2024-07-18T00:00,28.0,0.00,0.00,0.00,27.5,5.9,43,10.1
2024-07-18T01:00,26.8,0.00,0.00,0.00,26.4,5.9,47,9.7
2024-07-18T02:00,26.3,0.00,0.00,0.00,25.8,7.8,77,9.4
2024-07-18T03:00,26.3,0.00,0.00,0.00,25.8,7.6,95,9.4
2024-07-18T04:00,24.5,0.00,0.00,0.00,24.4,4.8,48,7.9
2024-07-18T05:00,24.2,0.00,0.00,0.00,24.0,5.8,60,10.4
2024-07-18T06:00,25.8,0.00,0.00,0.00,25.9,5.4,82,9.7
2024-07-18T07:00,28.6,0.00,0.00,0.00,29.3,1.8,79,9.7
2024-07-18T08:00,31.3,0.00,0.00,0.00,31.4,1.8,180,10.1
2024-07-18T09:00,33.2,0.00,0.00,0.00,32.6,3.7,191,14.4
2024-07-18T10:00,34.7,0.00,0.00,0.00,34.7,4.3,204,16.9
2024-07-18T11:00,35.7,0.00,0.00,0.00,36.8,3.4,212,16.9
2024-07-18T12:00,36.7,0.00,0.00,0.00,38.6,2.1,211,16.6
2024-07-18T13:00,37.8,0.00,0.00,0.00,40.0,1.3,124,15.1
2024-07-18T14:00,38.5,0.00,0.00,0.00,39.1,4.1,75,16.6
2024-07-18T15:00,38.5,0.00,0.00,0.00,37.7,7.4,43,20.2
2024-07-18T16:00,37.7,0.00,0.00,0.00,36.8,10.2,67,24.5
2024-07-18T17:00,37.3,0.00,0.00,0.00,35.5,11.8,78,25.9
2024-07-18T18:00,36.6,0.00,0.00,0.00,34.8,11.9,95,26.3
2024-07-18T19:00,35.4,0.00,0.00,0.00,34.1,8.6,147,24.1
2024-07-18T20:00,33.0,0.00,0.00,0.00,31.8,7.3,200,15.5
2024-07-18T21:00,30.8,0.00,0.00,0.00,29.9,6.0,253,12.2
2024-07-18T22:00,29.6,0.00,0.00,0.00,29.5,6.2,260,9.4
2024-07-18T23:00,28.3,0.00,0.00,0.00,29.1,7.3,281,9.7
2024-07-19T00:00,27.4,0.00,0.00,0.00,28.1,8.8,279,11.2
2024-07-19T01:00,28.1,0.00,0.00,0.00,28.7,6.5,264,10.8
2024-07-19T02:00,28.3,0.00,0.00,0.00,28.5,7.6,270,12.2
2024-07-19T03:00,27.1,0.00,0.00,0.00,27.7,6.8,267,12.6
2024-07-19T04:00,24.7,0.00,0.00,0.00,26.4,4.5,29,8.3
2024-07-19T05:00,24.2,0.00,0.00,0.00,25.4,5.6,75,9.4
2024-07-19T06:00,26.5,0.00,0.00,0.00,27.7,5.2,106,8.6
2024-07-19T07:00,29.2,0.00,0.00,0.00,31.2,1.1,18,9.7
2024-07-19T08:00,31.5,0.00,0.00,0.00,33.3,1.1,360,9.7
2024-07-19T09:00,33.3,0.00,0.00,0.00,34.9,1.3,304,11.9
2024-07-19T10:00,34.9,0.00,0.00,0.00,36.8,2.6,254,14.8
2024-07-19T11:00,36.2,0.00,0.00,0.00,38.5,3.6,276,16.9
2024-07-19T12:00,37.0,0.00,0.00,0.00,38.8,3.6,315,16.9
2024-07-19T13:00,37.8,0.00,0.00,0.00,39.4,5.6,333,18.7
2024-07-19T14:00,37.9,0.00,0.00,0.00,37.0,19.7,345,38.2
2024-07-19T15:00,35.2,0.00,0.00,0.00,34.2,19.0,10,52.6
2024-07-19T16:00,36.4,0.00,0.00,0.00,34.7,21.4,343,42.8
2024-07-19T17:00,36.2,0.00,0.00,0.00,34.6,16.7,341,43.9
2024-07-19T18:00,35.3,0.00,0.00,0.00,34.0,15.6,345,34.6
2024-07-19T19:00,34.6,0.00,0.00,0.00,34.0,11.8,340,30.6
2024-07-19T20:00,32.7,0.00,0.00,0.00,31.8,15.0,343,26.3
2024-07-19T21:00,31.6,0.00,0.00,0.00,30.9,16.6,347,31.0
2024-07-19T22:00,30.9,0.00,0.00,0.00,30.0,16.6,359,29.9
2024-07-19T23:00,30.1,0.00,0.00,0.00,29.3,15.5,5,29.9
2024-07-20T00:00,29.2,0.00,0.00,0.00,28.6,14.5,6,27.7
2024-07-20T01:00,28.5,0.00,0.00,0.00,27.9,15.2,14,27.4
2024-07-20T02:00,27.7,0.00,0.00,0.00,27.4,14.8,18,27.0
2024-07-20T03:00,26.9,0.00,0.00,0.00,26.9,14.9,20,26.6
2024-07-20T04:00,25.8,0.00,0.00,0.00,25.7,14.7,28,25.9
2024-07-20T05:00,25.4,0.00,0.00,0.00,25.0,15.9,28,28.4
2024-07-20T06:00,25.9,0.00,0.00,0.00,25.3,15.7,32,30.2
2024-07-20T07:00,26.8,0.00,0.00,0.00,25.7,18.3,36,35.3
2024-07-20T08:00,28.0,0.00,0.00,0.00,26.8,18.2,38,36.7
2024-07-20T09:00,29.3,0.00,0.00,0.00,28.1,17.3,36,36.7
2024-07-20T10:00,30.7,0.00,0.00,0.00,29.9,15.6,34,36.4
2024-07-20T11:00,31.9,0.00,0.00,0.00,31.5,14.2,27,34.2
2024-07-20T12:00,33.0,0.00,0.00,0.00,33.0,13.6,22,32.8
2024-07-20T13:00,33.7,0.00,0.00,0.00,33.6,14.3,10,33.1
2024-07-20T14:00,34.1,0.00,0.00,0.00,33.8,14.1,4,33.1
2024-07-20T15:00,34.3,0.00,0.00,0.00,33.5,13.0,6,32.8
2024-07-20T16:00,33.5,0.00,0.00,0.00,31.6,14.4,13,35.6
2024-07-20T17:00,33.2,0.00,0.00,0.00,30.7,13.8,20,31.7
2024-07-20T18:00,32.6,0.00,0.00,0.00,30.2,12.6,24,29.5
2024-07-20T19:00,31.7,0.00,0.00,0.00,29.3,12.0,21,25.6
2024-07-20T20:00,29.9,0.00,0.00,0.00,27.8,10.7,12,21.6
2024-07-20T21:00,28.9,0.00,0.00,0.00,26.5,12.2,14,21.2
2024-07-20T22:00,28.2,0.00,0.00,0.00,25.9,11.9,14,21.2
2024-07-20T23:00,27.5,0.00,0.00,0.00,25.3,11.4,18,20.2
2024-07-21T00:00,26.7,0.00,0.00,0.00,24.5,12.1,23,20.9
2024-07-21T01:00,26.3,0.00,0.00,0.00,24.2,11.1,29,20.9
2024-07-21T02:00,25.3,0.00,0.00,0.00,23.6,9.4,23,19.1
2024-07-21T03:00,24.6,0.00,0.00,0.00,23.0,8.4,20,15.8
2024-07-21T04:00,21.7,0.00,0.00,0.00,21.0,6.1,50,11.9
2024-07-21T05:00,21.3,0.00,0.00,0.00,20.6,6.2,36,10.4
2024-07-21T06:00,23.0,0.00,0.00,0.00,22.3,6.6,49,10.4
2024-07-21T07:00,25.7,0.00,0.00,0.00,25.2,5.6,75,13.0
2024-07-21T08:00,27.6,0.00,0.00,0.00,26.9,7.8,103,19.1
2024-07-21T09:00,29.6,0.00,0.00,0.00,28.5,9.0,119,22.7
2024-07-21T10:00,31.1,0.00,0.00,0.00,30.9,5.8,120,22.7
2024-07-21T11:00,32.2,0.00,0.00,0.00,33.2,2.6,74,19.1
2024-07-21T12:00,33.1,0.00,0.00,0.00,34.4,3.4,32,17.3
2024-07-21T13:00,34.0,0.00,0.00,0.00,35.3,4.1,15,18.0
2024-07-21T14:00,34.8,0.00,0.00,0.00,35.4,5.4,360,19.4
2024-07-21T15:00,35.7,0.00,0.00,0.00,35.0,7.3,349,22.0
2024-07-21T16:00,34.5,0.00,0.00,0.00,33.8,4.9,36,16.9
2024-07-21T17:00,34.4,0.00,0.00,0.00,32.1,10.5,22,23.8
2024-07-21T18:00,33.6,0.00,0.00,0.00,30.9,13.9,31,28.1
2024-07-21T19:00,32.3,0.00,0.00,0.00,29.7,13.0,46,28.1
2024-07-21T20:00,30.4,0.00,0.00,0.00,27.9,12.6,59,23.8
2024-07-21T21:00,28.1,0.00,0.00,0.00,26.4,9.0,92,21.6
2024-07-21T22:00,27.0,0.00,0.00,0.00,25.6,7.5,107,10.4
2024-07-21T23:00,27.0,0.00,0.00,0.00,25.7,7.3,110,12.2
2024-07-22T00:00,25.9,0.00,0.00,0.00,24.7,7.6,121,12.2
2024-07-22T01:00,25.5,0.00,0.00,0.00,24.1,8.7,120,11.5
2024-07-22T02:00,25.4,0.00,0.00,0.00,23.4,12.2,152,14.0
2024-07-22T03:00,25.5,0.00,0.00,0.00,23.5,11.6,154,14.4
2024-07-22T04:00,23.6,0.00,0.00,0.00,23.0,6.3,66,11.2
2024-07-22T05:00,22.8,0.00,0.00,0.00,22.6,5.2,56,11.2
2024-07-22T06:00,24.2,0.00,0.00,0.00,24.4,2.8,50,8.6
2024-07-22T07:00,26.9,0.00,0.00,0.00,26.4,6.0,123,13.0
2024-07-22T08:00,28.5,0.00,0.00,0.00,28.0,5.5,191,14.8
2024-07-22T09:00,27.6,0.10,0.00,0.10,26.8,15.5,181,32.4
2024-07-22T10:00,30.1,0.10,0.00,0.10,30.5,8.0,185,31.7
2024-07-22T11:00,27.4,1.40,0.00,1.40,28.5,12.5,39,33.8
2024-07-22T12:00,30.0,0.00,0.00,0.00,31.0,7.2,72,36.0
2024-07-22T13:00,32.6,0.00,0.00,0.00,34.3,5.5,79,27.4
2024-07-22T14:00,33.9,0.00,0.00,0.00,35.3,3.3,96,24.1
2024-07-22T15:00,29.8,0.90,0.00,0.90,30.0,18.1,193,33.5
2024-07-22T16:00,33.3,0.00,0.00,0.00,33.6,4.7,189,23.0
2024-07-22T17:00,33.6,0.00,0.00,0.00,33.5,3.6,127,18.0
2024-07-22T18:00,33.1,0.00,0.00,0.00,33.3,2.3,231,15.1
2024-07-22T19:00,32.0,0.00,0.00,0.00,31.2,9.9,251,18.7
2024-07-22T20:00,30.3,0.00,0.00,0.00,29.4,11.8,290,20.5
2024-07-22T21:00,28.2,0.00,0.00,0.00,27.2,15.8,339,28.1
2024-07-22T22:00,26.8,0.00,0.00,0.00,26.6,10.1,358,27.7
2024-07-22T23:00,25.8,0.00,0.00,0.00,25.2,11.5,360,19.4
2024-07-23T00:00,25.2,0.00,0.00,0.00,24.2,12.3,5,21.2
2024-07-23T01:00,24.6,0.00,0.00,0.00,23.6,11.5,14,22.3
2024-07-23T02:00,24.0,0.00,0.00,0.00,23.1,10.6,18,20.2
2024-07-23T03:00,23.5,0.00,0.00,0.00,22.3,12.9,13,22.7
2024-07-23T04:00,21.9,0.00,0.00,0.00,22.7,4.8,347,8.6
2024-07-23T05:00,21.5,0.00,0.00,0.00,22.6,3.7,349,8.3
2024-07-23T06:00,22.6,0.00,0.00,0.00,23.2,6.8,360,12.6
2024-07-23T07:00,23.8,0.00,0.00,0.00,24.8,5.1,45,13.3
2024-07-23T08:00,25.1,0.00,0.00,0.00,26.4,3.1,135,12.6
2024-07-23T09:00,25.7,0.00,0.00,0.00,27.1,4.4,189,14.4
2024-07-23T10:00,26.6,0.00,0.00,0.00,28.2,6.2,201,18.7
2024-07-23T11:00,28.8,0.00,0.00,0.00,31.6,5.2,196,20.5
2024-07-23T12:00,29.0,0.10,0.00,0.10,31.0,6.6,221,20.2
2024-07-23T13:00,23.5,7.70,0.00,7.70,23.8,20.9,318,40.7
2024-07-23T14:00,23.4,1.70,0.00,1.70,25.4,15.1,38,41.8
2024-07-23T15:00,23.4,0.30,0.00,0.30,25.9,13.0,51,29.5
2024-07-23T16:00,25.8,0.00,0.00,0.00,26.9,8.0,63,21.6
2024-07-23T17:00,26.5,0.00,0.00,0.00,27.8,7.9,51,20.5
2024-07-23T18:00,26.2,0.00,0.00,0.00,27.7,7.1,49,19.4
2024-07-23T19:00,25.6,0.00,0.00,0.00,27.2,6.3,13,16.2
2024-07-23T20:00,24.0,0.00,0.00,0.00,25.8,6.0,343,11.5
2024-07-23T21:00,23.3,0.00,0.00,0.00,25.1,5.2,344,10.4
2024-07-23T22:00,23.1,0.00,0.00,0.00,25.1,4.1,322,7.9
2024-07-23T23:00,22.2,0.00,0.00,0.00,23.5,8.2,308,12.2
2024-07-24T00:00,22.0,0.00,0.00,0.00,22.8,9.2,329,17.3
2024-07-24T01:00,21.6,0.00,0.00,0.00,21.6,11.6,5,19.1
2024-07-24T02:00,21.1,0.00,0.00,0.00,20.9,12.0,9,20.9
2024-07-24T03:00,20.6,0.00,0.00,0.00,20.7,10.6,10,20.9
2024-07-24T04:00,19.3,0.00,0.00,0.00,20.0,10.5,354,19.8
2024-07-24T05:00,19.0,0.00,0.00,0.00,19.7,10.5,356,18.0
2024-07-24T06:00,19.7,0.00,0.00,0.00,20.5,10.5,356,18.0
2024-07-24T07:00,21.1,0.00,0.00,0.00,22.3,9.4,358,19.4
2024-07-24T08:00,22.6,0.00,0.00,0.00,23.6,11.2,4,24.1
2024-07-24T09:00,24.2,0.00,0.00,0.00,25.0,10.8,2,24.8
2024-07-24T10:00,25.6,0.00,0.00,0.00,26.7,10.8,358,27.0
2024-07-24T11:00,26.8,0.00,0.00,0.00,28.2,11.2,360,27.7
2024-07-24T12:00,27.5,0.00,0.00,0.00,28.6,12.3,357,28.1
2024-07-24T13:00,27.8,0.00,0.00,0.00,28.6,12.1,350,28.8
2024-07-24T14:00,27.7,0.00,0.00,0.00,27.1,12.6,340,27.7
2024-07-24T15:00,25.3,0.30,0.00,0.30,24.5,16.0,351,34.6
2024-07-24T16:00,25.6,0.10,0.00,0.10,25.7,8.7,336,24.8
2024-07-24T17:00,26.2,0.00,0.00,0.00,25.3,12.8,10,24.8
2024-07-24T18:00,24.2,0.00,0.00,0.00,23.6,16.0,46,31.3
2024-07-24T19:00,23.2,0.00,0.00,0.00,23.5,10.3,54,30.6
2024-07-24T20:00,21.8,0.00,0.00,0.00,22.9,6.1,45,18.0
2024-07-24T21:00,20.8,0.00,0.00,0.00,21.9,6.8,25,11.9
2024-07-24T22:00,19.8,0.00,0.00,0.00,21.1,5.2,16,11.5
2024-07-24T23:00,19.5,0.00,0.00,0.00,20.5,5.8,4,9.0
2024-07-25T00:00,19.6,0.00,0.00,0.00,20.0,8.4,7,13.7
2024-07-25T01:00,19.1,0.00,0.00,0.00,19.2,9.0,16,15.5
2024-07-25T02:00,18.5,0.00,0.00,0.00,18.7,7.9,16,15.1
2024-07-25T03:00,18.0,0.00,0.00,0.00,18.3,7.4,14,13.3
2024-07-25T04:00,17.0,0.00,0.00,0.00,17.4,7.6,360,12.6
2024-07-25T05:00,16.9,0.00,0.00,0.00,17.1,8.6,358,14.8
2024-07-25T06:00,17.9,0.00,0.00,0.00,18.0,9.4,358,15.8
2024-07-25T07:00,19.7,0.00,0.00,0.00,20.3,7.9,357,16.6
2024-07-25T08:00,21.4,0.00,0.00,0.00,21.2,10.3,12,22.3
2024-07-25T09:00,23.1,0.00,0.00,0.00,22.6,9.2,21,23.0
2024-07-25T10:00,24.5,0.00,0.00,0.00,24.3,8.6,15,22.0
2024-07-25T11:00,26.1,0.00,0.00,0.00,26.1,10.4,20,24.5
2024-07-25T12:00,25.9,0.00,0.00,0.00,24.8,11.3,17,25.9
2024-07-25T13:00,26.8,0.00,0.00,0.00,26.3,8.5,28,25.6
2024-07-25T14:00,26.9,0.00,0.00,0.00,25.6,9.8,24,21.2
2024-07-25T15:00,27.7,0.00,0.00,0.00,27.1,11.0,19,25.6
2024-07-25T16:00,28.5,0.00,0.00,0.00,27.1,8.8,351,19.4
2024-07-25T17:00,27.6,0.00,0.00,0.00,24.8,18.4,2,34.6
2024-07-25T18:00,26.2,0.00,0.00,0.00,23.7,16.3,8,38.5
2024-07-25T19:00,25.2,0.00,0.00,0.00,24.5,6.9,43,28.1
2024-07-25T20:00,22.5,0.00,0.00,0.00,21.8,10.0,64,11.2
2024-07-25T21:00,22.9,0.00,0.00,0.00,22.1,7.3,57,11.5
2024-07-25T22:00,21.8,0.00,0.00,0.00,21.1,7.2,87,8.6
2024-07-25T23:00,20.2,0.00,0.00,0.00,19.9,8.6,178,9.7
2024-07-26T00:00,19.6,0.00,0.00,0.00,19.2,8.3,272,12.2
2024-07-26T01:00,20.1,0.00,0.00,0.00,19.3,7.7,323,12.2
2024-07-26T02:00,20.0,0.00,0.00,0.00,18.9,9.5,335,15.1
2024-07-26T03:00,19.9,0.00,0.00,0.00,18.7,10.6,342,17.6
2024-07-26T04:00,18.4,0.00,0.00,0.00,17.8,8.2,23,13.3
2024-07-26T05:00,18.1,0.00,0.00,0.00,17.5,8.4,31,14.0
2024-07-26T06:00,19.2,0.00,0.00,0.00,18.6,9.3,28,15.1
2024-07-26T07:00,21.5,0.00,0.00,0.00,21.5,7.8,34,15.8
2024-07-26T08:00,24.1,0.00,0.00,0.00,24.8,5.1,51,14.4
2024-07-26T09:00,25.8,0.00,0.00,0.00,26.0,6.2,69,16.2
2024-07-26T10:00,26.9,0.00,0.00,0.00,27.1,8.2,61,20.5
2024-07-26T11:00,27.8,0.00,0.00,0.00,27.9,12.0,44,27.0
2024-07-26T12:00,28.0,0.10,0.00,0.10,28.1,10.7,50,27.4
2024-07-26T13:00,28.3,0.10,0.00,0.10,28.5,10.1,55,25.6
2024-07-26T14:00,28.9,0.00,0.00,0.00,29.2,10.7,57,25.6
2024-07-26T15:00,28.9,0.00,0.00,0.00,28.7,11.9,61,26.3
2024-07-26T16:00,30.4,0.00,0.00,0.00,29.0,9.3,77,22.0
2024-07-26T17:00,30.0,0.00,0.00,0.00,28.6,9.2,64,20.2
2024-07-26T18:00,29.4,0.00,0.00,0.00,28.0,11.2,45,23.0
2024-07-26T19:00,27.4,0.00,0.00,0.00,27.1,8.0,36,20.2
2024-07-26T20:00,25.3,0.00,0.00,0.00,24.8,8.5,28,13.7
2024-07-26T21:00,24.9,0.00,0.00,0.00,22.5,16.8,28,27.7
2024-07-26T22:00,24.6,0.00,0.00,0.00,21.7,18.2,39,32.4
2024-07-26T23:00,23.5,0.00,0.00,0.00,20.6,17.3,45,31.3
2024-07-27T00:00,22.8,0.00,0.00,0.00,19.6,18.2,51,32.0
2024-07-27T01:00,22.2,0.00,0.00,0.00,19.0,17.5,53,31.7
2024-07-27T02:00,21.5,0.00,0.00,0.00,18.3,16.6,48,30.2
2024-07-27T03:00,20.9,0.00,0.00,0.00,17.8,16.4,50,29.2
2024-07-27T04:00,19.9,0.00,0.00,0.00,17.3,15.8,55,29.2
2024-07-27T05:00,19.5,0.00,0.00,0.00,17.0,15.8,60,27.7
2024-07-27T06:00,19.9,0.00,0.00,0.00,17.6,16.3,62,28.4
2024-07-27T07:00,21.2,0.00,0.00,0.00,19.4,15.5,59,29.5
2024-07-27T08:00,22.8,0.00,0.00,0.00,21.1,15.6,61,30.6
2024-07-27T09:00,24.4,0.00,0.00,0.00,22.7,15.6,67,32.4
2024-07-27T10:00,26.1,0.00,0.00,0.00,24.5,15.5,68,32.8
2024-07-27T11:00,27.2,0.00,0.00,0.00,25.0,18.3,68,37.4
2024-07-27T12:00,27.9,0.00,0.00,0.00,25.9,18.1,67,38.2
2024-07-27T13:00,28.3,0.00,0.00,0.00,26.5,17.4,63,37.8
2024-07-27T14:00,28.6,0.00,0.00,0.00,27.0,15.8,60,36.7
2024-07-27T15:00,28.7,0.00,0.00,0.00,26.6,14.8,56,33.5
2024-07-27T16:00,29.5,0.00,0.00,0.00,27.1,13.0,51,29.9
2024-07-27T17:00,29.1,0.00,0.00,0.00,26.3,13.2,47,28.1
2024-07-27T18:00,28.3,0.00,0.00,0.00,25.8,11.8,50,26.6
2024-07-27T19:00,26.4,0.00,0.00,0.00,25.4,6.2,54,20.9
2024-07-27T20:00,24.0,0.00,0.00,0.00,22.4,7.8,68,11.2
2024-07-27T21:00,23.2,0.00,0.00,0.00,21.6,7.2,53,11.5
2024-07-27T22:00,22.1,0.00,0.00,0.00,20.5,8.6,15,13.7
2024-07-27T23:00,21.6,0.00,0.00,0.00,19.8,10.3,12,16.9
2024-07-28T00:00,21.4,0.00,0.00,0.00,19.5,11.0,23,18.4
2024-07-28T01:00,21.1,0.00,0.00,0.00,19.4,9.5,25,18.4
2024-07-28T02:00,20.1,0.00,0.00,0.00,18.5,8.6,33,16.2
2024-07-28T03:00,19.2,0.00,0.00,0.00,17.8,8.2,61,14.4
2024-07-28T04:00,18.4,0.00,0.00,0.00,17.1,7.9,87,13.0
2024-07-28T05:00,18.3,0.00,0.00,0.00,17.2,7.6,90,13.0
2024-07-28T06:00,19.6,0.00,0.00,0.00,18.9,5.7,55,11.2
2024-07-28T07:00,21.3,0.00,0.00,0.00,20.6,7.8,34,14.4
2024-07-28T08:00,23.5,0.00,0.00,0.00,22.9,6.6,61,15.8
2024-07-28T09:00,25.8,0.00,0.00,0.00,25.3,5.0,90,16.2
2024-07-28T10:00,27.6,0.00,0.00,0.00,27.9,3.0,104,15.5
2024-07-28T11:00,28.9,0.00,0.00,0.00,29.9,0.7,90,14.0
2024-07-28T12:00,29.7,0.00,0.00,0.00,30.6,3.5,24,15.1
2024-07-28T13:00,30.3,0.00,0.00,0.00,31.0,5.2,34,18.0
2024-07-28T14:00,30.8,0.00,0.00,0.00,30.8,8.3,18,21.6
2024-07-28T15:00,30.7,0.00,0.00,0.00,29.3,11.6,36,25.9
2024-07-28T16:00,30.8,0.00,0.00,0.00,29.5,7.2,360,19.1
2024-07-28T17:00,30.4,0.00,0.00,0.00,29.2,3.1,144,18.7
2024-07-28T18:00,30.0,0.00,0.00,0.00,27.9,8.9,153,18.7
2024-07-28T19:00,28.2,0.00,0.00,0.00,26.8,7.7,208,16.6
2024-07-28T20:00,25.9,0.00,0.00,0.00,23.7,11.4,235,19.4
2024-07-28T21:00,24.9,0.00,0.00,0.00,23.3,10.1,276,18.7
2024-07-28T22:00,23.5,0.00,0.00,0.00,22.6,7.8,257,17.3
2024-07-28T23:00,23.0,0.00,0.00,0.00,22.7,7.3,261,12.2
2024-07-29T00:00,22.3,0.00,0.00,0.00,22.6,7.6,265,11.2
2024-07-29T01:00,21.5,0.00,0.00,0.00,22.2,8.4,230,12.2
2024-07-29T02:00,21.9,0.00,0.00,0.00,22.7,8.5,216,14.0
2024-07-29T03:00,21.7,0.00,0.00,0.00,22.0,8.9,212,14.8
2024-07-29T04:00,19.6,0.00,0.00,0.00,20.8,7.5,215,11.9
2024-07-29T05:00,19.8,0.00,0.00,0.00,20.9,7.3,213,11.2
2024-07-29T06:00,21.4,0.00,0.00,0.00,22.0,9.2,222,14.4
2024-07-29T07:00,23.7,0.00,0.00,0.00,24.5,9.3,208,17.3
2024-07-29T08:00,26.2,0.00,0.00,0.00,27.3,9.9,213,20.5
2024-07-29T09:00,28.4,0.00,0.00,0.00,29.5,13.2,225,27.7
2024-07-29T10:00,30.4,0.00,0.00,0.00,30.7,15.6,230,32.8
2024-07-29T11:00,31.2,0.10,0.00,0.10,31.0,18.4,230,37.8
2024-07-29T12:00,31.9,0.30,0.00,0.30,31.7,17.7,231,37.8
2024-07-29T13:00,31.9,0.50,0.00,0.50,31.8,17.7,232,36.7
2024-07-29T14:00,31.8,0.40,0.00,0.40,31.6,18.6,238,37.1
2024-07-29T15:00,31.3,0.30,0.00,0.30,30.9,22.0,249,42.5
2024-07-29T16:00,31.5,0.00,0.00,0.00,29.9,23.5,245,48.2
2024-07-29T17:00,30.8,0.00,0.00,0.00,29.6,24.0,244,45.0
2024-07-29T18:00,29.1,0.00,0.00,0.00,28.4,20.1,260,45.4
2024-07-29T19:00,28.0,0.00,0.00,0.00,27.5,20.6,245,36.7
2024-07-29T20:00,26.6,0.00,0.00,0.00,26.7,18.2,243,36.7
2024-07-29T21:00,25.7,0.00,0.00,0.00,26.6,15.8,246,32.4
2024-07-29T22:00,25.0,0.00,0.00,0.00,26.6,14.4,248,27.7
2024-07-29T23:00,24.7,0.00,0.00,0.00,26.7,13.7,247,24.8
2024-07-30T00:00,24.3,0.00,0.00,0.00,26.8,11.8,250,24.1
2024-07-30T01:00,23.5,0.40,0.00,0.40,26.1,13.0,273,24.5
2024-07-30T02:00,23.1,0.00,0.00,0.00,26.1,9.8,298,21.6
2024-07-30T03:00,22.3,0.00,0.00,0.00,23.9,10.5,4,17.6
2024-07-30T04:00,21.2,0.00,0.00,0.00,22.9,7.1,330,12.6
2024-07-30T05:00,20.5,0.00,0.00,0.00,21.3,10.4,326,16.6
2024-07-30T06:00,20.8,0.00,0.00,0.00,21.1,13.4,329,22.3
2024-07-30T07:00,22.1,0.00,0.00,0.00,23.0,9.9,350,22.7
2024-07-30T08:00,24.0,0.00,0.00,0.00,24.7,4.8,283,19.8
2024-07-30T09:00,25.0,0.00,0.00,0.00,23.6,14.4,266,29.5
2024-07-30T10:00,25.5,0.00,0.00,0.00,23.9,15.9,266,33.1
2024-07-30T11:00,26.4,0.00,0.00,0.00,24.5,18.2,256,37.4
2024-07-30T12:00,26.8,0.00,0.00,0.00,24.9,21.1,247,42.8
2024-07-30T13:00,26.6,0.00,0.00,0.00,24.1,23.4,247,46.8
2024-07-30T14:00,26.7,0.00,0.00,0.00,24.2,24.4,251,48.2
2024-07-30T15:00,26.6,0.00,0.00,0.00,23.9,23.5,249,48.2
2024-07-30T16:00,26.6,0.00,0.00,0.00,23.4,25.6,253,49.0
2024-07-30T17:00,25.8,0.00,0.00,0.00,22.8,24.8,251,50.4
2024-07-30T18:00,25.0,0.00,0.00,0.00,22.4,25.3,259,47.2
2024-07-30T19:00,23.5,0.00,0.00,0.00,21.7,23.5,252,48.2
2024-07-30T20:00,22.4,0.00,0.00,0.00,22.3,14.1,251,41.8
2024-07-30T21:00,21.8,0.00,0.00,0.00,22.2,10.9,262,24.5
2024-07-30T22:00,22.0,0.00,0.00,0.00,21.0,11.3,287,19.4
2024-07-30T23:00,21.0,0.00,0.00,0.00,20.4,7.9,286,19.1
2024-07-31T00:00,20.3,0.00,0.00,0.00,19.7,8.5,282,14.0
2024-07-31T01:00,19.9,0.00,0.00,0.00,19.1,10.1,276,16.9
2024-07-31T02:00,19.7,0.00,0.00,0.00,18.6,12.1,287,20.5
2024-07-31T03:00,19.4,0.00,0.00,0.00,18.2,11.8,310,21.6
2024-07-31T04:00,16.9,0.00,0.00,0.00,16.4,6.3,301,11.5
2024-07-31T05:00,16.6,0.00,0.00,0.00,16.0,7.1,294,11.2
2024-07-31T06:00,17.6,0.00,0.00,0.00,16.7,10.0,291,16.2
2024-07-31T07:00,19.6,0.00,0.00,0.00,18.9,10.0,285,19.1
2024-07-31T08:00,21.4,0.00,0.00,0.00,20.3,12.8,286,26.3
2024-07-31T09:00,22.8,0.00,0.00,0.00,21.6,12.9,283,28.1
2024-07-31T10:00,24.4,0.00,0.00,0.00,23.1,15.6,278,33.5
2024-07-31T11:00,25.1,0.00,0.00,0.00,23.6,15.5,275,33.8
2024-07-31T12:00,25.1,0.00,0.00,0.00,23.3,14.5,264,33.8
2024-07-31T13:00,26.4,0.00,0.00,0.00,24.4,15.2,277,31.0
2024-07-31T14:00,26.2,0.00,0.00,0.00,24.0,18.9,252,38.2
2024-07-31T15:00,26.1,0.10,0.00,0.10,24.5,17.2,250,39.6
2024-07-31T16:00,27.9,0.00,0.00,0.00,24.9,20.2,292,40.3
2024-07-31T17:00,27.5,0.00,0.00,0.00,24.8,19.0,280,39.2
2024-07-31T18:00,25.4,0.10,0.00,0.10,23.6,19.5,245,36.4
2024-07-31T19:00,24.2,0.10,0.00,0.10,22.5,18.7,232,36.7
2024-07-31T20:00,23.7,0.00,0.00,0.00,22.0,17.7,232,33.5
2024-07-31T21:00,23.5,0.00,0.00,0.00,22.1,15.1,242,31.3
2024-07-31T22:00,22.8,0.00,0.00,0.00,21.8,14.6,254,26.3
2024-07-31T23:00,22.2,0.00,0.00,0.00,21.4,14.1,274,25.2
2024-08-01T00:00,21.6,0.00,0.00,0.00,21.0,11.0,281,25.2
2024-08-01T01:00,20.8,0.00,0.00,0.00,20.4,10.4,284,18.7
2024-08-01T02:00,20.2,0.00,0.00,0.00,19.8,10.5,292,18.4
2024-08-01T03:00,19.7,0.00,0.00,0.00,19.4,9.5,295,17.6
2024-08-01T04:00,18.1,0.00,0.00,0.00,18.0,7.9,313,13.0
2024-08-01T05:00,17.5,0.00,0.00,0.00,17.6,6.5,326,13.0
2024-08-01T06:00,18.3,0.00,0.00,0.00,18.5,6.6,331,10.4
2024-08-01T07:00,20.5,0.00,0.00,0.00,21.3,4.8,312,12.2
2024-08-01T08:00,22.8,0.00,0.00,0.00,23.7,4.2,301,13.3
2024-08-01T09:00,24.6,0.00,0.00,0.00,24.8,6.1,270,16.9
2024-08-01T10:00,25.9,0.00,0.00,0.00,25.3,11.5,268,25.9
2024-08-01T11:00,26.8,0.00,0.00,0.00,26.2,14.4,269,31.7
2024-08-01T12:00,27.7,0.00,0.00,0.00,27.4,15.5,267,34.2
2024-08-01T13:00,28.4,0.00,0.00,0.00,28.0,16.3,262,35.6
2024-08-01T14:00,28.9,0.00,0.00,0.00,27.9,17.7,258,37.4
2024-08-01T15:00,29.1,0.00,0.00,0.00,27.5,19.2,257,39.6
2024-08-01T16:00,28.1,0.00,0.00,0.00,26.6,18.9,252,38.2
2024-08-01T17:00,27.5,0.00,0.00,0.00,25.6,17.8,252,38.2
2024-08-01T18:00,27.2,0.00,0.00,0.00,25.5,17.5,262,35.3
2024-08-01T19:00,25.9,0.00,0.00,0.00,25.5,16.3,245,32.8
2024-08-01T20:00,24.4,0.00,0.00,0.00,24.5,12.5,237,28.8
2024-08-01T21:00,23.9,0.00,0.00,0.00,23.7,14.6,237,24.8
2024-08-01T22:00,24.0,0.00,0.00,0.00,24.1,15.5,239,27.7
2024-08-01T23:00,23.5,0.00,0.00,0.00,24.1,13.5,236,27.4
2024-08-02T00:00,22.5,0.00,0.00,0.00,23.4,11.8,232,23.4
2024-08-02T01:00,21.5,0.00,0.00,0.00,22.7,10.9,243,20.5
2024-08-02T02:00,20.8,0.00,0.00,0.00,22.3,8.6,248,18.4
2024-08-02T03:00,20.0,0.00,0.00,0.00,21.4,7.3,259,14.4
2024-08-02T04:00,17.6,0.00,0.00,0.00,18.5,8.8,261,11.2
2024-08-02T05:00,17.8,0.00,0.00,0.00,18.8,7.0,258,11.2
2024-08-02T06:00,19.5,0.00,0.00,0.00,20.4,6.1,267,10.4
2024-08-02T07:00,22.0,0.00,0.00,0.00,23.1,7.2,233,14.0
2024-08-02T08:00,24.3,0.00,0.00,0.00,26.4,8.4,230,19.1
2024-08-02T09:00,26.9,0.00,0.00,0.00,28.2,10.3,234,23.4
2024-08-02T10:00,28.9,0.00,0.00,0.00,28.0,15.3,246,31.7
2024-08-02T11:00,29.6,0.00,0.00,0.00,27.7,19.5,247,39.2
2024-08-02T12:00,29.5,0.00,0.00,0.00,27.2,22.0,249,43.6
2024-08-02T13:00,28.8,0.00,0.00,0.00,27.4,19.5,254,43.9
2024-08-02T14:00,29.6,0.00,0.00,0.00,28.4,19.5,254,42.1
2024-08-02T15:00,28.3,0.40,0.00,0.40,27.2,19.4,252,42.8
2024-08-02T16:00,28.2,0.00,0.00,0.00,26.0,28.9,249,56.2
2024-08-02T17:00,26.1,0.00,0.00,0.00,26.3,21.3,248,55.8
2024-08-02T18:00,26.0,0.00,0.00,0.00,26.5,19.8,241,40.3
2024-08-02T19:00,25.0,0.00,0.00,0.00,25.6,18.0,244,38.2
2024-08-02T20:00,24.0,0.00,0.00,0.00,25.2,14.9,250,32.4
2024-08-02T21:00,23.4,0.00,0.00,0.00,25.0,13.2,244,25.9
2024-08-02T22:00,22.9,0.00,0.00,0.00,24.8,11.8,247,23.0
2024-08-02T23:00,22.5,0.00,0.00,0.00,24.3,12.7,255,22.0
2024-08-03T00:00,22.0,0.00,0.00,0.00,24.1,11.2,264,21.6
2024-08-03T01:00,21.8,0.00,0.00,0.00,23.9,10.1,253,19.4
2024-08-03T02:00,20.7,0.00,0.00,0.00,23.6,5.8,277,16.9
2024-08-03T03:00,19.8,0.00,0.00,0.00,22.2,6.1,320,9.7
2024-08-03T04:00,19.6,0.00,0.00,0.00,18.6,9.5,11,15.8
2024-08-03T05:00,18.8,0.00,0.00,0.00,17.9,6.7,36,15.8
2024-08-03T06:00,19.2,0.00,0.00,0.00,19.1,4.6,72,10.1
2024-08-03T07:00,21.5,0.00,0.00,0.00,21.9,1.8,101,7.9
2024-08-03T08:00,24.0,0.00,0.00,0.00,24.4,0.8,153,8.6
2024-08-03T09:00,26.4,0.00,0.00,0.00,26.5,2.4,153,11.9
2024-08-03T10:00,28.4,0.00,0.00,0.00,28.5,1.8,169,13.7
2024-08-03T11:00,29.6,0.00,0.00,0.00,30.1,3.3,311,15.1
2024-08-03T12:00,30.3,0.00,0.00,0.00,30.9,5.6,315,18.7
2024-08-03T13:00,30.9,0.00,0.00,0.00,31.5,7.1,311,21.2
2024-08-03T14:00,31.3,0.00,0.00,0.00,31.9,4.7,274,21.6
2024-08-03T15:00,32.0,0.00,0.00,0.00,30.7,9.5,189,22.7
2024-08-03T16:00,31.6,0.00,0.00,0.00,29.9,8.0,275,20.9
2024-08-03T17:00,31.2,0.00,0.00,0.00,29.2,6.3,257,20.2
2024-08-03T18:00,30.5,0.00,0.00,0.00,28.4,7.3,213,16.2
2024-08-03T19:00,28.4,0.00,0.00,0.00,26.5,7.6,183,15.1
2024-08-03T20:00,26.1,0.00,0.00,0.00,24.5,7.3,171,12.6
2024-08-03T21:00,26.7,0.00,0.00,0.00,25.3,4.0,265,8.3
2024-08-03T22:00,22.5,0.00,0.00,0.00,21.0,8.4,260,10.4
2024-08-03T23:00,23.2,0.00,0.00,0.00,22.0,8.3,252,13.0
2024-08-04T00:00,22.2,0.00,0.00,0.00,21.4,7.5,215,13.3
2024-08-04T01:00,21.3,0.00,0.00,0.00,20.0,10.0,229,12.2
2024-08-04T02:00,21.3,0.00,0.00,0.00,20.6,6.9,313,13.0
2024-08-04T03:00,21.2,0.00,0.00,0.00,21.1,6.6,22,11.5
2024-08-04T04:00,19.7,0.00,0.00,0.00,19.0,7.2,87,11.2
2024-08-04T05:00,19.3,0.00,0.00,0.00,18.4,8.0,98,10.8
2024-08-04T06:00,20.9,0.00,0.00,0.00,20.4,6.6,112,10.8
2024-08-04T07:00,22.8,0.00,0.00,0.00,22.2,8.3,124,15.1
2024-08-04T08:00,24.8,0.00,0.00,0.00,24.0,7.4,129,17.3
2024-08-04T09:00,26.6,0.00,0.00,0.00,25.6,7.4,129,18.7
2024-08-04T10:00,28.7,0.00,0.00,0.00,27.8,7.4,137,20.2
2024-08-04T11:00,30.7,0.00,0.00,0.00,31.5,5.8,180,20.2
2024-08-04T12:00,32.1,0.00,0.00,0.00,33.2,9.0,217,24.8
2024-08-04T13:00,32.4,0.00,0.00,0.00,32.5,13.9,249,31.0
2024-08-04T14:00,31.7,0.00,0.00,0.00,31.0,14.2,249,32.4
2024-08-04T15:00,31.0,0.00,0.00,0.00,30.7,14.8,227,33.1
2024-08-04T16:00,31.7,0.00,0.00,0.00,30.0,19.6,253,39.2
2024-08-04T17:00,30.8,0.00,0.00,0.00,29.1,20.5,269,40.7
2024-08-04T18:00,29.8,0.00,0.00,0.00,28.6,18.2,279,39.6
2024-08-04T19:00,28.4,0.00,0.00,0.00,28.8,12.4,260,34.2
2024-08-04T20:00,26.5,0.00,0.00,0.00,27.7,11.6,248,21.6
2024-08-04T21:00,25.4,0.00,0.00,0.00,27.4,8.0,288,19.4
2024-08-04T22:00,23.8,0.00,0.00,0.00,26.0,5.3,332,13.3
2024-08-04T23:00,22.9,0.00,0.00,0.00,24.8,5.2,348,8.6
2024-08-05T00:00,22.2,0.00,0.00,0.00,23.9,6.1,357,8.3
2024-08-05T01:00,23.0,0.00,0.00,0.00,24.8,5.0,339,6.8
2024-08-05T02:00,22.8,0.00,0.00,0.00,24.5,5.6,315,7.2
2024-08-05T03:00,23.7,0.00,0.00,0.00,25.6,4.2,329,6.8
2024-08-05T04:00,20.7,0.00,0.00,0.00,22.3,8.7,138,13.3
2024-08-05T05:00,20.5,0.00,0.00,0.00,23.0,5.7,162,14.8
2024-08-05T06:00,21.8,0.00,0.00,0.00,23.5,11.3,163,18.4
2024-08-05T07:00,23.5,0.00,0.00,0.00,24.8,12.9,167,24.1
2024-08-05T08:00,25.4,0.00,0.00,0.00,26.2,15.4,191,31.0
2024-08-05T09:00,27.2,0.00,0.00,0.00,27.7,16.5,216,33.5
2024-08-05T10:00,21.8,5.00,0.00,5.00,21.8,21.6,252,48.2
2024-08-05T11:00,21.2,0.50,0.00,0.50,23.6,6.5,236,40.3
2024-08-05T12:00,23.5,0.30,0.00,0.30,26.2,6.1,208,18.0
2024-08-05T13:00,26.5,0.00,0.00,0.00,30.4,8.6,237,26.6
2024-08-05T14:00,27.4,0.00,0.00,0.00,29.7,11.4,252,28.1
2024-08-05T15:00,24.8,0.50,0.00,0.50,25.2,18.6,255,37.8
2024-08-05T16:00,25.4,0.00,0.00,0.00,25.8,15.1,271,36.4
2024-08-05T17:00,25.3,0.00,0.00,0.00,26.1,10.7,250,32.4
2024-08-05T18:00,25.1,0.00,0.00,0.00,25.8,10.7,230,24.5
2024-08-05T19:00,24.8,0.00,0.00,0.00,25.6,7.6,225,22.3
2024-08-05T20:00,22.5,0.00,0.00,0.00,23.7,6.9,231,13.3
2024-08-05T21:00,22.0,0.00,0.00,0.00,23.5,5.5,238,9.0
2024-08-05T22:00,21.8,0.00,0.00,0.00,23.3,7.7,242,13.0
2024-08-05T23:00,21.2,0.00,0.00,0.00,23.2,6.6,257,12.6
2024-08-06T00:00,20.6,0.00,0.00,0.00,23.0,5.2,258,11.2
2024-08-06T01:00,20.1,0.00,0.00,0.00,22.5,6.0,253,8.6
2024-08-06T02:00,19.8,0.00,0.00,0.00,22.0,6.5,273,9.0
2024-08-06T03:00,19.7,0.00,0.00,0.00,22.1,5.9,308,8.6
2024-08-06T04:00,17.9,0.00,0.00,0.00,19.4,6.2,69,7.6
2024-08-06T05:00,18.0,0.00,0.00,0.00,19.5,6.7,144,8.6
2024-08-06T06:00,19.3,0.10,0.00,0.10,22.0,1.5,315,8.6
2024-08-06T07:00,20.7,0.00,0.00,0.00,23.4,2.3,252,7.6
2024-08-06T08:00,21.2,0.50,0.00,0.50,23.5,4.6,321,17.6
2024-08-06T09:00,22.1,0.10,0.00,0.10,24.7,2.0,315,13.7
2024-08-06T10:00,23.1,0.10,0.00,0.10,25.7,1.6,63,14.4
2024-08-06T11:00,23.8,0.20,0.00,0.20,26.4,1.6,27,11.9
2024-08-06T12:00,24.2,2.40,0.00,2.40,25.9,6.5,87,17.3
2024-08-06T13:00,22.2,0.80,0.00,0.80,24.2,5.0,60,20.2
2024-08-06T14:00,23.9,0.10,0.00,0.10,26.6,0.8,153,16.6
2024-08-06T15:00,25.0,0.00,0.00,0.00,27.2,3.4,252,14.0
2024-08-06T16:00,26.3,0.00,0.00,0.00,27.6,7.0,69,19.4
2024-08-06T17:00,25.5,0.00,0.00,0.00,26.8,7.1,135,16.9
2024-08-06T18:00,24.3,0.10,0.00,0.10,26.1,6.3,149,17.3
2024-08-06T19:00,23.4,0.00,0.00,0.00,25.6,4.9,163,14.4
2024-08-06T20:00,21.8,0.00,0.00,0.00,24.0,5.6,207,8.6
2024-08-06T21:00,20.9,0.00,0.00,0.00,23.1,6.8,238,7.9
2024-08-06T22:00,21.0,0.00,0.00,0.00,23.3,5.5,247,8.3
2024-08-06T23:00,20.1,0.00,0.00,0.00,22.2,6.9,279,8.3
2024-08-07T00:00,19.9,0.00,0.00,0.00,22.2,4.8,318,8.6
2024-08-07T01:00,19.7,0.00,0.00,0.00,21.6,5.8,338,9.7
2024-08-07T02:00,19.2,0.00,0.00,0.00,21.0,5.9,346,9.7
2024-08-07T03:00,18.7,0.00,0.00,0.00,20.5,5.4,360,9.7
2024-08-07T04:00,19.6,0.00,0.00,0.00,22.2,0.8,63,6.1
2024-08-07T05:00,19.4,0.00,0.00,0.00,21.8,2.7,203,3.2
2024-08-07T06:00,19.1,0.00,0.00,0.00,21.7,2.3,219,5.0
2024-08-07T07:00,20.5,0.00,0.00,0.00,23.2,4.1,232,10.8
2024-08-07T08:00,22.4,0.00,0.00,0.00,24.9,4.5,241,13.3
2024-08-07T09:00,24.4,0.00,0.00,0.00,26.6,4.5,256,14.8
2024-08-07T10:00,25.9,0.00,0.00,0.00,27.5,5.1,266,18.0
2024-08-07T11:00,26.9,0.00,0.00,0.00,28.6,7.2,267,20.9
2024-08-07T12:00,28.0,0.00,0.00,0.00,30.0,8.4,280,22.3
2024-08-07T13:00,28.7,0.00,0.00,0.00,30.7,8.0,288,22.3
2024-08-07T14:00,29.3,0.00,0.00,0.00,31.1,7.6,301,22.3
2024-08-07T15:00,25.6,1.00,0.00,1.00,26.0,15.7,254,32.0
2024-08-07T16:00,24.2,0.00,0.00,0.00,23.9,18.3,260,36.4
2024-08-07T17:00,23.6,0.00,0.00,0.00,23.7,12.7,278,37.4
2024-08-07T18:00,22.9,0.00,0.00,0.00,23.2,8.6,292,26.3
2024-08-07T19:00,22.8,0.00,0.00,0.00,23.5,8.0,275,16.9
2024-08-07T20:00,21.6,0.00,0.00,0.00,22.7,5.6,255,13.0
2024-08-07T21:00,20.9,0.00,0.00,0.00,22.3,5.6,255,8.6
2024-08-07T22:00,21.2,0.00,0.00,0.00,22.4,7.2,273,11.2
2024-08-07T23:00,21.2,0.00,0.00,0.00,22.1,8.5,282,14.0
2024-08-08T00:00,20.8,0.00,0.00,0.00,21.2,9.5,295,15.8
2024-08-08T01:00,20.4,0.00,0.00,0.00,20.6,10.0,296,16.6
2024-08-08T02:00,20.1,0.00,0.00,0.00,20.2,10.0,296,16.9
2024-08-08T03:00,19.7,0.00,0.00,0.00,20.0,8.7,294,16.6
2024-08-08T04:00,17.7,0.00,0.00,0.00,18.6,7.6,273,11.2
2024-08-08T05:00,18.0,0.00,0.00,0.00,19.2,6.3,283,10.4
2024-08-08T06:00,19.1,0.00,0.00,0.00,20.1,7.8,292,12.2
2024-08-08T07:00,21.1,0.00,0.00,0.00,22.4,7.0,305,14.8
2024-08-08T08:00,23.4,0.00,0.00,0.00,24.8,5.9,308,15.1
2024-08-08T09:00,25.6,0.00,0.00,0.00,26.9,6.9,313,18.0
2024-08-08T10:00,27.4,0.00,0.00,0.00,28.3,8.7,308,21.6
2024-08-08T11:00,28.4,0.00,0.00,0.00,29.3,10.9,287,28.4
2024-08-08T12:00,29.0,0.00,0.00,0.00,29.2,14.1,273,31.0
2024-08-08T13:00,29.4,0.00,0.00,0.00,29.1,15.9,273,33.8
2024-08-08T14:00,29.5,0.00,0.00,0.00,28.6,18.0,270,37.1
2024-08-08T15:00,29.3,0.00,0.00,0.00,28.0,18.4,268,38.5
2024-08-08T16:00,29.7,0.00,0.00,0.00,27.3,19.1,269,38.9
2024-08-08T17:00,29.6,0.00,0.00,0.00,27.1,18.0,270,37.4
2024-08-08T18:00,28.5,0.00,0.00,0.00,26.6,16.5,280,34.6
2024-08-08T19:00,26.9,0.00,0.00,0.00,25.8,13.1,279,29.5
2024-08-08T20:00,24.5,0.00,0.00,0.00,24.2,8.2,285,23.0
2024-08-08T21:00,23.2,0.00,0.00,0.00,23.2,7.0,305,13.3
2024-08-08T22:00,22.2,0.00,0.00,0.00,22.2,6.5,304,11.5
2024-08-08T23:00,21.8,0.00,0.00,0.00,21.6,7.6,289,11.9
2024-08-09T00:00,21.7,0.00,0.00,0.00,21.2,8.8,289,14.0
2024-08-09T01:00,21.4,0.00,0.00,0.00,20.7,9.7,297,15.8
2024-08-09T02:00,21.0,0.00,0.00,0.00,20.3,9.7,297,16.2
2024-08-09T03:00,20.5,0.00,0.00,0.00,19.8,9.8,306,16.2
2024-08-09T04:00,18.0,0.00,0.00,0.00,18.4,6.6,283,10.8
2024-08-09T05:00,18.0,0.00,0.00,0.00,18.4,6.2,324,10.4
2024-08-09T06:00,18.8,0.00,0.00,0.00,18.8,9.4,342,15.1
2024-08-09T07:00,21.0,0.00,0.00,0.00,21.3,9.2,349,17.6
2024-08-09T08:00,23.6,0.00,0.00,0.00,24.4,6.7,344,16.6
2024-08-09T09:00,25.5,0.00,0.00,0.00,25.8,8.2,337,20.2
2024-08-09T10:00,26.7,0.00,0.00,0.00,26.9,10.2,318,24.1
2024-08-09T11:00,27.6,0.00,0.00,0.00,28.0,12.0,311,28.1
2024-08-09T12:00,28.3,0.00,0.00,0.00,29.2,11.0,308,28.1
2024-08-09T13:00,29.0,0.00,0.00,0.00,29.9,11.1,306,27.4
2024-08-09T14:00,29.5,0.00,0.00,0.00,30.1,11.8,308,27.7
2024-08-09T15:00,29.9,0.00,0.00,0.00,29.8,12.5,314,28.1
2024-08-09T16:00,30.1,0.00,0.00,0.00,28.9,13.2,287,28.1
2024-08-09T17:00,29.8,0.00,0.00,0.00,28.3,13.2,296,28.1
2024-08-09T18:00,28.8,0.00,0.00,0.00,28.0,11.3,277,27.0
2024-08-09T19:00,26.3,0.00,0.00,0.00,26.5,12.2,242,21.6
2024-08-09T20:00,24.2,0.00,0.00,0.00,24.2,13.1,249,23.8
2024-08-09T21:00,23.7,0.00,0.00,0.00,24.6,10.1,274,22.3
2024-08-09T22:00,22.9,0.00,0.00,0.00,24.6,8.4,295,16.9
2024-08-09T23:00,22.1,0.00,0.00,0.00,23.3,9.0,355,14.8
2024-08-10T00:00,22.5,0.00,0.00,0.00,22.0,11.4,24,19.8
2024-08-10T01:00,21.8,0.00,0.00,0.00,21.5,8.0,36,19.1
2024-08-10T02:00,21.0,0.00,0.00,0.00,20.8,6.7,36,13.3
2024-08-10T03:00,20.2,0.00,0.00,0.00,20.2,6.2,36,10.8
2024-08-10T04:00,18.2,0.00,0.00,0.00,18.2,6.1,40,8.6
2024-08-10T05:00,18.1,0.00,0.00,0.00,18.3,5.6,27,9.4
2024-08-10T06:00,18.7,0.00,0.00,0.00,19.2,4.5,29,9.0
2024-08-10T07:00,21.6,0.00,0.00,0.00,22.5,4.7,67,9.7
2024-08-10T08:00,24.5,0.00,0.00,0.00,25.5,3.3,131,11.2
2024-08-10T09:00,26.5,0.00,0.00,0.00,27.2,3.6,174,13.3
2024-08-10T10:00,28.0,0.00,0.00,0.00,28.6,4.3,222,15.8
2024-08-10T11:00,29.1,0.00,0.00,0.00,30.1,5.4,270,18.0
2024-08-10T12:00,30.2,0.00,0.00,0.00,31.0,7.1,300,20.5
2024-08-10T13:00,30.3,0.00,0.00,0.00,30.2,8.1,302,21.6
2024-08-10T14:00,30.7,0.00,0.00,0.00,30.5,8.0,306,22.0
2024-08-10T15:00,30.8,0.00,0.00,0.00,30.3,5.5,293,20.9
2024-08-10T16:00,30.5,0.00,0.00,0.00,29.0,9.2,249,24.8
2024-08-10T17:00,30.3,0.00,0.00,0.00,29.1,9.5,281,22.0
2024-08-10T18:00,29.4,0.00,0.00,0.00,28.5,10.1,270,20.9
2024-08-10T19:00,27.3,0.00,0.00,0.00,27.3,7.3,250,19.1
2024-08-10T20:00,25.2,0.00,0.00,0.00,25.3,7.3,259,12.6
2024-08-10T21:00,24.6,0.00,0.00,0.00,25.0,8.7,265,14.0
2024-08-10T22:00,24.6,0.00,0.00,0.00,24.7,12.5,282,20.5
2024-08-10T23:00,24.0,0.00,0.00,0.00,24.3,10.0,296,20.9
2024-08-11T00:00,23.0,0.00,0.00,0.00,23.5,9.2,315,16.9
2024-08-11T01:00,22.6,0.00,0.00,0.00,22.7,10.2,337,16.9
2024-08-11T02:00,22.2,0.00,0.00,0.00,22.1,9.8,352,16.9
2024-08-11T03:00,21.6,0.00,0.00,0.00,21.6,7.2,18,16.2
2024-08-11T04:00,20.2,0.00,0.00,0.00,20.6,5.4,42,9.7
2024-08-11T05:00,19.4,0.00,0.00,0.00,19.6,5.4,37,6.8
2024-08-11T06:00,20.8,0.00,0.00,0.00,21.3,3.9,34,7.6
2024-08-11T07:00,23.2,0.00,0.00,0.00,24.1,3.4,32,8.6
2024-08-11T08:00,26.2,0.00,0.00,0.00,27.1,1.1,252,8.3
2024-08-11T09:00,28.0,0.00,0.00,0.00,28.2,4.4,235,14.0
2024-08-11T10:00,29.3,0.00,0.00,0.00,29.4,8.1,257,20.5
2024-08-11T11:00,30.1,0.00,0.00,0.00,30.1,11.9,272,27.4
2024-08-11T12:00,30.4,0.00,0.00,0.00,30.3,13.6,258,30.6
2024-08-11T13:00,30.8,0.00,0.00,0.00,30.8,16.5,260,35.3
2024-08-11T14:00,30.6,0.00,0.00,0.00,30.3,16.5,260,35.6
2024-08-11T15:00,30.2,0.10,0.00,0.10,29.4,19.1,259,38.5
2024-08-11T16:00,30.5,0.00,0.00,0.00,28.1,21.5,249,42.1
2024-08-11T17:00,30.1,0.00,0.00,0.00,28.1,23.9,252,45.7
2024-08-11T18:00,28.7,0.00,0.00,0.00,27.0,24.0,253,46.1
2024-08-11T19:00,27.8,0.00,0.00,0.00,27.5,18.8,267,44.3
2024-08-11T20:00,26.2,0.00,0.00,0.00,27.0,14.2,254,32.8
2024-08-11T21:00,26.0,0.00,0.00,0.00,26.8,18.3,254,32.0
2024-08-11T22:00,25.8,0.00,0.00,0.00,27.0,15.1,267,32.4
2024-08-11T23:00,25.6,0.00,0.00,0.00,25.0,14.4,307,26.3
2024-08-12T00:00,24.4,0.00,0.00,0.00,22.9,15.8,317,24.8
2024-08-12T01:00,23.9,0.00,0.00,0.00,22.1,16.0,346,33.1
2024-08-12T02:00,22.6,0.00,0.00,0.00,21.7,9.8,343,27.7
2024-08-12T03:00,21.4,0.00,0.00,0.00,20.6,8.9,333,16.9
2024-08-12T04:00,19.9,0.00,0.00,0.00,19.0,10.2,318,16.9
2024-08-12T05:00,19.7,0.00,0.00,0.00,18.4,12.2,332,20.5
2024-08-12T06:00,19.5,0.00,0.00,0.00,18.1,11.8,337,21.6
2024-08-12T07:00,20.8,0.00,0.00,0.00,19.7,10.2,328,20.2
2024-08-12T08:00,22.5,0.00,0.00,0.00,21.4,9.6,326,21.6
2024-08-12T09:00,23.7,0.00,0.00,0.00,22.2,10.6,298,24.1
2024-08-12T10:00,24.2,0.00,0.00,0.00,22.1,14.3,288,30.2
2024-08-12T11:00,25.9,0.00,0.00,0.00,24.1,17.4,288,39.2
2024-08-12T12:00,26.7,0.00,0.00,0.00,24.3,19.4,288,40.7
2024-08-12T13:00,26.7,0.00,0.00,0.00,23.5,23.1,285,46.4
2024-08-12T14:00,27.0,0.00,0.00,0.00,23.4,24.5,292,49.3
2024-08-12T15:00,27.4,0.00,0.00,0.00,23.6,24.5,298,49.0
2024-08-12T16:00,28.7,0.00,0.00,0.00,23.7,26.2,291,52.2
2024-08-12T17:00,27.5,0.00,0.00,0.00,22.6,25.5,299,51.5
2024-08-12T18:00,26.6,0.00,0.00,0.00,22.4,21.2,302,48.6
2024-08-12T19:00,25.1,0.00,0.00,0.00,21.6,16.6,312,38.9
2024-08-12T20:00,23.4,0.00,0.00,0.00,20.2,13.2,313,29.5
2024-08-12T21:00,22.2,0.00,0.00,0.00,19.5,10.5,297,23.4
2024-08-12T22:00,21.2,0.00,0.00,0.00,18.6,9.9,289,17.6
2024-08-12T23:00,20.3,0.00,0.00,0.00,17.5,11.3,301,19.1
2024-08-13T00:00,19.4,0.00,0.00,0.00,16.6,10.6,336,19.4
2024-08-13T01:00,18.2,0.00,0.00,0.00,16.0,7.3,349,18.0
2024-08-13T02:00,17.1,0.00,0.00,0.00,15.2,5.4,352,11.9
2024-08-13T03:00,16.4,0.00,0.00,0.00,14.7,4.9,343,8.6
2024-08-13T04:00,16.3,0.00,0.00,0.00,15.1,2.3,321,5.4
2024-08-13T05:00,15.6,0.00,0.00,0.00,14.0,5.6,255,6.5
2024-08-13T06:00,15.0,0.00,0.00,0.00,13.8,7.1,246,9.0
2024-08-13T07:00,17.9,0.00,0.00,0.00,16.7,5.5,238,11.2
2024-08-13T08:00,20.4,0.00,0.00,0.00,19.1,6.9,231,16.9
2024-08-13T09:00,22.6,0.00,0.00,0.00,20.6,11.6,254,25.9
2024-08-13T10:00,24.4,0.00,0.00,0.00,21.6,16.9,268,34.9
2024-08-13T11:00,25.7,0.00,0.00,0.00,22.3,23.2,277,46.1
2024-08-13T12:00,24.7,0.00,0.00,0.00,20.4,24.2,275,47.2
2024-08-13T13:00,24.9,0.00,0.00,0.00,20.7,23.1,274,46.8
2024-08-13T14:00,25.6,0.00,0.00,0.00,21.2,23.9,277,47.5
2024-08-13T15:00,25.2,0.00,0.00,0.00,21.5,20.5,273,46.4
2024-08-13T16:00,25.3,0.00,0.00,0.00,21.5,21.3,248,40.3
2024-08-13T17:00,24.8,0.00,0.00,0.00,21.2,22.9,254,43.2
2024-08-13T18:00,24.3,0.00,0.00,0.00,21.6,21.6,255,44.6
2024-08-13T19:00,23.5,0.00,0.00,0.00,22.0,18.2,256,39.6
2024-08-13T20:00,22.2,0.00,0.00,0.00,21.7,12.4,260,32.0
2024-08-13T21:00,20.9,0.00,0.00,0.00,20.7,8.5,282,20.9
2024-08-13T22:00,20.2,0.00,0.00,0.00,18.9,8.9,320,15.1
2024-08-13T23:00,18.9,0.00,0.00,0.00,17.5,6.0,335,15.1
2024-08-14T00:00,18.6,0.00,0.00,0.00,17.0,7.6,335,11.9
2024-08-14T01:00,18.2,0.00,0.00,0.00,15.9,11.4,347,19.1
2024-08-14T02:00,17.7,0.00,0.00,0.00,15.2,12.3,353,21.2
2024-08-14T03:00,17.0,0.00,0.00,0.00,14.5,12.8,349,22.0
2024-08-14T04:00,15.5,0.00,0.00,0.00,13.4,11.5,356,19.8
2024-08-14T05:00,15.0,0.00,0.00,0.00,13.0,10.9,352,19.4
2024-08-14T06:00,15.2,0.00,0.00,0.00,13.3,11.7,349,20.2
2024-08-14T07:00,16.9,0.00,0.00,0.00,15.5,10.6,336,20.5
2024-08-14T08:00,19.1,0.00,0.00,0.00,17.8,11.1,335,23.8
2024-08-14T09:00,21.0,0.00,0.00,0.00,19.1,13.0,332,28.4
2024-08-14T10:00,22.4,0.00,0.00,0.00,20.4,14.2,324,31.3
2024-08-14T11:00,23.7,0.00,0.00,0.00,22.1,14.3,326,32.8
2024-08-14T12:00,24.6,0.00,0.00,0.00,23.2,14.6,327,33.1
2024-08-14T13:00,25.6,0.00,0.00,0.00,24.1,15.4,323,34.2
2024-08-14T14:00,26.2,0.00,0.00,0.00,23.8,16.0,316,34.6
2024-08-14T15:00,26.7,0.00,0.00,0.00,23.4,16.6,312,35.3
2024-08-14T16:00,26.7,0.00,0.00,0.00,23.2,16.1,299,36.4
2024-08-14T17:00,26.7,0.00,0.00,0.00,23.1,15.3,279,33.8
2024-08-14T18:00,26.4,0.00,0.00,0.00,22.9,14.5,293,31.0
2024-08-14T19:00,24.5,0.00,0.00,0.00,21.5,12.7,317,27.0
2024-08-14T20:00,22.8,0.00,0.00,0.00,19.7,15.4,344,29.2
2024-08-14T21:00,22.0,0.00,0.00,0.00,19.1,14.7,338,27.0
2024-08-14T22:00,20.8,0.00,0.00,0.00,18.6,10.5,338,25.2
2024-08-14T23:00,19.2,0.00,0.00,0.00,17.7,6.5,326,17.6
2024-08-15T00:00,18.3,0.00,0.00,0.00,16.9,6.6,319,10.4
2024-08-15T01:00,17.9,0.00,0.00,0.00,16.4,7.9,313,12.6
2024-08-15T02:00,17.5,0.00,0.00,0.00,15.9,8.2,308,13.3
2024-08-15T03:00,17.1,0.00,0.00,0.00,15.4,8.7,315,14.8
2024-08-15T04:00,15.3,0.00,0.00,0.00,14.1,7.2,323,11.5
2024-08-15T05:00,15.5,0.00,0.00,0.00,14.0,8.7,336,14.0
2024-08-15T06:00,16.1,0.00,0.00,0.00,14.5,10.0,339,16.2
2024-08-15T07:00,18.5,0.00,0.00,0.00,17.2,9.2,329,17.3
2024-08-15T08:00,21.0,0.00,0.00,0.00,20.4,6.4,313,16.2
2024-08-15T09:00,23.4,0.00,0.00,0.00,22.7,7.3,303,18.7
2024-08-15T10:00,25.1,0.00,0.00,0.00,24.0,10.0,291,24.1
2024-08-15T11:00,26.3,0.00,0.00,0.00,25.1,12.9,293,29.9
2024-08-15T12:00,26.8,0.00,0.00,0.00,25.1,14.3,298,32.0
2024-08-15T13:00,27.3,0.00,0.00,0.00,25.5,15.2,301,33.1
2024-08-15T14:00,27.2,0.00,0.00,0.00,25.0,15.1,295,33.8
2024-08-15T15:00,26.3,0.00,0.00,0.00,23.8,15.5,288,33.5
2024-08-15T16:00,27.0,0.00,0.00,0.00,23.8,16.4,285,33.5
2024-08-15T17:00,27.1,0.00,0.00,0.00,24.1,15.5,288,33.5
2024-08-15T18:00,26.4,0.00,0.00,0.00,23.3,16.7,303,32.8
2024-08-15T19:00,23.0,0.00,0.00,0.00,20.5,18.7,2,36.7
2024-08-15T20:00,20.5,0.00,0.00,0.00,20.0,7.6,355,32.8
2024-08-15T21:00,19.6,0.00,0.00,0.00,19.3,6.6,338,12.6
2024-08-15T22:00,19.3,0.00,0.00,0.00,18.8,7.6,335,13.0
2024-08-15T23:00,18.7,0.00,0.00,0.00,18.4,7.0,325,12.6
2024-08-16T00:00,18.5,0.00,0.00,0.00,18.0,8.9,317,14.8
2024-08-16T01:00,18.5,0.00,0.00,0.00,17.7,10.1,325,16.9
2024-08-16T02:00,18.4,0.00,0.00,0.00,17.3,11.3,333,19.1
2024-08-16T03:00,18.1,0.00,0.00,0.00,16.8,12.4,338,20.9
2024-08-16T04:00,16.9,0.00,0.00,0.00,15.6,12.1,350,20.2
2024-08-16T05:00,16.5,0.00,0.00,0.00,15.3,10.9,354,20.2
2024-08-16T06:00,16.3,0.00,0.00,0.00,15.5,8.3,355,18.4
2024-08-16T07:00,18.0,0.00,0.00,0.00,17.3,8.5,348,16.2
2024-08-16T08:00,20.4,0.00,0.00,0.00,19.9,6.3,347,16.6
2024-08-16T09:00,23.0,0.00,0.00,0.00,22.3,5.5,337,16.6
2024-08-16T10:00,25.1,0.00,0.00,0.00,23.6,7.6,341,20.5
2024-08-16T11:00,26.1,0.00,0.00,0.00,24.8,9.7,338,25.2
2024-08-16T12:00,26.9,0.00,0.00,0.00,25.8,10.8,330,26.6
2024-08-16T13:00,27.4,0.00,0.00,0.00,26.2,12.0,327,29.2
2024-08-16T14:00,27.8,0.00,0.00,0.00,26.3,12.8,320,29.9
2024-08-16T15:00,28.1,0.00,0.00,0.00,26.0,13.3,311,29.9
2024-08-16T16:00,28.5,0.00,0.00,0.00,25.2,15.8,317,34.2
2024-08-16T17:00,28.1,0.00,0.00,0.00,24.6,16.0,324,32.8
2024-08-16T18:00,27.3,0.00,0.00,0.00,24.1,14.5,330,31.7
2024-08-16T19:00,25.3,0.00,0.00,0.00,23.0,9.5,331,26.6
2024-08-16T20:00,22.9,0.00,0.00,0.00,20.9,8.0,342,15.8
2024-08-16T21:00,21.7,0.00,0.00,0.00,19.7,8.0,342,13.0
2024-08-16T22:00,21.0,0.00,0.00,0.00,19.0,8.7,336,13.7
2024-08-16T23:00,20.6,0.00,0.00,0.00,18.5,9.7,338,15.8
2024-08-17T00:00,19.9,0.00,0.00,0.00,17.9,9.3,347,16.2
2024-08-17T01:00,19.0,0.00,0.00,0.00,16.9,9.4,353,15.8
2024-08-17T02:00,18.3,0.00,0.00,0.00,16.1,10.1,2,16.6
2024-08-17T03:00,18.0,0.00,0.00,0.00,15.7,9.8,8,17.3
2024-08-17T04:00,16.1,0.00,0.00,0.00,14.5,7.9,3,15.1
2024-08-17T05:00,15.4,0.00,0.00,0.00,14.0,6.5,6,13.3
2024-08-17T06:00,15.2,0.00,0.00,0.00,14.1,5.4,20,10.4
2024-08-17T07:00,18.4,0.00,0.00,0.00,17.0,7.9,24,14.0
2024-08-17T08:00,21.6,0.00,0.00,0.00,20.4,5.6,27,15.5
2024-08-17T09:00,24.2,0.00,0.00,0.00,22.4,6.1,50,17.3
2024-08-17T10:00,25.7,0.00,0.00,0.00,24.3,5.1,51,18.0
2024-08-17T11:00,26.8,0.00,0.00,0.00,26.4,3.8,17,17.3
2024-08-17T12:00,27.6,0.00,0.00,0.00,27.5,4.3,360,18.0
2024-08-17T13:00,28.2,0.00,0.00,0.00,28.1,5.0,360,18.7
2024-08-17T14:00,28.6,0.00,0.00,0.00,28.2,5.1,356,18.7
2024-08-17T15:00,28.9,0.00,0.00,0.00,28.1,4.7,351,18.4
2024-08-17T16:00,29.4,0.00,0.00,0.00,27.3,6.1,360,18.7
2024-08-17T17:00,29.0,0.00,0.00,0.00,26.6,6.7,16,18.0
2024-08-17T18:00,28.2,0.00,0.00,0.00,25.7,7.4,29,16.9
2024-08-17T19:00,25.6,0.00,0.00,0.00,23.4,7.3,20,13.3
2024-08-17T20:00,23.8,0.00,0.00,0.00,20.7,11.3,22,18.4
2024-08-17T21:00,23.1,0.00,0.00,0.00,19.9,11.4,28,19.1
2024-08-17T22:00,22.1,0.00,0.00,0.00,19.0,11.4,28,19.1
2024-08-17T23:00,21.2,0.00,0.00,0.00,18.2,11.1,29,19.1
2024-08-18T00:00,20.3,0.00,0.00,0.00,17.5,10.5,41,18.7
2024-08-18T01:00,19.7,0.00,0.00,0.00,16.9,9.9,46,17.6
2024-08-18T02:00,19.2,0.00,0.00,0.00,16.3,9.8,54,16.9
2024-08-18T03:00,18.6,0.00,0.00,0.00,15.7,10.0,64,16.6
2024-08-18T04:00,16.5,0.00,0.00,0.00,14.3,7.8,68,13.0
2024-08-18T05:00,16.2,0.00,0.00,0.00,14.0,7.4,61,12.2
2024-08-18T06:00,16.7,0.00,0.00,0.00,14.4,8.8,55,14.0
2024-08-18T07:00,19.0,0.00,0.00,0.00,16.5,11.0,67,18.7
2024-08-18T08:00,21.7,0.00,0.00,0.00,19.8,8.4,80,19.1
2024-08-18T09:00,24.3,0.00,0.00,0.00,22.2,9.4,88,22.0
2024-08-18T10:00,26.6,0.00,0.00,0.00,24.6,10.0,103,24.1
2024-08-18T11:00,28.3,0.00,0.00,0.00,26.5,11.0,109,26.6
2024-08-18T12:00,29.3,0.00,0.00,0.00,27.8,10.9,107,27.4
2024-08-18T13:00,30.0,0.00,0.00,0.00,28.8,10.1,96,27.0
2024-08-18T14:00,30.4,0.00,0.00,0.00,29.2,9.0,95,25.9
2024-08-18T15:00,30.6,0.00,0.00,0.00,28.8,8.6,90,23.8
2024-08-18T16:00,31.0,0.00,0.00,0.00,28.2,8.7,83,22.3
2024-08-18T17:00,30.5,0.00,0.00,0.00,27.2,9.5,79,21.2
2024-08-18T18:00,29.5,0.00,0.00,0.00,26.5,8.0,82,20.5
2024-08-18T19:00,26.0,0.00,0.00,0.00,23.5,6.6,68,14.0
2024-08-18T20:00,23.0,0.00,0.00,0.00,19.9,10.2,51,12.6
2024-08-18T21:00,23.1,0.00,0.00,0.00,20.3,7.7,53,13.3
2024-08-18T22:00,23.6,0.00,0.00,0.00,20.0,13.1,58,20.2
2024-08-18T23:00,23.3,0.00,0.00,0.00,19.7,13.5,81,25.9
2024-08-19T00:00,21.6,0.00,0.00,0.00,18.4,11.0,71,23.0
2024-08-19T01:00,20.8,0.00,0.00,0.00,17.7,10.5,63,18.4
2024-08-19T02:00,20.0,0.00,0.00,0.00,16.8,11.2,57,18.7
2024-08-19T03:00,19.8,0.00,0.00,0.00,16.4,12.6,59,20.9
2024-08-19T04:00,19.1,0.00,0.00,0.00,16.1,12.6,59,21.2
2024-08-19T05:00,18.7,0.00,0.00,0.00,15.8,13.2,61,22.3
2024-08-19T06:00,18.2,0.00,0.00,0.00,15.6,13.0,71,22.3
2024-08-19T07:00,19.7,0.00,0.00,0.00,17.4,12.6,66,22.0
2024-08-19T08:00,22.3,0.00,0.00,0.00,20.4,10.2,67,21.2
2024-08-19T09:00,25.1,0.00,0.00,0.00,23.0,10.0,75,23.0
2024-08-19T10:00,27.5,0.00,0.00,0.00,26.0,9.4,83,23.8
2024-08-19T11:00,29.7,0.00,0.00,0.00,29.1,8.6,88,23.4
2024-08-19T12:00,31.2,0.00,0.00,0.00,30.9,8.6,92,23.4
2024-08-19T13:00,32.2,0.00,0.00,0.00,31.3,9.7,94,24.8
2024-08-19T14:00,32.7,0.00,0.00,0.00,31.4,10.1,90,25.2
2024-08-19T15:00,32.8,0.00,0.00,0.00,30.9,10.4,88,25.2
2024-08-19T16:00,32.9,0.00,0.00,0.00,30.1,10.6,100,24.5
2024-08-19T17:00,32.3,0.00,0.00,0.00,29.2,11.5,94,24.1
2024-08-19T18:00,31.2,0.00,0.00,0.00,29.1,7.6,95,23.8
2024-08-19T19:00,30.0,0.00,0.00,0.00,28.5,4.3,66,13.0
2024-08-19T20:00,24.8,0.00,0.00,0.00,22.9,8.2,29,11.5
2024-08-19T21:00,25.8,0.00,0.00,0.00,22.7,12.3,75,19.1
2024-08-19T22:00,25.3,0.00,0.00,0.00,22.1,11.7,81,22.7
2024-08-19T23:00,24.0,0.00,0.00,0.00,20.8,11.3,81,19.4
2024-08-20T00:00,23.2,0.00,0.00,0.00,20.1,10.5,86,18.7
2024-08-20T01:00,22.1,0.00,0.00,0.00,19.3,9.7,75,17.6
2024-08-20T02:00,21.5,0.00,0.00,0.00,18.6,10.8,64,18.0
2024-08-20T03:00,21.0,0.00,0.00,0.00,18.1,11.1,61,18.7
2024-08-20T04:00,19.7,0.00,0.00,0.00,17.2,10.9,46,18.4
2024-08-20T05:00,19.2,0.00,0.00,0.00,16.7,11.6,54,19.1
2024-08-20T06:00,19.4,0.00,0.00,0.00,16.8,12.1,53,20.2
2024-08-20T07:00,21.1,0.00,0.00,0.00,18.7,12.9,63,21.6
2024-08-20T08:00,23.7,0.00,0.00,0.00,21.8,10.8,60,22.3
2024-08-20T09:00,26.4,0.00,0.00,0.00,24.6,11.3,73,24.8
2024-08-20T10:00,28.7,0.00,0.00,0.00,27.9,12.0,83,27.4
2024-08-20T11:00,30.4,0.00,0.00,0.00,30.5,13.7,90,30.6
2024-08-20T12:00,31.8,0.00,0.00,0.00,31.0,15.9,94,34.6
2024-08-20T13:00,32.4,0.00,0.00,0.00,31.5,15.8,91,35.3
2024-08-20T14:00,33.1,0.00,0.00,0.00,32.1,14.8,93,34.6
2024-08-20T15:00,33.5,0.00,0.00,0.00,32.0,14.2,99,32.4
2024-08-20T16:00,33.4,0.00,0.00,0.00,30.5,16.6,103,35.3
2024-08-20T17:00,33.0,0.00,0.00,0.00,29.9,15.8,102,33.8
2024-08-20T18:00,32.0,0.00,0.00,0.00,29.4,12.3,105,31.0
2024-08-20T19:00,29.2,0.00,0.00,0.00,27.4,8.4,100,21.6
2024-08-20T20:00,26.8,0.00,0.00,0.00,25.2,7.6,85,13.7
2024-08-20T21:00,26.0,0.00,0.00,0.00,24.0,10.3,54,15.5
2024-08-20T22:00,25.7,0.00,0.00,0.00,23.0,13.5,65,22.3
2024-08-20T23:00,25.4,0.00,0.00,0.00,22.9,13.2,79,23.4
2024-08-21T00:00,24.8,0.00,0.00,0.00,22.1,14.8,64,24.8
2024-08-21T01:00,24.3,0.00,0.00,0.00,21.6,14.6,70,25.6
2024-08-21T02:00,23.7,0.00,0.00,0.00,21.1,14.5,71,25.2
2024-08-21T03:00,23.3,0.00,0.00,0.00,20.5,14.8,77,25.6
2024-08-21T04:00,21.7,0.00,0.00,0.00,19.9,12.4,82,22.0
2024-08-21T05:00,21.4,0.00,0.00,0.00,19.5,12.4,80,21.2
2024-08-21T06:00,21.4,0.00,0.00,0.00,19.5,12.7,75,21.2
2024-08-21T07:00,22.9,0.00,0.00,0.00,20.9,13.9,73,23.8
2024-08-21T08:00,25.2,0.00,0.00,0.00,23.3,13.3,77,25.9
2024-08-21T09:00,27.5,0.00,0.00,0.00,25.4,14.6,80,30.2
2024-08-21T10:00,29.8,0.00,0.00,0.00,27.1,17.1,82,35.3
2024-08-21T11:00,31.6,0.00,0.00,0.00,28.6,20.5,87,41.4
2024-08-21T12:00,32.9,0.00,0.00,0.00,29.7,22.3,92,45.0
2024-08-21T13:00,33.8,0.00,0.00,0.00,30.8,21.8,98,45.0
2024-08-21T14:00,34.4,0.00,0.00,0.00,31.4,20.4,104,43.9
2024-08-21T15:00,34.6,0.00,0.00,0.00,31.6,18.9,104,41.8
2024-08-21T16:00,34.4,0.00,0.00,0.00,31.0,18.2,98,37.8
2024-08-21T17:00,34.0,0.00,0.00,0.00,30.7,17.7,96,36.7
2024-08-21T18:00,33.0,0.00,0.00,0.00,30.2,14.4,89,34.2
2024-08-21T19:00,30.8,0.00,0.00,0.00,28.3,11.5,88,25.9
2024-08-21T20:00,29.5,0.00,0.00,0.00,27.0,11.1,77,19.4
2024-08-21T21:00,27.6,0.00,0.00,0.00,25.3,10.7,57,18.0
2024-08-21T22:00,26.8,0.00,0.00,0.00,23.7,14.0,64,23.0
2024-08-21T23:00,26.6,0.00,0.00,0.00,23.2,15.8,63,27.0
2024-08-22T00:00,26.2,0.00,0.00,0.00,22.8,16.2,69,27.7
2024-08-22T01:00,25.8,0.00,0.00,0.00,22.4,16.1,70,28.1
2024-08-22T02:00,25.2,0.00,0.00,0.00,21.8,16.0,76,27.7
2024-08-22T03:00,24.7,0.00,0.00,0.00,21.3,15.5,78,27.4
2024-08-22T04:00,23.4,0.00,0.00,0.00,20.5,15.3,81,26.3
2024-08-22T05:00,23.1,0.00,0.00,0.00,20.3,16.0,81,27.4
2024-08-22T06:00,22.8,0.00,0.00,0.00,20.1,16.7,84,28.8
2024-08-22T07:00,23.7,0.00,0.00,0.00,21.1,17.0,86,29.9
2024-08-22T08:00,25.4,0.00,0.00,0.00,23.1,15.9,87,30.6
2024-08-22T09:00,27.7,0.00,0.00,0.00,25.3,16.6,89,33.8
2024-08-22T10:00,30.0,0.00,0.00,0.00,27.6,17.6,90,36.0
2024-08-22T11:00,32.2,0.00,0.00,0.00,29.7,19.5,95,40.0
2024-08-22T12:00,33.6,0.00,0.00,0.00,30.8,22.6,99,45.4
2024-08-22T13:00,34.4,0.00,0.00,0.00,31.5,22.7,101,46.1
2024-08-22T14:00,35.0,0.00,0.00,0.00,32.0,21.0,102,45.7
2024-08-22T15:00,35.1,0.00,0.00,0.00,31.8,19.8,100,42.5
2024-08-22T16:00,36.1,0.00,0.00,0.00,32.6,17.9,112,38.5
2024-08-22T17:00,35.7,0.00,0.00,0.00,32.3,16.6,114,35.6
2024-08-22T18:00,34.5,0.00,0.00,0.00,31.8,12.1,102,31.7
2024-08-22T19:00,31.6,0.00,0.00,0.00,29.4,9.7,86,22.0
2024-08-22T20:00,29.4,0.00,0.00,0.00,27.3,9.0,90,16.6
2024-08-22T21:00,28.9,0.00,0.00,0.00,26.3,12.5,78,20.2
2024-08-22T22:00,28.7,0.00,0.00,0.00,26.1,11.0,71,22.3
2024-08-22T23:00,29.0,0.00,0.00,0.00,26.0,12.7,7,21.2
2024-08-23T00:00,28.5,0.00,0.00,0.00,24.7,18.9,31,33.1
2024-08-23T01:00,27.8,0.00,0.00,0.00,24.1,20.1,43,35.6
2024-08-23T02:00,26.6,0.00,0.00,0.00,22.9,20.7,50,36.0
2024-08-23T03:00,26.4,0.00,0.00,0.00,23.3,20.1,47,38.2
2024-08-23T04:00,24.9,0.00,0.00,0.00,22.1,16.6,91,28.8
2024-08-23T05:00,24.3,0.00,0.00,0.00,21.4,19.4,89,33.5
2024-08-23T06:00,24.2,0.10,0.00,0.10,21.6,17.8,82,33.8
2024-08-23T07:00,25.5,0.00,0.00,0.00,22.9,18.8,83,34.2
2024-08-23T08:00,27.2,0.00,0.00,0.00,25.0,16.9,92,32.4
2024-08-23T09:00,28.6,0.00,0.00,0.00,26.7,16.6,95,34.6
2024-08-23T10:00,30.8,0.00,0.00,0.00,29.5,14.7,101,33.5
2024-08-23T11:00,32.3,0.00,0.00,0.00,31.8,13.1,99,32.0
2024-08-23T12:00,33.3,0.00,0.00,0.00,33.3,10.3,115,30.2
2024-08-23T13:00,33.1,0.00,0.00,0.00,32.2,15.3,117,33.5
2024-08-23T14:00,33.3,0.00,0.00,0.00,33.0,16.0,126,36.4
2024-08-23T15:00,33.7,0.00,0.00,0.00,33.9,12.2,124,34.9
2024-08-23T16:00,32.1,0.00,0.00,0.00,30.8,18.4,177,37.8
2024-08-23T17:00,31.7,0.00,0.00,0.00,32.3,8.0,170,35.6
2024-08-23T18:00,31.5,0.00,0.00,0.00,32.1,5.6,153,18.0
2024-08-23T19:00,30.1,0.00,0.00,0.00,31.4,2.5,82,11.2
2024-08-23T20:00,27.0,0.00,0.00,0.00,28.2,4.3,318,4.3
2024-08-23T21:00,26.7,0.00,0.00,0.00,27.6,5.6,315,9.0
2024-08-23T22:00,26.1,0.00,0.00,0.00,27.0,5.6,15,9.0
2024-08-23T23:00,25.8,0.00,0.00,0.00,26.4,7.3,11,14.8
2024-08-24T00:00,25.4,0.00,0.00,0.00,25.7,8.7,17,13.3
2024-08-24T01:00,25.5,0.00,0.00,0.00,23.8,13.4,66,22.7
2024-08-24T02:00,25.4,0.00,0.00,0.00,23.0,13.1,82,23.0
2024-08-24T03:00,24.8,0.00,0.00,0.00,22.6,12.8,79,22.3
2024-08-24T04:00,22.5,0.00,0.00,0.00,22.8,10.4,110,24.5
2024-08-24T05:00,22.4,0.00,0.00,0.00,21.8,13.6,101,24.1
2024-08-24T06:00,22.3,0.00,0.00,0.00,22.0,10.0,105,23.4
2024-08-24T07:00,23.5,0.00,0.00,0.00,22.6,14.9,97,25.6
2024-08-24T08:00,25.2,0.00,0.00,0.00,24.9,13.1,98,26.6
2024-08-24T09:00,27.1,0.00,0.00,0.00,26.8,14.3,100,30.2
2024-08-24T10:00,29.2,0.00,0.00,0.00,28.9,13.7,104,31.0
2024-08-24T11:00,30.9,0.00,0.00,0.00,30.8,14.1,103,31.7
2024-08-24T12:00,32.4,0.00,0.00,0.00,32.1,14.6,110,32.8
2024-08-24T13:00,33.5,0.00,0.00,0.00,33.3,15.3,109,34.9
2024-08-24T14:00,34.3,0.00,0.00,0.00,33.7,15.7,106,34.9
2024-08-24T15:00,34.6,0.00,0.00,0.00,33.4,15.8,102,34.6
2024-08-24T16:00,33.4,0.00,0.00,0.00,31.4,16.7,97,34.2
2024-08-24T17:00,32.7,0.00,0.00,0.00,30.4,18.0,90,35.3
2024-08-24T18:00,31.8,0.00,0.00,0.00,29.8,16.0,98,35.3
2024-08-24T19:00,29.9,0.00,0.00,0.00,28.9,9.7,105,29.2
2024-08-24T20:00,27.9,0.00,0.00,0.00,26.9,9.4,86,16.2
2024-08-24T21:00,27.1,0.00,0.00,0.00,25.3,14.0,72,23.4
2024-08-24T22:00,26.9,0.00,0.00,0.00,24.4,15.9,85,28.1
2024-08-24T23:00,26.0,0.00,0.00,0.00,23.2,14.9,75,28.1
2024-08-25T00:00,25.1,0.00,0.00,0.00,22.1,14.4,77,26.3
2024-08-25T01:00,24.2,0.00,0.00,0.00,21.2,13.3,71,25.2
2024-08-25T02:00,23.4,0.00,0.00,0.00,20.4,13.4,66,22.7
2024-08-25T03:00,22.7,0.00,0.00,0.00,19.7,13.7,63,23.4
2024-08-25T04:00,21.2,0.00,0.00,0.00,19.1,13.4,66,23.0
2024-08-25T05:00,20.7,0.00,0.00,0.00,18.6,13.7,67,24.1
2024-08-25T06:00,20.4,0.00,0.00,0.00,18.2,14.0,64,24.1
2024-08-25T07:00,21.7,0.00,0.00,0.00,19.6,13.6,68,26.3
2024-08-25T08:00,23.5,0.00,0.00,0.00,21.2,14.3,72,28.8
2024-08-25T09:00,25.7,0.00,0.00,0.00,23.1,15.7,70,32.4
2024-08-25T10:00,27.8,0.00,0.00,0.00,24.6,18.5,77,37.8
2024-08-25T11:00,29.3,0.00,0.00,0.00,26.2,20.8,81,42.5
2024-08-25T12:00,30.3,0.00,0.00,0.00,27.5,20.6,85,43.2
2024-08-25T13:00,31.2,0.00,0.00,0.00,28.3,20.5,80,42.8
2024-08-25T14:00,31.8,0.00,0.00,0.00,28.7,20.5,75,42.8
2024-08-25T15:00,32.0,0.00,0.00,0.00,28.4,20.9,71,42.5
2024-08-25T16:00,31.5,0.00,0.00,0.00,27.7,22.1,68,43.9
2024-08-25T17:00,31.1,0.00,0.00,0.00,27.2,22.5,68,43.9
2024-08-25T18:00,30.0,0.00,0.00,0.00,25.9,22.2,63,43.2
2024-08-25T19:00,28.5,0.00,0.00,0.00,24.7,18.8,64,40.0
2024-08-25T20:00,27.2,0.00,0.00,0.00,23.5,17.8,69,33.8
2024-08-25T21:00,26.5,0.00,0.00,0.00,22.9,17.1,65,31.3
2024-08-25T22:00,26.0,0.00,0.00,0.00,22.4,17.2,70,30.6
2024-08-25T23:00,25.3,0.00,0.00,0.00,21.8,15.9,72,30.6
2024-08-26T00:00,24.3,0.00,0.00,0.00,21.2,13.7,72,27.7
2024-08-26T01:00,23.4,0.00,0.00,0.00,20.6,12.3,69,23.0
2024-08-26T02:00,22.7,0.00,0.00,0.00,20.1,11.3,68,20.9
2024-08-26T03:00,22.1,0.00,0.00,0.00,19.5,11.9,55,20.2
2024-08-26T04:00,20.6,0.00,0.00,0.00,18.2,13.0,44,21.6
2024-08-26T05:00,20.5,0.00,0.00,0.00,18.1,13.0,51,23.0
2024-08-26T06:00,20.4,0.00,0.00,0.00,18.1,12.7,55,22.3
2024-08-26T07:00,21.9,0.00,0.00,0.00,19.8,13.8,47,24.1
2024-08-26T08:00,24.4,0.00,0.00,0.00,22.4,13.0,51,25.9
2024-08-26T09:00,27.0,0.00,0.00,0.00,24.8,14.6,57,30.6
2024-08-26T10:00,29.4,0.00,0.00,0.00,26.5,17.3,69,35.6
2024-08-26T11:00,30.8,0.00,0.00,0.00,28.0,19.6,77,40.7
2024-08-26T12:00,31.7,0.00,0.00,0.00,29.3,21.2,72,43.6
2024-08-26T13:00,32.4,0.00,0.00,0.00,30.4,21.6,72,45.4
2024-08-26T14:00,32.6,0.00,0.00,0.00,30.4,22.0,69,45.4
2024-08-26T15:00,32.5,0.00,0.00,0.00,29.7,22.1,64,45.0
2024-08-26T16:00,32.5,0.00,0.00,0.00,28.8,21.2,75,42.8
2024-08-26T17:00,32.1,0.00,0.00,0.00,28.5,19.7,81,41.8
2024-08-26T18:00,31.3,0.00,0.00,0.00,28.1,17.2,74,38.2
2024-08-26T19:00,29.2,0.00,0.00,0.00,26.8,11.2,69,30.6
2024-08-26T20:00,28.0,0.00,0.00,0.00,25.5,12.2,47,19.8
2024-08-26T21:00,27.6,0.00,0.00,0.00,24.8,16.1,61,28.1
2024-08-26T22:00,27.3,0.00,0.00,0.00,24.6,17.4,68,31.3
2024-08-26T23:00,26.5,0.00,0.00,0.00,24.5,13.7,76,31.0
2024-08-27T00:00,26.1,0.00,0.00,0.00,24.1,14.6,80,25.2
2024-08-27T01:00,25.3,0.00,0.00,0.00,23.1,15.8,69,27.7
2024-08-27T02:00,24.8,0.00,0.00,0.00,22.3,17.3,67,29.9
2024-08-27T03:00,24.4,0.00,0.00,0.00,21.9,17.6,67,31.0
2024-08-27T04:00,22.1,0.00,0.00,0.00,20.5,14.8,64,25.6
2024-08-27T05:00,21.9,0.00,0.00,0.00,19.8,17.2,61,30.2
2024-08-27T06:00,21.9,0.00,0.00,0.00,19.7,18.3,68,32.0
2024-08-27T07:00,22.6,0.00,0.00,0.00,20.5,17.7,66,33.8
2024-08-27T08:00,24.0,0.00,0.00,0.00,21.6,19.5,67,36.7
2024-08-27T09:00,25.9,0.00,0.00,0.00,23.2,20.9,75,41.0
2024-08-27T10:00,27.8,0.00,0.00,0.00,24.8,21.5,80,42.8
2024-08-27T11:00,29.6,0.00,0.00,0.00,26.2,23.4,86,46.4
2024-08-27T12:00,31.2,0.00,0.00,0.00,27.8,24.5,94,49.3
2024-08-27T13:00,32.1,0.00,0.00,0.00,28.7,24.7,98,49.7
2024-08-27T14:00,32.5,0.00,0.00,0.00,28.8,24.7,103,49.7
2024-08-27T15:00,32.3,0.00,0.00,0.00,28.4,23.4,104,49.0
2024-08-27T16:00,32.7,0.00,0.00,0.00,28.8,22.2,103,47.2
2024-08-27T17:00,32.3,0.00,0.00,0.00,28.4,21.2,100,43.2
2024-08-27T18:00,31.3,0.00,0.00,0.00,28.3,15.3,117,41.0
2024-08-27T19:00,28.9,0.00,0.00,0.00,27.3,6.6,81,29.5
2024-08-27T20:00,28.6,0.00,0.00,0.00,25.4,15.3,56,24.5
2024-08-27T21:00,29.0,0.00,0.00,0.00,25.2,17.9,80,34.6
2024-08-27T22:00,27.5,0.00,0.00,0.00,24.4,15.6,83,31.7
2024-08-27T23:00,26.7,0.00,0.00,0.00,23.7,16.9,74,29.5
2024-08-28T00:00,26.3,0.00,0.00,0.00,23.0,19.4,75,33.5
2024-08-28T01:00,26.0,0.00,0.00,0.00,22.5,20.3,77,36.0
2024-08-28T02:00,25.6,0.00,0.00,0.00,22.2,20.8,80,37.1
2024-08-28T03:00,25.3,0.00,0.00,0.00,22.0,20.1,81,37.1
2024-08-28T04:00,24.2,0.00,0.00,0.00,21.6,18.4,79,33.1
2024-08-28T05:00,23.7,0.00,0.00,0.00,21.0,19.1,79,33.5
2024-08-28T06:00,23.4,0.00,0.00,0.00,20.5,19.9,85,34.9
2024-08-28T07:00,24.3,0.00,0.00,0.00,21.1,20.2,87,37.1
2024-08-28T08:00,25.3,0.00,0.00,0.00,21.8,20.9,87,38.5
2024-08-28T09:00,26.7,0.00,0.00,0.00,23.2,21.3,87,41.8
2024-08-28T10:00,28.7,0.00,0.00,0.00,25.4,22.0,86,43.6
2024-08-28T11:00,30.5,0.00,0.00,0.00,27.6,23.0,90,46.4
2024-08-28T12:00,31.8,0.00,0.00,0.00,29.1,24.5,93,49.3
2024-08-28T13:00,32.7,0.00,0.00,0.00,29.9,26.0,96,51.8
2024-08-28T14:00,33.3,0.00,0.00,0.00,30.2,26.1,96,52.2
2024-08-28T15:00,33.6,0.00,0.00,0.00,29.9,25.8,97,51.5
2024-08-28T16:00,33.2,0.00,0.00,0.00,28.9,25.7,96,52.2
2024-08-28T17:00,32.7,0.00,0.00,0.00,28.2,24.2,95,49.3
2024-08-28T18:00,31.8,0.00,0.00,0.00,27.5,20.9,93,45.7
2024-08-28T19:00,30.2,0.00,0.00,0.00,26.0,18.4,84,37.8
2024-08-28T20:00,28.7,0.00,0.00,0.00,24.5,18.2,65,33.1
2024-08-28T21:00,27.5,0.00,0.00,0.00,22.9,21.4,65,37.4
2024-08-28T22:00,26.9,0.00,0.00,0.00,22.5,19.8,65,37.8
2024-08-28T23:00,26.2,0.00,0.00,0.00,22.0,18.4,62,34.9
2024-08-29T00:00,25.5,0.00,0.00,0.00,21.4,18.5,61,32.8
2024-08-29T01:00,25.1,0.00,0.00,0.00,21.2,18.7,62,32.8
2024-08-29T02:00,24.7,0.00,0.00,0.00,20.9,18.7,67,33.8
2024-08-29T03:00,24.1,0.00,0.00,0.00,20.8,17.8,72,32.4
2024-08-29T04:00,22.9,0.00,0.00,0.00,21.0,14.5,83,27.0
2024-08-29T05:00,22.8,0.00,0.00,0.00,21.0,17.0,84,29.5
2024-08-29T06:00,22.4,0.00,0.00,0.00,20.8,18.4,90,32.8
2024-08-29T07:00,23.3,0.00,0.00,0.00,21.7,17.4,84,33.5
2024-08-29T08:00,24.7,0.00,0.00,0.00,22.0,21.7,85,41.4
2024-08-29T09:00,25.9,0.00,0.00,0.00,22.9,23.1,88,44.6
2024-08-29T10:00,25.8,0.00,0.00,0.00,22.9,22.9,83,45.0
2024-08-29T11:00,27.3,0.90,0.00,0.90,24.9,22.8,84,44.6
2024-08-29T12:00,28.2,0.40,0.00,0.40,24.8,25.7,75,49.7
2024-08-29T13:00,27.6,0.00,0.00,0.00,23.9,26.8,66,51.1
2024-08-29T14:00,28.2,0.00,0.00,0.00,24.2,28.5,61,55.4
2024-08-29T15:00,29.3,0.00,0.00,0.00,25.2,27.7,67,56.9
2024-08-29T16:00,30.6,0.00,0.00,0.00,26.1,29.2,61,55.8
2024-08-29T17:00,30.0,0.00,0.00,0.00,25.7,27.4,76,55.4
2024-08-29T18:00,28.9,0.00,0.00,0.00,25.0,23.7,64,51.8
2024-08-29T19:00,27.6,0.00,0.00,0.00,23.3,24.8,60,44.3
2024-08-29T20:00,27.1,0.00,0.00,0.00,22.6,25.2,59,45.4
2024-08-29T21:00,26.4,0.00,0.00,0.00,21.9,24.5,64,45.4
2024-08-29T22:00,26.0,0.00,0.00,0.00,21.3,23.8,65,43.9
2024-08-29T23:00,25.5,0.00,0.00,0.00,20.8,22.9,68,42.5
2024-08-30T00:00,24.8,0.00,0.00,0.00,20.5,21.9,73,41.0
2024-08-30T01:00,24.4,0.00,0.00,0.00,20.4,20.1,75,38.5
2024-08-30T02:00,23.6,0.00,0.00,0.00,20.0,17.3,78,35.6
2024-08-30T03:00,23.0,0.00,0.00,0.00,19.3,18.4,73,32.4
2024-08-30T04:00,21.9,0.00,0.00,0.00,18.9,18.3,75,32.0
2024-08-30T05:00,21.2,0.00,0.00,0.00,17.9,18.8,70,33.5
2024-08-30T06:00,20.9,0.00,0.00,0.00,17.2,21.2,72,37.1
2024-08-30T07:00,21.7,0.00,0.00,0.00,18.3,18.7,74,39.2
2024-08-30T08:00,23.0,0.00,0.00,0.00,19.5,19.9,77,37.1
2024-08-30T09:00,24.3,0.00,0.00,0.00,20.1,24.4,77,46.1
2024-08-30T10:00,26.5,0.00,0.00,0.00,22.2,25.8,82,50.4
2024-08-30T11:00,28.2,0.00,0.00,0.00,24.1,26.0,84,51.5
2024-08-30T12:00,30.2,0.00,0.00,0.00,26.0,26.5,82,52.6
2024-08-30T13:00,31.3,0.00,0.00,0.00,26.7,28.4,82,55.4
2024-08-30T14:00,32.4,0.00,0.00,0.00,27.3,30.3,87,58.7
2024-08-30T15:00,32.7,0.00,0.00,0.00,27.1,31.0,87,59.8
2024-08-30T16:00,32.8,0.00,0.00,0.00,27.0,27.0,88,52.6
2024-08-30T17:00,32.3,0.00,0.00,0.00,26.8,25.6,91,51.1
2024-08-30T18:00,31.1,0.00,0.00,0.00,26.5,20.2,88,47.2
2024-08-30T19:00,29.9,0.00,0.00,0.00,25.2,20.9,71,38.2
2024-08-30T20:00,28.9,0.00,0.00,0.00,24.3,20.8,62,37.4
2024-08-30T21:00,28.2,0.00,0.00,0.00,23.3,23.4,67,41.4
2024-08-30T22:00,27.6,0.00,0.00,0.00,22.9,23.2,74,42.1
2024-08-30T23:00,26.7,0.00,0.00,0.00,22.5,20.8,80,41.4
2024-08-31T00:00,25.7,0.00,0.00,0.00,21.7,19.6,77,36.7
2024-08-31T01:00,24.9,0.00,0.00,0.00,21.0,18.6,81,34.6
2024-08-31T02:00,24.2,0.00,0.00,0.00,20.4,17.7,77,33.1
2024-08-31T03:00,23.8,0.00,0.00,0.00,19.6,19.3,76,33.5
2024-08-31T04:00,22.3,0.00,0.00,0.00,18.5,17.1,82,32.0
2024-08-31T05:00,21.7,0.00,0.00,0.00,17.8,17.7,77,31.0
2024-08-31T06:00,21.3,0.00,0.00,0.00,17.2,19.5,74,34.2
2024-08-31T07:00,22.3,0.00,0.00,0.00,17.9,22.0,75,39.2
2024-08-31T08:00,23.9,0.00,0.00,0.00,19.8,20.7,73,38.2
2024-08-31T09:00,25.6,0.00,0.00,0.00,21.6,22.5,78,43.2
2024-08-31T10:00,28.1,0.00,0.00,0.00,23.7,25.1,83,48.6
2024-08-31T11:00,29.8,0.00,0.00,0.00,25.5,26.3,88,51.8
2024-08-31T12:00,31.2,0.00,0.00,0.00,26.4,28.1,91,54.0
2024-08-31T13:00,31.9,0.00,0.00,0.00,26.5,29.9,100,58.0
2024-08-31T14:00,32.2,0.00,0.00,0.00,26.7,29.0,96,58.0
2024-08-31T15:00,32.8,0.00,0.00,0.00,27.3,28.1,93,55.8
2024-08-31T16:00,32.5,0.00,0.00,0.00,27.3,24.9,92,50.8
2024-08-31T17:00,32.5,0.00,0.00,0.00,27.5,22.5,97,46.4
2024-08-31T18:00,31.3,0.00,0.00,0.00,26.8,20.8,104,41.8
2024-08-31T19:00,30.2,0.00,0.00,0.00,26.6,15.5,93,37.8
2024-08-31T20:00,28.5,0.00,0.00,0.00,25.5,12.1,67,26.6
2024-08-31T21:00,28.5,0.00,0.00,0.00,24.4,19.8,74,33.8
2024-08-31T22:00,28.1,0.00,0.00,0.00,24.3,18.4,90,36.7
2024-08-31T23:00,27.7,0.00,0.00,0.00,23.7,21.2,80,37.1
2024-09-01T00:00,27.0,0.00,0.00,0.00,22.7,25.1,83,44.6
2024-09-01T01:00,26.8,0.00,0.00,0.00,22.8,22.3,91,45.0
2024-09-01T02:00,25.8,0.00,0.00,0.00,22.7,16.9,89,39.6
2024-09-01T03:00,25.7,0.00,0.00,0.00,21.5,22.7,80,40.7
2024-09-01T04:00,24.1,0.00,0.00,0.00,20.1,21.9,81,39.6
2024-09-01T05:00,23.3,0.00,0.00,0.00,19.2,21.5,76,39.2
2024-09-01T06:00,22.7,0.00,0.00,0.00,18.3,22.6,73,40.0
2024-09-01T07:00,23.2,0.00,0.00,0.00,19.0,22.5,74,42.5
2024-09-01T08:00,24.4,0.00,0.00,0.00,19.9,25.1,74,46.4
2024-09-01T09:00,25.8,0.00,0.00,0.00,21.1,26.7,76,51.1
2024-09-01T10:00,27.2,0.00,0.00,0.00,22.5,27.3,77,52.9
2024-09-01T11:00,28.6,0.00,0.00,0.00,24.2,28.4,75,55.4
2024-09-01T12:00,30.0,0.00,0.00,0.00,25.5,28.4,78,55.4
2024-09-01T13:00,30.9,0.00,0.00,0.00,26.0,29.0,79,60.1
2024-09-01T14:00,30.8,0.00,0.00,0.00,25.9,27.3,69,59.0
2024-09-01T15:00,31.8,0.00,0.00,0.00,26.6,28.5,74,54.7
2024-09-01T16:00,30.8,0.00,0.00,0.00,25.2,28.7,78,56.9
2024-09-01T17:00,30.3,0.00,0.00,0.00,24.6,29.3,74,55.1
2024-09-01T18:00,29.4,0.00,0.00,0.00,24.1,27.1,68,54.7
2024-09-01T19:00,28.4,0.00,0.00,0.00,23.4,25.3,67,49.3
2024-09-01T20:00,27.8,0.00,0.00,0.00,23.8,19.5,67,46.1
2024-09-01T21:00,26.7,0.00,0.00,0.00,23.1,16.5,74,34.6
2024-09-01T22:00,26.2,0.00,0.00,0.00,22.6,18.8,64,32.0
2024-09-01T23:00,26.4,0.00,0.00,0.00,22.5,22.6,68,40.0
2024-09-02T00:00,25.9,0.00,0.00,0.00,22.3,24.8,73,44.6
2024-09-02T01:00,25.5,0.00,0.00,0.00,22.2,24.0,71,44.3
2024-09-02T02:00,25.1,0.00,0.00,0.00,21.7,23.0,73,42.8
2024-09-02T03:00,24.7,0.00,0.00,0.00,21.0,23.4,76,42.5
2024-09-02T04:00,23.0,0.00,0.00,0.00,19.7,23.0,76,41.0
2024-09-02T05:00,22.7,0.00,0.00,0.00,19.3,23.6,74,42.1
2024-09-02T06:00,22.5,0.00,0.00,0.00,19.0,24.0,73,43.2
2024-09-02T07:00,23.2,0.00,0.00,0.00,19.6,24.7,74,46.8
2024-09-02T08:00,24.6,0.00,0.00,0.00,20.6,27.1,76,50.4
2024-09-02T09:00,26.3,0.00,0.00,0.00,21.9,28.8,81,54.7
2024-09-02T10:00,28.0,0.00,0.00,0.00,23.9,28.2,85,54.7
2024-09-02T11:00,29.7,0.00,0.00,0.00,26.1,27.4,86,54.4
2024-09-02T12:00,30.7,0.00,0.00,0.00,27.3,26.0,93,53.6
2024-09-02T13:00,32.0,0.00,0.00,0.00,29.6,23.5,101,50.8
2024-09-02T14:00,32.8,0.00,0.00,0.00,30.2,23.0,100,48.6
2024-09-02T15:00,32.0,0.00,0.00,0.00,28.8,26.7,119,49.3
2024-09-02T16:00,31.7,0.00,0.00,0.00,26.7,30.7,72,61.6
2024-09-02T17:00,31.0,0.00,0.00,0.00,26.4,27.3,59,57.6
2024-09-02T18:00,30.7,0.00,0.00,0.00,26.6,23.4,61,51.5
2024-09-02T19:00,30.3,0.00,0.00,0.00,26.3,22.6,76,42.1
2024-09-02T20:00,29.0,0.00,0.00,0.00,25.3,21.4,65,40.3
2024-09-02T21:00,28.2,0.00,0.00,0.00,24.3,22.8,78,41.0
2024-09-02T22:00,26.6,0.20,0.00,0.20,23.9,17.6,90,41.0
2024-09-02T23:00,27.0,0.00,0.00,0.00,23.0,22.6,82,40.0
2024-09-03T00:00,26.3,0.00,0.00,0.00,22.3,22.1,84,40.3
2024-09-03T01:00,25.3,0.00,0.00,0.00,21.3,22.0,90,40.0
2024-09-03T02:00,24.3,0.00,0.00,0.00,21.9,12.6,117,38.9
2024-09-03T03:00,23.9,0.00,0.00,0.00,21.6,12.1,100,21.6
2024-09-03T04:00,19.0,1.50,0.00,1.50,21.1,6.1,93,28.8
2024-09-03T05:00,18.0,0.70,0.00,0.70,17.6,18.7,56,33.5
2024-09-03T06:00,17.3,1.80,0.00,1.80,16.6,19.3,69,33.8
2024-09-03T07:00,17.3,0.40,0.00,0.40,16.1,19.6,70,35.3
2024-09-03T08:00,18.8,0.00,0.00,0.00,18.1,15.1,65,34.2
2024-09-03T09:00,21.1,0.00,0.00,0.00,19.8,16.1,70,31.7
2024-09-03T10:00,24.7,0.00,0.00,0.00,22.7,16.2,86,34.2
2024-09-03T11:00,27.1,0.00,0.00,0.00,25.8,14.6,100,34.2
2024-09-03T12:00,28.6,0.00,0.00,0.00,28.1,13.3,103,32.4
2024-09-03T13:00,29.4,0.00,0.00,0.00,29.3,12.3,97,30.2
2024-09-03T14:00,30.1,0.00,0.00,0.00,29.9,12.3,87,29.2
2024-09-03T15:00,30.3,0.00,0.00,0.00,29.6,12.7,82,29.2
2024-09-03T16:00,28.5,0.00,0.00,0.00,25.9,17.4,72,35.6
2024-09-03T17:00,28.3,0.00,0.00,0.00,25.6,17.9,75,36.0
2024-09-03T18:00,27.7,0.00,0.00,0.00,25.2,15.4,79,35.3
2024-09-03T19:00,26.3,0.00,0.00,0.00,24.0,13.4,66,27.7
2024-09-03T20:00,25.4,0.00,0.00,0.00,23.3,12.4,60,23.8
2024-09-03T21:00,24.9,0.00,0.00,0.00,21.8,17.2,53,29.5
2024-09-03T22:00,24.1,0.00,0.00,0.00,20.7,17.8,54,32.4
2024-09-03T23:00,23.7,0.00,0.00,0.00,20.2,17.2,53,31.3
2024-09-04T00:00,23.3,0.00,0.00,0.00,19.8,17.3,59,30.6
2024-09-04T01:00,22.9,0.00,0.00,0.00,19.7,16.4,61,29.9
2024-09-04T02:00,22.5,0.00,0.00,0.00,19.4,15.8,66,28.8
2024-09-04T03:00,22.4,0.00,0.00,0.00,19.3,16.4,71,28.8
2024-09-04T04:00,21.2,0.00,0.00,0.00,19.2,12.9,63,22.0
2024-09-04T05:00,21.0,0.00,0.00,0.00,18.7,14.3,62,24.8
2024-09-04T06:00,21.0,0.00,0.00,0.00,18.4,16.4,64,28.8
2024-09-04T07:00,21.4,0.00,0.00,0.00,18.7,16.7,71,31.7
2024-09-04T08:00,22.8,0.00,0.00,0.00,19.8,17.7,73,33.8
2024-09-04T09:00,24.4,0.00,0.00,0.00,21.1,18.9,76,37.4
2024-09-04T10:00,25.9,0.00,0.00,0.00,22.3,20.1,81,40.7
2024-09-04T11:00,27.4,0.00,0.00,0.00,23.8,21.0,78,42.8
2024-09-04T12:00,28.3,0.00,0.00,0.00,24.7,21.0,78,43.6
2024-09-04T13:00,29.3,0.00,0.00,0.00,26.0,20.0,82,43.6
2024-09-04T14:00,29.6,0.00,0.00,0.00,25.9,20.5,88,42.1
2024-09-04T15:00,29.4,0.00,0.00,0.00,25.5,20.5,89,42.5
2024-09-04T16:00,28.9,0.00,0.00,0.00,25.0,18.5,82,38.5
2024-09-04T17:00,28.9,0.00,0.00,0.00,24.7,18.8,78,37.4
2024-09-04T18:00,28.4,0.00,0.00,0.00,24.5,15.5,62,35.6
2024-09-04T19:00,26.6,0.00,0.00,0.00,22.8,12.8,50,27.7
2024-09-04T20:00,25.9,0.00,0.00,0.00,21.6,15.3,60,26.3
2024-09-04T21:00,25.2,0.00,0.00,0.00,20.7,15.7,70,28.1
2024-09-04T22:00,24.5,0.00,0.00,0.00,19.2,21.1,70,36.7
2024-09-04T23:00,23.8,0.00,0.00,0.00,19.0,19.7,72,37.4
2024-09-05T00:00,23.7,0.00,0.00,0.00,18.7,20.9,71,37.4
2024-09-05T01:00,22.9,0.00,0.00,0.00,18.4,18.4,78,37.4
2024-09-05T02:00,22.9,0.00,0.00,0.00,18.5,18.4,79,32.8
2024-09-05T03:00,22.8,0.00,0.00,0.00,18.1,19.5,74,34.9
2024-09-05T04:00,21.1,0.00,0.00,0.00,17.1,17.2,74,31.0
2024-09-05T05:00,20.7,0.00,0.00,0.00,16.5,18.2,72,32.0
2024-09-05T06:00,20.4,0.00,0.00,0.00,16.0,19.7,72,34.9
2024-09-05T07:00,20.9,0.00,0.00,0.00,16.6,20.1,75,35.6
2024-09-05T08:00,22.1,0.00,0.00,0.00,18.0,20.5,75,38.2
2024-09-05T09:00,23.5,0.00,0.00,0.00,19.5,21.3,74,41.8
2024-09-05T10:00,25.6,0.00,0.00,0.00,22.1,20.9,79,41.8
2024-09-05T11:00,27.3,0.00,0.00,0.00,24.0,21.8,82,43.9
2024-09-05T12:00,28.5,0.00,0.00,0.00,24.9,22.8,84,46.1
2024-09-05T13:00,29.1,0.00,0.00,0.00,25.1,24.3,84,47.9
2024-09-05T14:00,29.4,0.00,0.00,0.00,25.4,25.0,83,49.3
2024-09-05T15:00,29.5,0.00,0.00,0.00,25.3,25.1,78,49.3
2024-09-05T16:00,29.1,0.00,0.00,0.00,24.4,24.1,73,46.4
2024-09-05T17:00,28.6,0.00,0.00,0.00,23.5,27.0,63,50.4
2024-09-05T18:00,27.1,0.00,0.00,0.00,22.0,27.6,57,53.6
2024-09-05T19:00,26.0,0.00,0.00,0.00,21.1,26.4,51,49.0
2024-09-05T20:00,24.8,0.00,0.00,0.00,19.8,28.8,72,52.9
2024-09-05T21:00,23.7,0.00,0.00,0.00,19.1,27.1,73,51.8
2024-09-05T22:00,22.8,0.00,0.00,0.00,18.4,24.5,73,49.0
2024-09-05T23:00,22.2,0.00,0.00,0.00,17.8,23.3,70,44.3
2024-09-06T00:00,21.6,0.00,0.00,0.00,17.3,22.8,69,41.8
2024-09-06T01:00,21.2,0.00,0.00,0.00,16.8,23.3,68,41.8
2024-09-06T02:00,20.8,0.00,0.00,0.00,16.4,23.4,67,42.5
2024-09-06T03:00,20.4,0.00,0.00,0.00,16.2,22.8,69,42.1
2024-09-06T04:00,19.0,0.00,0.00,0.00,14.9,22.5,68,40.3
2024-09-06T05:00,18.7,0.00,0.00,0.00,14.2,23.7,70,42.1
2024-09-06T06:00,18.3,0.00,0.00,0.00,13.5,24.6,75,44.3
2024-09-06T07:00,18.8,0.00,0.00,0.00,14.0,22.9,77,45.7
2024-09-06T08:00,19.8,0.00,0.00,0.00,14.4,26.6,77,49.7
2024-09-06T09:00,21.1,0.00,0.00,0.00,15.7,26.9,78,51.8
2024-09-06T10:00,22.6,0.00,0.00,0.00,17.2,27.0,77,52.9
2024-09-06T11:00,24.1,0.00,0.00,0.00,19.1,27.9,79,54.7
2024-09-06T12:00,25.1,0.00,0.00,0.00,20.3,29.0,79,56.9
2024-09-06T13:00,25.5,0.00,0.00,0.00,20.5,29.2,77,57.6
2024-09-06T14:00,25.7,0.00,0.00,0.00,20.5,28.5,77,57.2
2024-09-06T15:00,25.9,0.00,0.00,0.00,20.3,27.9,75,55.8
2024-09-06T16:00,25.6,0.00,0.00,0.00,19.2,27.4,89,55.1
2024-09-06T17:00,25.1,0.00,0.00,0.00,18.9,26.3,87,52.2
2024-09-06T18:00,24.1,0.00,0.00,0.00,18.4,23.2,83,49.7
2024-09-06T19:00,22.2,0.00,0.00,0.00,16.9,21.1,65,42.5
2024-09-06T20:00,20.9,0.00,0.00,0.00,15.0,25.6,62,45.4
2024-09-06T21:00,20.5,0.00,0.00,0.00,14.4,26.7,64,49.3
2024-09-06T22:00,20.0,0.00,0.00,0.00,14.0,25.7,70,47.9
2024-09-06T23:00,19.5,0.00,0.00,0.00,13.7,25.0,72,46.4
2024-09-07T00:00,19.0,0.00,0.00,0.00,13.4,24.1,73,45.4
2024-09-07T01:00,18.4,0.00,0.00,0.00,13.0,23.0,73,43.2
2024-09-07T02:00,17.9,0.00,0.00,0.00,12.6,22.6,73,41.4
2024-09-07T03:00,17.4,0.00,0.00,0.00,12.3,21.7,75,40.0
2024-09-07T04:00,15.8,0.00,0.00,0.00,11.1,20.0,72,36.7
2024-09-07T05:00,15.3,0.00,0.00,0.00,10.6,20.3,70,36.0
2024-09-07T06:00,14.9,0.00,0.00,0.00,10.3,19.8,71,36.0
2024-09-07T07:00,15.7,0.00,0.00,0.00,11.2,18.8,70,37.1
2024-09-07T08:00,17.3,0.00,0.00,0.00,12.6,21.1,70,40.0
2024-09-07T09:00,19.3,0.00,0.00,0.00,14.5,23.6,78,45.4
2024-09-07T10:00,21.1,0.00,0.00,0.00,15.8,26.4,85,51.5
2024-09-07T11:00,22.5,0.00,0.00,0.00,17.1,28.5,86,55.8
2024-09-07T12:00,23.6,0.00,0.00,0.00,18.4,27.8,85,55.8
2024-09-07T13:00,24.7,0.00,0.00,0.00,19.3,27.9,83,55.1
2024-09-07T14:00,25.3,0.00,0.00,0.00,19.8,26.7,85,54.7
2024-09-07T15:00,25.5,0.00,0.00,0.00,19.6,26.3,86,52.9
2024-09-07T16:00,25.4,0.00,0.00,0.00,19.1,25.2,93,50.4
2024-09-07T17:00,24.8,0.00,0.00,0.00,18.6,24.5,92,48.2
2024-09-07T18:00,23.7,0.00,0.00,0.00,18.0,20.9,90,46.1
2024-09-07T19:00,22.1,0.00,0.00,0.00,16.7,18.9,82,37.8
2024-09-07T20:00,20.9,0.00,0.00,0.00,15.7,18.2,65,33.5
2024-09-07T21:00,20.0,0.00,0.00,0.00,14.7,20.1,63,35.3
2024-09-07T22:00,19.6,0.00,0.00,0.00,14.2,21.2,69,37.4
2024-09-07T23:00,19.3,0.00,0.00,0.00,13.8,21.6,72,38.5
2024-09-08T00:00,18.9,0.00,0.00,0.00,13.5,21.1,73,38.2
2024-09-08T01:00,18.4,0.00,0.00,0.00,13.2,20.1,75,37.4
2024-09-08T02:00,18.0,0.00,0.00,0.00,12.8,20.0,76,36.0
2024-09-08T03:00,17.4,0.00,0.00,0.00,12.5,18.9,77,35.3
2024-09-08T04:00,16.2,0.00,0.00,0.00,11.5,19.0,71,33.8
2024-09-08T05:00,16.1,0.00,0.00,0.00,11.1,20.9,71,37.1
2024-09-08T06:00,15.8,0.00,0.00,0.00,10.8,21.6,72,38.9
2024-09-08T07:00,16.3,0.00,0.00,0.00,11.3,22.8,74,41.4
2024-09-08T08:00,17.7,0.00,0.00,0.00,12.6,23.6,74,43.2
2024-09-08T09:00,19.4,0.00,0.00,0.00,14.1,25.9,80,50.0
2024-09-08T10:00,21.2,0.00,0.00,0.00,15.8,27.4,85,53.3
2024-09-08T11:00,22.8,0.00,0.00,0.00,17.4,28.4,89,55.8
2024-09-08T12:00,23.9,0.00,0.00,0.00,18.1,29.2,86,57.2
2024-09-08T13:00,25.2,0.00,0.00,0.00,19.3,29.6,86,58.0
2024-09-08T14:00,25.9,0.00,0.00,0.00,20.0,28.5,88,57.6
2024-09-08T15:00,26.1,0.00,0.00,0.00,19.9,28.1,88,55.4
2024-09-08T16:00,26.3,0.00,0.00,0.00,20.2,27.0,92,53.6
2024-09-08T17:00,25.6,0.00,0.00,0.00,19.7,25.7,95,51.5
2024-09-08T18:00,24.6,0.00,0.00,0.00,19.2,22.0,88,48.2
2024-09-08T19:00,23.3,0.00,0.00,0.00,18.3,19.1,79,40.0
2024-09-08T20:00,22.9,0.00,0.00,0.00,17.9,17.7,77,33.8
2024-09-08T21:00,22.4,0.00,0.00,0.00,16.9,21.2,75,36.7
2024-09-08T22:00,22.2,0.00,0.00,0.00,16.5,22.0,79,40.7
2024-09-08T23:00,21.4,0.00,0.00,0.00,15.8,21.1,82,39.2
2024-09-09T00:00,20.8,0.00,0.00,0.00,15.5,20.2,90,38.5
2024-09-09T01:00,19.9,0.20,0.00,0.20,15.5,18.0,102,35.6
2024-09-09T02:00,19.5,0.10,0.00,0.10,15.3,19.0,80,32.8
2024-09-09T03:00,19.7,0.00,0.00,0.00,15.3,18.4,84,33.5
2024-09-09T04:00,18.3,0.00,0.00,0.00,14.0,19.8,89,36.7
2024-09-09T05:00,17.6,0.00,0.00,0.00,13.4,19.1,87,34.9
2024-09-09T06:00,17.0,0.00,0.00,0.00,12.9,18.5,82,33.8
2024-09-09T07:00,17.6,0.00,0.00,0.00,13.2,20.0,82,35.3
2024-09-09T08:00,19.1,0.00,0.00,0.00,14.2,22.7,80,42.1
2024-09-09T09:00,20.8,0.00,0.00,0.00,15.7,24.5,86,47.2
2024-09-09T10:00,22.6,0.00,0.00,0.00,17.8,24.5,93,48.6
2024-09-09T11:00,24.3,0.00,0.00,0.00,20.2,25.1,98,49.7
2024-09-09T12:00,25.5,0.00,0.00,0.00,21.8,24.9,101,50.4
2024-09-09T13:00,26.5,0.00,0.00,0.00,23.4,23.9,102,49.7
2024-09-09T14:00,27.1,0.00,0.00,0.00,24.2,23.9,106,48.2
2024-09-09T15:00,27.0,0.00,0.00,0.00,23.9,24.4,109,48.6
2024-09-09T16:00,23.5,0.00,0.00,0.00,19.0,27.7,103,58.3
2024-09-09T17:00,23.7,0.00,0.00,0.00,19.8,24.1,88,52.6
2024-09-09T18:00,23.3,0.00,0.00,0.00,20.2,17.0,84,45.4
2024-09-09T19:00,22.0,0.00,0.00,0.00,19.6,9.7,63,29.9
2024-09-09T20:00,22.1,0.00,0.00,0.00,19.5,9.7,51,17.6
2024-09-09T21:00,21.4,0.00,0.00,0.00,17.2,19.9,73,32.8
2024-09-09T22:00,20.8,0.00,0.00,0.00,16.5,21.3,79,38.5
2024-09-09T23:00,20.2,0.00,0.00,0.00,16.3,19.1,78,37.8
2024-09-10T00:00,20.3,0.00,0.00,0.00,16.4,19.0,80,33.8
2024-09-10T01:00,20.1,0.00,0.00,0.00,16.0,19.2,82,34.6
2024-09-10T02:00,19.5,0.10,0.00,0.10,16.4,16.3,96,34.2
2024-09-10T03:00,19.2,0.20,0.00,0.20,15.6,19.4,79,32.4
2024-09-10T04:00,18.9,0.00,0.00,0.00,16.1,18.8,83,33.1
2024-09-10T05:00,18.5,0.00,0.00,0.00,16.1,19.8,92,34.6
2024-09-10T06:00,18.0,0.00,0.00,0.00,16.4,17.7,94,35.3
2024-09-10T07:00,18.6,1.10,0.00,1.10,18.7,7.6,25,31.7
2024-09-10T08:00,17.7,15.70,0.00,15.70,17.1,17.8,32,34.2
2024-09-10T09:00,18.3,4.10,0.00,4.10,17.4,22.1,124,37.8
2024-09-10T10:00,20.1,0.00,0.00,0.00,20.3,15.9,84,39.6
2024-09-10T11:00,21.2,0.00,0.00,0.00,20.7,17.7,86,40.0
2024-09-10T12:00,23.6,0.00,0.00,0.00,24.0,17.2,100,36.4
2024-09-10T13:00,25.5,0.00,0.00,0.00,26.7,13.5,106,35.6
2024-09-10T14:00,26.7,0.00,0.00,0.00,27.8,13.6,112,29.5
2024-09-10T15:00,27.1,0.00,0.00,0.00,27.8,13.0,109,29.5
2024-09-10T16:00,28.9,0.00,0.00,0.00,28.5,12.5,102,29.5
2024-09-10T17:00,28.5,0.00,0.00,0.00,27.8,13.7,88,27.7
2024-09-10T18:00,27.3,0.00,0.00,0.00,26.9,11.7,101,27.7
2024-09-10T19:00,25.6,0.00,0.00,0.00,25.0,13.4,84,22.3
2024-09-10T20:00,24.2,0.00,0.00,0.00,23.3,16.8,80,28.8
2024-09-10T21:00,22.6,0.00,0.00,0.00,21.9,16.5,80,29.2
2024-09-10T22:00,21.5,0.00,0.00,0.00,20.9,15.4,79,28.4
2024-09-10T23:00,21.2,0.00,0.00,0.00,20.6,14.6,80,26.6
2024-09-11T00:00,21.0,0.00,0.00,0.00,20.3,14.5,84,25.2
2024-09-11T01:00,20.7,0.00,0.00,0.00,19.5,16.1,80,27.4
2024-09-11T02:00,20.4,0.00,0.00,0.00,19.4,14.6,81,27.7
2024-09-11T03:00,20.1,0.00,0.00,0.00,19.3,12.8,79,25.2
2024-09-11T04:00,20.4,0.00,0.00,0.00,19.6,12.9,77,22.3
2024-09-11T05:00,20.1,0.00,0.00,0.00,19.3,14.5,76,25.2
2024-09-11T06:00,20.0,0.00,0.00,0.00,19.0,16.2,77,28.1
2024-09-11T07:00,20.6,0.00,0.00,0.00,19.6,16.9,79,31.3
2024-09-11T08:00,22.0,0.00,0.00,0.00,20.8,18.8,85,36.0
2024-09-11T09:00,22.9,0.00,0.00,0.00,21.7,18.8,86,36.7
2024-09-11T10:00,25.1,0.00,0.00,0.00,24.0,18.7,90,37.8
2024-09-11T11:00,27.2,0.00,0.00,0.00,26.5,18.1,95,38.2
2024-09-11T12:00,28.7,0.00,0.00,0.00,28.3,18.2,98,38.2
2024-09-11T13:00,30.0,0.00,0.00,0.00,30.1,18.4,101,38.9
2024-09-11T14:00,30.8,0.00,0.00,0.00,30.8,18.2,98,38.5
2024-09-11T15:00,31.1,0.00,0.00,0.00,30.5,18.8,95,38.5
2024-09-11T16:00,29.9,0.00,0.00,0.00,28.6,18.4,87,37.8
2024-09-11T17:00,29.5,0.00,0.00,0.00,28.0,18.8,86,37.1
2024-09-11T18:00,28.5,0.00,0.00,0.00,27.5,14.4,93,36.0
2024-09-11T19:00,26.6,0.00,0.00,0.00,26.0,10.4,92,25.9
2024-09-11T20:00,25.3,0.00,0.00,0.00,24.8,10.1,94,17.6
2024-09-11T21:00,24.4,0.00,0.00,0.00,23.5,11.2,88,18.4
2024-09-11T22:00,23.8,0.00,0.00,0.00,22.1,13.8,83,23.0
2024-09-11T23:00,23.3,0.00,0.00,0.00,20.6,16.8,80,28.4
2024-09-12T00:00,23.1,0.00,0.00,0.00,19.4,18.8,86,32.8
2024-09-12T01:00,23.0,0.00,0.00,0.00,19.0,19.4,90,34.2
2024-09-12T02:00,22.7,0.00,0.00,0.00,18.8,18.7,91,34.2
2024-09-12T03:00,22.1,0.00,0.00,0.00,18.2,18.7,89,33.1
2024-09-12T04:00,21.4,0.00,0.00,0.00,17.8,20.5,92,36.4
2024-09-12T05:00,21.0,0.00,0.00,0.00,17.2,21.2,91,37.4
2024-09-12T06:00,20.8,0.00,0.00,0.00,16.8,22.3,90,39.6
2024-09-12T07:00,21.4,0.00,0.00,0.00,17.3,23.4,89,42.1
2024-09-12T08:00,22.5,0.00,0.00,0.00,18.3,24.3,84,44.6
2024-09-12T09:00,23.7,0.00,0.00,0.00,19.3,26.3,86,50.4
2024-09-12T10:00,25.2,0.00,0.00,0.00,20.9,27.7,90,53.6
2024-09-12T11:00,26.9,0.00,0.00,0.00,22.9,28.5,94,55.4
2024-09-12T12:00,28.4,0.00,0.00,0.00,24.4,28.6,96,56.2
2024-09-12T13:00,29.5,0.00,0.00,0.00,24.9,29.4,98,56.2
2024-09-12T14:00,30.6,0.00,0.00,0.00,25.7,30.5,102,59.0
2024-09-12T15:00,30.8,0.00,0.00,0.00,25.9,29.4,101,61.6
2024-09-12T16:00,31.5,0.00,0.00,0.00,25.9,29.5,112,59.0
2024-09-12T17:00,30.9,0.00,0.00,0.00,25.9,25.8,117,55.4
2024-09-12T18:00,29.6,0.00,0.00,0.00,25.4,20.9,122,47.2
2024-09-12T19:00,28.0,0.00,0.00,0.00,24.4,17.9,115,37.8
2024-09-12T20:00,27.1,0.00,0.00,0.00,23.7,15.8,107,31.3
2024-09-12T21:00,25.9,0.00,0.00,0.00,22.7,15.5,93,27.4
2024-09-12T22:00,24.5,0.00,0.00,0.00,20.7,23.7,104,42.8
2024-09-12T23:00,25.2,0.00,0.00,0.00,21.2,21.5,99,42.1
2024-09-13T00:00,24.8,0.00,0.00,0.00,20.3,23.4,104,42.1
2024-09-13T01:00,23.6,0.00,0.00,0.00,19.7,20.1,99,41.4
2024-09-13T02:00,23.2,0.00,0.00,0.00,19.0,20.5,93,36.7
2024-09-13T03:00,22.4,0.00,0.00,0.00,19.0,16.6,90,36.7
2024-09-13T04:00,21.1,0.00,0.00,0.00,18.0,15.8,89,30.2
2024-09-13T05:00,20.8,0.00,0.00,0.00,17.5,18.8,94,32.8
2024-09-13T06:00,20.2,0.00,0.00,0.00,17.0,19.2,95,34.2
2024-09-13T07:00,20.7,0.00,0.00,0.00,17.2,20.9,93,37.1
2024-09-13T08:00,21.9,0.00,0.00,0.00,18.1,22.3,91,41.4
2024-09-13T09:00,23.3,0.00,0.00,0.00,18.9,25.6,94,49.0
2024-09-13T10:00,24.8,0.00,0.00,0.00,20.2,27.2,96,52.2
2024-09-13T11:00,26.5,0.00,0.00,0.00,22.1,27.2,98,53.3
2024-09-13T12:00,28.0,0.00,0.00,0.00,23.7,26.9,98,53.3
2024-09-13T13:00,29.2,0.00,0.00,0.00,24.7,26.9,98,52.9
2024-09-13T14:00,29.9,0.00,0.00,0.00,25.1,25.9,100,52.6
2024-09-13T15:00,30.0,0.00,0.00,0.00,25.1,25.1,97,50.8
2024-09-13T16:00,30.8,0.00,0.00,0.00,25.5,25.1,98,50.0
2024-09-13T17:00,30.0,0.00,0.00,0.00,24.9,23.6,97,47.9
2024-09-13T18:00,28.5,0.00,0.00,0.00,23.9,21.2,91,44.3
2024-09-13T19:00,26.8,0.00,0.00,0.00,22.4,20.0,83,38.2
2024-09-13T20:00,25.6,0.00,0.00,0.00,21.1,20.2,79,36.0
2024-09-13T21:00,24.5,0.00,0.00,0.00,19.9,21.0,77,37.4
2024-09-13T22:00,23.7,0.00,0.00,0.00,19.0,22.3,80,40.0
2024-09-13T23:00,23.1,0.00,0.00,0.00,18.4,22.2,82,40.3
2024-09-14T00:00,22.5,0.00,0.00,0.00,17.9,22.2,82,39.6
2024-09-14T01:00,22.0,0.00,0.00,0.00,17.4,21.9,81,39.2
2024-09-14T02:00,21.4,0.00,0.00,0.00,16.9,21.1,81,38.9
2024-09-14T03:00,21.0,0.00,0.00,0.00,16.6,20.3,83,37.4
2024-09-14T04:00,20.1,0.00,0.00,0.00,16.2,19.1,79,34.6
2024-09-14T05:00,19.5,0.00,0.00,0.00,15.6,19.6,77,33.8
2024-09-14T06:00,19.0,0.00,0.00,0.00,15.1,20.1,75,34.9
2024-09-14T07:00,19.4,0.00,0.00,0.00,15.2,22.2,77,38.9
2024-09-14T08:00,20.7,0.00,0.00,0.00,16.6,22.5,78,41.0
2024-09-14T09:00,22.3,0.00,0.00,0.00,18.6,22.2,82,43.9
2024-09-14T10:00,24.3,0.00,0.00,0.00,21.2,21.4,83,43.6
2024-09-14T11:00,26.4,0.00,0.00,0.00,23.8,21.7,84,43.9
2024-09-14T12:00,28.2,0.00,0.00,0.00,25.0,24.5,89,49.0
2024-09-14T13:00,29.4,0.00,0.00,0.00,26.0,25.6,100,50.8
2024-09-14T14:00,30.3,0.00,0.00,0.00,26.1,27.7,103,54.0
2024-09-14T15:00,30.9,0.00,0.00,0.00,25.1,29.8,105,56.9
2024-09-14T16:00,31.0,0.00,0.00,0.00,24.8,29.3,109,56.2
2024-09-14T17:00,30.3,0.00,0.00,0.00,24.9,25.3,105,55.1
2024-09-14T18:00,28.8,0.00,0.00,0.00,24.2,20.4,98,46.8
2024-09-14T19:00,26.8,0.00,0.00,0.00,22.5,18.4,89,36.0
2024-09-14T20:00,26.1,0.00,0.00,0.00,21.3,20.9,92,36.4
2024-09-14T21:00,25.6,0.00,0.00,0.00,20.4,23.8,89,42.8
2024-09-14T22:00,24.9,0.00,0.00,0.00,19.3,26.6,92,47.5
2024-09-14T23:00,24.2,0.00,0.00,0.00,18.5,27.1,95,49.3
2024-09-15T00:00,23.2,0.00,0.00,0.00,18.0,24.0,98,48.6
2024-09-15T01:00,22.2,0.00,0.00,0.00,17.4,21.4,98,42.8
2024-09-15T02:00,21.3,0.00,0.00,0.00,16.6,20.2,90,38.2
2024-09-15T03:00,20.3,0.00,0.00,0.00,15.7,19.9,86,35.6
2024-09-15T04:00,19.0,0.00,0.00,0.00,14.3,21.4,82,38.2
2024-09-15T05:00,18.2,0.00,0.00,0.00,13.3,22.1,83,39.6
2024-09-15T06:00,17.7,0.00,0.00,0.00,12.6,23.0,81,41.0
2024-09-15T07:00,18.0,0.00,0.00,0.00,12.8,24.7,82,43.9
2024-09-15T08:00,19.4,0.00,0.00,0.00,14.4,24.1,81,44.6
2024-09-15T09:00,21.2,0.00,0.00,0.00,16.1,27.1,85,51.5
2024-09-15T10:00,23.3,0.00,0.00,0.00,18.1,29.2,89,56.2
2024-09-15T11:00,25.3,0.00,0.00,0.00,19.8,33.4,97,63.7
2024-09-15T12:00,26.7,0.00,0.00,0.00,21.1,35.5,100,67.7
2024-09-15T13:00,27.7,0.00,0.00,0.00,22.2,35.1,96,68.0
2024-09-15T14:00,28.3,0.00,0.00,0.00,22.5,35.0,94,67.0
2024-09-15T15:00,28.4,0.00,0.00,0.00,22.3,34.3,95,66.6
2024-09-15T16:00,28.5,0.00,0.00,0.00,22.3,34.4,95,65.9
2024-09-15T17:00,27.8,0.00,0.00,0.00,21.9,32.1,93,64.4
2024-09-15T18:00,26.7,0.00,0.00,0.00,21.4,27.8,86,59.8
2024-09-15T19:00,25.4,0.00,0.00,0.00,20.1,27.3,82,50.8
2024-09-15T20:00,24.8,0.00,0.00,0.00,19.3,28.7,83,52.2
2024-09-15T21:00,23.8,0.00,0.00,0.00,18.7,25.7,79,51.5
2024-09-15T22:00,23.0,0.00,0.00,0.00,17.8,26.7,80,48.2
2024-09-15T23:00,22.5,0.00,0.00,0.00,17.2,27.0,81,49.0
2024-09-16T00:00,22.0,0.00,0.00,0.00,16.8,26.0,86,49.0
2024-09-16T01:00,21.3,0.00,0.00,0.00,16.3,24.2,87,46.8
2024-09-16T02:00,20.7,0.00,0.00,0.00,15.9,23.1,86,43.2
2024-09-16T03:00,20.2,0.00,0.00,0.00,15.4,23.2,84,41.8
2024-09-16T04:00,19.1,0.00,0.00,0.00,14.6,22.7,80,41.8
2024-09-16T05:00,18.6,0.00,0.00,0.00,14.0,23.3,77,41.4
2024-09-16T06:00,18.2,0.00,0.00,0.00,13.4,24.8,77,44.6
2024-09-16T07:00,18.5,0.00,0.00,0.00,13.7,25.9,80,46.8
2024-09-16T08:00,19.8,0.00,0.00,0.00,15.1,25.3,79,47.5
2024-09-16T09:00,21.5,0.00,0.00,0.00,16.4,28.5,81,54.4
2024-09-16T10:00,23.5,0.00,0.00,0.00,18.0,30.0,85,57.6
2024-09-16T11:00,25.3,0.00,0.00,0.00,18.8,35.7,94,67.3
2024-09-16T12:00,26.0,0.00,0.00,0.00,19.4,37.6,95,72.0
2024-09-16T13:00,26.7,0.00,0.00,0.00,20.3,36.4,91,72.0
2024-09-16T14:00,27.4,0.00,0.00,0.00,21.1,34.2,88,69.1
2024-09-16T15:00,27.6,0.00,0.00,0.00,21.0,33.5,88,65.5
2024-09-16T16:00,27.5,0.00,0.00,0.00,20.2,34.7,95,67.3
2024-09-16T17:00,26.9,0.00,0.00,0.00,20.0,33.2,94,65.5
2024-09-16T18:00,25.6,0.00,0.00,0.00,19.1,30.2,91,61.2
2024-09-16T19:00,24.6,0.00,0.00,0.00,18.3,28.9,84,54.7
2024-09-16T20:00,24.1,0.00,0.00,0.00,18.3,25.6,86,52.6
2024-09-16T21:00,23.0,0.00,0.00,0.00,17.9,21.2,75,46.1
2024-09-16T22:00,22.4,0.00,0.00,0.00,17.0,23.1,86,42.5
2024-09-16T23:00,21.8,0.00,0.00,0.00,17.0,19.8,91,41.4
2024-09-17T00:00,21.2,0.00,0.00,0.00,16.4,20.2,86,36.0
2024-09-17T01:00,21.0,0.00,0.00,0.00,15.9,22.4,86,40.3
2024-09-17T02:00,20.6,0.00,0.00,0.00,15.6,21.5,81,40.7
2024-09-17T03:00,20.1,0.00,0.00,0.00,15.0,21.9,73,39.2
2024-09-17T04:00,18.9,0.00,0.00,0.00,13.9,22.4,71,40.7
2024-09-17T05:00,18.8,0.00,0.00,0.00,13.5,24.5,70,43.9
2024-09-17T06:00,18.7,0.00,0.00,0.00,13.2,26.2,72,46.8
2024-09-17T07:00,19.1,0.00,0.00,0.00,13.6,26.9,74,48.6
2024-09-17T08:00,20.1,0.00,0.00,0.00,15.4,22.4,71,48.6
2024-09-17T09:00,21.6,0.00,0.00,0.00,16.1,27.5,76,51.1
2024-09-17T10:00,22.1,0.00,0.00,0.00,16.6,29.1,75,54.7
2024-09-17T11:00,22.5,0.00,0.00,0.00,17.2,28.6,73,55.1
2024-09-17T12:00,23.3,0.00,0.00,0.00,18.1,28.0,78,53.6
2024-09-17T13:00,23.6,0.00,0.00,0.00,18.4,28.0,83,52.6
2024-09-17T14:00,24.0,0.00,0.00,0.00,18.8,28.2,84,52.9
2024-09-17T15:00,23.9,0.00,0.00,0.00,18.8,26.8,83,52.6
2024-09-17T16:00,24.6,0.00,0.00,0.00,18.1,32.0,91,59.0
2024-09-17T17:00,24.3,0.00,0.00,0.00,18.4,28.6,96,58.7
2024-09-17T18:00,23.8,0.00,0.00,0.00,18.1,28.1,91,52.2
2024-09-17T19:00,23.5,0.00,0.00,0.00,17.7,28.8,89,52.9
2024-09-17T20:00,23.5,0.00,0.00,0.00,17.7,28.8,81,52.6
2024-09-17T21:00,23.9,0.00,0.00,0.00,18.0,29.2,80,54.7
2024-09-17T22:00,23.1,0.00,0.00,0.00,18.0,25.3,85,53.3
2024-09-17T23:00,22.5,0.00,0.00,0.00,17.1,28.1,86,51.1
2024-09-18T00:00,22.4,0.00,0.00,0.00,17.2,27.2,84,51.8
2024-09-18T01:00,21.9,0.00,0.00,0.00,16.9,25.9,90,49.7
2024-09-18T02:00,21.0,0.00,0.00,0.00,16.3,24.5,93,47.2
2024-09-18T03:00,20.1,0.00,0.00,0.00,15.8,22.4,94,44.3
2024-09-18T04:00,19.4,0.00,0.00,0.00,15.4,22.3,91,43.9
2024-09-18T05:00,19.0,0.00,0.00,0.00,15.1,22.3,88,40.3
2024-09-18T06:00,18.5,0.00,0.00,0.00,14.5,23.5,86,42.1
2024-09-18T07:00,18.3,0.00,0.00,0.00,13.9,24.6,85,43.9
2024-09-18T08:00,18.6,0.00,0.00,0.00,13.7,25.5,81,47.2
2024-09-18T09:00,19.4,0.00,0.00,0.00,14.1,25.7,84,49.7
2024-09-18T10:00,20.4,0.00,0.00,0.00,14.8,25.3,84,49.3
2024-09-18T11:00,22.0,0.00,0.00,0.00,15.4,27.7,89,54.0
2024-09-18T12:00,23.2,0.00,0.00,0.00,16.4,28.8,91,56.2
2024-09-18T13:00,23.7,0.00,0.00,0.00,16.8,28.1,89,56.2
2024-09-18T14:00,23.8,0.00,0.00,0.00,16.8,27.4,88,55.4
2024-09-18T15:00,23.7,0.00,0.00,0.00,16.5,26.7,86,53.6
2024-09-18T16:00,23.0,0.00,0.00,0.00,16.3,25.2,88,51.1
2024-09-18T17:00,22.3,0.00,0.00,0.00,15.6,25.0,84,48.6
2024-09-18T18:00,21.1,0.00,0.00,0.00,15.1,21.2,80,46.4
2024-09-18T19:00,19.9,0.00,0.00,0.00,14.3,19.6,77,37.8
2024-09-18T20:00,18.9,0.00,0.00,0.00,13.4,20.0,67,35.6
2024-09-18T21:00,18.2,0.00,0.00,0.00,12.6,21.4,70,38.2
2024-09-18T22:00,17.8,0.00,0.00,0.00,12.4,21.0,74,38.2
2024-09-18T23:00,17.2,0.00,0.00,0.00,12.0,20.2,74,37.4
2024-09-19T00:00,16.7,0.00,0.00,0.00,11.5,20.4,73,36.4
2024-09-19T01:00,16.2,0.00,0.00,0.00,11.1,20.3,70,36.7
2024-09-19T02:00,15.7,0.00,0.00,0.00,10.5,19.6,70,36.4
2024-09-19T03:00,15.1,0.00,0.00,0.00,9.9,19.3,69,34.9
2024-09-19T04:00,13.9,0.00,0.00,0.00,8.7,19.3,66,34.6
2024-09-19T05:00,13.6,0.00,0.00,0.00,8.3,20.0,64,35.6
2024-09-19T06:00,13.2,0.00,0.00,0.00,7.8,20.9,63,37.1
2024-09-19T07:00,13.5,0.00,0.00,0.00,8.2,21.3,64,38.2
2024-09-19T08:00,15.0,0.00,0.00,0.00,9.8,20.6,63,38.2
2024-09-19T09:00,16.9,0.00,0.00,0.00,11.4,22.5,68,43.6
2024-09-19T10:00,19.0,0.00,0.00,0.00,13.4,23.2,71,45.7
2024-09-19T11:00,20.9,0.00,0.00,0.00,15.3,24.9,76,49.0
2024-09-19T12:00,22.0,0.00,0.00,0.00,16.7,25.3,79,50.8
2024-09-19T13:00,22.7,0.00,0.00,0.00,17.6,24.1,76,50.4
2024-09-19T14:00,23.0,0.00,0.00,0.00,17.6,23.3,73,48.6
2024-09-19T15:00,22.9,0.00,0.00,0.00,17.0,23.1,69,47.2
2024-09-19T16:00,22.5,0.00,0.00,0.00,16.1,23.5,69,46.4
2024-09-19T17:00,21.6,0.00,0.00,0.00,15.3,22.9,68,45.0
2024-09-19T18:00,20.0,0.00,0.00,0.00,14.2,19.3,66,42.8
2024-09-19T19:00,18.5,0.00,0.00,0.00,12.9,17.9,62,34.9
2024-09-19T20:00,17.7,0.00,0.00,0.00,12.0,18.4,62,32.4
2024-09-19T21:00,17.0,0.00,0.00,0.00,11.5,17.7,63,32.8
2024-09-19T22:00,16.4,0.00,0.00,0.00,11.1,16.9,61,31.0
2024-09-19T23:00,15.7,0.00,0.00,0.00,10.6,15.9,57,29.5
2024-09-20T00:00,15.1,0.00,0.00,0.00,10.3,14.8,56,27.4
2024-09-20T01:00,14.6,0.00,0.00,0.00,9.9,14.5,55,25.9
2024-09-20T02:00,14.2,0.00,0.00,0.00,9.5,13.9,53,24.8
2024-09-20T03:00,13.7,0.00,0.00,0.00,9.2,13.3,52,24.1
2024-09-20T04:00,12.4,0.00,0.00,0.00,8.2,12.2,47,20.9
2024-09-20T05:00,12.1,0.00,0.00,0.00,7.7,13.5,42,23.0
2024-09-20T06:00,11.7,0.00,0.00,0.00,7.4,13.2,43,23.0
2024-09-20T07:00,12.4,0.00,0.00,0.00,7.9,14.3,45,24.1
2024-09-20T08:00,14.8,0.00,0.00,0.00,10.6,12.7,43,24.5
2024-09-20T09:00,17.7,0.00,0.00,0.00,13.4,13.8,49,28.4
2024-09-20T10:00,20.4,0.00,0.00,0.00,15.9,15.1,65,31.7
2024-09-20T11:00,22.0,0.00,0.00,0.00,17.4,16.9,74,36.0
2024-09-20T12:00,22.9,0.00,0.00,0.00,18.6,16.8,67,36.0
2024-09-20T13:00,23.7,0.00,0.00,0.00,19.3,17.1,62,36.7
2024-09-20T14:00,24.3,0.00,0.00,0.00,19.6,17.4,60,36.7
2024-09-20T15:00,24.4,0.00,0.00,0.00,19.4,17.4,56,36.4
2024-09-20T16:00,24.0,0.00,0.00,0.00,19.2,14.4,68,30.6
2024-09-20T17:00,23.5,0.00,0.00,0.00,18.9,13.3,71,29.2
2024-09-20T18:00,20.9,0.00,0.00,0.00,17.3,7.3,79,25.2
2024-09-20T19:00,17.5,0.00,0.00,0.00,13.8,8.3,72,11.9
2024-09-20T20:00,16.3,0.00,0.00,0.00,12.5,9.8,98,12.6
2024-09-20T21:00,15.7,0.00,0.00,0.00,11.6,11.3,107,13.0
2024-09-20T22:00,15.7,0.00,0.00,0.00,12.3,6.2,54,13.3
2024-09-20T23:00,15.5,0.00,0.00,0.00,12.0,7.1,49,11.5
2024-09-21T00:00,15.5,0.00,0.00,0.00,11.8,8.9,43,14.4
2024-09-21T01:00,15.1,0.00,0.00,0.00,11.3,10.0,30,16.9
2024-09-21T02:00,14.8,0.00,0.00,0.00,10.9,11.0,32,18.7
2024-09-21T03:00,14.3,0.00,0.00,0.00,10.6,10.3,36,18.4
2024-09-21T04:00,12.8,0.00,0.00,0.00,9.2,11.6,36,19.1
2024-09-21T05:00,12.8,0.00,0.00,0.00,9.3,13.8,43,23.4
2024-09-21T06:00,13.1,0.00,0.00,0.00,9.9,14.5,44,24.8
2024-09-21T07:00,13.9,0.00,0.00,0.00,10.7,15.8,43,27.4
2024-09-21T08:00,15.9,0.00,0.00,0.00,12.8,15.5,44,28.4
2024-09-21T09:00,18.3,0.00,0.00,0.00,15.1,15.9,52,31.7
2024-09-21T10:00,20.6,0.00,0.00,0.00,17.4,16.0,59,33.8
2024-09-21T11:00,22.5,0.00,0.00,0.00,19.5,15.8,63,34.2
2024-09-21T12:00,23.9,0.00,0.00,0.00,21.1,16.4,64,35.3
2024-09-21T13:00,24.7,0.00,0.00,0.00,22.1,15.5,65,35.3
2024-09-21T14:00,25.2,0.00,0.00,0.00,22.5,14.3,62,33.8
2024-09-21T15:00,25.3,0.00,0.00,0.00,22.1,14.3,56,32.0
2024-09-21T16:00,25.1,0.00,0.00,0.00,21.8,13.5,74,29.9
2024-09-21T17:00,24.4,0.00,0.00,0.00,21.1,13.0,76,28.1
2024-09-21T18:00,22.2,0.00,0.00,0.00,19.8,7.8,77,24.8
2024-09-21T19:00,19.7,0.00,0.00,0.00,17.4,7.6,65,13.3
2024-09-21T20:00,18.7,0.00,0.00,0.00,16.3,8.7,45,14.0
2024-09-21T21:00,18.0,0.00,0.00,0.00,15.1,11.5,32,18.7
2024-09-21T22:00,17.5,0.00,0.00,0.00,14.5,11.8,40,20.5
2024-09-21T23:00,16.8,0.00,0.00,0.00,13.9,10.5,49,19.8
2024-09-22T00:00,16.2,0.00,0.00,0.00,13.4,10.7,48,18.4
2024-09-22T01:00,15.8,0.00,0.00,0.00,12.9,11.0,52,18.7
2024-09-22T02:00,15.4,0.00,0.00,0.00,12.6,11.0,52,19.1
2024-09-22T03:00,15.1,0.00,0.00,0.00,12.2,11.3,53,19.1
2024-09-22T04:00,14.0,0.00,0.00,0.00,11.3,11.0,52,19.1
2024-09-22T05:00,13.7,0.00,0.00,0.00,11.0,10.9,56,18.7
2024-09-22T06:00,13.1,0.00,0.00,0.00,10.7,9.5,65,18.0
2024-09-22T07:00,13.8,0.00,0.00,0.00,11.3,11.0,67,17.6
2024-09-22T08:00,16.4,0.00,0.00,0.00,14.2,9.5,65,19.4
2024-09-22T09:00,19.3,0.00,0.00,0.00,17.3,8.8,71,20.5
2024-09-22T10:00,22.2,0.00,0.00,0.00,19.8,8.7,85,21.6
2024-09-22T11:00,24.3,0.00,0.00,0.00,21.3,9.4,92,23.8
2024-09-22T12:00,25.3,0.00,0.00,0.00,22.6,11.2,90,27.0
2024-09-22T13:00,25.8,0.00,0.00,0.00,23.3,10.8,86,27.4
2024-09-22T14:00,26.3,0.00,0.00,0.00,23.6,10.6,80,26.6
2024-09-22T15:00,26.5,0.00,0.00,0.00,23.2,11.2,69,25.9
2024-09-22T16:00,26.4,0.00,0.00,0.00,22.8,10.6,66,24.1
2024-09-22T17:00,25.5,0.00,0.00,0.00,21.9,11.3,68,23.4
2024-09-22T18:00,22.9,0.00,0.00,0.00,19.8,8.1,77,21.2
2024-09-22T19:00,21.3,0.00,0.00,0.00,17.9,10.5,86,17.3
2024-09-22T20:00,20.3,0.00,0.00,0.00,17.2,8.8,78,17.3
2024-09-22T21:00,19.2,0.00,0.00,0.00,16.0,9.7,45,15.8
2024-09-22T22:00,18.7,0.00,0.00,0.00,15.6,10.4,44,17.6
2024-09-22T23:00,18.3,0.00,0.00,0.00,15.3,10.2,48,17.3
2024-09-23T00:00,17.8,0.00,0.00,0.00,14.7,10.4,46,17.6
2024-09-23T01:00,16.8,0.00,0.00,0.00,13.8,9.6,56,17.6
2024-09-23T02:00,16.2,0.00,0.00,0.00,13.1,10.4,56,18.0
2024-09-23T03:00,15.8,0.00,0.00,0.00,12.8,10.2,48,17.6
2024-09-23T04:00,15.0,0.00,0.00,0.00,11.9,12.2,47,20.2
2024-09-23T05:00,14.7,0.00,0.00,0.00,11.5,13.5,48,22.7
2024-09-23T06:00,14.6,0.00,0.00,0.00,11.4,14.1,52,24.5
2024-09-23T07:00,15.3,0.00,0.00,0.00,11.9,15.4,57,26.6
2024-09-23T08:00,17.4,0.00,0.00,0.00,14.3,15.0,63,27.7
2024-09-23T09:00,19.8,0.00,0.00,0.00,16.9,14.9,70,30.2
2024-09-23T10:00,22.4,0.00,0.00,0.00,19.2,15.7,74,32.8
2024-09-23T11:00,24.7,0.00,0.00,0.00,20.5,19.1,78,38.5
2024-09-23T12:00,25.9,0.00,0.00,0.00,21.5,21.1,82,43.2
2024-09-23T13:00,26.6,0.00,0.00,0.00,22.2,20.8,80,43.2
2024-09-23T14:00,26.9,0.00,0.00,0.00,22.5,20.4,76,42.8
2024-09-23T15:00,26.8,0.00,0.00,0.00,22.3,20.6,74,41.8
2024-09-23T16:00,26.6,0.00,0.00,0.00,22.3,19.6,76,39.2
2024-09-23T17:00,25.7,0.00,0.00,0.00,21.5,18.9,76,38.5
2024-09-23T18:00,23.8,0.00,0.00,0.00,20.0,15.7,74,34.2
2024-09-23T19:00,22.6,0.00,0.00,0.00,18.7,16.6,72,29.9
2024-09-23T20:00,21.4,0.00,0.00,0.00,17.8,14.9,70,28.8
2024-09-23T21:00,20.4,0.00,0.00,0.00,16.9,15.5,78,26.6
2024-09-23T22:00,19.9,0.00,0.00,0.00,16.4,16.2,69,30.2
2024-09-23T23:00,18.4,0.00,0.00,0.00,15.5,12.3,97,28.1
2024-09-24T00:00,17.9,0.00,0.00,0.00,14.8,14.4,77,25.6
2024-09-24T01:00,16.8,0.00,0.00,0.00,14.3,11.0,79,24.8
2024-09-24T02:00,16.0,0.00,0.00,0.00,13.6,10.6,66,19.1
2024-09-24T03:00,15.5,0.00,0.00,0.00,13.1,11.0,67,18.7
2024-09-24T04:00,14.5,0.00,0.00,0.00,12.3,11.0,58,18.7
2024-09-24T05:00,14.4,0.00,0.00,0.00,11.8,12.8,58,21.6
2024-09-24T06:00,14.2,0.00,0.00,0.00,11.1,14.6,57,24.8
2024-09-24T07:00,14.6,0.00,0.00,0.00,11.1,15.3,60,26.6
2024-09-24T08:00,16.3,0.00,0.00,0.00,12.7,15.0,63,28.1
2024-09-24T09:00,18.2,0.00,0.00,0.00,14.3,16.1,70,32.8
2024-09-24T10:00,20.2,0.00,0.00,0.00,16.2,16.2,73,33.8
2024-09-24T11:00,21.9,0.00,0.00,0.00,17.8,16.3,72,34.6
2024-09-24T12:00,23.3,0.00,0.00,0.00,19.5,16.9,70,35.6
2024-09-24T13:00,24.2,0.00,0.00,0.00,20.5,17.4,68,37.1
2024-09-24T14:00,24.7,0.00,0.00,0.00,20.7,17.9,68,37.4
2024-09-24T15:00,24.6,0.00,0.00,0.00,20.4,18.1,67,37.4
2024-09-24T16:00,23.9,0.00,0.00,0.00,19.9,15.4,79,32.4
2024-09-24T17:00,23.2,0.00,0.00,0.00,19.2,15.2,76,31.0
2024-09-24T18:00,21.4,0.00,0.00,0.00,18.0,11.4,79,28.1
2024-09-24T19:00,19.9,0.00,0.00,0.00,16.4,12.7,83,21.2
2024-09-24T20:00,19.4,0.00,0.00,0.00,15.6,14.9,83,25.9
2024-09-24T21:00,18.7,0.00,0.00,0.00,14.5,16.3,85,28.4
2024-09-24T22:00,17.7,0.00,0.00,0.00,13.5,15.1,78,28.4
2024-09-24T23:00,17.0,0.00,0.00,0.00,12.6,15.6,75,27.0
2024-09-25T00:00,16.3,0.00,0.00,0.00,11.7,15.3,71,27.0
2024-09-25T01:00,15.6,0.00,0.00,0.00,10.9,14.9,70,27.0
2024-09-25T02:00,14.9,0.00,0.00,0.00,10.4,14.0,67,25.9
2024-09-25T03:00,14.3,0.00,0.00,0.00,9.8,14.0,64,24.8
2024-09-25T04:00,13.2,0.00,0.00,0.00,8.9,14.2,66,24.5
2024-09-25T05:00,12.8,0.00,0.00,0.00,8.4,14.8,64,25.9
2024-09-25T06:00,12.3,0.00,0.00,0.00,7.9,15.1,64,26.3
2024-09-25T07:00,12.5,0.00,0.00,0.00,8.0,15.9,67,27.7
2024-09-25T08:00,14.0,0.00,0.00,0.00,9.6,15.5,70,28.8
2024-09-25T09:00,15.8,0.00,0.00,0.00,11.4,16.9,76,33.8
2024-09-25T10:00,17.8,0.00,0.00,0.00,13.5,16.9,78,35.3
2024-09-25T11:00,19.8,0.00,0.00,0.00,15.8,16.7,78,35.6
2024-09-25T12:00,21.3,0.00,0.00,0.00,17.9,17.2,77,36.7
2024-09-25T13:00,22.4,0.00,0.00,0.00,19.3,17.2,77,37.1
2024-09-25T14:00,23.1,0.00,0.00,0.00,19.8,17.3,75,36.7
2024-09-25T15:00,23.3,0.00,0.00,0.00,19.8,17.8,72,36.7
2024-09-25T16:00,23.2,0.00,0.00,0.00,19.5,16.3,83,32.8
2024-09-25T17:00,22.5,0.00,0.00,0.00,18.8,16.1,83,32.8
2024-09-25T18:00,20.8,0.00,0.00,0.00,17.4,13.8,68,30.2
2024-09-25T19:00,19.5,0.00,0.00,0.00,15.4,17.6,68,30.2
2024-09-25T20:00,18.8,0.00,0.00,0.00,14.6,17.2,72,31.0
2024-09-25T21:00,18.3,0.00,0.00,0.00,13.8,17.4,77,30.6
2024-09-25T22:00,17.6,0.00,0.00,0.00,13.3,16.3,76,30.2
2024-09-25T23:00,17.0,0.00,0.00,0.00,12.9,15.5,77,28.4
2024-09-26T00:00,16.5,0.00,0.00,0.00,12.5,14.9,77,27.0
2024-09-26T01:00,16.0,0.00,0.00,0.00,12.1,14.8,77,25.9
2024-09-26T02:00,15.6,0.00,0.00,0.00,11.6,14.8,76,25.9
2024-09-26T03:00,15.2,0.00,0.00,0.00,11.2,14.5,75,25.9
2024-09-26T04:00,14.7,0.00,0.00,0.00,10.8,14.9,78,26.6
2024-09-26T05:00,14.4,0.00,0.00,0.00,10.3,15.7,77,27.0
2024-09-26T06:00,14.1,0.00,0.00,0.00,9.9,16.4,77,28.4
2024-09-26T07:00,14.3,0.00,0.00,0.00,10.1,17.5,81,30.2
2024-09-26T08:00,15.9,0.00,0.00,0.00,12.0,16.3,82,31.0
2024-09-26T09:00,18.0,0.00,0.00,0.00,14.4,16.4,86,33.5
2024-09-26T10:00,20.3,0.00,0.00,0.00,17.1,17.5,89,35.6
2024-09-26T11:00,22.2,0.00,0.00,0.00,18.9,20.0,93,40.7
2024-09-26T12:00,23.4,0.00,0.00,0.00,20.3,21.5,100,43.6
2024-09-26T13:00,24.3,0.00,0.00,0.00,21.2,22.0,103,44.3
2024-09-26T14:00,24.9,0.00,0.00,0.00,21.1,23.6,104,46.8
2024-09-26T15:00,25.1,0.00,0.00,0.00,20.9,23.6,108,47.2
2024-09-26T16:00,26.0,0.00,0.00,0.00,22.4,18.9,124,46.4
2024-09-26T17:00,25.4,0.00,0.00,0.00,21.3,21.9,104,38.5
2024-09-26T18:00,22.0,0.00,0.00,0.00,18.1,23.2,84,41.4
2024-09-26T19:00,21.3,0.00,0.00,0.00,17.0,24.4,101,44.3
2024-09-26T20:00,21.1,0.00,0.00,0.00,16.5,22.0,109,43.9
2024-09-26T21:00,20.5,0.00,0.00,0.00,15.4,22.1,112,39.6
2024-09-26T22:00,19.9,0.00,0.00,0.00,14.9,20.2,110,39.2
2024-09-26T23:00,19.3,0.00,0.00,0.00,14.8,17.6,104,35.6
2024-09-27T00:00,18.6,0.00,0.00,0.00,14.1,18.1,101,32.8
2024-09-27T01:00,17.7,0.00,0.00,0.00,13.6,15.5,98,32.0
2024-09-27T02:00,17.0,0.00,0.00,0.00,12.8,16.3,96,28.4
2024-09-27T03:00,16.3,0.00,0.00,0.00,12.1,16.2,94,28.8
2024-09-27T04:00,14.2,0.00,0.00,0.00,10.0,16.9,87,29.5
2024-09-27T05:00,13.7,0.00,0.00,0.00,9.5,19.3,88,34.2
2024-09-27T06:00,13.3,0.00,0.00,0.00,9.2,19.6,89,35.3
2024-09-27T07:00,13.3,0.00,0.00,0.00,9.3,20.0,89,35.6
2024-09-27T08:00,14.5,0.00,0.00,0.00,10.7,19.8,89,37.1
2024-09-27T09:00,15.9,0.00,0.00,0.00,11.7,23.5,94,45.0
2024-09-27T10:00,17.7,0.00,0.00,0.00,14.1,21.1,97,45.4
2024-09-27T11:00,19.5,0.00,0.00,0.00,16.0,20.7,97,42.1
2024-09-27T12:00,21.0,0.00,0.00,0.00,17.7,22.2,102,45.0
2024-09-27T13:00,22.3,0.00,0.00,0.00,19.1,22.4,108,45.4
2024-09-27T14:00,23.7,0.00,0.00,0.00,20.1,23.7,118,46.1
2024-09-27T15:00,24.4,0.00,0.00,0.00,21.5,18.6,138,48.2
2024-09-27T16:00,24.9,0.00,0.00,0.00,21.5,19.3,124,40.3
2024-09-27T17:00,24.3,0.00,0.00,0.00,21.3,17.1,118,37.1
2024-09-27T18:00,22.5,0.00,0.00,0.00,20.0,14.3,102,31.0
2024-09-27T19:00,20.8,0.00,0.00,0.00,18.0,16.8,85,28.4
2024-09-27T20:00,20.3,0.00,0.00,0.00,16.8,19.5,96,34.9
2024-09-27T21:00,19.7,0.00,0.00,0.00,16.3,18.3,100,34.6
2024-09-27T22:00,19.5,0.00,0.00,0.00,16.4,16.5,110,32.0
2024-09-27T23:00,18.8,0.00,0.00,0.00,16.4,13.2,107,28.4
2024-09-28T00:00,18.0,0.00,0.00,0.00,15.4,14.4,102,24.5
2024-09-28T01:00,17.6,0.00,0.00,0.00,14.7,15.6,106,27.0
2024-09-28T02:00,17.2,0.00,0.00,0.00,14.5,15.9,108,27.7
2024-09-28T03:00,16.8,0.00,0.00,0.00,14.3,15.6,105,27.7
2024-09-28T04:00,15.3,0.00,0.00,0.00,12.7,15.5,95,27.4
2024-09-28T05:00,14.8,0.00,0.00,0.00,12.2,15.7,95,27.7
2024-09-28T06:00,14.4,0.00,0.00,0.00,11.7,15.7,95,27.7
2024-09-28T07:00,14.5,0.00,0.00,0.00,11.7,16.8,94,29.2
2024-09-28T08:00,15.6,0.00,0.00,0.00,12.6,18.3,96,34.6
2024-09-28T09:00,17.1,0.00,0.00,0.00,14.0,18.8,99,37.1
2024-09-28T10:00,18.9,0.00,0.00,0.00,15.8,19.5,99,39.2
2024-09-28T11:00,20.7,0.00,0.00,0.00,17.5,20.1,100,41.0
2024-09-28T12:00,22.1,0.00,0.00,0.00,18.8,21.6,98,43.9
2024-09-28T13:00,23.2,0.00,0.00,0.00,19.8,23.1,99,46.4
2024-09-28T14:00,24.2,0.00,0.00,0.00,20.4,24.0,101,47.5
2024-09-28T15:00,24.6,0.00,0.00,0.00,20.4,24.0,104,47.5
2024-09-28T16:00,24.3,0.00,0.00,0.00,19.6,23.1,105,46.4
2024-09-28T17:00,23.3,0.00,0.00,0.00,19.0,22.0,99,43.9
2024-09-28T18:00,21.7,0.00,0.00,0.00,17.6,21.1,91,40.0
2024-09-28T19:00,21.2,0.00,0.00,0.00,16.5,23.1,95,41.4
2024-09-28T20:00,20.9,0.00,0.00,0.00,15.9,23.7,100,42.5
2024-09-28T21:00,20.4,0.00,0.00,0.00,15.2,23.4,102,42.5
2024-09-28T22:00,19.6,0.00,0.00,0.00,14.4,23.2,102,41.8
2024-09-28T23:00,18.8,0.00,0.00,0.00,13.6,22.8,102,41.4
2024-09-29T00:00,17.9,0.00,0.00,0.00,12.9,21.9,99,40.7
2024-09-29T01:00,16.9,0.00,0.00,0.00,12.0,21.6,97,39.2
2024-09-29T02:00,15.9,0.00,0.00,0.00,11.1,21.9,95,39.2
2024-09-29T03:00,15.0,0.00,0.00,0.00,10.1,22.4,94,40.0
2024-09-29T04:00,13.2,0.00,0.00,0.00,8.6,22.5,90,40.0
2024-09-29T05:00,12.8,0.00,0.00,0.00,8.0,23.6,90,42.5
2024-09-29T06:00,12.5,0.00,0.00,0.00,7.6,24.3,90,43.6
2024-09-29T07:00,12.8,0.00,0.00,0.00,7.7,24.8,90,45.0
2024-09-29T08:00,14.2,0.00,0.00,0.00,9.3,22.7,86,45.4
2024-09-29T09:00,16.2,0.00,0.00,0.00,10.9,25.6,87,48.6
2024-09-29T10:00,18.4,0.00,0.00,0.00,12.9,27.0,92,52.2
2024-09-29T11:00,20.6,0.00,0.00,0.00,15.0,28.1,99,54.4
2024-09-29T12:00,22.4,0.00,0.00,0.00,17.0,29.2,100,56.5
2024-09-29T13:00,24.1,0.00,0.00,0.00,18.5,30.4,100,58.3
2024-09-29T14:00,25.2,0.00,0.00,0.00,19.4,30.5,103,58.7
2024-09-29T15:00,25.9,0.00,0.00,0.00,20.0,29.8,108,58.3
2024-09-29T16:00,27.4,0.00,0.00,0.00,21.6,29.0,115,58.0
2024-09-29T17:00,26.4,0.00,0.00,0.00,21.2,24.8,108,54.0
2024-09-29T18:00,24.3,0.00,0.00,0.00,18.9,24.7,98,45.0
2024-09-29T19:00,23.2,0.00,0.00,0.00,17.3,27.9,102,50.0
2024-09-29T20:00,22.2,0.00,0.00,0.00,16.5,27.6,104,50.8
2024-09-29T21:00,21.2,0.00,0.00,0.00,15.7,26.5,104,49.7
2024-09-29T22:00,20.2,0.00,0.00,0.00,14.9,25.8,104,47.9
2024-09-29T23:00,19.3,0.00,0.00,0.00,14.2,24.9,102,46.1
2024-09-30T00:00,18.3,0.00,0.00,0.00,13.3,23.8,100,44.6
2024-09-30T01:00,17.6,0.00,0.00,0.00,12.6,22.9,98,42.8
2024-09-30T02:00,16.9,0.00,0.00,0.00,12.0,22.0,95,41.0
2024-09-30T03:00,16.3,0.00,0.00,0.00,11.4,21.6,94,39.6
2024-09-30T04:00,14.1,0.00,0.00,0.00,9.9,20.0,98,38.5
2024-09-30T05:00,14.1,0.00,0.00,0.00,10.0,19.8,98,36.0
2024-09-30T06:00,14.3,0.00,0.00,0.00,10.1,20.5,98,36.7
2024-09-30T07:00,14.9,0.00,0.00,0.00,10.5,21.7,100,38.5
2024-09-30T08:00,16.6,0.00,0.00,0.00,12.4,20.0,98,40.0
2024-09-30T09:00,18.6,0.00,0.00,0.00,13.4,25.5,99,47.9
2024-09-30T10:00,20.6,0.00,0.00,0.00,15.0,27.0,105,52.2
2024-09-30T11:00,22.3,0.00,0.00,0.00,16.9,26.4,106,52.2
2024-09-30T12:00,23.9,0.00,0.00,0.00,19.0,25.6,104,51.5
2024-09-30T13:00,25.1,0.00,0.00,0.00,20.4,24.9,104,50.4
2024-09-30T14:00,25.9,0.00,0.00,0.00,21.2,24.4,105,49.0
2024-09-30T15:00,26.5,0.00,0.00,0.00,21.6,24.2,106,47.9
2024-09-30T16:00,27.0,0.00,0.00,0.00,21.6,26.5,107,50.4
2024-09-30T17:00,25.9,0.00,0.00,0.00,20.7,24.4,101,49.7
2024-09-30T18:00,24.1,0.00,0.00,0.00,18.7,25.1,98,45.4
2024-09-30T19:00,23.1,0.00,0.00,0.00,17.5,26.4,99,47.5
2024-09-30T20:00,22.2,0.00,0.00,0.00,16.4,27.8,100,50.0
2024-09-30T21:00,21.2,0.00,0.00,0.00,15.4,27.6,100,50.4
2024-09-30T22:00,20.1,0.00,0.00,0.00,14.4,27.2,100,50.0
2024-09-30T23:00,19.0,0.00,0.00,0.00,13.6,26.3,99,49.0
2024-10-01T00:00,18.2,0.00,0.00,0.00,13.0,25.7,99,47.5
2024-10-01T01:00,17.4,0.00,0.00,0.00,12.2,26.1,98,47.2
2024-10-01T02:00,16.8,0.00,0.00,0.00,11.5,26.5,97,48.2
2024-10-01T03:00,16.3,0.00,0.00,0.00,11.0,25.7,95,47.9
2024-10-01T04:00,14.9,0.00,0.00,0.00,9.8,26.3,97,48.6
2024-10-01T05:00,14.9,0.00,0.00,0.00,9.9,26.2,95,47.9
2024-10-01T06:00,14.8,0.00,0.00,0.00,9.7,26.3,93,47.9
2024-10-01T07:00,14.9,0.00,0.00,0.00,9.7,27.0,92,48.6
2024-10-01T08:00,16.1,0.00,0.00,0.00,11.1,25.4,88,50.4
2024-10-01T09:00,17.8,0.00,0.00,0.00,11.8,31.1,89,57.6
2024-10-01T10:00,19.6,0.00,0.00,0.00,13.5,31.4,94,59.8
2024-10-01T11:00,21.3,0.00,0.00,0.00,15.4,30.5,102,59.8
2024-10-01T12:00,22.8,0.00,0.00,0.00,17.1,29.6,105,58.7
2024-10-01T13:00,24.0,0.00,0.00,0.00,18.3,28.7,105,57.6
2024-10-01T14:00,24.6,0.00,0.00,0.00,18.6,28.2,101,55.8
2024-10-01T15:00,24.7,0.00,0.00,0.00,18.4,28.1,97,54.7
2024-10-01T16:00,24.3,0.00,0.00,0.00,17.3,30.3,106,59.8
2024-10-01T17:00,23.5,0.00,0.00,0.00,17.3,25.5,103,56.5
2024-10-01T18:00,21.9,0.00,0.00,0.00,16.4,19.9,102,46.1
2024-10-01T19:00,20.4,0.00,0.00,0.00,15.0,18.2,93,35.3
2024-10-01T20:00,19.6,0.00,0.00,0.00,13.8,20.0,94,35.3
2024-10-01T21:00,19.1,0.00,0.00,0.00,13.2,20.7,92,36.7
2024-10-01T22:00,18.4,0.00,0.00,0.00,12.7,20.2,90,37.1
2024-10-01T23:00,17.6,0.00,0.00,0.00,12.2,18.6,87,35.6
2024-10-02T00:00,16.7,0.00,0.00,0.00,11.4,17.9,84,33.1
2024-10-02T01:00,15.8,0.00,0.00,0.00,10.8,16.6,75,31.3
2024-10-02T02:00,15.1,0.00,0.00,0.00,10.2,15.8,69,28.8
2024-10-02T03:00,14.5,0.00,0.00,0.00,9.8,15.1,70,27.4
2024-10-02T04:00,14.0,0.00,0.00,0.00,9.3,16.0,65,28.1
2024-10-02T05:00,13.7,0.00,0.00,0.00,8.9,17.0,64,29.9
2024-10-02T06:00,13.0,0.00,0.00,0.00,8.5,16.1,68,29.5
2024-10-02T07:00,13.0,0.00,0.00,0.00,8.4,17.3,68,29.9
2024-10-02T08:00,14.7,0.00,0.00,0.00,10.4,16.4,64,31.7
2024-10-02T09:00,16.8,0.00,0.00,0.00,12.4,17.4,68,34.6
2024-10-02T10:00,18.8,0.00,0.00,0.00,14.4,17.6,75,36.0
2024-10-02T11:00,20.8,0.00,0.00,0.00,16.3,17.1,79,36.4
2024-10-02T12:00,22.5,0.00,0.00,0.00,18.0,16.9,82,36.0
2024-10-02T13:00,23.6,0.00,0.00,0.00,18.9,17.6,84,36.7
2024-10-02T14:00,24.1,0.00,0.00,0.00,19.2,17.1,89,37.1
2024-10-02T15:00,24.3,0.00,0.00,0.00,19.5,14.8,91,35.6
2024-10-02T16:00,22.4,0.00,0.00,0.00,18.0,11.9,110,27.0
2024-10-02T17:00,21.3,0.00,0.00,0.00,17.3,9.3,122,24.8
2024-10-02T18:00,17.8,0.00,0.00,0.00,14.2,7.6,135,16.6
2024-10-02T19:00,17.1,0.00,0.00,0.00,13.5,6.9,139,10.8
2024-10-02T20:00,15.9,0.00,0.00,0.00,12.2,6.9,160,11.9
2024-10-02T21:00,14.1,0.00,0.00,0.00,9.8,10.7,163,13.0
2024-10-02T22:00,13.8,0.00,0.00,0.00,9.5,10.3,167,12.6
2024-10-02T23:00,13.5,0.00,0.00,0.00,9.5,8.2,188,13.7
2024-10-03T00:00,13.0,0.00,0.00,0.00,9.1,8.3,213,13.3
2024-10-03T01:00,12.0,0.00,0.00,0.00,8.5,7.6,232,14.4
2024-10-03T02:00,10.2,0.00,0.00,0.00,6.9,8.4,220,12.2
2024-10-03T03:00,10.0,0.00,0.00,0.00,7.0,8.5,234,11.5
2024-10-03T04:00,10.0,0.00,0.00,0.00,7.5,8.7,249,11.2
2024-10-03T05:00,11.1,0.00,0.00,0.00,8.9,6.9,256,10.1
2024-10-03T06:00,10.2,0.00,0.00,0.00,8.0,7.2,245,8.3
2024-10-03T07:00,9.5,0.00,0.00,0.00,7.3,8.2,248,10.1
2024-10-03T08:00,13.0,0.00,0.00,0.00,11.2,6.5,247,13.7
2024-10-03T09:00,16.2,0.00,0.00,0.00,14.8,5.5,251,15.1
2024-10-03T10:00,18.7,0.00,0.00,0.00,17.1,6.0,261,18.0
2024-10-03T11:00,20.7,0.00,0.00,0.00,18.7,5.8,272,18.7
2024-10-03T12:00,22.1,0.00,0.00,0.00,20.1,5.2,276,18.4
2024-10-03T13:00,23.0,0.00,0.00,0.00,20.8,5.8,272,18.7
2024-10-03T14:00,23.5,0.00,0.00,0.00,20.9,6.1,270,19.1
2024-10-03T15:00,23.6,0.00,0.00,0.00,20.8,6.5,268,18.7
2024-10-03T16:00,22.7,0.00,0.00,0.00,20.2,2.9,277,13.3
2024-10-03T17:00,21.5,0.00,0.00,0.00,19.8,2.4,257,10.8
2024-10-03T18:00,17.7,0.00,0.00,0.00,14.8,8.0,262,8.6
2024-10-03T19:00,15.6,0.00,0.00,0.00,12.4,8.8,287,11.9
2024-10-03T20:00,14.7,0.00,0.00,0.00,11.4,8.5,312,11.9
2024-10-03T21:00,13.8,0.00,0.00,0.00,10.7,7.1,344,11.2
2024-10-03T22:00,13.4,0.00,0.00,0.00,10.5,5.6,358,9.0
2024-10-03T23:00,12.8,0.00,0.00,0.00,10.1,4.6,11,7.2
2024-10-04T00:00,12.3,0.00,0.00,0.00,9.7,4.0,27,6.1
2024-10-04T01:00,11.5,0.00,0.00,0.00,8.8,4.4,27,6.8
2024-10-04T02:00,11.2,0.00,0.00,0.00,8.6,4.3,17,6.8
2024-10-04T03:00,11.5,0.00,0.00,0.00,9.0,3.8,19,6.8
2024-10-04T04:00,10.2,0.00,0.00,0.00,7.6,4.4,38,7.2
2024-10-04T05:00,10.3,0.00,0.00,0.00,7.6,5.2,63,6.5
2024-10-04T06:00,10.6,0.00,0.00,0.00,8.1,3.6,57,6.5
2024-10-04T07:00,10.0,0.00,0.00,0.00,7.3,5.2,65,7.2
2024-10-04T08:00,13.5,0.00,0.00,0.00,10.8,5.5,73,11.2
2024-10-04T09:00,17.1,0.00,0.00,0.00,15.0,2.2,95,11.2
2024-10-04T10:00,19.8,0.00,0.00,0.00,17.6,3.2,137,13.3
2024-10-04T11:00,21.5,0.00,0.00,0.00,19.1,3.8,163,15.5
2024-10-04T12:00,22.5,0.00,0.00,0.00,20.1,5.0,182,17.6
2024-10-04T13:00,23.1,0.00,0.00,0.00,21.1,4.0,198,18.0
2024-10-04T14:00,23.4,0.00,0.00,0.00,21.4,3.6,174,16.6
2024-10-04T15:00,23.5,0.00,0.00,0.00,21.3,5.3,152,16.9
2024-10-04T16:00,23.8,0.00,0.00,0.00,21.3,6.1,157,16.2
2024-10-04T17:00,22.3,0.00,0.00,0.00,21.1,4.4,153,15.1
2024-10-04T18:00,22.0,0.00,0.00,0.00,20.0,3.3,99,5.8
2024-10-04T19:00,18.9,0.00,0.00,0.00,16.8,5.1,80,5.8
2024-10-04T20:00,18.1,0.00,0.00,0.00,15.7,6.5,71,10.1
2024-10-04T21:00,17.6,0.00,0.00,0.00,14.8,8.6,80,14.4
2024-10-04T22:00,16.7,0.00,0.00,0.00,14.2,7.3,100,14.4
2024-10-04T23:00,16.0,0.00,0.00,0.00,13.7,6.2,111,11.9
2024-10-05T00:00,15.5,0.00,0.00,0.00,13.0,7.0,116,10.4
2024-10-05T01:00,14.3,0.00,0.00,0.00,11.5,8.2,123,11.9
2024-10-05T02:00,13.2,0.00,0.00,0.00,10.0,10.9,130,13.0
2024-10-05T03:00,13.6,0.00,0.00,0.00,10.5,9.3,133,13.0
2024-10-05T04:00,11.8,0.00,0.00,0.00,9.2,7.6,94,11.5
2024-10-05T05:00,11.9,0.00,0.00,0.00,9.4,7.2,94,11.9
2024-10-05T06:00,11.4,0.00,0.00,0.00,8.8,7.0,93,11.9
2024-10-05T07:00,11.8,0.00,0.00,0.00,9.4,6.5,95,11.2
2024-10-05T08:00,14.7,0.00,0.00,0.00,12.1,8.3,112,15.5
2024-10-05T09:00,17.6,0.00,0.00,0.00,15.3,6.9,123,16.6
2024-10-05T10:00,20.2,0.00,0.00,0.00,17.9,8.2,131,20.5
2024-10-05T11:00,22.5,0.00,0.00,0.00,20.1,9.6,139,23.8
2024-10-05T12:00,24.2,0.00,0.00,0.00,21.4,11.3,151,26.6
2024-10-05T13:00,25.2,0.00,0.00,0.00,21.9,12.2,161,28.1
2024-10-05T14:00,25.6,0.00,0.00,0.00,22.2,11.0,169,28.1
2024-10-05T15:00,25.7,0.00,0.00,0.00,22.4,10.0,172,25.6
2024-10-05T16:00,25.6,0.00,0.00,0.00,22.3,8.5,167,22.0
2024-10-05T17:00,23.5,0.00,0.00,0.00,21.3,5.6,158,18.0
2024-10-05T18:00,21.0,0.00,0.00,0.00,17.9,8.4,145,10.1
2024-10-05T19:00,22.1,0.00,0.00,0.00,19.4,5.9,102,9.7
2024-10-05T20:00,18.5,0.00,0.00,0.00,15.5,7.4,94,8.6
2024-10-05T21:00,16.1,0.00,0.00,0.00,13.0,8.5,88,10.1
2024-10-05T22:00,16.4,0.00,0.00,0.00,13.6,6.4,79,10.4
2024-10-05T23:00,15.7,0.00,0.00,0.00,12.6,7.9,86,13.3
2024-10-06T00:00,15.1,0.00,0.00,0.00,12.2,7.0,87,13.0
2024-10-06T01:00,14.6,0.00,0.00,0.00,11.6,7.4,86,12.2
2024-10-06T02:00,14.0,0.00,0.00,0.00,11.2,6.7,88,12.2
2024-10-06T03:00,13.3,0.00,0.00,0.00,10.6,6.3,90,11.2
2024-10-06T04:00,13.0,0.00,0.00,0.00,10.0,9.4,90,15.1
2024-10-06T05:00,12.9,0.00,0.00,0.00,9.8,10.1,90,16.9
2024-10-06T06:00,12.4,0.00,0.00,0.00,9.4,11.0,90,18.4
2024-10-06T07:00,12.4,0.00,0.00,0.00,9.4,11.7,87,19.8
2024-10-06T08:00,14.4,0.00,0.00,0.00,11.3,12.6,88,21.2
2024-10-06T09:00,17.0,0.00,0.00,0.00,14.3,10.7,97,23.4
2024-10-06T10:00,19.7,0.00,0.00,0.00,17.1,10.4,98,24.1
2024-10-06T11:00,22.4,0.00,0.00,0.00,19.7,11.4,103,26.6
2024-10-06T12:00,24.7,0.00,0.00,0.00,22.0,12.7,111,28.4
2024-10-06T13:00,26.4,0.00,0.00,0.00,23.4,13.2,119,29.5
2024-10-06T14:00,27.2,0.00,0.00,0.00,23.5,15.2,124,31.7
2024-10-06T15:00,27.2,0.00,0.00,0.00,23.1,16.4,126,33.1
2024-10-06T16:00,26.7,0.00,0.00,0.00,22.5,15.0,123,30.2
2024-10-06T17:00,25.2,0.00,0.00,0.00,21.6,11.4,115,28.8
2024-10-06T18:00,22.0,0.00,0.00,0.00,18.3,11.6,96,19.8
2024-10-06T19:00,20.6,0.00,0.00,0.00,16.5,15.3,92,25.6
2024-10-06T20:00,19.7,0.00,0.00,0.00,15.6,17.0,96,29.2
2024-10-06T21:00,19.0,0.00,0.00,0.00,15.5,16.0,102,29.5
2024-10-06T22:00,18.3,0.00,0.00,0.00,15.1,14.5,104,27.4
2024-10-06T23:00,17.6,0.00,0.00,0.00,14.7,13.1,105,24.5
2024-10-07T00:00,16.9,0.00,0.00,0.00,14.3,12.0,102,22.0
2024-10-07T01:00,16.4,0.00,0.00,0.00,13.8,12.4,100,20.9
2024-10-07T02:00,15.9,0.00,0.00,0.00,13.5,13.0,100,22.0
2024-10-07T03:00,15.4,0.00,0.00,0.00,13.1,13.0,100,22.7
2024-10-07T04:00,14.7,0.00,0.00,0.00,12.6,12.8,96,21.2
2024-10-07T05:00,14.3,0.00,0.00,0.00,12.3,13.6,101,23.4
2024-10-07T06:00,13.7,0.00,0.00,0.00,11.9,13.3,103,23.4
2024-10-07T07:00,13.6,0.00,0.00,0.00,11.9,13.8,105,23.4
2024-10-07T08:00,15.5,0.00,0.00,0.00,14.1,14.2,105,24.8
2024-10-07T09:00,17.9,0.00,0.00,0.00,16.8,13.4,116,28.1
2024-10-07T10:00,20.3,0.00,0.00,0.00,19.4,13.3,125,28.8
2024-10-07T11:00,22.9,0.00,0.00,0.00,21.8,13.5,136,29.9
2024-10-07T12:00,25.3,0.00,0.00,0.00,24.0,12.6,156,29.9
2024-10-07T13:00,27.1,0.00,0.00,0.00,25.2,11.8,188,28.4
2024-10-07T14:00,28.0,0.00,0.00,0.00,25.6,11.1,203,27.4
2024-10-07T15:00,28.4,0.00,0.00,0.00,26.0,10.9,204,25.6
2024-10-07T16:00,26.9,0.00,0.00,0.00,24.5,9.8,263,22.0
2024-10-07T17:00,23.8,0.00,0.00,0.00,21.3,18.8,265,33.8
2024-10-07T18:00,20.5,0.00,0.00,0.00,19.5,16.5,262,34.2
2024-10-07T19:00,19.7,0.00,0.00,0.00,18.7,19.1,271,33.5
2024-10-07T20:00,18.9,0.00,0.00,0.00,17.7,18.1,265,34.2
2024-10-07T21:00,18.1,0.00,0.00,0.00,17.2,17.5,260,33.8
2024-10-07T22:00,18.1,0.00,0.00,0.00,17.2,17.1,246,34.9
2024-10-07T23:00,17.6,0.10,0.00,0.10,17.2,14.4,240,33.5
2024-10-08T00:00,17.3,0.00,0.00,0.00,16.7,16.6,241,29.2
2024-10-08T01:00,17.0,0.00,0.00,0.00,16.2,17.6,246,31.3
2024-10-08T02:00,16.7,0.00,0.00,0.00,15.5,17.2,247,31.3
2024-10-08T03:00,15.9,0.00,0.00,0.00,14.5,16.3,251,31.0
2024-10-08T04:00,14.9,0.00,0.00,0.00,13.8,13.9,259,25.2
2024-10-08T05:00,14.1,0.00,0.00,0.00,12.8,13.8,258,24.8
2024-10-08T06:00,13.3,0.00,0.00,0.00,11.7,14.1,256,24.8
2024-10-08T07:00,13.1,0.00,0.00,0.00,11.0,15.7,260,27.4
2024-10-08T08:00,14.5,0.00,0.00,0.00,11.9,17.4,262,32.4
2024-10-08T09:00,16.0,0.00,0.00,0.00,12.8,20.6,260,40.0
2024-10-08T10:00,17.3,0.00,0.00,0.00,13.1,25.8,253,49.3
2024-10-08T11:00,17.6,0.00,0.00,0.00,13.4,27.1,247,52.6
2024-10-08T12:00,17.9,0.00,0.00,0.00,13.2,29.1,245,56.2
2024-10-08T13:00,18.2,0.00,0.00,0.00,12.9,30.8,247,59.4
2024-10-08T14:00,17.5,0.00,0.00,0.00,12.6,30.3,256,59.8
2024-10-08T15:00,17.3,0.00,0.00,0.00,12.9,26.0,246,58.0
2024-10-08T16:00,17.8,0.00,0.00,0.00,12.5,31.9,248,60.5
2024-10-08T17:00,16.9,0.00,0.00,0.00,12.8,26.6,247,58.7
2024-10-08T18:00,16.3,0.00,0.00,0.00,12.6,24.6,249,50.0
2024-10-08T19:00,16.0,0.00,0.00,0.00,13.1,21.7,243,44.3
2024-10-08T20:00,15.7,0.00,0.00,0.00,13.2,19.8,243,38.9
2024-10-08T21:00,15.3,0.00,0.00,0.00,13.2,19.0,242,35.6
2024-10-08T22:00,15.2,0.00,0.00,0.00,13.3,18.5,241,34.2
2024-10-08T23:00,15.1,0.00,0.00,0.00,13.3,17.8,238,33.1
2024-10-09T00:00,14.8,0.00,0.00,0.00,13.2,16.4,241,31.7
2024-10-09T01:00,14.8,0.00,0.00,0.00,13.1,15.9,250,29.2
2024-10-09T02:00,14.8,0.00,0.00,0.00,12.6,15.8,262,28.1
2024-10-09T03:00,14.3,0.00,0.00,0.00,11.7,14.8,271,28.1
2024-10-09T04:00,13.4,0.00,0.00,0.00,10.7,14.0,271,26.3
2024-10-09T05:00,12.9,0.00,0.00,0.00,10.2,13.3,272,24.5
2024-10-09T06:00,12.5,0.00,0.00,0.00,9.7,13.2,273,23.0
2024-10-09T07:00,12.2,0.00,0.00,0.00,9.6,12.1,271,22.7
2024-10-09T08:00,13.8,0.00,0.00,0.00,11.2,11.9,266,22.3
2024-10-09T09:00,15.7,0.00,0.00,0.00,12.9,13.5,274,28.1
2024-10-09T10:00,17.4,0.00,0.00,0.00,14.3,15.8,277,32.4
2024-10-09T11:00,18.7,0.00,0.00,0.00,15.4,17.6,271,36.4
2024-10-09T12:00,19.7,0.00,0.00,0.00,16.4,18.5,268,38.5
2024-10-09T13:00,20.3,0.00,0.00,0.00,17.0,19.8,262,40.7
2024-10-09T14:00,20.4,0.00,0.00,0.00,16.9,20.6,256,41.8
2024-10-09T15:00,20.1,0.00,0.00,0.00,16.6,21.5,252,42.5
2024-10-09T16:00,19.3,0.00,0.00,0.00,15.9,19.2,251,39.2
2024-10-09T17:00,17.8,0.00,0.00,0.00,14.8,16.8,251,37.1
2024-10-09T18:00,15.7,0.00,0.00,0.00,13.1,15.1,261,29.9
2024-10-09T19:00,14.7,0.00,0.00,0.00,12.9,11.4,267,26.3
2024-10-09T20:00,13.9,0.00,0.00,0.00,12.7,8.3,271,19.4
2024-10-09T21:00,13.1,0.00,0.00,0.00,12.2,6.5,278,13.7
2024-10-09T22:00,11.6,0.00,0.00,0.00,10.7,7.2,335,10.8
2024-10-09T23:00,11.9,0.00,0.00,0.00,10.8,6.9,47,10.4
2024-10-10T00:00,12.3,0.00,0.00,0.00,10.2,8.8,67,14.8
2024-10-10T01:00,12.0,0.00,0.00,0.00,9.9,8.5,72,14.8
2024-10-10T02:00,11.6,0.00,0.00,0.00,9.5,8.6,75,14.4
2024-10-10T03:00,11.3,0.00,0.00,0.00,9.2,9.3,77,15.5
2024-10-10T04:00,10.6,0.00,0.00,0.00,8.5,10.0,77,16.6
2024-10-10T05:00,10.4,0.00,0.00,0.00,8.4,10.0,81,17.3
2024-10-10T06:00,10.1,0.00,0.00,0.00,8.2,9.2,88,16.9
2024-10-10T07:00,10.1,0.00,0.00,0.00,8.1,9.7,89,15.8
2024-10-10T08:00,12.0,0.00,0.00,0.00,9.9,10.4,89,19.4
2024-10-10T09:00,14.2,0.00,0.00,0.00,12.1,10.7,96,22.7
2024-10-10T10:00,16.3,0.00,0.00,0.00,14.1,11.8,102,26.3
2024-10-10T11:00,18.1,0.00,0.00,0.00,15.9,11.2,102,27.0
2024-10-10T12:00,19.5,0.00,0.00,0.00,17.4,10.2,97,26.6
2024-10-10T13:00,20.4,0.00,0.00,0.00,18.4,9.2,94,25.2
2024-10-10T14:00,20.9,0.00,0.00,0.00,19.0,8.8,88,23.8
2024-10-10T15:00,20.9,0.00,0.00,0.00,19.0,8.8,85,22.7
2024-10-10T16:00,20.5,0.00,0.00,0.00,18.2,8.5,91,20.5
2024-10-10T17:00,19.2,0.00,0.00,0.00,16.8,8.8,78,18.7
2024-10-10T18:00,17.1,0.00,0.00,0.00,14.7,9.0,78,15.8
2024-10-10T19:00,16.2,0.00,0.00,0.00,13.3,11.6,71,19.4
2024-10-10T20:00,15.5,0.00,0.00,0.00,12.5,12.6,76,22.0
2024-10-10T21:00,14.6,0.00,0.00,0.00,11.6,12.6,81,22.0
2024-10-10T22:00,13.8,0.00,0.00,0.00,10.5,15.1,87,26.3
2024-10-10T23:00,13.4,0.00,0.00,0.00,10.0,15.3,87,27.0
2024-10-11T00:00,13.0,0.00,0.00,0.00,9.8,14.2,88,26.6
2024-10-11T01:00,13.1,0.00,0.00,0.00,10.1,12.4,88,24.8
2024-10-11T02:00,12.7,0.00,0.00,0.00,9.9,11.7,89,21.6
2024-10-11T03:00,12.3,0.00,0.00,0.00,9.5,11.3,82,20.2
2024-10-11T04:00,13.4,0.00,0.00,0.00,10.7,11.7,86,20.5
2024-10-11T05:00,12.1,0.00,0.00,0.00,9.3,12.2,81,20.9
2024-10-11T06:00,11.9,0.00,0.00,0.00,8.8,13.2,84,23.0
2024-10-11T07:00,12.0,0.00,0.00,0.00,8.9,13.4,85,23.4
2024-10-11T08:00,13.7,0.00,0.00,0.00,10.6,13.4,82,24.1
2024-10-11T09:00,15.7,0.00,0.00,0.00,12.4,14.8,90,29.5
2024-10-11T10:00,17.6,0.00,0.00,0.00,14.3,15.7,90,32.4
2024-10-11T11:00,19.4,0.00,0.00,0.00,16.0,16.7,97,34.9
2024-10-11T12:00,20.8,0.00,0.00,0.00,17.4,16.7,101,35.3
2024-10-11T13:00,21.8,0.00,0.00,0.00,18.5,16.4,102,35.3
2024-10-11T14:00,22.5,0.00,0.00,0.00,19.2,15.8,102,34.6
2024-10-11T15:00,22.6,0.00,0.00,0.00,19.4,15.2,100,33.5
2024-10-11T16:00,21.7,0.00,0.00,0.00,17.9,18.0,101,36.4
2024-10-11T17:00,20.5,0.00,0.00,0.00,17.1,15.2,95,34.2
2024-10-11T18:00,18.4,0.00,0.00,0.00,15.0,15.1,91,27.4
2024-10-11T19:00,17.5,0.00,0.00,0.00,13.9,16.4,98,28.4
2024-10-11T20:00,16.8,0.00,0.00,0.00,13.3,15.8,98,28.4
2024-10-11T21:00,15.9,0.00,0.00,0.00,12.2,16.6,89,29.2
2024-10-11T22:00,15.0,0.00,0.00,0.00,11.4,16.6,89,29.5
2024-10-11T23:00,14.4,0.00,0.00,0.00,10.8,16.9,89,29.5
2024-10-12T00:00,13.8,0.00,0.00,0.00,10.2,17.3,88,30.6
2024-10-12T01:00,13.3,0.00,0.00,0.00,9.8,17.7,88,31.3
2024-10-12T02:00,12.8,0.00,0.00,0.00,9.4,17.6,89,31.3
2024-10-12T03:00,12.4,0.00,0.00,0.00,9.0,17.6,89,31.3
2024-10-12T04:00,11.3,0.00,0.00,0.00,7.7,18.9,88,33.1
2024-10-12T05:00,10.7,0.00,0.00,0.00,6.9,19.5,87,34.6
2024-10-12T06:00,10.1,0.00,0.00,0.00,6.4,18.6,85,34.6
2024-10-12T07:00,9.7,0.00,0.00,0.00,6.0,18.3,84,33.1
2024-10-12T08:00,10.6,0.00,0.00,0.00,6.8,18.5,82,33.8
2024-10-12T09:00,12.1,0.00,0.00,0.00,7.9,20.5,84,40.0
2024-10-12T10:00,13.9,0.00,0.00,0.00,9.8,20.4,85,41.0
2024-10-12T11:00,15.7,0.00,0.00,0.00,11.6,20.9,87,42.1
2024-10-12T12:00,17.3,0.00,0.00,0.00,13.2,21.8,89,43.6
2024-10-12T13:00,18.6,0.00,0.00,0.00,14.4,23.0,90,45.7
2024-10-12T14:00,19.2,0.00,0.00,0.00,15.1,22.5,92,45.7
2024-10-12T15:00,19.3,0.00,0.00,0.00,15.0,23.2,91,45.0
2024-10-12T16:00,17.6,0.00,0.00,0.00,12.5,24.9,86,47.9
2024-10-12T17:00,16.4,0.00,0.00,0.00,11.6,22.9,82,47.2
2024-10-12T18:00,14.4,0.00,0.00,0.00,9.6,22.4,75,41.0
2024-10-12T19:00,12.8,0.00,0.00,0.00,7.7,24.5,74,43.9
2024-10-12T20:00,12.0,0.00,0.00,0.00,6.7,25.1,79,45.7
2024-10-12T21:00,11.8,0.00,0.00,0.00,6.5,24.8,83,45.4
2024-10-12T22:00,11.5,0.00,0.00,0.00,6.3,23.8,87,44.6
2024-10-12T23:00,11.2,0.00,0.00,0.00,6.1,23.2,88,42.8
2024-10-13T00:00,10.8,0.00,0.00,0.00,5.7,22.9,86,41.8
2024-10-13T01:00,10.2,0.00,0.00,0.00,5.1,23.2,84,41.8
2024-10-13T02:00,9.6,0.00,0.00,0.00,4.3,23.9,84,42.8
2024-10-13T03:00,9.2,0.00,0.00,0.00,3.9,24.8,84,44.6
2024-10-13T04:00,8.6,0.00,0.00,0.00,3.3,24.2,87,43.2
2024-10-13T05:00,8.6,0.00,0.00,0.00,3.2,24.9,88,44.6
2024-10-13T06:00,8.6,0.00,0.00,0.00,3.3,24.5,88,44.6
2024-10-13T07:00,8.8,0.00,0.00,0.00,3.4,25.6,88,46.1
2024-10-13T08:00,9.6,0.00,0.00,0.00,4.5,23.9,84,46.8
2024-10-13T09:00,11.0,0.00,0.00,0.00,5.7,27.2,86,51.1
2024-10-13T10:00,13.2,0.00,0.00,0.00,8.0,29.6,86,55.1
2024-10-13T11:00,15.6,0.00,0.00,0.00,10.2,33.5,102,67.3
2024-10-13T12:00,14.8,0.00,0.00,0.00,9.8,31.5,99,63.7
2024-10-13T13:00,15.9,0.00,0.00,0.00,10.5,31.3,98,61.6
2024-10-13T14:00,18.4,0.00,0.00,0.00,12.8,32.6,105,60.8
2024-10-13T15:00,16.5,0.00,0.00,0.00,11.0,32.2,110,61.9
2024-10-13T16:00,14.5,0.00,0.00,0.00,8.3,32.2,107,61.9
2024-10-13T17:00,14.0,0.00,0.00,0.00,7.8,32.3,109,59.8
2024-10-13T18:00,11.4,0.30,0.00,0.30,5.4,31.8,104,59.0
2024-10-13T19:00,10.1,0.80,0.00,0.80,4.4,32.7,103,58.3
2024-10-13T20:00,9.3,1.70,0.00,1.70,4.3,30.3,106,58.3
2024-10-13T21:00,9.1,1.20,0.00,1.20,4.1,30.2,105,54.4
2024-10-13T22:00,9.2,0.20,0.00,0.20,4.2,29.0,103,54.4
2024-10-13T23:00,9.2,0.20,0.00,0.20,4.5,26.9,103,51.5
2024-10-14T00:00,9.3,0.20,0.00,0.20,4.7,26.5,103,48.2
2024-10-14T01:00,9.5,0.00,0.00,0.00,5.0,26.3,107,47.5
2024-10-14T02:00,9.6,0.00,0.00,0.00,5.0,26.0,108,47.5
2024-10-14T03:00,9.8,0.00,0.00,0.00,5.3,24.4,111,48.2
2024-10-14T04:00,8.0,0.10,0.00,0.10,3.6,22.5,110,44.3
2024-10-14T05:00,8.2,0.00,0.00,0.00,4.0,21.4,111,40.3
2024-10-14T06:00,9.1,0.00,0.00,0.00,4.7,22.9,118,43.2
2024-10-14T07:00,9.3,0.00,0.00,0.00,5.0,22.5,119,44.6
2024-10-14T08:00,9.7,0.00,0.00,0.00,5.8,20.3,117,41.8
2024-10-14T09:00,10.2,0.00,0.00,0.00,6.5,18.2,108,37.8
2024-10-14T10:00,10.8,0.10,0.00,0.10,7.4,16.8,105,34.2
2024-10-14T11:00,11.9,0.00,0.00,0.00,8.6,15.9,105,31.7
2024-10-14T12:00,13.4,0.00,0.00,0.00,10.3,15.4,107,30.6
2024-10-14T13:00,15.2,0.00,0.00,0.00,12.5,15.3,118,31.3
2024-10-14T14:00,15.9,0.20,0.00,0.20,13.8,13.7,140,30.2
2024-10-14T15:00,14.9,0.50,0.00,0.50,13.8,9.3,146,27.4
2024-10-14T16:00,14.5,0.00,0.00,0.00,12.0,14.4,131,28.1
2024-10-14T17:00,14.2,0.00,0.00,0.00,11.9,12.7,130,28.1
2024-10-14T18:00,13.7,0.00,0.00,0.00,11.4,12.4,132,22.7
2024-10-14T19:00,13.4,0.00,0.00,0.00,11.3,11.5,121,22.0
2024-10-14T20:00,13.4,0.00,0.00,0.00,11.2,11.5,113,20.9
2024-10-14T21:00,13.6,0.00,0.00,0.00,11.3,12.2,121,21.2
2024-10-14T22:00,13.2,0.00,0.00,0.00,10.7,13.9,130,24.1
2024-10-14T23:00,12.7,0.00,0.00,0.00,10.2,13.3,142,25.6
2024-10-15T00:00,12.5,0.00,0.00,0.00,10.7,9.8,150,23.4
2024-10-15T01:00,12.3,0.00,0.00,0.00,10.7,8.8,145,16.9
2024-10-15T02:00,12.0,0.00,0.00,0.00,10.5,8.5,142,15.1
2024-10-15T03:00,11.9,0.00,0.00,0.00,10.4,8.4,133,15.1
2024-10-15T04:00,10.6,0.10,0.00,0.10,8.5,10.7,97,18.4
2024-10-15T05:00,10.5,0.20,0.00,0.20,8.7,9.3,100,19.1
2024-10-15T06:00,10.6,0.10,0.00,0.10,8.7,10.7,97,19.4
2024-10-15T07:00,10.5,0.50,0.00,0.50,9.3,7.0,72,18.7
2024-10-15T08:00,10.8,0.30,0.00,0.30,9.5,10.1,96,16.9
2024-10-15T09:00,11.5,0.40,0.00,0.40,10.5,8.3,92,18.0
2024-10-15T10:00,12.3,0.60,0.00,0.60,11.4,8.5,95,20.2
2024-10-15T11:00,13.0,0.20,0.00,0.20,12.0,8.5,108,19.1
2024-10-15T12:00,13.5,0.20,0.00,0.20,12.8,7.0,119,19.1
2024-10-15T13:00,14.6,0.00,0.00,0.00,14.7,2.2,81,17.3
2024-10-15T14:00,15.6,0.00,0.00,0.00,15.3,4.3,332,17.6
2024-10-15T15:00,15.0,0.10,0.00,0.10,13.6,9.3,317,19.4
2024-10-15T16:00,14.5,0.00,0.00,0.00,13.0,7.8,328,17.3
2024-10-15T17:00,13.8,0.00,0.00,0.00,12.4,6.5,328,17.3
2024-10-15T18:00,11.0,0.00,0.00,0.00,9.7,6.4,317,11.5
2024-10-15T19:00,10.2,0.00,0.00,0.00,8.7,7.2,323,9.0
2024-10-15T20:00,9.7,0.00,0.00,0.00,8.3,6.9,295,8.6
2024-10-15T21:00,9.6,0.00,0.00,0.00,8.3,5.7,288,9.0
2024-10-15T22:00,9.5,0.00,0.00,0.00,7.8,8.2,302,13.7
2024-10-15T23:00,9.3,0.00,0.00,0.00,7.4,9.7,315,16.6
2024-10-16T00:00,9.1,0.00,0.00,0.00,7.4,8.3,327,16.6
2024-10-16T01:00,8.5,0.00,0.00,0.00,7.0,5.7,323,14.0
2024-10-16T02:00,8.3,0.00,0.00,0.00,6.9,4.8,290,8.6
2024-10-16T03:00,8.5,0.00,0.00,0.00,7.0,5.7,294,9.7
2024-10-16T04:00,7.9,0.00,0.00,0.00,6.3,5.7,349,9.7
2024-10-16T05:00,8.5,0.00,0.00,0.00,7.1,5.2,348,10.8
2024-10-16T06:00,8.6,0.00,0.00,0.00,7.5,3.6,340,8.3
2024-10-16T07:00,8.5,0.00,0.00,0.00,7.3,4.0,357,6.8
2024-10-16T08:00,9.8,0.00,0.00,0.00,8.7,4.0,3,9.0
2024-10-16T09:00,11.9,0.00,0.00,0.00,11.2,1.5,315,9.4
2024-10-16T10:00,13.3,0.00,0.00,0.00,11.9,4.2,295,14.0
2024-10-16T11:00,13.8,0.10,0.00,0.10,11.9,7.0,293,18.4
2024-10-16T12:00,14.0,0.10,0.00,0.10,12.1,6.7,270,18.7
2024-10-16T13:00,13.2,0.20,0.00,0.20,11.5,6.1,275,18.4
2024-10-16T14:00,13.4,0.10,0.00,0.10,11.9,4.9,303,15.8
2024-10-16T15:00,13.6,0.10,0.00,0.10,12.0,4.7,298,14.8
2024-10-16T16:00,13.8,0.00,0.00,0.00,11.8,3.4,227,9.7
2024-10-16T17:00,12.8,0.00,0.00,0.00,11.1,3.2,243,9.0
2024-10-16T18:00,11.5,0.00,0.00,0.00,9.6,5.8,250,8.6
2024-10-16T19:00,10.5,0.00,0.00,0.00,8.1,10.4,280,16.9
2024-10-16T20:00,10.3,0.00,0.00,0.00,8.5,7.4,309,18.7
2024-10-16T21:00,10.3,0.00,0.00,0.00,8.5,7.0,337,13.0
2024-10-16T22:00,10.4,0.00,0.00,0.00,8.4,8.2,352,14.0
2024-10-16T23:00,9.8,0.10,0.00,0.10,7.7,10.4,2,18.0
2024-10-17T00:00,8.9,0.00,0.00,0.00,6.8,9.5,10,18.0
2024-10-17T01:00,8.5,0.00,0.00,0.00,6.3,9.8,7,17.3
2024-10-17T02:00,8.5,0.00,0.00,0.00,6.5,9.4,11,16.9
2024-10-17T03:00,8.0,0.00,0.00,0.00,5.5,12.0,8,20.5
2024-10-17T04:00,7.6,0.00,0.00,0.00,5.3,10.1,5,17.3
2024-10-17T05:00,7.7,0.00,0.00,0.00,5.2,11.2,16,19.4
2024-10-17T06:00,8.0,0.00,0.00,0.00,5.5,12.0,19,20.9
2024-10-17T07:00,8.6,0.00,0.00,0.00,6.0,12.8,19,22.7
2024-10-17T08:00,9.5,0.00,0.00,0.00,6.8,13.4,31,25.6
2024-10-17T09:00,9.9,0.10,0.00,0.10,7.3,13.1,29,25.2
2024-10-17T10:00,10.2,0.10,0.00,0.10,7.1,16.1,33,29.9
2024-10-17T11:00,11.1,0.10,0.00,0.10,7.6,18.7,34,36.4
2024-10-17T12:00,12.1,0.00,0.00,0.00,8.5,17.6,33,37.1
2024-10-17T13:00,11.7,0.00,0.00,0.00,7.7,19.6,22,38.2
2024-10-17T14:00,12.5,0.00,0.00,0.00,8.3,19.5,20,38.5
2024-10-17T15:00,12.5,0.00,0.00,0.00,8.2,20.5,17,39.2
2024-10-17T16:00,11.3,0.00,0.00,0.00,6.8,20.6,24,40.3
2024-10-17T17:00,10.5,0.00,0.00,0.00,6.1,19.8,19,38.5
2024-10-17T18:00,10.1,0.00,0.00,0.00,6.0,18.3,16,38.5
2024-10-17T19:00,9.9,0.00,0.00,0.00,5.8,17.5,20,33.1
2024-10-17T20:00,9.4,0.00,0.00,0.00,4.9,20.4,26,37.1
2024-10-17T21:00,8.9,0.00,0.00,0.00,4.4,18.6,27,39.2
2024-10-17T22:00,8.7,0.00,0.00,0.00,4.1,18.8,30,34.2
2024-10-17T23:00,8.2,0.00,0.00,0.00,3.8,17.4,33,34.2
2024-10-18T00:00,7.9,0.00,0.00,0.00,3.4,17.5,32,31.7
2024-10-18T01:00,7.7,0.00,0.00,0.00,3.1,18.4,29,33.8
2024-10-18T02:00,7.7,0.00,0.00,0.00,3.2,17.8,24,33.8
2024-10-18T03:00,7.1,0.00,0.00,0.00,2.9,15.7,22,32.0
2024-10-18T04:00,6.9,0.00,0.00,0.00,2.6,15.8,19,29.2
2024-10-18T05:00,6.8,0.00,0.00,0.00,2.6,15.5,15,28.8
2024-10-18T06:00,6.6,0.00,0.00,0.00,2.6,14.6,14,28.1
2024-10-18T07:00,6.7,0.00,0.00,0.00,2.6,15.1,12,27.0
2024-10-18T08:00,7.0,0.00,0.00,0.00,2.4,17.7,13,32.8
2024-10-18T09:00,7.0,0.00,0.00,0.00,2.4,18.4,14,34.2
2024-10-18T10:00,7.6,0.00,0.00,0.00,3.0,19.1,20,37.1
2024-10-18T11:00,8.0,0.00,0.00,0.00,3.5,18.5,21,36.4
2024-10-18T12:00,8.4,0.00,0.00,0.00,3.9,18.5,22,35.3
2024-10-18T13:00,8.6,0.00,0.00,0.00,4.2,18.5,21,35.6
2024-10-18T14:00,8.5,0.00,0.00,0.00,4.1,18.4,17,35.6
2024-10-18T15:00,8.5,0.00,0.00,0.00,4.2,17.6,14,35.6
2024-10-18T16:00,8.3,0.00,0.00,0.00,4.1,15.4,21,31.3
2024-10-18T17:00,7.9,0.00,0.00,0.00,4.0,14.8,21,29.5
2024-10-18T18:00,7.6,0.00,0.00,0.00,4.2,12.1,21,27.7
2024-10-18T19:00,7.4,0.00,0.00,0.00,4.3,10.6,10,22.0
2024-10-18T20:00,7.3,0.00,0.00,0.00,4.2,10.9,16,19.4
2024-10-18T21:00,6.9,0.10,0.00,0.10,3.5,13.4,24,24.1
2024-10-18T22:00,6.7,0.00,0.00,0.00,3.4,12.5,20,24.5
2024-10-18T23:00,6.7,0.00,0.00,0.00,3.6,11.3,20,22.3
2024-10-19T00:00,6.7,0.00,0.00,0.00,3.5,12.0,24,22.7
2024-10-19T01:00,6.4,0.00,0.00,0.00,3.2,11.6,26,22.3
2024-10-19T02:00,5.9,0.00,0.00,0.00,2.7,11.2,21,21.2
2024-10-19T03:00,6.2,0.00,0.00,0.00,2.9,11.9,22,22.0
2024-10-19T04:00,4.6,0.10,0.00,0.10,1.4,10.1,22,17.3
2024-10-19T05:00,4.0,0.00,0.00,0.00,0.9,9.7,27,17.6
2024-10-19T06:00,3.5,0.00,0.00,0.00,0.6,8.4,28,16.6
2024-10-19T07:00,3.5,0.00,0.00,0.00,0.8,6.7,20,14.4
2024-10-19T08:00,5.0,0.00,0.00,0.00,2.4,6.7,5,13.7
2024-10-19T09:00,6.6,0.00,0.00,0.00,3.6,8.8,11,18.7
2024-10-19T10:00,7.9,0.00,0.00,0.00,4.5,11.0,11,24.1
2024-10-19T11:00,8.5,0.10,0.00,0.10,5.0,10.6,15,24.5
2024-10-19T12:00,8.7,0.00,0.00,0.00,5.4,9.1,15,23.4
2024-10-19T13:00,9.2,0.00,0.00,0.00,6.0,8.5,7,20.5
2024-10-19T14:00,9.3,0.00,0.00,0.00,6.0,9.4,360,20.2
2024-10-19T15:00,9.5,0.00,0.00,0.00,6.2,9.5,360,20.9
2024-10-19T16:00,8.1,0.00,0.00,0.00,4.7,8.7,328,18.7
2024-10-19T17:00,7.9,0.00,0.00,0.00,4.3,9.7,332,18.4
2024-10-19T18:00,7.5,0.00,0.00,0.00,4.0,10.5,343,19.1
2024-10-19T19:00,7.2,0.00,0.00,0.00,4.0,8.6,352,19.4
2024-10-19T20:00,7.2,0.00,0.00,0.00,3.9,9.1,345,16.6
2024-10-19T21:00,6.7,0.00,0.00,0.00,3.3,10.6,345,19.8
2024-10-19T22:00,5.8,0.00,0.00,0.00,2.8,8.1,343,19.8
2024-10-19T23:00,5.2,0.00,0.00,0.00,2.5,6.3,336,14.0
2024-10-20T00:00,5.5,0.00,0.00,0.00,2.7,7.2,332,13.0
2024-10-20T01:00,5.7,0.00,0.00,0.00,2.9,7.1,333,13.7
2024-10-20T02:00,5.4,0.00,0.00,0.00,2.8,5.5,322,12.6
2024-10-20T03:00,5.2,0.00,0.00,0.00,2.6,5.7,319,9.7
2024-10-20T04:00,3.6,0.00,0.00,0.00,0.8,6.3,329,10.4
2024-10-20T05:00,3.3,0.00,0.00,0.00,0.5,5.6,329,10.8
2024-10-20T06:00,3.5,0.00,0.00,0.00,0.7,5.3,325,9.4
2024-10-20T07:00,4.7,0.00,0.00,0.00,1.9,5.5,322,10.4
2024-10-20T08:00,5.7,0.00,0.00,0.00,2.7,6.3,336,13.0
2024-10-20T09:00,6.6,0.00,0.00,0.00,3.3,7.8,347,17.3
2024-10-20T10:00,7.2,0.00,0.00,0.00,3.6,10.7,348,22.7
2024-10-20T11:00,7.6,0.00,0.00,0.00,4.2,10.0,342,23.0
2024-10-20T12:00,8.4,0.00,0.00,0.00,5.0,10.0,337,22.3
2024-10-20T13:00,9.0,0.00,0.00,0.00,5.6,10.2,330,23.0
2024-10-20T14:00,9.1,0.00,0.00,0.00,5.4,12.2,331,24.8
2024-10-20T15:00,8.9,0.00,0.00,0.00,5.5,11.3,323,25.6
2024-10-20T16:00,7.4,0.00,0.00,0.00,3.7,10.9,329,22.3
2024-10-20T17:00,7.3,0.00,0.00,0.00,3.7,10.5,327,21.6
2024-10-20T18:00,7.3,0.00,0.00,0.00,4.0,9.4,324,20.5
2024-10-20T19:00,6.9,0.00,0.00,0.00,3.5,10.9,326,20.2
2024-10-20T20:00,6.6,0.00,0.00,0.00,3.1,11.9,322,21.6
2024-10-20T21:00,6.4,0.00,0.00,0.00,3.1,11.1,324,23.4
2024-10-20T22:00,6.2,0.10,0.00,0.10,3.2,9.9,318,20.2
2024-10-20T23:00,6.3,0.20,0.00,0.20,3.5,9.7,325,18.7
2024-10-21T00:00,6.4,0.20,0.00,0.20,4.0,7.4,311,16.6
2024-10-21T01:00,6.4,0.60,0.00,0.60,4.1,8.4,313,14.8
2024-10-21T02:00,6.5,0.30,0.00,0.30,3.7,11.4,331,19.4
2024-10-21T03:00,6.4,0.00,0.00,0.00,3.5,11.7,343,21.2
2024-10-21T04:00,5.9,0.00,0.00,0.00,3.0,10.7,331,18.7
2024-10-21T05:00,5.5,0.00,0.00,0.00,2.6,10.5,340,18.7
2024-10-21T06:00,5.2,0.00,0.00,0.00,2.3,9.6,347,18.4
2024-10-21T07:00,5.6,0.00,0.00,0.00,2.8,9.4,357,17.3
2024-10-21T08:00,5.8,0.10,0.00,0.10,2.9,10.6,357,18.4
2024-10-21T09:00,6.2,0.10,0.00,0.10,2.9,12.6,10,23.0
2024-10-21T10:00,7.1,0.00,0.00,0.00,3.5,14.6,22,26.3
2024-10-21T11:00,8.3,0.00,0.00,0.00,4.8,13.8,31,28.8
2024-10-21T12:00,9.9,0.00,0.00,0.00,6.4,13.9,38,29.5
2024-10-21T13:00,10.4,0.10,0.00,0.10,7.0,13.7,35,28.8
2024-10-21T14:00,10.6,0.00,0.00,0.00,7.2,13.2,34,27.7
2024-10-21T15:00,11.0,0.00,0.00,0.00,7.6,13.2,34,27.0
2024-10-21T16:00,9.5,0.00,0.00,0.00,5.7,14.4,31,27.7
2024-10-21T17:00,9.3,0.00,0.00,0.00,6.4,8.8,28,27.4
2024-10-21T18:00,8.9,0.00,0.00,0.00,6.3,7.0,23,15.5
2024-10-21T19:00,8.9,0.00,0.00,0.00,6.4,6.5,19,13.0
2024-10-21T20:00,8.8,0.00,0.00,0.00,6.7,4.3,345,10.8
2024-10-21T21:00,8.5,0.00,0.00,0.00,6.6,3.6,340,7.2
2024-10-21T22:00,8.5,0.00,0.00,0.00,6.7,2.9,313,6.1
2024-10-21T23:00,8.5,0.00,0.00,0.00,6.4,5.2,301,8.6
2024-10-22T00:00,7.7,0.00,0.00,0.00,5.4,6.2,308,10.1
2024-10-22T01:00,8.0,0.00,0.00,0.00,5.6,6.9,315,11.5
2024-10-22T02:00,7.8,0.00,0.00,0.00,5.2,8.2,327,13.7
2024-10-22T03:00,7.2,0.00,0.00,0.00,4.5,8.9,335,15.1
2024-10-22T04:00,6.0,0.00,0.00,0.00,3.3,9.0,350,14.4
2024-10-22T05:00,5.1,0.00,0.00,0.00,2.2,9.5,359,16.9
2024-10-22T06:00,4.5,0.00,0.00,0.00,1.6,8.5,2,16.2
2024-10-22T07:00,4.2,0.00,0.00,0.00,1.1,9.6,12,16.6
2024-10-22T08:00,5.8,0.00,0.00,0.00,2.8,9.0,23,16.2
2024-10-22T09:00,8.3,0.00,0.00,0.00,6.1,5.4,30,15.5
2024-10-22T10:00,10.4,0.00,0.00,0.00,8.6,3.7,55,14.0
2024-10-22T11:00,11.6,0.00,0.00,0.00,9.0,7.6,12,18.4
2024-10-22T12:00,12.3,0.00,0.00,0.00,9.3,10.1,6,23.8
2024-10-22T13:00,12.4,0.00,0.00,0.00,9.4,10.3,358,23.8
2024-10-22T14:00,12.7,0.00,0.00,0.00,9.7,10.5,347,23.8
2024-10-22T15:00,12.8,0.00,0.00,0.00,9.9,9.6,343,23.0
2024-10-22T16:00,11.4,0.00,0.00,0.00,8.2,10.6,334,20.9
2024-10-22T17:00,10.9,0.00,0.00,0.00,8.4,6.5,309,20.5
2024-10-22T18:00,8.5,0.00,0.00,0.00,6.0,7.4,269,11.5
2024-10-22T19:00,8.2,0.00,0.00,0.00,5.8,6.2,263,8.6
2024-10-22T20:00,7.4,0.00,0.00,0.00,4.6,9.8,275,16.9
2024-10-22T21:00,6.9,0.00,0.00,0.00,4.5,7.8,278,16.6
2024-10-22T22:00,6.9,0.00,0.00,0.00,4.4,8.6,271,14.4
2024-10-22T23:00,6.8,0.00,0.00,0.00,4.2,9.1,256,15.1
2024-10-23T00:00,6.5,0.00,0.00,0.00,3.9,9.4,250,15.8
2024-10-23T01:00,6.2,0.00,0.00,0.00,3.5,10.1,246,16.9
2024-10-23T02:00,6.2,0.00,0.00,0.00,3.4,10.0,250,17.3
2024-10-23T03:00,6.2,0.00,0.00,0.00,3.4,10.0,249,16.6
2024-10-23T04:00,6.6,0.00,0.00,0.00,4.4,8.1,252,13.3
2024-10-23T05:00,6.7,0.00,0.00,0.00,4.6,8.1,253,13.3
2024-10-23T06:00,6.8,0.00,0.00,0.00,4.6,8.8,247,14.8
2024-10-23T07:00,6.6,0.00,0.00,0.00,4.4,8.6,248,15.1
2024-10-23T08:00,7.8,0.00,0.00,0.00,5.5,10.9,246,17.6
2024-10-23T09:00,10.0,0.00,0.00,0.00,7.8,11.4,245,23.4
2024-10-23T10:00,11.8,0.00,0.00,0.00,9.6,12.0,244,25.6
2024-10-23T11:00,13.5,0.00,0.00,0.00,10.8,14.3,249,29.9
2024-10-23T12:00,14.7,0.00,0.00,0.00,11.3,16.1,252,33.1
2024-10-23T13:00,15.4,0.00,0.00,0.00,11.5,17.6,252,35.6
2024-10-23T14:00,15.4,0.00,0.00,0.00,11.3,18.6,250,36.7
2024-10-23T15:00,14.9,0.00,0.00,0.00,10.9,18.6,248,36.7
2024-10-23T16:00,13.7,0.00,0.00,0.00,10.1,16.9,245,34.6
2024-10-23T17:00,11.8,0.00,0.00,0.00,8.3,17.6,243,31.7
2024-10-23T18:00,10.6,0.00,0.00,0.00,7.0,17.4,247,31.0
2024-10-23T19:00,10.3,0.00,0.00,0.00,6.8,17.3,247,30.2
2024-10-23T20:00,10.2,0.00,0.00,0.00,6.8,17.7,247,30.6
2024-10-23T21:00,10.0,0.00,0.00,0.00,6.7,17.5,245,30.6
2024-10-23T22:00,9.9,0.00,0.00,0.00,6.8,17.2,250,30.6
2024-10-23T23:00,9.9,0.00,0.00,0.00,7.0,16.7,254,29.9
2024-10-24T00:00,9.8,0.00,0.00,0.00,7.1,15.4,260,28.8
2024-10-24T01:00,9.2,0.00,0.00,0.00,6.6,13.7,270,26.6
2024-10-24T02:00,8.3,0.00,0.00,0.00,5.6,11.2,280,23.4
2024-10-24T03:00,7.5,0.00,0.00,0.00,4.7,10.3,293,19.1
2024-10-24T04:00,7.7,0.00,0.00,0.00,5.3,9.2,301,15.8
2024-10-24T05:00,7.8,0.00,0.00,0.00,5.1,9.8,319,16.2
2024-10-24T06:00,9.5,0.00,0.00,0.00,6.7,11.8,334,20.2
2024-10-24T07:00,10.2,0.10,0.00,0.10,7.7,11.5,338,20.9
2024-10-24T08:00,10.9,0.00,0.00,0.00,8.5,12.0,341,20.2
2024-10-24T09:00,12.1,0.00,0.00,0.00,9.3,14.2,351,26.6
2024-10-24T10:00,12.6,0.00,0.00,0.00,9.8,14.3,354,29.5
2024-10-24T11:00,13.4,0.00,0.00,0.00,10.7,12.7,348,29.5
2024-10-24T12:00,14.5,0.00,0.00,0.00,11.8,11.4,342,27.0
2024-10-24T13:00,15.0,0.00,0.00,0.00,11.8,12.4,332,26.6
2024-10-24T14:00,14.9,0.00,0.00,0.00,11.7,11.6,325,27.0
2024-10-24T15:00,14.9,0.00,0.00,0.00,11.8,11.3,313,24.8
2024-10-24T16:00,14.3,0.00,0.00,0.00,10.6,12.6,317,26.3
2024-10-24T17:00,12.1,0.00,0.00,0.00,9.3,7.6,304,22.3
2024-10-24T18:00,10.0,0.00,0.00,0.00,7.1,7.6,298,13.0
2024-10-24T19:00,9.4,0.00,0.00,0.00,6.3,9.6,303,15.8
2024-10-24T20:00,8.7,0.00,0.00,0.00,5.6,9.8,294,16.2
2024-10-24T21:00,8.7,0.00,0.00,0.00,5.4,11.2,298,19.1
2024-10-24T22:00,8.0,0.00,0.00,0.00,4.7,11.1,295,18.7
2024-10-24T23:00,7.6,0.00,0.00,0.00,4.2,11.8,293,19.8
2024-10-25T00:00,7.1,0.00,0.00,0.00,3.6,11.8,298,20.5
2024-10-25T01:00,7.1,0.00,0.00,0.00,3.6,11.8,303,20.5
2024-10-25T02:00,6.9,0.00,0.00,0.00,3.5,12.0,307,20.5
2024-10-25T03:00,7.2,0.00,0.00,0.00,3.8,11.8,309,21.2
2024-10-25T04:00,7.5,0.00,0.00,0.00,4.2,12.2,308,20.9
2024-10-25T05:00,6.5,0.00,0.00,0.00,3.4,10.9,310,20.9
2024-10-25T06:00,5.8,0.00,0.00,0.00,2.6,11.3,312,19.1
2024-10-25T07:00,5.7,0.00,0.00,0.00,2.5,11.7,317,20.9
2024-10-25T08:00,6.7,0.00,0.00,0.00,3.7,10.4,307,20.2
2024-10-25T09:00,8.7,0.00,0.00,0.00,5.4,11.8,310,26.6
2024-10-25T10:00,9.9,0.00,0.00,0.00,5.7,17.9,322,33.8
2024-10-25T11:00,10.5,0.00,0.00,0.00,6.5,16.2,315,34.2
2024-10-25T12:00,11.3,0.00,0.00,0.00,7.4,15.8,308,31.0
2024-10-25T13:00,11.5,0.00,0.00,0.00,7.6,15.8,302,31.0
2024-10-25T14:00,11.4,0.00,0.00,0.00,7.6,15.5,295,31.0
2024-10-25T15:00,11.3,0.00,0.00,0.00,7.3,16.8,297,31.3
2024-10-25T16:00,10.1,0.10,0.00,0.10,5.6,18.5,300,33.5
2024-10-25T17:00,9.3,0.10,0.00,0.10,5.8,13.6,281,34.2
2024-10-25T18:00,8.1,0.00,0.00,0.00,4.7,14.0,282,24.5
2024-10-25T19:00,8.5,0.00,0.00,0.00,4.9,15.1,273,27.7
2024-10-25T20:00,8.4,0.00,0.00,0.00,4.8,16.1,280,28.1
2024-10-25T21:00,7.9,0.00,0.00,0.00,4.4,16.7,289,29.9
2024-10-25T22:00,7.9,0.60,0.00,0.60,4.6,16.7,313,29.9
2024-10-25T23:00,8.2,0.10,0.00,0.10,4.7,18.0,344,31.3
2024-10-26T00:00,7.1,0.00,0.00,0.00,3.6,15.6,352,31.3
2024-10-26T01:00,6.2,0.00,0.00,0.00,2.7,15.2,346,27.4
2024-10-26T02:00,5.5,0.00,0.00,0.00,2.0,14.7,345,26.6
2024-10-26T03:00,5.0,0.00,0.00,0.00,1.5,13.8,348,25.6
2024-10-26T04:00,4.1,0.00,0.00,0.00,0.4,13.5,352,23.4
2024-10-26T05:00,3.8,0.00,0.00,0.00,0.1,13.7,358,23.8
2024-10-26T06:00,3.5,0.00,0.00,0.00,-0.3,13.7,2,23.8
2024-10-26T07:00,3.3,0.00,0.00,0.00,-0.5,13.4,5,23.8
2024-10-26T08:00,4.2,0.00,0.00,0.00,0.5,13.2,7,23.4
2024-10-26T09:00,5.7,0.00,0.00,0.00,2.0,13.3,13,26.3
2024-10-26T10:00,7.2,0.00,0.00,0.00,3.7,12.1,20,27.0
2024-10-26T11:00,8.7,0.00,0.00,0.00,5.2,11.9,31,27.4
2024-10-26T12:00,9.9,0.00,0.00,0.00,6.6,9.4,26,26.6
2024-10-26T13:00,11.0,0.00,0.00,0.00,7.7,8.5,360,23.0
2024-10-26T14:00,11.4,0.00,0.00,0.00,7.9,8.4,345,21.2
2024-10-26T15:00,11.2,0.00,0.00,0.00,7.8,7.6,346,20.5
2024-10-26T16:00,10.1,0.00,0.00,0.00,6.8,6.4,342,16.6
2024-10-26T17:00,7.1,0.00,0.00,0.00,3.7,8.3,336,13.0
2024-10-26T18:00,6.2,0.00,0.00,0.00,3.0,6.8,338,10.1
2024-10-26T19:00,5.3,0.00,0.00,0.00,2.3,5.6,353,7.9
2024-10-26T20:00,4.5,0.00,0.00,0.00,1.4,6.0,21,7.2
2024-10-26T21:00,4.5,0.00,0.00,0.00,1.5,6.1,60,7.2
2024-10-26T22:00,3.7,0.00,0.00,0.00,0.5,7.0,90,7.9
2024-10-26T23:00,2.8,0.00,0.00,0.00,-0.6,8.4,101,9.7
2024-10-27T00:00,3.2,0.00,0.00,0.00,-0.1,7.8,105,10.1
2024-10-27T01:00,4.6,0.00,0.00,0.00,1.5,6.7,146,9.4
2024-10-27T02:00,4.4,0.00,0.00,0.00,1.6,5.9,194,7.9
2024-10-27T03:00,4.0,0.00,0.00,0.00,1.1,6.4,196,7.6
2024-10-27T04:00,3.4,0.00,0.00,0.00,0.9,5.1,176,5.8
2024-10-27T05:00,1.8,0.00,0.00,0.00,-1.1,6.2,202,7.2
2024-10-27T06:00,0.9,0.00,0.00,0.00,-2.3,7.4,221,9.4
2024-10-27T07:00,1.7,0.00,0.00,0.00,-1.0,4.9,231,9.0
2024-10-27T08:00,2.6,0.00,0.00,0.00,-0.2,6.4,238,13.0
2024-10-27T09:00,3.9,0.00,0.00,0.00,1.4,6.1,240,15.1
2024-10-27T10:00,5.8,0.00,0.00,0.00,3.3,6.1,247,16.2
2024-10-27T11:00,8.3,0.00,0.00,0.00,5.6,8.8,247,20.5
2024-10-27T12:00,10.0,0.00,0.00,0.00,6.5,11.6,262,26.3
2024-10-27T13:00,10.2,0.00,0.00,0.00,6.7,11.7,261,26.3
2024-10-27T14:00,10.4,0.00,0.00,0.00,6.9,12.4,260,27.0
2024-10-27T15:00,10.2,0.00,0.00,0.00,6.8,12.0,256,27.0
2024-10-27T16:00,9.6,0.00,0.00,0.00,6.5,9.1,253,21.2
2024-10-27T17:00,7.4,0.00,0.00,0.00,4.6,7.7,237,17.6
2024-10-27T18:00,5.9,0.00,0.00,0.00,3.3,7.1,249,13.3
2024-10-27T19:00,4.9,0.00,0.00,0.00,2.3,6.5,256,11.9
2024-10-27T20:00,3.8,0.00,0.00,0.00,0.8,9.1,252,11.5
2024-10-27T21:00,3.7,0.00,0.00,0.00,0.5,9.8,246,12.2
2024-10-27T22:00,3.7,0.00,0.00,0.00,0.6,9.5,238,12.2
2024-10-27T23:00,3.4,0.00,0.00,0.00,0.2,10.0,247,12.2
2024-10-28T00:00,3.2,0.00,0.00,0.00,0.0,9.8,257,11.5
2024-10-28T01:00,2.9,0.00,0.00,0.00,-0.3,9.6,262,11.5
2024-10-28T02:00,3.0,0.00,0.00,0.00,-0.0,8.5,263,11.5
2024-10-28T03:00,2.9,0.00,0.00,0.00,-0.1,8.0,256,10.1
2024-10-28T04:00,3.4,0.00,0.00,0.00,0.8,6.6,213,7.9
2024-10-28T05:00,2.4,0.00,0.00,0.00,-0.5,7.5,197,8.6
2024-10-28T06:00,1.6,0.00,0.00,0.00,-1.7,9.4,204,10.8
2024-10-28T07:00,1.8,0.00,0.00,0.00,-1.5,9.1,205,11.2
2024-10-28T08:00,3.9,0.00,0.00,0.00,1.1,6.2,197,10.8
2024-10-28T09:00,6.1,0.00,0.00,0.00,3.8,4.3,197,11.2
2024-10-28T10:00,8.5,0.00,0.00,0.00,5.8,6.8,205,16.2
2024-10-28T11:00,10.0,0.00,0.00,0.00,6.9,8.5,218,20.5
2024-10-28T12:00,11.4,0.00,0.00,0.00,8.0,10.2,228,23.8
2024-10-28T13:00,12.0,0.00,0.00,0.00,8.5,11.3,239,25.2
2024-10-28T14:00,12.1,0.00,0.00,0.00,8.7,11.1,243,25.2
2024-10-28T15:00,11.8,0.00,0.00,0.00,8.9,10.4,240,23.8
2024-10-28T16:00,11.1,0.00,0.00,0.00,8.6,6.9,217,16.2
2024-10-28T17:00,10.1,0.00,0.00,0.00,8.1,4.0,180,14.0
2024-10-28T18:00,10.1,0.00,0.00,0.00,7.9,5.2,155,7.9
2024-10-28T19:00,10.2,0.00,0.00,0.00,7.8,6.0,164,9.7
2024-10-28T20:00,10.3,0.00,0.00,0.00,8.1,7.2,205,11.2
2024-10-28T21:00,10.5,0.00,0.00,0.00,8.9,8.7,230,14.0
2024-10-28T22:00,10.7,0.00,0.00,0.00,9.0,10.9,237,18.4
2024-10-28T23:00,10.6,0.00,0.00,0.00,8.9,11.6,252,20.2
2024-10-29T00:00,10.4,0.00,0.00,0.00,8.8,11.4,254,20.2
2024-10-29T01:00,10.4,0.60,0.00,0.60,8.9,10.6,255,19.4
2024-10-29T02:00,10.0,0.20,0.00,0.20,8.6,8.9,261,18.0
2024-10-29T03:00,9.6,0.00,0.00,0.00,8.5,6.7,267,15.5
2024-10-29T04:00,8.4,0.00,0.00,0.00,7.1,5.6,272,13.0
2024-10-29T05:00,7.0,0.00,0.00,0.00,5.3,6.5,294,9.7
2024-10-29T06:00,6.2,0.00,0.00,0.00,4.3,6.6,313,9.7
2024-10-29T07:00,5.6,0.00,0.00,0.00,3.6,5.9,322,9.4
2024-10-29T08:00,7.3,0.00,0.00,0.00,6.0,4.1,337,9.4
2024-10-29T09:00,8.7,0.00,0.00,0.00,8.0,1.8,323,9.7
2024-10-29T10:00,9.9,0.00,0.00,0.00,9.5,1.8,270,10.4
2024-10-29T11:00,12.1,0.00,0.00,0.00,11.4,4.0,243,14.4
2024-10-29T12:00,13.8,0.00,0.00,0.00,12.7,6.6,261,18.0
2024-10-29T13:00,14.8,0.00,0.00,0.00,13.1,9.7,272,22.7
2024-10-29T14:00,15.1,0.00,0.00,0.00,13.0,10.9,278,24.1
2024-10-29T15:00,14.9,0.00,0.00,0.00,12.8,10.6,279,23.8
2024-10-29T16:00,13.6,0.00,0.00,0.00,12.0,7.5,262,18.4
2024-10-29T17:00,11.5,0.00,0.00,0.00,10.1,6.6,248,14.4
2024-10-29T18:00,10.2,0.00,0.00,0.00,8.7,7.2,264,12.2
2024-10-29T19:00,10.0,0.00,0.00,0.00,8.7,6.3,272,13.0
2024-10-29T20:00,9.5,0.00,0.00,0.00,8.1,6.7,278,11.2
2024-10-29T21:00,9.1,0.00,0.00,0.00,7.7,6.5,289,11.5
2024-10-29T22:00,8.2,0.00,0.00,0.00,6.5,7.1,330,11.2
2024-10-29T23:00,8.5,0.00,0.00,0.00,6.6,8.3,358,14.4
2024-10-30T00:00,7.5,0.00,0.00,0.00,5.7,6.1,357,14.0
2024-10-30T01:00,7.0,0.00,0.00,0.00,4.9,7.1,351,11.5
2024-10-30T02:00,6.7,0.00,0.00,0.00,4.6,7.1,351,12.2
2024-10-30T03:00,6.3,0.00,0.00,0.00,4.0,8.3,349,13.7
2024-10-30T04:00,6.3,0.00,0.00,0.00,4.0,7.6,346,13.0
2024-10-30T05:00,6.0,0.00,0.00,0.00,3.6,8.7,353,14.4
2024-10-30T06:00,5.7,0.00,0.00,0.00,3.2,8.9,8,15.5
2024-10-30T07:00,5.3,0.00,0.00,0.00,2.9,7.5,20,15.1
2024-10-30T08:00,6.3,0.00,0.00,0.00,3.9,7.3,30,12.2
2024-10-30T09:00,8.4,0.00,0.00,0.00,6.7,4.1,45,13.0
2024-10-30T10:00,10.4,0.00,0.00,0.00,8.9,2.9,79,12.2
2024-10-30T11:00,12.0,0.00,0.00,0.00,10.3,2.6,115,13.0
2024-10-30T12:00,13.1,0.00,0.00,0.00,11.6,1.1,180,13.0
2024-10-30T13:00,13.7,0.00,0.00,0.00,12.0,2.4,253,13.0
2024-10-30T14:00,13.9,0.00,0.00,0.00,12.1,3.5,249,13.3
2024-10-30T15:00,13.8,0.00,0.00,0.00,11.8,5.3,246,14.0
2024-10-30T16:00,12.8,0.00,0.00,0.00,10.8,1.4,293,7.9
2024-10-30T17:00,11.7,0.00,0.00,0.00,9.7,1.5,324,3.2
2024-10-30T18:00,10.6,0.00,0.00,0.00,8.5,2.8,285,3.2
2024-10-30T19:00,8.0,0.00,0.00,0.00,5.4,6.1,300,6.8
2024-10-30T20:00,6.5,0.00,0.00,0.00,3.6,8.3,319,10.1
2024-10-30T21:00,6.4,0.00,0.00,0.00,3.9,6.2,330,10.4
2024-10-30T22:00,5.7,0.00,0.00,0.00,3.1,6.5,328,9.4
2024-10-30T23:00,4.8,0.00,0.00,0.00,2.0,8.1,317,10.4
2024-10-31T00:00,4.8,0.00,0.00,0.00,1.7,8.9,289,10.4
2024-10-31T01:00,4.8,0.00,0.00,0.00,2.1,6.9,277,11.5
2024-10-31T02:00,4.7,0.00,0.00,0.00,2.0,7.7,273,10.4
2024-10-31T03:00,5.3,0.00,0.00,0.00,2.8,6.7,267,10.8
2024-10-31T04:00,4.9,0.00,0.00,0.00,2.3,7.2,271,11.2
2024-10-31T05:00,4.8,0.00,0.00,0.00,2.3,7.7,246,12.2
2024-10-31T06:00,4.8,0.00,0.00,0.00,2.1,9.2,239,14.8
2024-10-31T07:00,5.2,0.00,0.00,0.00,2.2,11.4,229,18.7
2024-10-31T08:00,6.9,0.00,0.00,0.00,3.5,15.5,228,25.6
2024-10-31T09:00,9.9,0.00,0.00,0.00,6.3,19.7,235,37.8
2024-10-31T10:00,11.7,0.00,0.00,0.00,7.6,25.8,246,47.2
2024-10-31T11:00,12.7,0.00,0.00,0.00,8.6,25.1,243,47.9
2024-10-31T12:00,13.0,0.00,0.00,0.00,8.1,27.4,243,51.5
2024-10-31T13:00,12.6,0.50,0.00,0.50,8.0,27.0,243,52.9
2024-10-31T14:00,13.0,0.00,0.00,0.00,8.5,27.3,245,51.1
2024-10-31T15:00,12.6,0.10,0.00,0.10,8.9,22.7,246,50.8
2024-10-31T16:00,12.1,0.10,0.00,0.10,8.3,22.9,246,45.4
2024-10-31T17:00,11.4,0.00,0.00,0.00,8.1,20.8,251,42.5
2024-10-31T18:00,11.2,0.00,0.00,0.00,8.4,17.6,252,37.1
2024-10-31T19:00,11.3,0.20,0.00,0.20,8.8,16.6,271,31.3
2024-10-31T20:00,10.7,0.90,0.00,0.90,8.9,12.4,300,29.2
2024-10-31T21:00,10.4,1.30,0.00,1.30,8.6,11.6,325,22.0
2024-10-31T22:00,10.0,1.00,0.00,1.00,8.8,7.4,328,20.2
2024-10-31T23:00,9.8,0.10,0.00,0.10,8.3,8.4,315,13.7
2024-11-01T00:00,9.3,0.00,0.00,0.00,7.5,9.6,310,16.2
2024-11-01T01:00,8.3,0.00,0.00,0.00,6.1,10.2,318,17.3
2024-11-01T02:00,7.1,0.00,0.00,0.00,5.1,7.8,322,17.3
2024-11-01T03:00,6.3,0.00,0.00,0.00,4.3,6.6,313,13.3
2024-11-01T04:00,5.2,0.00,0.00,0.00,3.1,6.1,275,8.6
2024-11-01T05:00,5.3,0.00,0.00,0.00,3.2,5.9,258,9.0
2024-11-01T06:00,6.0,0.00,0.00,0.00,3.9,7.3,250,12.2
2024-11-01T07:00,6.4,0.00,0.00,0.00,4.3,7.9,243,13.3
2024-11-01T08:00,7.1,0.00,0.00,0.00,4.8,10.6,228,17.3
2024-11-01T09:00,8.6,0.00,0.00,0.00,6.1,13.3,237,23.0
2024-11-01T10:00,9.5,0.00,0.00,0.00,6.5,17.0,234,30.2
2024-11-01T11:00,10.2,0.00,0.00,0.00,7.0,18.1,233,33.1
2024-11-01T12:00,12.1,0.00,0.00,0.00,7.6,26.3,244,47.5
2024-11-01T13:00,13.2,0.00,0.00,0.00,8.1,29.0,243,54.4
2024-11-01T14:00,13.4,0.00,0.00,0.00,7.7,33.0,246,60.1
2024-11-01T15:00,12.8,0.00,0.00,0.00,8.1,28.7,242,61.2
2024-11-01T16:00,12.8,0.00,0.00,0.00,7.6,30.6,236,52.9
2024-11-01T17:00,12.3,0.00,0.00,0.00,7.0,31.5,235,57.2
2024-11-01T18:00,12.1,0.00,0.00,0.00,7.1,30.8,241,57.2
2024-11-01T19:00,12.4,0.00,0.00,0.00,7.6,30.3,245,56.2
2024-11-01T20:00,12.5,0.00,0.00,0.00,7.4,31.7,249,57.2
2024-11-01T21:00,12.7,0.00,0.00,0.00,7.7,31.1,253,57.2
2024-11-01T22:00,13.3,0.00,0.00,0.00,7.9,33.5,249,61.2
2024-11-01T23:00,13.3,0.00,0.00,0.00,7.7,36.2,251,65.5
2024-11-02T00:00,12.9,0.00,0.00,0.00,7.6,35.1,251,65.9
2024-11-02T01:00,12.5,0.00,0.00,0.00,7.5,34.2,251,63.7
2024-11-02T02:00,12.3,0.00,0.00,0.00,7.5,33.3,249,61.9
2024-11-02T03:00,12.2,0.00,0.00,0.00,7.5,32.4,250,60.1
2024-11-02T04:00,12.3,0.00,0.00,0.00,7.6,31.6,248,56.9
2024-11-02T05:00,12.3,0.00,0.00,0.00,7.6,31.8,247,58.0
2024-11-02T06:00,12.2,0.00,0.00,0.00,7.7,31.7,245,57.6
2024-11-02T07:00,12.3,0.00,0.00,0.00,7.9,31.8,244,57.6
2024-11-02T08:00,12.9,0.00,0.00,0.00,8.5,32.9,244,59.4
2024-11-02T09:00,14.0,0.00,0.00,0.00,9.1,37.3,245,65.9
2024-11-02T10:00,14.5,0.10,0.00,0.10,9.2,40.6,245,72.7
2024-11-02T11:00,15.0,0.20,0.00,0.20,9.3,43.3,247,79.6
2024-11-02T12:00,15.3,0.10,0.00,0.10,9.5,43.8,248,83.5
2024-11-02T13:00,15.6,0.10,0.00,0.10,9.6,44.9,247,81.7
2024-11-02T14:00,15.8,0.00,0.00,0.00,10.5,39.2,246,81.7
2024-11-02T15:00,15.3,0.00,0.00,0.00,10.8,33.7,247,72.4
2024-11-02T16:00,14.3,0.00,0.00,0.00,10.1,30.6,253,67.7
2024-11-02T17:00,13.4,0.00,0.00,0.00,9.5,28.3,254,56.5
2024-11-02T18:00,11.7,1.40,0.00,1.40,8.4,24.4,317,50.8
2024-11-02T19:00,8.7,0.20,0.00,0.20,3.9,25.5,333,46.8
2024-11-02T20:00,7.0,0.70,0.00,0.70,2.8,19.0,325,45.4
2024-11-02T21:00,6.8,0.60,0.00,0.60,3.9,11.8,301,32.8
2024-11-02T22:00,6.9,0.70,0.00,0.70,4.3,10.6,284,20.9
2024-11-02T23:00,7.2,0.20,0.00,0.20,3.7,15.0,314,25.6
2024-11-03T00:00,6.7,0.00,0.00,0.00,2.2,18.1,327,30.2
2024-11-03T01:00,5.1,0.00,0.00,0.00,0.4,16.5,320,31.0
2024-11-03T02:00,3.7,0.00,0.00,0.00,-1.0,15.4,314,28.4
2024-11-03T03:00,3.2,0.00,0.00,0.00,-1.6,15.7,312,27.4
2024-11-03T04:00,2.7,0.00,0.00,0.00,-2.1,15.3,313,26.6
2024-11-03T05:00,2.4,0.00,0.00,0.00,-2.3,14.5,311,27.4
2024-11-03T06:00,1.9,0.00,0.00,0.00,-2.5,13.0,298,25.2
2024-11-03T07:00,1.7,0.00,0.00,0.00,-2.7,12.8,289,22.7
2024-11-03T08:00,2.4,0.00,0.00,0.00,-2.2,14.2,283,24.1
2024-11-03T09:00,4.1,0.00,0.00,0.00,-0.8,16.5,281,30.6
2024-11-03T10:00,4.9,0.00,0.00,0.00,-0.5,20.3,294,38.9
2024-11-03T11:00,5.9,0.10,0.00,0.10,0.2,22.3,306,43.9
2024-11-03T12:00,6.1,0.00,0.00,0.00,0.3,22.9,307,43.6
2024-11-03T13:00,6.2,0.10,0.00,0.10,0.3,23.3,309,45.0
2024-11-03T14:00,6.4,0.00,0.00,0.00,0.4,23.1,310,44.6
2024-11-03T15:00,6.4,0.00,0.00,0.00,0.7,21.0,309,44.3
2024-11-03T16:00,6.2,0.00,0.00,0.00,0.4,19.0,314,36.0
2024-11-03T17:00,5.7,0.00,0.00,0.00,0.3,17.2,311,34.2
2024-11-03T18:00,4.4,0.00,0.00,0.00,-0.2,12.9,303,31.3
2024-11-03T19:00,2.6,0.00,0.00,0.00,-1.2,7.0,283,22.7
2024-11-03T20:00,2.7,0.00,0.00,0.00,-1.2,7.9,266,13.3
2024-11-03T21:00,3.6,0.00,0.00,0.00,-0.7,10.8,269,18.0
2024-11-03T22:00,4.2,0.00,0.00,0.00,-0.3,12.4,272,22.0
2024-11-03T23:00,4.1,0.00,0.00,0.00,-0.2,11.5,269,22.0
2024-11-04T00:00,3.0,0.00,0.00,0.00,-1.2,11.2,269,20.5
2024-11-04T01:00,2.3,0.00,0.00,0.00,-2.0,11.4,275,19.8
2024-11-04T02:00,1.7,0.00,0.00,0.00,-2.4,10.4,279,19.4
2024-11-04T03:00,1.4,0.00,0.00,0.00,-2.8,10.8,274,19.4
2024-11-04T04:00,0.3,0.00,0.00,0.00,-3.2,7.5,233,14.0
2024-11-04T05:00,0.8,0.00,0.00,0.00,-3.1,10.1,223,16.9
2024-11-04T06:00,1.4,0.00,0.00,0.00,-3.0,12.7,213,21.2
2024-11-04T07:00,3.2,0.00,0.00,0.00,-2.3,20.1,216,34.9
2024-11-04T08:00,4.5,0.00,0.00,0.00,-1.6,24.7,217,44.6
2024-11-04T09:00,6.1,0.00,0.00,0.00,-0.7,30.0,225,54.7
2024-11-04T10:00,6.6,0.30,0.00,0.30,-0.4,34.2,235,61.9
2024-11-04T11:00,7.0,0.30,0.00,0.30,-0.2,36.6,237,66.6
2024-11-04T12:00,7.4,0.30,0.00,0.30,-1.0,43.9,248,79.2
2024-11-04T13:00,5.1,1.30,0.00,1.30,-2.3,39.9,254,79.9
2024-11-04T14:00,5.0,1.00,0.00,1.00,-1.7,36.3,259,71.6
2024-11-04T15:00,5.3,0.50,0.00,0.50,-1.2,33.4,258,65.2
2024-11-04T16:00,5.6,0.00,0.00,0.00,-0.6,30.6,261,63.4
2024-11-04T17:00,5.7,0.00,0.00,0.00,-0.7,31.0,268,55.1
2024-11-04T18:00,4.7,0.20,0.00,0.20,-1.5,29.1,287,60.1
2024-11-04T19:00,3.9,0.00,0.00,0.00,-2.5,28.6,287,52.6
2024-11-04T20:00,3.6,0.00,0.00,0.00,-2.9,28.4,287,51.8
2024-11-04T21:00,3.0,0.00,0.00,0.00,-3.6,28.7,286,52.6
2024-11-04T22:00,2.5,0.00,0.00,0.00,-4.0,27.9,286,52.2
2024-11-04T23:00,2.9,0.00,0.00,0.00,-3.7,28.2,288,51.5
2024-11-05T00:00,2.9,0.00,0.00,0.00,-3.8,28.5,296,52.2
2024-11-05T01:00,2.8,0.00,0.00,0.00,-3.9,28.4,301,52.2
2024-11-05T02:00,2.5,0.00,0.00,0.00,-4.2,29.3,312,53.6
2024-11-05T03:00,2.2,0.10,0.00,0.10,-4.5,28.6,316,53.6
2024-11-05T04:00,1.4,0.00,0.00,0.00,-5.0,26.0,319,50.4
2024-11-05T05:00,1.7,0.00,0.00,0.00,-4.7,25.6,323,47.5
2024-11-05T06:00,1.1,0.00,0.00,0.00,-5.1,24.2,327,46.8
2024-11-05T07:00,0.7,0.00,0.00,0.00,-5.3,22.7,326,43.9
2024-11-05T08:00,0.4,0.00,0.00,0.00,-5.4,21.0,324,41.0
2024-11-05T09:00,1.5,0.00,0.00,0.00,-4.7,23.4,323,40.3
2024-11-05T10:00,2.5,0.00,0.00,0.00,-4.3,27.5,326,51.8
2024-11-05T11:00,2.7,0.10,0.07,0.00,-3.6,23.3,316,51.1
2024-11-05T12:00,3.5,0.00,0.00,0.00,-2.9,23.7,313,46.4
2024-11-05T13:00,3.6,0.00,0.00,0.00,-2.8,23.6,306,46.1
2024-11-05T14:00,3.8,0.00,0.00,0.00,-2.7,23.0,302,46.4
2024-11-05T15:00,3.6,0.00,0.00,0.00,-2.9,22.8,302,44.6
2024-11-05T16:00,2.5,0.00,0.00,0.00,-4.2,23.8,309,46.4
2024-11-05T17:00,1.6,0.00,0.00,0.00,-4.1,17.8,300,43.9
2024-11-05T18:00,0.9,0.00,0.00,0.00,-4.3,14.9,292,32.0
2024-11-05T19:00,0.4,0.00,0.00,0.00,-4.5,12.6,292,26.6
2024-11-05T20:00,-0.3,0.00,0.00,0.00,-4.6,8.8,270,22.3
2024-11-05T21:00,-0.4,0.00,0.00,0.00,-5.1,11.9,265,20.2
2024-11-05T22:00,0.1,0.00,0.00,0.00,-4.9,14.4,271,24.5
2024-11-05T23:00,0.2,0.00,0.00,0.00,-5.0,15.9,274,27.7
2024-11-06T00:00,0.2,0.00,0.00,0.00,-5.2,16.6,274,29.2
2024-11-06T01:00,0.2,0.00,0.00,0.00,-5.3,17.0,280,29.9
2024-11-06T02:00,0.0,0.00,0.00,0.00,-5.1,15.6,277,29.9
2024-11-06T03:00,0.1,0.00,0.00,0.00,-4.9,14.7,276,27.4
2024-11-06T04:00,-0.1,0.00,0.00,0.00,-4.7,12.9,261,23.4
2024-11-06T05:00,0.3,0.00,0.00,0.00,-4.2,12.9,263,22.3
2024-11-06T06:00,1.2,0.00,0.00,0.00,-3.6,14.4,261,24.8
2024-11-06T07:00,2.1,0.00,0.00,0.00,-2.8,16.1,254,28.1
2024-11-06T08:00,3.4,0.00,0.00,0.00,-1.7,18.9,255,33.5
2024-11-06T09:00,4.1,0.10,0.00,0.10,-1.2,21.1,256,37.4
2024-11-06T10:00,4.3,0.20,0.00,0.20,-1.3,24.0,262,43.2
2024-11-06T11:00,3.7,0.30,0.00,0.30,-1.7,23.0,263,43.6
2024-11-06T12:00,3.7,0.30,0.00,0.30,-1.7,22.4,262,42.1
2024-11-06T13:00,3.8,0.10,0.00,0.10,-1.4,21.6,262,40.7
2024-11-06T14:00,4.7,0.00,0.00,0.00,-0.2,18.9,255,38.2
2024-11-06T15:00,5.0,0.00,0.00,0.00,0.0,19.9,255,37.1
2024-11-06T16:00,5.3,0.00,0.00,0.00,0.4,17.7,261,40.0
2024-11-06T17:00,4.5,0.00,0.00,0.00,0.0,15.3,255,31.7
2024-11-06T18:00,4.8,0.00,0.00,0.00,0.5,15.1,261,28.1
2024-11-06T19:00,5.3,0.00,0.00,0.00,1.0,15.2,263,26.6
2024-11-06T20:00,5.7,0.00,0.00,0.00,1.4,15.4,264,28.1
2024-11-06T21:00,5.9,0.00,0.00,0.00,1.7,15.3,267,27.4
2024-11-06T22:00,6.0,0.00,0.00,0.00,1.9,15.5,265,28.1
2024-11-06T23:00,6.0,0.00,0.00,0.00,1.8,15.5,262,27.7
2024-11-07T00:00,5.4,0.00,0.00,0.00,1.4,14.8,257,27.4
2024-11-07T01:00,5.0,0.00,0.00,0.00,1.2,13.9,266,26.3
2024-11-07T02:00,5.8,0.00,0.00,0.00,2.1,13.9,270,24.5
2024-11-07T03:00,5.9,0.00,0.00,0.00,2.3,14.1,272,24.8
2024-11-07T04:00,4.0,0.00,0.00,0.00,0.5,11.9,270,22.3
2024-11-07T05:00,3.7,0.00,0.00,0.00,0.1,12.6,269,21.6
2024-11-07T06:00,4.1,0.00,0.00,0.00,0.5,13.3,267,23.4
2024-11-07T07:00,5.7,0.00,0.00,0.00,1.8,15.8,262,27.4
2024-11-07T08:00,6.5,0.00,0.00,0.00,2.5,17.2,260,30.6
2024-11-07T09:00,7.2,0.00,0.00,0.00,3.3,17.3,260,31.3
2024-11-07T10:00,8.0,0.00,0.00,0.00,4.1,17.9,267,36.4
2024-11-07T11:00,8.5,0.00,0.00,0.00,4.5,18.7,263,34.9
2024-11-07T12:00,9.0,0.00,0.00,0.00,5.1,18.2,265,35.3
2024-11-07T13:00,9.4,0.10,0.00,0.10,5.3,20.1,280,39.2
2024-11-07T14:00,9.8,0.10,0.00,0.10,6.0,17.5,284,37.1
2024-11-07T15:00,9.8,0.00,0.00,0.00,6.6,13.6,275,32.4
2024-11-07T16:00,8.0,0.00,0.00,0.00,4.4,13.8,287,27.7
2024-11-07T17:00,7.8,0.00,0.00,0.00,4.9,9.0,272,25.2
2024-11-07T18:00,7.5,0.00,0.00,0.00,4.8,7.9,249,15.8
2024-11-07T19:00,7.2,0.00,0.00,0.00,4.4,9.7,241,16.6
2024-11-07T20:00,6.8,0.00,0.00,0.00,4.0,10.0,247,17.3
2024-11-07T21:00,6.7,0.00,0.00,0.00,4.0,9.7,239,17.3
2024-11-07T22:00,6.6,0.00,0.00,0.00,4.0,9.4,239,16.9
2024-11-07T23:00,6.6,0.00,0.00,0.00,4.2,9.0,240,16.2
2024-11-08T00:00,6.6,0.00,0.00,0.00,4.4,7.9,246,15.1
2024-11-08T01:00,6.3,0.00,0.00,0.00,4.4,6.4,254,13.3
2024-11-08T02:00,6.4,0.00,0.00,0.00,4.7,5.0,249,10.8
2024-11-08T03:00,6.4,0.00,0.00,0.00,4.5,5.9,239,9.7
2024-11-08T04:00,5.7,0.00,0.00,0.00,3.6,6.8,220,11.2
2024-11-08T05:00,5.4,0.00,0.00,0.00,3.0,7.8,222,13.3
2024-11-08T06:00,5.1,0.00,0.00,0.00,2.9,6.7,236,13.3
2024-11-08T07:00,4.8,0.00,0.00,0.00,2.5,7.0,249,11.5
2024-11-08T08:00,4.8,0.00,0.00,0.00,2.2,9.0,241,15.1
2024-11-08T09:00,6.0,0.00,0.00,0.00,3.4,9.1,263,18.0
2024-11-08T10:00,7.6,0.00,0.00,0.00,4.9,9.8,256,20.9
2024-11-08T11:00,8.9,0.00,0.00,0.00,5.7,13.0,272,25.6
2024-11-08T12:00,9.6,0.00,0.00,0.00,6.3,12.5,290,27.4
2024-11-08T13:00,10.6,0.00,0.00,0.00,7.1,12.8,290,26.6
2024-11-08T14:00,10.6,0.00,0.00,0.00,7.2,12.9,278,26.6
2024-11-08T15:00,9.7,0.00,0.00,0.00,6.6,12.3,247,26.3
2024-11-08T16:00,7.5,0.00,0.00,0.00,4.1,11.0,311,23.0
2024-11-08T17:00,7.0,0.00,0.00,0.00,4.3,6.4,299,20.9
2024-11-08T18:00,6.5,0.00,0.00,0.00,4.0,5.5,253,11.2
2024-11-08T19:00,6.2,0.00,0.00,0.00,3.6,6.8,243,11.9
2024-11-08T20:00,6.1,0.00,0.00,0.00,3.7,6.0,265,11.9
2024-11-08T21:00,6.2,0.00,0.00,0.00,4.0,4.8,318,10.4
2024-11-08T22:00,6.4,0.00,0.00,0.00,4.0,5.1,23,8.3
2024-11-08T23:00,6.3,0.00,0.00,0.00,3.8,5.4,53,9.4
2024-11-09T00:00,6.2,0.00,0.00,0.00,3.9,5.1,48,9.4
2024-11-09T01:00,6.1,0.00,0.00,0.00,3.8,5.5,38,9.4
2024-11-09T02:00,6.1,0.00,0.00,0.00,3.7,6.6,43,11.5
2024-11-09T03:00,6.1,0.00,0.00,0.00,3.5,7.6,45,13.0
2024-11-09T04:00,5.1,0.00,0.00,0.00,2.6,6.4,29,10.4
2024-11-09T05:00,5.2,0.00,0.00,0.00,2.6,6.9,31,12.2
2024-11-09T06:00,5.4,0.00,0.00,0.00,2.8,7.1,36,12.2
2024-11-09T07:00,5.4,0.00,0.00,0.00,2.7,8.0,36,13.3
2024-11-09T08:00,5.7,0.00,0.00,0.00,2.7,10.2,45,17.6
2024-11-09T09:00,6.7,0.00,0.00,0.00,3.4,12.0,62,23.0
2024-11-09T10:00,7.3,0.00,0.00,0.00,3.8,13.7,74,26.6
2024-11-09T11:00,7.9,0.00,0.00,0.00,4.4,13.4,79,27.0
2024-11-09T12:00,8.6,0.00,0.00,0.00,5.2,12.2,82,27.4
2024-11-09T13:00,9.2,0.00,0.00,0.00,5.8,11.2,87,25.6
2024-11-09T14:00,9.6,0.00,0.00,0.00,6.1,11.4,83,24.5
2024-11-09T15:00,9.5,0.00,0.00,0.00,6.0,10.8,75,24.1
2024-11-09T16:00,7.5,0.00,0.00,0.00,4.1,9.3,63,19.4
2024-11-09T17:00,6.7,0.00,0.00,0.00,3.7,6.2,57,18.0
2024-11-09T18:00,5.6,0.00,0.00,0.00,2.8,5.4,42,10.4
2024-11-09T19:00,4.4,0.00,0.00,0.00,1.6,5.6,33,9.0
2024-11-09T20:00,4.1,0.00,0.00,0.00,1.3,6.1,34,10.1
2024-11-09T21:00,3.2,0.00,0.00,0.00,0.4,6.1,43,10.1
2024-11-09T22:00,2.3,0.00,0.00,0.00,-1.0,8.1,45,10.4
2024-11-09T23:00,2.0,0.00,0.00,0.00,-1.2,7.8,38,10.8
2024-11-10T00:00,2.0,0.00,0.00,0.00,-1.0,6.1,24,10.1
2024-11-10T01:00,2.4,0.00,0.00,0.00,-0.4,5.9,11,9.7
2024-11-10T02:00,3.6,0.00,0.00,0.00,0.8,6.0,5,10.8
2024-11-10T03:00,4.2,0.00,0.00,0.00,1.5,5.8,9,10.8
2024-11-10T04:00,3.4,0.00,0.00,0.00,0.7,4.5,353,7.6
2024-11-10T05:00,3.1,0.00,0.00,0.00,0.3,5.7,342,8.3
2024-11-10T06:00,3.8,0.00,0.00,0.00,1.2,4.6,339,7.6
2024-11-10T07:00,3.8,0.00,0.00,0.00,1.2,4.7,337,7.9
2024-11-10T08:00,4.3,0.00,0.00,0.00,1.6,5.4,339,8.3
2024-11-10T09:00,5.5,0.00,0.00,0.00,3.0,4.5,337,10.4
2024-11-10T10:00,6.6,0.00,0.00,0.00,3.4,8.9,353,18.7
2024-11-10T11:00,6.8,0.00,0.00,0.00,3.8,8.5,355,20.2
2024-11-10T12:00,7.3,0.00,0.00,0.00,4.6,6.5,352,19.4
2024-11-10T13:00,7.9,0.00,0.00,0.00,5.2,5.9,348,16.9
2024-11-10T14:00,7.8,0.00,0.00,0.00,5.2,6.2,345,16.2
2024-11-10T15:00,7.7,0.00,0.00,0.00,4.9,7.1,351,16.2
2024-11-10T16:00,5.0,0.00,0.00,0.00,1.8,6.9,7,15.5
2024-11-10T17:00,4.6,0.00,0.00,0.00,2.0,3.1,21,14.4
2024-11-10T18:00,3.6,0.00,0.00,0.00,0.8,5.2,29,6.5
2024-11-10T19:00,2.6,0.00,0.00,0.00,-0.4,6.2,22,8.6
2024-11-10T20:00,2.7,0.00,0.00,0.00,-0.3,5.9,35,9.4
2024-11-10T21:00,2.8,0.00,0.00,0.00,-0.5,8.1,45,14.0
2024-11-10T22:00,3.1,0.00,0.00,0.00,-0.1,6.9,57,15.1
2024-11-10T23:00,3.3,0.00,0.00,0.00,0.5,4.6,64,11.5
2024-11-11T00:00,3.5,0.00,0.00,0.00,0.7,5.1,54,8.6
2024-11-11T01:00,3.9,0.00,0.00,0.00,1.0,5.6,45,10.4
2024-11-11T02:00,3.9,0.00,0.00,0.00,0.9,6.2,38,10.1
2024-11-11T03:00,4.1,0.00,0.00,0.00,0.8,8.6,37,14.8
2024-11-11T04:00,3.2,0.00,0.00,0.00,-0.0,6.5,32,11.9
2024-11-11T05:00,3.2,0.00,0.00,0.00,-0.2,8.4,31,14.4
2024-11-11T06:00,2.9,0.00,0.00,0.00,-0.4,7.8,32,14.8
2024-11-11T07:00,3.2,0.00,0.00,0.00,-0.2,8.4,42,14.8
2024-11-11T08:00,3.7,0.00,0.00,0.00,0.1,9.3,49,17.6
2024-11-11T09:00,4.2,0.00,0.00,0.00,0.5,10.5,49,20.9
2024-11-11T10:00,4.7,0.00,0.00,0.00,0.8,11.9,61,22.7
2024-11-11T11:00,5.2,0.00,0.00,0.00,0.9,15.3,71,29.2
2024-11-11T12:00,5.8,0.00,0.00,0.00,1.4,15.8,73,31.0
2024-11-11T13:00,6.2,0.00,0.00,0.00,1.9,15.0,71,30.6
2024-11-11T14:00,6.6,0.00,0.00,0.00,2.4,14.6,64,29.5
2024-11-11T15:00,6.6,0.00,0.00,0.00,2.4,14.6,60,28.4
2024-11-11T16:00,5.7,0.00,0.00,0.00,1.4,15.1,70,29.5
2024-11-11T17:00,5.4,0.00,0.00,0.00,1.6,11.5,73,28.4
2024-11-11T18:00,5.4,0.00,0.00,0.00,1.6,11.6,71,20.5
2024-11-11T19:00,5.2,0.00,0.00,0.00,1.6,10.5,73,20.5
2024-11-11T20:00,5.2,0.00,0.00,0.00,1.5,10.9,70,19.4
2024-11-11T21:00,5.0,0.00,0.00,0.00,1.1,12.0,68,21.2
2024-11-11T22:00,4.7,0.00,0.00,0.00,0.8,12.1,65,21.6
2024-11-11T23:00,4.6,0.00,0.00,0.00,0.8,11.6,64,21.6
2024-11-12T00:00,4.5,0.00,0.00,0.00,0.7,11.5,65,20.5
2024-11-12T01:00,4.1,0.00,0.00,0.00,0.4,11.4,61,20.5
2024-11-12T02:00,4.0,0.00,0.00,0.00,0.1,12.2,57,21.2
2024-11-12T03:00,4.1,0.00,0.00,0.00,-0.0,13.4,58,23.8
2024-11-12T04:00,4.2,0.00,0.00,0.00,-0.2,14.3,61,25.6
2024-11-12T05:00,4.1,0.00,0.00,0.00,-0.4,15.3,65,27.7
2024-11-12T06:00,4.1,0.00,0.00,0.00,-0.3,15.5,70,28.4
2024-11-12T07:00,4.1,0.00,0.00,0.00,-0.2,14.7,73,28.1
2024-11-12T08:00,4.0,0.00,0.00,0.00,-0.3,14.8,74,26.3
2024-11-12T09:00,4.7,0.00,0.00,0.00,0.3,15.8,78,29.5
2024-11-12T10:00,5.2,0.00,0.00,0.00,0.4,19.4,84,36.7
2024-11-12T11:00,5.7,0.00,0.00,0.00,0.9,18.6,87,37.1
2024-11-12T12:00,6.4,0.00,0.00,0.00,1.3,18.7,91,37.1
2024-11-12T13:00,6.4,0.00,0.00,0.00,1.2,18.7,90,37.1
2024-11-12T14:00,6.4,0.00,0.00,0.00,1.2,18.7,88,36.4
2024-11-12T15:00,6.3,0.00,0.00,0.00,1.1,18.6,87,36.4
2024-11-12T16:00,5.3,0.00,0.00,0.00,0.9,13.1,92,33.1
2024-11-12T17:00,4.9,0.00,0.00,0.00,0.7,11.9,80,27.7
2024-11-12T18:00,4.5,0.00,0.00,0.00,0.4,11.5,76,24.8
2024-11-12T19:00,4.2,0.00,0.00,0.00,0.2,11.1,76,23.8
2024-11-12T20:00,4.1,0.00,0.00,0.00,-0.0,12.1,75,24.8
2024-11-12T21:00,4.0,0.00,0.00,0.00,-0.2,12.3,83,25.2
2024-11-12T22:00,3.8,0.00,0.00,0.00,-0.3,12.1,85,25.2
2024-11-12T23:00,3.3,0.00,0.00,0.00,-0.8,12.2,81,24.8
2024-11-13T00:00,3.1,0.00,0.00,0.00,-0.9,11.6,83,25.2
2024-11-13T01:00,2.8,0.00,0.00,0.00,-1.0,10.7,81,23.4
2024-11-13T02:00,3.0,0.00,0.00,0.00,-0.7,11.0,80,22.7
2024-11-13T03:00,3.2,0.00,0.00,0.00,-0.6,11.5,79,23.8
2024-11-13T04:00,3.5,0.00,0.00,0.00,-0.5,12.6,76,26.3
2024-11-13T05:00,3.5,0.00,0.00,0.00,-0.6,13.2,79,27.7
2024-11-13T06:00,3.4,0.00,0.00,0.00,-0.7,13.1,82,27.7
2024-11-13T07:00,3.3,0.00,0.00,0.00,-0.7,12.7,83,27.4
2024-11-13T08:00,3.4,0.00,0.00,0.00,-0.6,12.6,87,27.0
2024-11-13T09:00,3.8,0.00,0.00,0.00,0.0,11.4,84,27.7
2024-11-13T10:00,4.4,0.00,0.00,0.00,-0.1,16.8,103,37.1
2024-11-13T11:00,5.1,0.00,0.00,0.00,0.8,15.7,105,37.4
2024-11-13T12:00,5.4,0.00,0.00,0.00,1.2,14.5,105,35.6
2024-11-13T13:00,5.7,0.00,0.00,0.00,1.7,13.3,106,33.1
2024-11-13T14:00,5.9,0.00,0.00,0.00,2.1,12.1,100,30.6
2024-11-13T15:00,5.9,0.00,0.00,0.00,2.3,11.2,100,27.7
2024-11-13T16:00,4.8,0.00,0.00,0.00,1.0,11.4,103,31.7
2024-11-13T17:00,4.6,0.00,0.00,0.00,1.2,9.1,97,24.1
2024-11-13T18:00,4.5,0.00,0.00,0.00,1.1,8.8,92,18.7
2024-11-13T19:00,4.0,0.00,0.00,0.00,0.7,8.4,79,17.6
2024-11-13T20:00,3.7,0.00,0.00,0.00,0.3,9.4,72,18.4
2024-11-13T21:00,3.5,0.00,0.00,0.00,-0.1,10.1,78,20.2
2024-11-13T22:00,3.4,0.00,0.00,0.00,-0.3,11.0,79,22.3
2024-11-13T23:00,3.4,0.00,0.00,0.00,-0.4,11.7,80,24.1
2024-11-14T00:00,3.4,0.00,0.00,0.00,-0.4,11.9,79,24.5
2024-11-14T01:00,3.4,0.00,0.00,0.00,-0.5,11.8,82,24.8
2024-11-14T02:00,3.2,0.00,0.00,0.00,-0.7,11.8,82,24.8
2024-11-14T03:00,3.1,0.00,0.00,0.00,-0.7,11.1,83,24.5
2024-11-14T04:00,1.5,0.00,0.00,0.00,-2.1,9.0,87,21.2
2024-11-14T05:00,1.5,0.00,0.00,0.00,-1.9,7.6,82,19.1
2024-11-14T06:00,1.5,0.00,0.00,0.00,-1.7,6.7,74,16.6
2024-11-14T07:00,1.7,0.00,0.00,0.00,-1.4,5.9,72,15.1
2024-11-14T08:00,1.8,0.50,0.00,0.50,-1.2,6.0,87,13.7
2024-11-14T09:00,2.1,0.50,0.00,0.50,-0.2,2.2,76,12.6
2024-11-14T10:00,2.5,0.10,0.00,0.10,0.5,0.4,90,7.2
2024-11-14T11:00,3.0,0.00,0.00,0.00,0.9,1.7,148,8.3
2024-11-14T12:00,4.0,0.00,0.00,0.00,1.6,4.3,242,13.7
2024-11-14T13:00,4.8,0.00,0.00,0.00,2.2,6.3,252,16.2
2024-11-14T14:00,5.5,0.00,0.00,0.00,2.4,9.1,262,21.2
2024-11-14T15:00,5.6,0.00,0.00,0.00,2.4,9.4,257,23.4
2024-11-14T16:00,5.2,0.00,0.00,0.00,1.7,10.3,274,24.8
2024-11-14T17:00,4.8,0.00,0.00,0.00,1.8,7.0,267,22.3
2024-11-14T18:00,4.6,0.00,0.00,0.00,1.8,5.5,257,14.8
2024-11-14T19:00,4.3,0.00,0.00,0.00,1.5,6.0,237,11.5
2024-11-14T20:00,4.2,0.00,0.00,0.00,1.3,6.5,246,13.0
2024-11-14T21:00,4.1,0.00,0.00,0.00,1.1,7.0,274,14.0
2024-11-14T22:00,3.9,0.00,0.00,0.00,0.9,6.7,289,14.8
2024-11-14T23:00,3.3,0.00,0.00,0.00,0.5,4.6,288,13.7
2024-11-15T00:00,2.5,0.00,0.00,0.00,-0.1,3.1,239,9.0
2024-11-15T01:00,1.5,0.00,0.00,0.00,-1.4,4.3,228,7.6
2024-11-15T02:00,1.9,0.00,0.00,0.00,-0.9,4.4,249,10.1
2024-11-15T03:00,2.6,0.00,0.00,0.00,-0.1,5.2,209,10.1
2024-11-15T04:00,2.0,0.00,0.00,0.00,-1.2,8.4,196,13.7
2024-11-15T05:00,2.0,0.00,0.00,0.00,-1.3,9.4,191,14.0
2024-11-15T06:00,2.3,0.00,0.00,0.00,-1.0,8.5,207,18.0
2024-11-15T07:00,2.4,0.00,0.00,0.00,-0.9,8.3,200,16.6
2024-11-15T08:00,2.6,0.00,0.00,0.00,-0.5,7.7,196,16.2
2024-11-15T09:00,3.4,0.00,0.00,0.00,0.1,9.1,189,19.8
2024-11-15T10:00,3.9,0.00,0.00,0.00,1.0,7.6,192,19.8
2024-11-15T11:00,4.5,0.00,0.00,0.00,1.8,6.4,190,17.3
2024-11-15T12:00,5.3,0.00,0.00,0.00,2.7,5.4,188,16.2
2024-11-15T13:00,5.9,0.00,0.00,0.00,3.4,5.0,206,14.4
2024-11-15T14:00,6.4,0.00,0.00,0.00,3.9,5.4,210,16.9
2024-11-15T15:00,6.3,0.00,0.00,0.00,3.8,4.9,208,14.4
2024-11-15T16:00,6.1,0.00,0.00,0.00,4.1,2.0,175,10.8
2024-11-15T17:00,4.9,0.00,0.00,0.00,2.8,1.0,149,3.2
2024-11-15T18:00,5.0,0.00,0.00,0.00,3.0,0.7,76,2.2
2024-11-15T19:00,5.1,0.00,0.00,0.00,3.0,1.5,83,2.2
2024-11-15T20:00,4.8,0.00,0.00,0.00,2.7,2.2,265,2.5
2024-11-15T21:00,4.6,0.00,0.00,0.00,1.7,7.5,281,13.7
2024-11-15T22:00,4.5,0.00,0.00,0.00,1.7,8.1,287,16.2
2024-11-15T23:00,4.5,0.00,0.00,0.00,1.0,12.2,317,24.1
2024-11-16T00:00,3.8,0.00,0.00,0.00,-0.4,13.3,328,28.1
2024-11-16T01:00,3.2,0.00,0.00,0.00,-0.7,10.5,329,27.4
2024-11-16T02:00,2.9,0.00,0.00,0.00,-1.0,10.0,324,21.6
2024-11-16T03:00,2.7,0.00,0.00,0.00,-1.3,10.1,316,21.2
2024-11-16T04:00,2.0,0.00,0.00,0.00,-2.3,11.6,314,24.1
2024-11-16T05:00,1.7,0.00,0.00,0.00,-2.5,11.5,318,24.8
2024-11-16T06:00,0.9,0.00,0.00,0.00,-3.1,10.4,314,24.1
2024-11-16T07:00,-0.1,0.00,0.00,0.00,-3.9,9.0,313,20.9
2024-11-16T08:00,-0.4,0.00,0.00,0.00,-4.1,9.0,314,18.4
2024-11-16T09:00,0.6,0.00,0.00,0.00,-2.9,7.8,308,18.0
2024-11-16T10:00,2.1,0.00,0.00,0.00,-1.4,7.9,313,20.5
2024-11-16T11:00,3.7,0.00,0.00,0.00,0.3,7.7,311,20.9
2024-11-16T12:00,5.2,0.00,0.00,0.00,1.2,12.1,317,28.1
2024-11-16T13:00,5.4,0.00,0.00,0.00,1.2,13.8,309,32.4
2024-11-16T14:00,4.8,0.00,0.00,0.00,0.8,12.6,301,32.4
2024-11-16T15:00,4.7,0.00,0.00,0.00,0.6,13.3,298,31.3
2024-11-16T16:00,3.5,0.00,0.00,0.00,-0.4,10.7,303,28.4
2024-11-16T17:00,3.4,0.00,0.00,0.00,0.1,7.2,289,22.3
2024-11-16T18:00,3.2,0.00,0.00,0.00,-0.0,6.1,289,15.1
2024-11-16T19:00,2.9,0.00,0.00,0.00,-0.4,6.6,296,13.3
2024-11-16T20:00,2.5,0.00,0.00,0.00,-1.0,7.8,299,15.5
2024-11-16T21:00,1.8,0.00,0.00,0.00,-1.9,8.6,300,17.3
2024-11-16T22:00,0.8,0.00,0.00,0.00,-2.8,7.7,295,16.9
2024-11-16T23:00,0.2,0.00,0.00,0.00,-3.2,5.8,279,14.8
2024-11-17T00:00,0.1,0.00,0.00,0.00,-3.4,6.3,273,11.5
2024-11-17T01:00,0.4,0.00,0.00,0.00,-3.2,7.7,273,14.4
2024-11-17T02:00,0.5,0.00,0.00,0.00,-3.2,8.6,270,16.6
2024-11-17T03:00,0.4,0.00,0.00,0.00,-3.2,7.6,262,16.6
2024-11-17T04:00,-0.3,0.00,0.00,0.00,-3.6,5.8,256,12.2
2024-11-17T05:00,-0.3,0.00,0.00,0.00,-3.5,5.6,248,11.2
2024-11-17T06:00,-0.3,0.00,0.00,0.00,-3.4,5.7,233,10.8
2024-11-17T07:00,-0.2,0.00,0.00,0.00,-3.4,6.7,216,12.2
2024-11-17T08:00,-0.1,0.00,0.00,0.00,-3.5,7.8,212,14.4
2024-11-17T09:00,0.9,0.00,0.00,0.00,-2.5,8.3,207,16.6
2024-11-17T10:00,2.4,0.00,0.00,0.00,-0.6,6.3,211,16.6
2024-11-17T11:00,4.4,0.00,0.00,0.00,1.2,7.9,221,20.5
2024-11-17T12:00,5.6,0.00,0.00,0.00,2.0,10.1,239,24.8
2024-11-17T13:00,6.1,0.00,0.00,0.00,2.3,11.1,243,27.4
2024-11-17T14:00,6.0,0.00,0.00,0.00,2.3,10.8,244,27.4
2024-11-17T15:00,5.8,0.00,0.00,0.00,2.2,9.8,246,25.6
2024-11-17T16:00,4.9,0.00,0.00,0.00,1.8,6.0,249,22.0
2024-11-17T17:00,2.8,0.00,0.00,0.00,-0.2,4.8,255,11.9
2024-11-17T18:00,2.4,0.00,0.00,0.00,-0.5,3.4,252,8.3
2024-11-17T19:00,2.2,0.00,0.00,0.00,-0.5,1.8,186,5.4
2024-11-17T20:00,1.7,0.00,0.00,0.00,-1.5,5.4,154,9.0
2024-11-17T21:00,1.4,0.00,0.00,0.00,-1.7,5.3,162,10.1
2024-11-17T22:00,1.0,0.00,0.00,0.00,-2.1,4.9,184,9.0
2024-11-17T23:00,1.0,0.00,0.00,0.00,-1.9,3.4,177,7.6
2024-11-18T00:00,0.5,0.00,0.00,0.00,-2.6,4.6,162,6.8
2024-11-18T01:00,0.3,0.00,0.00,0.00,-2.8,4.8,146,8.3
2024-11-18T02:00,0.2,0.00,0.00,0.00,-2.9,4.6,126,8.3
2024-11-18T03:00,0.1,0.00,0.00,0.00,-3.0,4.7,122,8.6
2024-11-18T04:00,-0.3,0.00,0.00,0.00,-3.6,6.1,113,11.5
2024-11-18T05:00,-0.5,0.00,0.00,0.00,-3.9,6.3,103,11.9
2024-11-18T06:00,-0.6,0.00,0.00,0.00,-3.9,6.4,106,12.2
2024-11-18T07:00,-0.5,0.00,0.00,0.00,-3.8,6.6,101,12.6
2024-11-18T08:00,-0.3,0.00,0.00,0.00,-3.7,7.0,94,13.3
2024-11-18T09:00,0.7,0.00,0.00,0.00,-2.6,7.1,97,14.0
2024-11-18T10:00,2.3,0.00,0.00,0.00,-0.7,5.2,104,14.4
2024-11-18T11:00,4.0,0.00,0.00,0.00,1.3,4.5,113,14.0
2024-11-18T12:00,5.3,0.00,0.00,0.00,2.6,4.7,118,14.4
2024-11-18T13:00,6.1,0.00,0.00,0.00,3.3,5.2,110,14.8
2024-11-18T14:00,6.2,0.00,0.00,0.00,3.5,4.8,103,14.8
2024-11-18T15:00,5.9,0.00,0.00,0.00,3.2,4.9,88,13.0
2024-11-18T16:00,4.0,0.00,0.00,0.00,1.5,3.1,80,6.5
2024-11-18T17:00,2.3,0.00,0.00,0.00,-0.6,4.0,82,5.4
2024-11-18T18:00,2.1,0.00,0.00,0.00,-0.9,5.4,75,9.4
2024-11-18T19:00,1.9,0.00,0.00,0.00,-1.2,5.6,68,10.4
2024-11-18T20:00,1.5,0.00,0.00,0.00,-1.6,5.5,73,10.1
2024-11-18T21:00,1.3,0.00,0.00,0.00,-1.7,5.2,78,10.1
2024-11-18T22:00,1.2,0.00,0.00,0.00,-1.9,4.9,80,8.6
2024-11-18T23:00,1.3,0.00,0.00,0.00,-1.6,3.6,37,8.3
2024-11-19T00:00,1.2,0.00,0.00,0.00,-1.6,4.1,13,9.0
2024-11-19T01:00,0.4,0.00,0.00,0.00,-2.5,3.6,18,8.6
2024-11-19T02:00,0.2,0.00,0.00,0.00,-2.5,2.2,81,7.2
2024-11-19T03:00,0.1,0.00,0.00,0.00,-2.4,0.6,72,4.0
2024-11-19T04:00,0.8,0.00,0.00,0.00,-2.3,5.2,344,9.7
2024-11-19T05:00,1.3,0.00,0.00,0.00,-1.4,2.4,324,10.1
2024-11-19T06:00,1.7,0.00,0.00,0.00,-0.7,0.9,37,3.6
2024-11-19T07:00,1.4,0.00,0.00,0.00,-1.1,1.5,210,2.2
2024-11-19T08:00,2.0,0.00,0.00,0.00,-0.6,3.2,199,6.8
2024-11-19T09:00,2.2,0.00,0.00,0.00,-0.5,4.2,155,7.6
2024-11-19T10:00,3.3,0.00,0.00,0.00,0.4,5.8,182,11.2
2024-11-19T11:00,4.5,0.00,0.00,0.00,1.6,6.9,195,13.3
2024-11-19T12:00,5.2,0.00,0.00,0.00,2.2,8.0,190,14.4
2024-11-19T13:00,5.9,0.00,0.00,0.00,3.0,7.7,191,15.1
2024-11-19T14:00,7.3,0.00,0.00,0.00,4.4,8.1,227,15.8
2024-11-19T15:00,7.7,0.00,0.00,0.00,4.8,10.8,242,21.2
2024-11-19T16:00,6.2,0.00,0.00,0.00,3.4,9.9,249,18.0
2024-11-19T17:00,4.3,0.00,0.00,0.00,1.5,9.1,256,18.4
2024-11-19T18:00,3.3,0.00,0.00,0.00,0.4,8.6,262,16.6
2024-11-19T19:00,2.9,0.00,0.00,0.00,-0.0,8.7,265,16.9
2024-11-19T20:00,2.6,0.00,0.00,0.00,-0.3,8.0,261,16.2
2024-11-19T21:00,2.3,0.00,0.00,0.00,-0.6,7.7,254,15.1
2024-11-19T22:00,2.0,0.00,0.00,0.00,-1.0,7.9,253,15.1
2024-11-19T23:00,1.6,0.00,0.00,0.00,-1.5,8.5,253,15.5
2024-11-20T00:00,1.3,0.00,0.00,0.00,-1.8,8.1,258,15.1
2024-11-20T01:00,1.6,0.00,0.00,0.00,-1.2,6.1,284,14.8
2024-11-20T02:00,1.6,0.00,0.00,0.00,-0.8,3.8,311,12.6
2024-11-20T03:00,1.4,0.00,0.00,0.00,-0.8,1.3,16,9.4
2024-11-20T04:00,0.7,0.00,0.00,0.00,-1.9,3.6,110,9.4
2024-11-20T05:00,0.1,0.00,0.00,0.00,-2.7,4.6,101,11.9
2024-11-20T06:00,-0.4,0.00,0.00,0.00,-3.4,5.9,104,14.4
2024-11-20T07:00,-0.8,0.00,0.00,0.00,-3.9,6.3,103,15.1
2024-11-20T08:00,-1.0,0.00,0.00,0.00,-4.3,7.4,93,16.6
2024-11-20T09:00,-0.3,0.00,0.00,0.00,-4.0,10.4,110,23.0
2024-11-20T10:00,1.0,0.00,0.00,0.00,-2.6,10.6,111,23.4
2024-11-20T11:00,2.9,0.00,0.00,0.00,-0.4,9.9,106,24.8
2024-11-20T12:00,4.5,0.00,0.00,0.00,1.4,10.1,100,24.5
2024-11-20T13:00,5.8,0.00,0.00,0.00,2.7,9.8,97,24.8
2024-11-20T14:00,6.7,0.00,0.00,0.00,3.7,9.5,88,23.8
2024-11-20T15:00,6.7,0.00,0.00,0.00,3.8,9.4,83,22.0
2024-11-20T16:00,6.1,0.00,0.00,0.00,2.7,13.5,94,25.6
2024-11-20T17:00,5.3,0.00,0.00,0.00,1.7,14.8,95,27.7
2024-11-20T18:00,5.0,0.00,0.00,0.00,1.4,15.3,99,28.4
2024-11-20T19:00,4.9,0.00,0.00,0.00,1.2,15.7,99,29.2
2024-11-20T20:00,5.2,0.60,0.00,0.60,1.5,14.9,101,29.5
2024-11-20T21:00,5.5,0.00,0.00,0.00,1.8,14.7,117,27.4
2024-11-20T22:00,5.9,0.00,0.00,0.00,2.1,15.7,132,29.2
2024-11-20T23:00,6.1,0.00,0.00,0.00,2.4,15.7,137,29.9
2024-11-21T00:00,6.1,0.00,0.00,0.00,2.4,15.3,139,29.9
2024-11-21T01:00,5.8,0.00,0.00,0.00,2.2,14.7,137,29.2
2024-11-21T02:00,5.8,0.00,0.00,0.00,2.1,14.2,142,28.4
2024-11-21T03:00,5.8,0.00,0.00,0.00,2.2,13.9,144,27.7
2024-11-21T04:00,5.1,0.00,0.00,0.00,1.6,13.1,144,26.6
2024-11-21T05:00,4.9,0.00,0.00,0.00,1.4,12.7,137,25.2
2024-11-21T06:00,4.7,0.00,0.00,0.00,1.2,13.3,130,25.2
2024-11-21T07:00,4.6,0.00,0.00,0.00,0.9,14.2,125,27.0
2024-11-21T08:00,4.8,0.00,0.00,0.00,1.1,14.7,123,27.7
2024-11-21T09:00,6.1,0.00,0.00,0.00,2.5,15.1,128,29.9
2024-11-21T10:00,7.9,0.00,0.00,0.00,4.6,14.2,123,31.7
2024-11-21T11:00,9.7,0.00,0.00,0.00,6.7,13.2,133,29.2
2024-11-21T12:00,11.6,0.00,0.00,0.00,8.6,14.2,130,31.7
2024-11-21T13:00,13.3,0.00,0.00,0.00,10.3,14.9,128,32.4
2024-11-21T14:00,13.7,0.00,0.00,0.00,10.3,17.4,133,37.4
2024-11-21T15:00,14.2,0.00,0.00,0.00,10.0,21.5,148,47.2
2024-11-21T16:00,12.7,0.00,0.00,0.00,8.9,19.1,147,42.1
2024-11-21T17:00,11.8,0.00,0.00,0.00,7.9,19.9,145,40.0
2024-11-21T18:00,11.3,0.00,0.00,0.00,7.2,21.1,144,43.6
2024-11-21T19:00,11.1,0.00,0.00,0.00,7.1,20.4,147,43.2
2024-11-21T20:00,10.8,0.00,0.00,0.00,6.6,20.9,152,42.5
2024-11-21T21:00,10.7,0.00,0.00,0.00,6.4,21.3,159,43.9
2024-11-21T22:00,11.1,0.00,0.00,0.00,7.0,20.3,167,43.6
2024-11-21T23:00,10.7,0.50,0.00,0.50,6.8,18.6,175,41.4
2024-11-22T00:00,9.4,2.70,0.00,2.70,6.2,19.0,230,35.3
2024-11-22T01:00,7.5,2.00,0.00,2.00,3.4,22.0,246,42.8
2024-11-22T02:00,7.0,2.10,0.00,2.10,2.9,21.7,246,44.3
2024-11-22T03:00,6.1,0.80,0.00,0.80,1.5,23.3,276,45.4
2024-11-22T04:00,4.2,0.10,0.00,0.10,-0.2,17.8,272,46.4
2024-11-22T05:00,3.9,0.00,0.00,0.00,-0.3,16.0,273,36.0
2024-11-22T06:00,3.8,0.00,0.00,0.00,-0.1,12.8,270,32.8
2024-11-22T07:00,3.2,0.00,0.00,0.00,-0.4,10.1,273,26.3
2024-11-22T08:00,2.4,0.00,0.00,0.00,-0.8,6.8,259,19.8
2024-11-22T09:00,3.2,0.00,0.00,0.00,-0.1,8.0,230,16.2
2024-11-22T10:00,4.4,0.00,0.00,0.00,1.3,6.7,261,17.3
2024-11-22T11:00,5.3,0.00,0.00,0.00,2.4,5.7,217,16.9
2024-11-22T12:00,5.9,0.00,0.00,0.00,2.6,8.0,208,20.9
2024-11-22T13:00,6.4,0.00,0.00,0.00,3.7,4.0,198,20.9
2024-11-22T14:00,6.1,0.00,0.00,0.00,3.3,4.3,138,13.3
2024-11-22T15:00,6.2,0.00,0.00,0.00,3.2,5.7,108,13.3
2024-11-22T16:00,5.0,0.00,0.00,0.00,2.0,5.9,108,13.7
2024-11-22T17:00,3.8,0.00,0.00,0.00,0.3,9.9,105,18.4
2024-11-22T18:00,3.5,0.00,0.00,0.00,-0.5,13.0,104,24.8
2024-11-22T19:00,3.4,0.00,0.00,0.00,-0.9,14.8,106,29.2
2024-11-22T20:00,4.2,0.00,0.00,0.00,-0.1,15.4,111,32.4
2024-11-22T21:00,4.6,0.00,0.00,0.00,0.4,14.6,114,31.7
2024-11-22T22:00,5.6,0.00,0.00,0.00,1.4,15.4,119,31.7
2024-11-22T23:00,6.3,0.00,0.00,0.00,2.0,16.5,118,33.5
2024-11-23T00:00,7.2,0.00,0.00,0.00,2.7,17.4,126,36.0
2024-11-23T01:00,7.8,0.00,0.00,0.00,3.4,16.7,135,36.0
2024-11-23T02:00,8.0,0.00,0.00,0.00,3.8,16.0,137,34.2
2024-11-23T03:00,7.7,0.00,0.00,0.00,3.5,16.6,138,33.8
2024-11-23T04:00,6.4,0.00,0.00,0.00,2.5,15.9,128,32.8
2024-11-23T05:00,6.6,0.00,0.00,0.00,2.7,15.6,125,32.0
2024-11-23T06:00,6.3,0.00,0.00,0.00,2.5,15.3,120,31.3
2024-11-23T07:00,6.3,0.00,0.00,0.00,2.5,16.0,121,31.7
2024-11-23T08:00,6.6,0.00,0.00,0.00,2.6,16.8,128,33.1
2024-11-23T09:00,7.9,0.00,0.00,0.00,3.9,17.8,138,36.0
2024-11-23T10:00,9.7,0.00,0.00,0.00,6.4,14.3,140,38.5
2024-11-23T11:00,11.1,0.00,0.00,0.00,8.2,12.8,142,29.2
2024-11-23T12:00,13.2,0.00,0.00,0.00,10.4,13.1,144,28.4
2024-11-23T13:00,14.7,0.00,0.00,0.00,12.2,13.1,139,29.5
2024-11-23T14:00,15.3,0.00,0.00,0.00,12.9,13.4,134,28.8
2024-11-23T15:00,15.1,0.00,0.00,0.00,11.7,18.3,148,39.6
2024-11-23T16:00,12.7,0.00,0.00,0.00,9.7,16.5,128,34.9
2024-11-23T17:00,11.9,0.00,0.00,0.00,8.6,17.6,136,35.6
2024-11-23T18:00,11.2,0.00,0.00,0.00,7.9,17.6,138,35.3
2024-11-23T19:00,11.0,0.00,0.00,0.00,8.0,15.3,139,35.3
2024-11-23T20:00,10.9,0.00,0.00,0.00,8.6,11.0,154,30.2
2024-11-23T21:00,10.7,0.00,0.00,0.00,8.6,10.0,171,21.2
2024-11-23T22:00,10.7,0.00,0.00,0.00,8.5,10.4,179,20.5
2024-11-23T23:00,10.2,0.10,0.00,0.10,8.5,8.1,209,20.2
2024-11-24T00:00,9.5,0.60,0.00,0.60,8.2,6.3,273,15.1
2024-11-24T01:00,9.6,1.30,0.00,1.30,7.4,13.4,325,23.4
2024-11-24T02:00,8.9,1.20,0.00,1.20,5.3,21.1,310,39.6
2024-11-24T03:00,7.1,1.30,0.00,1.30,2.3,25.8,322,50.0
2024-11-24T04:00,5.2,0.60,0.00,0.60,0.7,20.4,314,41.8
2024-11-24T05:00,4.3,0.40,0.00,0.40,-0.5,21.7,331,43.9
2024-11-24T06:00,3.6,0.20,0.00,0.20,-1.1,20.0,333,43.2
2024-11-24T07:00,3.4,0.10,0.00,0.10,-1.6,21.7,331,45.0
2024-11-24T08:00,3.4,0.10,0.00,0.10,-1.6,20.9,335,45.4
2024-11-24T09:00,3.2,0.10,0.00,0.10,-2.0,22.1,338,46.1
2024-11-24T10:00,2.9,0.20,0.00,0.20,-2.2,21.8,338,49.7
2024-11-24T11:00,3.1,0.10,0.00,0.10,-2.4,23.5,336,51.5
2024-11-24T12:00,3.2,0.10,0.00,0.10,-2.1,21.5,337,50.4
2024-11-24T13:00,3.3,0.00,0.00,0.00,-2.0,21.3,341,47.9
2024-11-24T14:00,3.7,0.00,0.00,0.00,-1.9,22.7,347,52.6
2024-11-24T15:00,3.4,0.00,0.00,0.00,-2.0,21.2,341,49.7
2024-11-24T16:00,3.3,0.00,0.00,0.00,-1.9,19.4,334,51.8
2024-11-24T17:00,2.9,0.00,0.00,0.00,-2.3,19.3,335,43.9
2024-11-24T18:00,2.4,0.10,0.00,0.10,-2.6,18.4,327,42.8
2024-11-24T19:00,1.9,0.20,0.07,0.10,-3.3,20.1,336,42.5
2024-11-24T20:00,1.8,0.20,0.14,0.00,-3.3,19.2,338,42.5
2024-11-24T21:00,1.8,0.30,0.14,0.10,-3.4,19.9,345,41.8
2024-11-24T22:00,1.8,0.20,0.07,0.10,-3.6,20.8,354,44.3
2024-11-24T23:00,1.8,0.00,0.00,0.00,-3.4,19.6,354,43.6
2024-11-25T00:00,1.8,0.00,0.00,0.00,-3.6,20.6,356,43.2
2024-11-25T01:00,1.6,0.00,0.00,0.00,-3.7,20.0,356,45.0
2024-11-25T02:00,1.4,0.10,0.07,0.00,-4.1,21.4,1,44.6
2024-11-25T03:00,1.6,0.00,0.00,0.00,-3.7,19.8,8,44.3
2024-11-25T04:00,2.1,0.00,0.00,0.00,-3.2,20.2,9,43.6
2024-11-25T05:00,2.4,0.00,0.00,0.00,-2.8,20.0,13,42.8
2024-11-25T06:00,2.3,0.00,0.00,0.00,-2.5,17.5,10,42.1
2024-11-25T07:00,2.6,0.00,0.00,0.00,-2.6,20.0,14,42.1
2024-11-25T08:00,2.5,0.00,0.00,0.00,-2.6,19.7,15,42.8
2024-11-25T09:00,2.6,0.00,0.00,0.00,-2.7,20.4,14,44.3
2024-11-25T10:00,2.6,0.00,0.00,0.00,-2.4,18.6,9,44.3
2024-11-25T11:00,3.2,0.00,0.00,0.00,-3.0,26.4,21,54.7
2024-11-25T12:00,3.6,0.00,0.00,0.00,-1.7,20.5,21,60.1
2024-11-25T13:00,3.4,0.00,0.00,0.00,-1.7,18.5,11,43.9
2024-11-25T14:00,3.2,0.00,0.00,0.00,-1.9,19.1,18,42.1
2024-11-25T15:00,3.3,0.00,0.00,0.00,-1.6,17.9,18,42.8
2024-11-25T16:00,2.6,0.00,0.00,0.00,-2.6,19.0,15,42.8
2024-11-25T17:00,2.2,0.00,0.00,0.00,-3.2,20.2,11,44.6
2024-11-25T18:00,1.6,0.00,0.00,0.00,-3.7,19.1,9,43.9
2024-11-25T19:00,1.2,0.00,0.00,0.00,-3.7,16.7,7,41.0
2024-11-25T20:00,0.9,0.00,0.00,0.00,-4.1,16.8,10,37.1
2024-11-25T21:00,0.5,0.10,0.07,0.00,-4.3,15.5,8,36.4
2024-11-25T22:00,0.4,0.10,0.07,0.00,-4.3,14.9,8,33.1
2024-11-25T23:00,0.3,0.10,0.07,0.00,-4.4,15.1,12,32.4
2024-11-26T00:00,0.3,0.10,0.07,0.00,-4.2,13.9,10,32.4
2024-11-26T01:00,0.4,0.00,0.00,0.00,-4.0,13.5,16,29.9
2024-11-26T02:00,0.5,0.00,0.00,0.00,-4.1,14.9,22,32.4
2024-11-26T03:00,0.6,0.00,0.00,0.00,-4.0,14.2,22,32.8
2024-11-26T04:00,0.8,0.00,0.00,0.00,-3.5,13.3,23,31.7
2024-11-26T05:00,1.1,0.00,0.00,0.00,-3.1,12.8,31,29.2
2024-11-26T06:00,1.1,0.00,0.00,0.00,-3.1,13.2,26,28.4
2024-11-26T07:00,1.2,0.00,0.00,0.00,-3.1,13.4,31,30.2
2024-11-26T08:00,1.3,0.00,0.00,0.00,-2.8,12.5,43,29.2
2024-11-26T09:00,1.4,0.00,0.00,0.00,-2.6,12.5,41,26.6
2024-11-26T10:00,1.5,0.00,0.00,0.00,-2.9,15.2,57,32.0
2024-11-26T11:00,1.8,0.00,0.00,0.00,-2.5,14.7,66,32.4
2024-11-26T12:00,1.9,0.00,0.00,0.00,-2.4,14.3,59,32.0
2024-11-26T13:00,2.1,0.00,0.00,0.00,-2.0,13.0,62,31.7
2024-11-26T14:00,2.3,0.00,0.00,0.00,-1.7,12.3,59,28.4
2024-11-26T15:00,2.3,0.00,0.00,0.00,-1.6,11.3,57,27.4
2024-11-26T16:00,2.0,0.00,0.00,0.00,-2.0,11.5,61,29.2
2024-11-26T17:00,1.8,0.10,0.00,0.10,-1.8,9.1,56,24.5
2024-11-26T18:00,1.4,0.50,0.14,0.30,-2.1,9.3,47,18.7
2024-11-26T19:00,1.5,0.10,0.07,0.00,-2.0,9.3,44,18.7
2024-11-26T20:00,1.6,0.00,0.00,0.00,-1.8,8.9,52,18.7
2024-11-26T21:00,1.6,0.00,0.00,0.00,-1.8,9.1,58,18.4
2024-11-26T22:00,1.6,0.00,0.00,0.00,-1.9,9.4,64,19.1
2024-11-26T23:00,1.7,0.00,0.00,0.00,-1.6,7.8,71,19.1
2024-11-27T00:00,1.7,0.00,0.00,0.00,-1.4,6.8,61,15.8
2024-11-27T01:00,1.7,0.00,0.00,0.00,-1.4,6.8,27,14.0
2024-11-27T02:00,1.8,0.00,0.00,0.00,-1.4,7.6,28,16.2
2024-11-27T03:00,1.8,0.00,0.00,0.00,-1.2,6.1,45,15.5
2024-11-27T04:00,1.9,0.10,0.00,0.10,-1.0,6.4,45,14.4
2024-11-27T05:00,1.9,0.00,0.00,0.00,-1.3,7.9,24,15.8
2024-11-27T06:00,1.8,0.00,0.00,0.00,-1.2,6.9,33,16.9
2024-11-27T07:00,1.8,0.00,0.00,0.00,-1.3,7.2,25,14.8
2024-11-27T08:00,1.8,0.00,0.00,0.00,-1.2,6.6,26,14.8
2024-11-27T09:00,2.0,0.00,0.00,0.00,-1.0,6.5,8,15.1
2024-11-27T10:00,2.5,0.00,0.00,0.00,-0.6,6.8,27,16.2
2024-11-27T11:00,2.7,0.00,0.00,0.00,-0.6,8.3,1,19.4
2024-11-27T12:00,3.1,0.00,0.00,0.00,-0.4,10.1,358,23.0
2024-11-27T13:00,3.4,0.00,0.00,0.00,-0.1,9.4,5,24.1
2024-11-27T14:00,3.5,0.00,0.00,0.00,0.2,7.9,348,22.0
2024-11-27T15:00,3.8,0.00,0.00,0.00,0.5,7.4,346,18.4
2024-11-27T16:00,2.8,0.00,0.00,0.00,-0.6,7.5,350,19.4
2024-11-27T17:00,1.6,0.00,0.00,0.00,-1.9,8.1,335,16.2
2024-11-27T18:00,1.6,0.00,0.00,0.00,-2.0,8.5,332,17.6
2024-11-27T19:00,1.5,0.00,0.00,0.00,-1.9,7.7,336,16.9
2024-11-27T20:00,1.7,0.00,0.00,0.00,-1.7,7.8,338,16.2
2024-11-27T21:00,1.8,0.00,0.00,0.00,-1.7,7.8,334,15.8
2024-11-27T22:00,1.8,0.00,0.00,0.00,-1.8,8.4,332,17.3
2024-11-27T23:00,1.7,0.00,0.00,0.00,-1.9,8.3,327,17.3
2024-11-28T00:00,1.6,0.00,0.00,0.00,-2.0,8.3,321,18.4
2024-11-28T01:00,1.5,0.00,0.00,0.00,-2.1,8.2,319,18.0
2024-11-28T02:00,1.5,0.00,0.00,0.00,-2.2,8.9,320,18.4
2024-11-28T03:00,1.5,0.00,0.00,0.00,-2.2,8.7,322,18.7
2024-11-28T04:00,0.9,0.00,0.00,0.00,-2.9,9.5,316,19.8
2024-11-28T05:00,1.0,0.00,0.00,0.00,-2.9,9.7,326,22.3
2024-11-28T06:00,1.0,0.00,0.00,0.00,-2.7,9.0,325,20.2
2024-11-28T07:00,1.0,0.00,0.00,0.00,-2.7,8.3,326,21.2
2024-11-28T08:00,1.0,0.00,0.00,0.00,-2.5,7.0,337,16.9
2024-11-28T09:00,1.2,0.00,0.00,0.00,-2.5,8.5,316,18.7
2024-11-28T10:00,1.4,0.00,0.00,0.00,-2.5,9.6,313,21.6
2024-11-28T11:00,1.5,0.00,0.00,0.00,-2.1,7.6,322,21.6
2024-11-28T12:00,2.1,0.00,0.00,0.00,-1.5,7.9,319,19.8
2024-11-28T13:00,2.5,0.00,0.00,0.00,-1.1,7.8,312,20.2
2024-11-28T14:00,2.8,0.00,0.00,0.00,-0.9,8.4,304,20.5
2024-11-28T15:00,3.1,0.00,0.00,0.00,-0.8,9.3,306,21.6
2024-11-28T16:00,2.9,0.00,0.00,0.00,-0.6,7.8,304,19.1
2024-11-28T17:00,2.1,0.00,0.00,0.00,-1.3,7.2,305,16.9
2024-11-28T18:00,1.4,0.00,0.00,0.00,-2.0,6.5,314,14.0
2024-11-28T19:00,0.5,0.00,0.00,0.00,-2.8,6.1,320,12.2
2024-11-28T20:00,-0.1,0.00,0.00,0.00,-3.8,8.3,333,15.1
2024-11-28T21:00,-0.5,0.00,0.00,0.00,-4.3,9.1,343,17.6
2024-11-28T22:00,-0.9,0.00,0.00,0.00,-4.6,8.4,349,17.6
2024-11-28T23:00,-0.9,0.00,0.00,0.00,-4.5,7.8,352,16.2
2024-11-29T00:00,-0.4,0.00,0.00,0.00,-4.0,7.6,355,15.5
2024-11-29T01:00,0.4,0.00,0.00,0.00,-3.2,8.1,359,15.8
2024-11-29T02:00,0.6,0.00,0.00,0.00,-2.9,7.3,10,16.2
2024-11-29T03:00,0.6,0.00,0.00,0.00,-2.7,6.0,29,14.4
2024-11-29T04:00,1.2,0.00,0.00,0.00,-1.7,3.9,56,10.1
2024-11-29T05:00,1.2,0.00,0.00,0.00,-1.7,4.0,72,9.4
2024-11-29T06:00,1.1,0.00,0.00,0.00,-1.9,4.5,90,9.7
2024-11-29T07:00,1.0,0.00,0.00,0.00,-2.0,4.3,95,9.7
2024-11-29T08:00,0.9,0.00,0.00,0.00,-2.1,4.4,78,9.7
2024-11-29T09:00,1.1,0.00,0.00,0.00,-2.0,4.5,74,11.2
2024-11-29T10:00,1.5,0.00,0.00,0.00,-1.5,4.5,76,12.6
2024-11-29T11:00,1.9,0.00,0.00,0.00,-1.1,4.8,56,13.7
2024-11-29T12:00,2.7,0.00,0.00,0.00,-0.3,5.5,32,15.5
2024-11-29T13:00,3.4,0.00,0.00,0.00,0.3,5.9,11,16.6
2024-11-29T14:00,3.6,0.00,0.00,0.00,0.4,6.4,8,16.6
2024-11-29T15:00,3.4,0.00,0.00,0.00,0.1,6.8,25,16.9
2024-11-29T16:00,0.6,0.00,0.00,0.00,-3.0,7.7,57,19.8
2024-11-29T17:00,0.4,0.00,0.00,0.00,-3.2,7.5,60,17.6
2024-11-29T18:00,0.4,0.00,0.00,0.00,-3.3,8.0,63,17.6
2024-11-29T19:00,0.4,0.00,0.00,0.00,-3.2,7.3,70,17.6
2024-11-29T20:00,0.2,0.00,0.00,0.00,-3.3,7.2,63,15.5
2024-11-29T21:00,0.1,0.00,0.00,0.00,-3.5,7.6,62,16.2
2024-11-29T22:00,0.1,0.00,0.00,0.00,-3.6,7.7,62,16.9
2024-11-29T23:00,-0.1,0.00,0.00,0.00,-3.7,7.7,54,17.3
2024-11-30T00:00,-0.2,0.00,0.00,0.00,-3.9,8.3,51,18.4
2024-11-30T01:00,-0.4,0.00,0.00,0.00,-4.2,8.9,54,19.4
2024-11-30T02:00,-0.4,0.00,0.00,0.00,-4.2,8.9,56,19.8
2024-11-30T03:00,-0.5,0.00,0.00,0.00,-4.2,8.6,64,20.9
2024-11-30T04:00,-0.4,0.00,0.00,0.00,-3.9,7.8,71,20.5
2024-11-30T05:00,-0.5,0.00,0.00,0.00,-4.0,7.6,72,18.0
2024-11-30T06:00,-0.8,0.00,0.00,0.00,-4.3,7.5,73,17.6
2024-11-30T07:00,-1.0,0.00,0.00,0.00,-4.5,7.5,75,17.3
2024-11-30T08:00,-1.2,0.00,0.00,0.00,-4.7,7.6,71,17.6
2024-11-30T09:00,-1.3,0.00,0.00,0.00,-4.8,7.2,72,18.4
2024-11-30T10:00,-1.3,0.00,0.00,0.00,-4.6,5.9,76,17.6
2024-11-30T11:00,-0.8,0.00,0.00,0.00,-4.0,5.1,67,15.5
2024-11-30T12:00,-0.5,0.00,0.00,0.00,-3.6,4.6,59,14.8
2024-11-30T13:00,0.0,0.00,0.00,0.00,-3.2,5.2,44,15.1
2024-11-30T14:00,0.3,0.00,0.00,0.00,-3.4,7.6,31,19.4
2024-11-30T15:00,0.1,0.00,0.00,0.00,-3.6,8.0,31,20.2
2024-11-30T16:00,-1.4,0.00,0.00,0.00,-5.1,7.1,54,17.3
2024-11-30T17:00,-1.6,0.00,0.00,0.00,-5.0,5.2,76,16.2
2024-11-30T18:00,-1.5,0.00,0.00,0.00,-4.8,3.8,49,10.4
2024-11-30T19:00,-1.5,0.00,0.00,0.00,-4.7,4.2,50,8.3
2024-11-30T20:00,-1.4,0.00,0.00,0.00,-4.7,4.3,66,9.0
2024-11-30T21:00,-1.3,0.00,0.00,0.00,-4.6,4.6,69,10.1
2024-11-30T22:00,-1.4,0.00,0.00,0.00,-4.7,5.1,72,11.2
2024-11-30T23:00,-1.4,0.00,0.00,0.00,-4.8,5.3,72,11.9
2024-12-01T00:00,-1.5,0.00,0.00,0.00,-5.0,5.9,63,13.3
2024-12-01T01:00,-1.5,0.00,0.00,0.00,-5.1,6.9,49,15.5
2024-12-01T02:00,-1.5,0.00,0.00,0.00,-5.3,7.6,43,17.6
2024-12-01T03:00,-1.4,0.00,0.00,0.00,-5.2,7.6,47,18.0
2024-12-01T04:00,-1.9,0.00,0.00,0.00,-5.7,7.6,56,17.3
2024-12-01T05:00,-1.8,0.00,0.00,0.00,-5.6,7.7,65,16.9
2024-12-01T06:00,-1.7,0.00,0.00,0.00,-5.6,8.6,74,19.4
2024-12-01T07:00,-1.7,0.00,0.00,0.00,-5.6,8.5,84,19.4
2024-12-01T08:00,-1.7,0.00,0.00,0.00,-5.5,8.6,92,19.4
2024-12-01T09:00,-1.6,0.00,0.00,0.00,-5.4,8.6,105,20.2
2024-12-01T10:00,-1.2,0.00,0.00,0.00,-5.1,8.8,107,21.2
2024-12-01T11:00,-0.8,0.00,0.00,0.00,-4.8,9.2,92,22.0
2024-12-01T12:00,-0.6,0.00,0.00,0.00,-4.5,8.9,84,22.0
2024-12-01T13:00,-0.2,0.00,0.00,0.00,-4.0,8.8,81,22.3
2024-12-01T14:00,0.0,0.00,0.00,0.00,-3.9,8.7,76,21.6
2024-12-01T15:00,0.2,0.00,0.00,0.00,-3.7,9.4,70,21.2
2024-12-01T16:00,-1.2,0.00,0.00,0.00,-5.2,9.2,74,20.5
2024-12-01T17:00,-1.1,0.00,0.00,0.00,-4.8,7.1,71,20.2
2024-12-01T18:00,-1.0,0.00,0.00,0.00,-4.7,8.0,81,16.2
2024-12-01T19:00,-1.0,0.00,0.00,0.00,-4.9,8.9,99,18.7
2024-12-01T20:00,-1.2,0.00,0.00,0.00,-5.4,10.5,103,22.3
2024-12-01T21:00,-1.3,0.00,0.00,0.00,-5.6,10.9,99,23.8
2024-12-01T22:00,-1.3,0.00,0.00,0.00,-5.3,9.2,96,24.5
2024-12-01T23:00,-1.3,0.00,0.00,0.00,-5.3,9.3,98,20.2
2024-12-02T00:00,-1.4,0.00,0.00,0.00,-5.4,9.2,91,20.5
2024-12-02T01:00,-1.5,0.00,0.00,0.00,-5.5,9.2,84,20.2
2024-12-02T02:00,-1.4,0.00,0.00,0.00,-5.6,10.4,91,23.4
2024-12-02T03:00,-1.3,0.00,0.00,0.00,-5.5,10.3,91,23.8
2024-12-02T04:00,-1.6,0.00,0.00,0.00,-5.5,8.7,97,23.0
2024-12-02T05:00,-1.4,0.00,0.00,0.00,-5.2,7.9,79,18.4
2024-12-02T06:00,-1.3,0.00,0.00,0.00,-5.1,8.4,74,17.3
2024-12-02T07:00,-1.1,0.00,0.00,0.00,-5.1,9.7,78,20.2
2024-12-02T08:00,-1.0,0.00,0.00,0.00,-5.1,10.7,85,22.0
2024-12-02T09:00,-1.1,0.00,0.00,0.00,-5.3,11.1,99,25.2
2024-12-02T10:00,-0.8,0.00,0.00,0.00,-5.1,11.5,101,26.6
2024-12-02T11:00,-0.4,0.00,0.00,0.00,-4.7,11.8,98,27.4
2024-12-02T12:00,-0.1,0.00,0.00,0.00,-4.5,12.1,94,28.4
2024-12-02T13:00,0.3,0.00,0.00,0.00,-4.2,12.8,91,30.2
2024-12-02T14:00,0.3,0.00,0.00,0.00,-4.3,13.1,92,30.2
2024-12-02T15:00,0.3,0.00,0.00,0.00,-4.3,13.3,92,30.2
2024-12-02T16:00,-0.8,0.00,0.00,0.00,-5.3,13.2,96,31.7
2024-12-02T17:00,-0.9,0.00,0.00,0.00,-5.1,11.3,91,27.7
2024-12-02T18:00,-0.9,0.00,0.00,0.00,-5.1,11.6,98,24.5
2024-12-02T19:00,-0.9,0.00,0.00,0.00,-5.1,11.3,104,24.5
2024-12-02T20:00,-0.8,0.00,0.00,0.00,-5.0,11.1,104,23.4
2024-12-02T21:00,-0.8,0.00,0.00,0.00,-5.1,11.5,104,24.1
2024-12-02T22:00,-0.9,0.00,0.00,0.00,-5.3,12.1,102,25.2
2024-12-02T23:00,-0.9,0.00,0.00,0.00,-5.4,12.9,96,26.6
2024-12-03T00:00,-0.8,0.00,0.00,0.00,-5.0,10.9,84,26.6
2024-12-03T01:00,-0.7,0.00,0.00,0.00,-4.8,10.5,78,22.3
2024-12-03T02:00,-0.6,0.00,0.00,0.00,-4.9,11.4,75,23.0
2024-12-03T03:00,-0.5,0.00,0.00,0.00,-4.8,11.8,74,24.1
2024-12-03T04:00,0.1,0.00,0.00,0.00,-4.1,11.7,79,24.1
2024-12-03T05:00,0.3,0.00,0.00,0.00,-3.9,12.3,79,25.2
2024-12-03T06:00,0.4,0.00,0.00,0.00,-3.8,12.6,86,25.9
2024-12-03T07:00,0.6,0.00,0.00,0.00,-3.7,13.0,92,27.0
2024-12-03T08:00,0.7,0.00,0.00,0.00,-3.6,13.1,91,27.4
2024-12-03T09:00,1.0,0.00,0.00,0.00,-3.3,13.5,92,29.5
2024-12-03T10:00,1.3,0.00,0.00,0.00,-3.0,13.0,88,29.2
2024-12-03T11:00,1.8,0.00,0.00,0.00,-2.9,16.0,97,34.2
2024-12-03T12:00,2.1,0.00,0.00,0.00,-2.8,17.3,110,38.2
2024-12-03T13:00,2.3,0.00,0.00,0.00,-2.6,17.3,110,38.2
2024-12-03T14:00,2.6,0.00,0.00,0.00,-2.2,16.8,107,38.2
2024-12-03T15:00,2.6,0.00,0.00,0.00,-1.8,13.9,100,39.2
2024-12-03T16:00,1.2,0.00,0.00,0.00,-3.4,14.1,100,38.9
2024-12-03T17:00,0.8,0.00,0.00,0.00,-3.7,14.0,97,29.5
2024-12-03T18:00,0.7,0.00,0.00,0.00,-3.8,14.5,96,29.9
2024-12-03T19:00,0.9,0.00,0.00,0.00,-3.6,14.2,99,30.2
2024-12-03T20:00,0.9,0.00,0.00,0.00,-3.6,14.0,99,29.5
2024-12-03T21:00,1.0,0.00,0.00,0.00,-3.4,13.8,99,29.2
2024-12-03T22:00,1.0,0.00,0.00,0.00,-3.4,13.4,98,28.8
2024-12-03T23:00,1.0,0.00,0.00,0.00,-3.3,13.2,95,27.7
2024-12-04T00:00,1.0,0.00,0.00,0.00,-3.3,13.1,92,27.4
2024-12-04T01:00,1.0,0.00,0.00,0.00,-3.4,13.7,92,28.1
2024-12-04T02:00,1.0,0.00,0.00,0.00,-3.4,13.9,92,28.4
2024-12-04T03:00,1.0,0.00,0.00,0.00,-3.4,14.0,91,28.8
2024-12-04T04:00,1.1,0.00,0.00,0.00,-3.2,14.1,94,28.8
2024-12-04T05:00,1.1,0.00,0.00,0.00,-3.2,14.1,94,29.2
2024-12-04T06:00,1.0,0.00,0.00,0.00,-3.3,13.7,95,29.2
2024-12-04T07:00,0.9,0.00,0.00,0.00,-3.4,13.2,96,28.1
2024-12-04T08:00,0.8,0.00,0.00,0.00,-3.5,13.4,95,27.7
2024-12-04T09:00,0.9,0.00,0.00,0.00,-3.4,13.7,95,28.8
2024-12-04T10:00,1.2,0.00,0.00,0.00,-3.2,13.9,91,29.5
2024-12-04T11:00,1.5,0.00,0.00,0.00,-3.2,16.1,96,35.3
2024-12-04T12:00,2.0,0.00,0.00,0.00,-2.8,17.2,103,37.4
2024-12-04T13:00,2.5,0.00,0.00,0.00,-2.2,16.3,106,38.5
2024-12-04T14:00,2.5,0.00,0.00,0.00,-2.0,15.3,102,36.4
2024-12-04T15:00,2.4,0.00,0.00,0.00,-2.0,14.4,98,36.7
2024-12-04T16:00,1.0,0.00,0.00,0.00,-3.3,12.5,97,35.3
2024-12-04T17:00,0.8,0.00,0.00,0.00,-3.4,12.6,91,25.9
2024-12-04T18:00,0.9,0.00,0.00,0.00,-3.5,13.7,88,27.7
2024-12-04T19:00,0.8,0.00,0.00,0.00,-3.7,13.7,92,28.4
2024-12-04T20:00,0.7,0.00,0.00,0.00,-3.7,13.9,92,28.8
2024-12-04T21:00,0.5,0.00,0.00,0.00,-3.9,13.7,89,28.8
2024-12-04T22:00,0.5,0.00,0.00,0.00,-3.9,13.7,88,28.4
2024-12-04T23:00,0.5,0.00,0.00,0.00,-3.9,13.5,85,28.4
2024-12-05T00:00,0.5,0.00,0.00,0.00,-3.9,13.5,88,28.4
2024-12-05T01:00,0.5,0.00,0.00,0.00,-3.8,13.0,85,27.7
2024-12-05T02:00,0.4,0.00,0.00,0.00,-3.9,12.9,78,26.6
2024-12-05T03:00,0.5,0.00,0.00,0.00,-3.9,13.6,78,28.1
2024-12-05T04:00,-0.3,0.00,0.00,0.00,-4.6,13.3,81,27.7
2024-12-05T05:00,0.0,0.00,0.00,0.00,-4.4,13.6,84,28.1
2024-12-05T06:00,0.1,0.00,0.00,0.00,-4.5,15.0,85,31.0
2024-12-05T07:00,0.0,0.00,0.00,0.00,-4.8,16.3,83,33.8
2024-12-05T08:00,0.1,0.00,0.00,0.00,-4.8,16.7,83,35.3
2024-12-05T09:00,0.4,0.00,0.00,0.00,-4.5,16.8,84,36.0
2024-12-05T10:00,0.6,0.00,0.00,0.00,-4.4,17.5,85,38.9
2024-12-05T11:00,1.1,0.00,0.00,0.00,-4.0,18.0,90,38.9
2024-12-05T12:00,1.9,0.00,0.00,0.00,-3.1,17.6,90,40.7
2024-12-05T13:00,1.9,0.00,0.00,0.00,-3.1,18.1,85,39.2
2024-12-05T14:00,1.8,0.00,0.00,0.00,-3.3,18.3,84,40.3
2024-12-05T15:00,1.9,0.00,0.00,0.00,-3.1,18.4,84,40.7
2024-12-05T16:00,0.9,0.00,0.00,0.00,-4.0,17.3,79,37.8
2024-12-05T17:00,0.7,0.00,0.00,0.00,-4.4,18.3,80,38.2
2024-12-05T18:00,0.6,0.00,0.00,0.00,-4.6,19.2,82,39.6
2024-12-05T19:00,0.6,0.00,0.00,0.00,-4.7,19.2,85,41.4
2024-12-05T20:00,0.3,0.00,0.00,0.00,-4.9,18.8,86,40.3
2024-12-05T21:00,0.3,0.10,0.07,0.00,-4.8,17.8,88,39.6
2024-12-05T22:00,0.1,0.10,0.07,0.00,-4.8,17.3,89,37.4
2024-12-05T23:00,0.1,0.10,0.07,0.00,-4.9,17.3,89,36.7
2024-12-06T00:00,0.0,0.10,0.07,0.00,-5.0,17.6,90,37.8
2024-12-06T01:00,-0.1,0.10,0.07,0.00,-5.0,17.3,91,37.1
2024-12-06T02:00,-0.1,0.10,0.07,0.00,-5.1,17.1,88,36.4
2024-12-06T03:00,-0.2,0.20,0.07,0.10,-5.2,17.7,87,36.7
2024-12-06T04:00,-0.4,0.10,0.07,0.00,-5.5,18.0,88,38.5
2024-12-06T05:00,-0.3,0.00,0.00,0.00,-5.3,17.8,89,38.5
2024-12-06T06:00,-0.5,0.00,0.00,0.00,-5.6,17.9,84,38.5
2024-12-06T07:00,-0.3,0.00,0.00,0.00,-5.3,17.3,85,38.2
2024-12-06T08:00,0.2,0.00,0.00,0.00,-4.8,18.0,93,37.4
2024-12-06T09:00,0.7,0.00,0.00,0.00,-4.4,18.9,101,40.0
2024-12-06T10:00,1.1,0.00,0.00,0.00,-3.5,16.2,98,39.2
2024-12-06T11:00,1.3,0.00,0.00,0.00,-3.3,15.3,93,35.6
2024-12-06T12:00,1.7,0.00,0.00,0.00,-3.4,19.0,100,41.0
2024-12-06T13:00,1.9,0.00,0.00,0.00,-3.3,19.6,103,42.1
2024-12-06T14:00,2.0,0.00,0.00,0.00,-2.5,15.7,99,41.8
2024-12-06T15:00,1.7,0.10,0.00,0.10,-2.8,15.6,96,32.8
2024-12-06T16:00,0.3,0.00,0.00,0.00,-4.5,16.2,93,36.0
2024-12-06T17:00,0.1,0.00,0.00,0.00,-4.7,16.0,97,34.9
2024-12-06T18:00,0.3,0.00,0.00,0.00,-4.4,15.9,95,33.1
2024-12-06T19:00,0.3,0.00,0.00,0.00,-4.3,15.4,96,32.8
2024-12-06T20:00,-0.1,0.10,0.00,0.10,-4.4,14.5,96,32.0
2024-12-06T21:00,0.2,0.00,0.00,0.00,-4.2,15.4,97,31.7
2024-12-06T22:00,0.4,0.00,0.00,0.00,-4.0,15.2,97,31.7
2024-12-06T23:00,0.6,0.00,0.00,0.00,-3.8,15.2,96,32.0
2024-12-07T00:00,0.7,0.00,0.00,0.00,-3.8,16.0,98,33.1
2024-12-07T01:00,0.8,0.00,0.00,0.00,-3.7,15.0,96,32.8
2024-12-07T02:00,0.8,0.00,0.00,0.00,-3.9,16.3,98,33.8
2024-12-07T03:00,0.8,0.00,0.00,0.00,-4.0,17.0,100,35.3
2024-12-07T04:00,0.6,0.00,0.00,0.00,-4.4,18.0,104,37.8
2024-12-07T05:00,0.6,0.00,0.00,0.00,-4.4,18.3,103,37.8
2024-12-07T06:00,0.6,0.00,0.00,0.00,-4.4,18.0,106,39.2
2024-12-07T07:00,0.6,0.00,0.00,0.00,-4.4,18.1,105,37.8
2024-12-07T08:00,0.6,0.00,0.00,0.00,-4.5,19.1,104,40.0
2024-12-07T09:00,0.9,0.00,0.00,0.00,-4.3,19.2,105,41.0
2024-12-07T10:00,1.1,0.00,0.00,0.00,-3.7,15.8,91,40.7
2024-12-07T11:00,1.4,0.00,0.00,0.00,-3.8,19.0,94,40.7
2024-12-07T12:00,1.6,0.00,0.00,0.00,-4.6,25.1,106,52.6
2024-12-07T13:00,2.2,0.00,0.00,0.00,-3.7,23.8,106,58.7
2024-12-07T14:00,2.5,0.00,0.00,0.00,-3.3,23.3,108,59.4
2024-12-07T15:00,1.8,0.00,0.00,0.00,-3.7,20.4,93,51.1
2024-12-07T16:00,-0.3,0.00,0.00,0.00,-6.1,21.9,102,49.7
2024-12-07T17:00,-0.3,0.00,0.00,0.00,-6.3,23.4,103,48.2
2024-12-07T18:00,-0.3,0.00,0.00,0.00,-6.2,22.2,101,48.6
2024-12-07T19:00,-0.1,0.00,0.00,0.00,-6.1,22.5,102,47.9
2024-12-07T20:00,0.0,0.00,0.00,0.00,-6.0,22.5,102,48.2
2024-12-07T21:00,-0.1,0.00,0.00,0.00,-6.2,23.2,104,49.0
2024-12-07T22:00,-0.5,0.00,0.00,0.00,-6.6,23.0,102,49.3
2024-12-07T23:00,-0.7,0.00,0.00,0.00,-6.8,23.1,100,49.7
2024-12-08T00:00,-0.5,0.00,0.00,0.00,-6.6,23.9,101,50.8
2024-12-08T01:00,-0.5,0.00,0.00,0.00,-6.6,23.8,101,51.5
2024-12-08T02:00,-0.2,0.00,0.00,0.00,-6.3,24.0,101,50.8
2024-12-08T03:00,0.1,0.00,0.00,0.00,-6.0,24.3,102,51.5
2024-12-08T04:00,-0.1,0.00,0.00,0.00,-6.1,23.5,103,51.8
2024-12-08T05:00,0.0,0.00,0.00,0.00,-5.9,23.0,104,49.3
2024-12-08T06:00,0.2,0.00,0.00,0.00,-5.7,23.2,104,49.0
2024-12-08T07:00,0.3,0.00,0.00,0.00,-5.5,23.0,102,49.0
2024-12-08T08:00,0.6,0.00,0.00,0.00,-5.1,22.6,100,48.2
2024-12-08T09:00,0.9,0.00,0.00,0.00,-4.7,22.5,97,47.5
2024-12-08T10:00,2.0,0.00,0.00,0.00,-3.8,24.2,101,49.7
2024-12-08T11:00,2.7,0.00,0.00,0.00,-2.4,20.2,94,54.0
2024-12-08T12:00,3.0,0.00,0.00,0.00,-1.9,19.4,84,41.4
2024-12-08T13:00,3.4,0.00,0.00,0.00,-1.5,18.9,87,42.5
2024-12-08T14:00,3.3,0.00,0.00,0.00,-1.5,19.1,87,41.8
2024-12-08T15:00,4.0,0.00,0.00,0.00,-1.1,21.5,96,45.7
2024-12-08T16:00,1.1,0.00,0.00,0.00,-4.2,21.3,86,44.6
2024-12-08T17:00,1.5,0.00,0.00,0.00,-3.7,21.1,89,44.6
2024-12-08T18:00,1.7,0.00,0.00,0.00,-3.5,20.9,89,43.9
2024-12-08T19:00,1.6,0.00,0.00,0.00,-3.6,21.4,90,44.3
2024-12-08T20:00,1.5,0.00,0.00,0.00,-3.7,21.2,91,44.6
2024-12-08T21:00,1.5,0.00,0.00,0.00,-3.7,20.5,93,44.3
2024-12-08T22:00,1.5,0.00,0.00,0.00,-3.5,19.5,94,42.8
2024-12-08T23:00,1.4,0.00,0.00,0.00,-3.5,18.9,92,40.7
2024-12-09T00:00,1.5,0.00,0.00,0.00,-3.3,18.4,90,38.9
2024-12-09T01:00,1.4,0.00,0.00,0.00,-3.4,18.7,88,38.9
2024-12-09T02:00,1.5,0.00,0.00,0.00,-3.4,18.9,88,39.2
2024-12-09T03:00,1.6,0.00,0.00,0.00,-3.4,19.3,91,39.6
2024-12-09T04:00,1.2,0.00,0.00,0.00,-3.9,20.0,89,41.8
2024-12-09T05:00,1.2,0.00,0.00,0.00,-3.9,20.2,92,42.1
2024-12-09T06:00,1.2,0.00,0.00,0.00,-3.8,19.7,94,42.1
2024-12-09T07:00,1.4,0.00,0.00,0.00,-3.7,19.3,95,41.0
2024-12-09T08:00,1.4,0.00,0.00,0.00,-3.6,18.8,95,40.3
2024-12-09T09:00,1.6,0.00,0.00,0.00,-3.3,18.3,95,39.6
2024-12-09T10:00,2.4,0.00,0.00,0.00,-2.5,18.7,98,38.5
2024-12-09T11:00,2.8,0.00,0.00,0.00,-1.9,17.5,93,44.6
2024-12-09T12:00,3.5,0.00,0.00,0.00,-1.9,22.1,104,49.3
2024-12-09T13:00,3.7,0.00,0.00,0.00,-1.3,20.5,101,46.8
2024-12-09T14:00,4.1,0.00,0.00,0.00,-0.9,20.0,99,47.2
2024-12-09T15:00,3.9,0.00,0.00,0.00,-0.9,18.8,94,42.1
2024-12-09T16:00,2.3,0.00,0.00,0.00,-2.6,19.3,99,40.3
2024-12-09T17:00,2.3,0.00,0.00,0.00,-2.6,19.2,96,39.6
2024-12-09T18:00,2.2,0.00,0.00,0.00,-2.7,19.4,98,40.0
2024-12-09T19:00,2.0,0.00,0.00,0.00,-2.8,19.4,100,40.3
2024-12-09T20:00,1.9,0.00,0.00,0.00,-2.8,18.4,102,39.6
2024-12-09T21:00,1.8,0.00,0.00,0.00,-2.8,17.6,101,37.8
2024-12-09T22:00,1.8,0.00,0.00,0.00,-2.9,18.0,102,37.1
2024-12-09T23:00,1.8,0.00,0.00,0.00,-2.7,17.0,103,36.7
2024-12-10T00:00,1.8,0.00,0.00,0.00,-2.7,17.2,100,36.0
2024-12-10T01:00,1.8,0.00,0.00,0.00,-2.7,17.7,99,36.0
2024-12-10T02:00,2.0,0.00,0.00,0.00,-2.5,17.3,101,36.0
2024-12-10T03:00,2.0,0.00,0.00,0.00,-2.3,16.8,99,34.6
2024-12-10T04:00,1.6,0.00,0.00,0.00,-2.6,15.3,99,34.9
2024-12-10T05:00,1.6,0.20,0.00,0.20,-2.9,17.5,98,34.6
2024-12-10T06:00,1.7,0.00,0.00,0.00,-2.5,15.7,101,34.6
2024-12-10T07:00,1.6,0.50,0.00,0.50,-2.8,16.6,95,30.6
2024-12-10T08:00,1.6,0.10,0.00,0.10,-2.7,16.4,98,31.3
2024-12-10T09:00,1.7,0.30,0.00,0.30,-2.3,14.7,98,30.6
2024-12-10T10:00,1.8,0.50,0.00,0.50,-2.4,15.7,107,28.8
2024-12-10T11:00,2.0,1.10,0.00,1.10,-2.2,16.7,97,32.0
2024-12-10T12:00,2.3,0.50,0.00,0.50,-1.8,15.5,103,31.3
2024-12-10T13:00,2.9,0.00,0.00,0.00,-1.1,15.8,98,33.1
2024-12-10T14:00,2.9,0.00,0.00,0.00,-0.7,13.4,95,29.9
2024-12-10T15:00,3.0,0.00,0.00,0.00,-0.6,13.1,90,24.8
2024-12-10T16:00,3.4,0.00,0.00,0.00,0.1,12.2,81,25.6
2024-12-10T17:00,3.0,0.00,0.00,0.00,-0.6,13.0,79,23.8
2024-12-10T18:00,2.6,0.00,0.00,0.00,-1.2,13.9,86,24.8
2024-12-10T19:00,2.4,0.00,0.00,0.00,-1.4,13.7,90,25.2
2024-12-10T20:00,2.3,0.00,0.00,0.00,-1.4,13.0,85,24.8
2024-12-10T21:00,2.2,0.00,0.00,0.00,-1.4,12.1,83,23.8
2024-12-10T22:00,2.2,0.00,0.00,0.00,-1.4,12.3,83,22.7
2024-12-10T23:00,2.0,0.00,0.00,0.00,-1.7,12.8,91,24.1
2024-12-11T00:00,1.6,0.00,0.00,0.00,-1.9,11.0,79,23.4
2024-12-11T01:00,2.2,0.00,0.00,0.00,-1.4,11.7,76,21.6
2024-12-11T02:00,2.4,0.00,0.00,0.00,-1.3,12.8,81,23.4
2024-12-11T03:00,2.5,0.00,0.00,0.00,-1.2,12.9,83,24.8
2024-12-11T04:00,1.6,0.00,0.00,0.00,-2.2,13.1,72,24.8
2024-12-11T05:00,1.5,0.00,0.00,0.00,-2.1,11.9,88,24.1
2024-12-11T06:00,1.3,0.00,0.00,0.00,-2.2,11.0,86,22.3
2024-12-11T07:00,1.2,0.00,0.00,0.00,-2.3,10.5,74,20.9
2024-12-11T08:00,1.2,0.00,0.00,0.00,-2.2,9.7,71,20.5
2024-12-11T09:00,1.3,0.00,0.00,0.00,-2.5,12.6,73,23.8
2024-12-11T10:00,1.9,0.00,0.00,0.00,-1.4,9.9,78,24.1
2024-12-11T11:00,2.6,0.00,0.00,0.00,-0.7,10.4,80,22.0
2024-12-11T12:00,3.6,0.00,0.00,0.00,0.6,9.0,91,22.3
2024-12-11T13:00,4.2,0.00,0.00,0.00,1.3,9.2,92,22.0
2024-12-11T14:00,5.2,0.00,0.00,0.00,2.4,8.8,92,22.3
2024-12-11T15:00,5.3,0.00,0.00,0.00,2.3,9.7,94,22.3
2024-12-11T16:00,4.0,0.00,0.00,0.00,0.8,9.9,91,21.6
2024-12-11T17:00,2.8,0.00,0.00,0.00,-0.5,9.9,94,19.8
2024-12-11T18:00,2.9,0.10,0.00,0.10,-0.4,9.9,89,19.8
2024-12-11T19:00,2.9,0.30,0.00,0.30,-0.5,11.5,92,22.3
2024-12-11T20:00,2.6,0.50,0.00,0.50,-0.5,9.1,98,21.6
2024-12-11T21:00,3.0,1.00,0.00,1.00,0.5,6.0,81,16.2
2024-12-11T22:00,3.2,0.30,0.00,0.30,1.3,1.9,41,10.4
2024-12-11T23:00,3.9,0.90,0.00,0.90,0.9,9.9,260,16.2
2024-12-12T00:00,4.4,0.80,0.00,0.80,0.9,14.7,258,27.7
2024-12-12T01:00,4.4,0.40,0.00,0.40,0.8,15.3,252,29.2
2024-12-12T02:00,4.6,0.20,0.00,0.20,0.7,17.7,253,33.8
2024-12-12T03:00,4.3,0.00,0.00,0.00,0.1,19.2,251,37.4
2024-12-12T04:00,4.0,0.00,0.00,0.00,-0.4,19.5,246,39.2
2024-12-12T05:00,3.7,0.00,0.00,0.00,-0.8,20.0,242,40.0
2024-12-12T06:00,3.3,0.00,0.00,0.00,-1.3,19.7,245,40.7
2024-12-12T07:00,3.1,0.10,0.00,0.10,-1.4,18.2,244,40.3
2024-12-12T08:00,3.0,0.10,0.00,0.10,-1.4,17.6,244,37.4
2024-12-12T09:00,3.3,0.10,0.00,0.10,-1.2,18.4,244,37.8
2024-12-12T10:00,3.5,0.10,0.00,0.10,-0.9,17.5,251,38.2
2024-12-12T11:00,3.5,0.10,0.00,0.10,-0.9,17.6,250,38.2
2024-12-12T12:00,3.6,0.00,0.00,0.00,-1.1,18.8,256,44.6
2024-12-12T13:00,3.3,0.10,0.00,0.10,-1.3,17.2,256,44.6
2024-12-12T14:00,3.2,0.10,0.00,0.10,-1.3,17.1,263,38.9
2024-12-12T15:00,2.9,0.10,0.00,0.10,-1.3,15.4,265,36.0
2024-12-12T16:00,1.3,0.50,0.21,0.20,-2.8,14.1,280,32.8
2024-12-12T17:00,1.1,0.60,0.28,0.20,-3.6,18.1,307,32.4
2024-12-12T18:00,0.6,0.20,0.07,0.10,-4.8,20.8,339,41.8
2024-12-12T19:00,-0.3,0.00,0.00,0.00,-5.4,18.4,335,42.5
2024-12-12T20:00,-0.6,0.00,0.00,0.00,-5.9,18.0,336,38.5
2024-12-12T21:00,-1.2,0.00,0.00,0.00,-6.5,17.7,336,38.5
2024-12-12T22:00,-1.7,0.00,0.00,0.00,-6.7,14.6,328,37.4
2024-12-12T23:00,-1.7,0.00,0.00,0.00,-6.4,13.1,318,30.6
2024-12-13T00:00,-1.9,0.00,0.00,0.00,-6.8,13.7,316,31.3
2024-12-13T01:00,-2.4,0.00,0.00,0.00,-7.2,13.0,307,31.7
2024-12-13T02:00,-2.7,0.00,0.00,0.00,-7.6,12.9,293,31.3
2024-12-13T03:00,-2.8,0.00,0.00,0.00,-7.7,13.6,278,30.6
2024-12-13T04:00,-2.4,0.00,0.00,0.00,-7.7,15.8,269,36.4
2024-12-13T05:00,-2.2,0.00,0.00,0.00,-7.6,16.7,254,36.4
2024-12-13T06:00,-2.0,0.00,0.00,0.00,-7.9,20.4,261,47.5
2024-12-13T07:00,-1.9,0.00,0.00,0.00,-7.6,19.3,272,45.7
2024-12-13T08:00,-2.2,0.00,0.00,0.00,-7.7,17.4,250,47.9
2024-12-13T09:00,-2.2,0.00,0.00,0.00,-7.6,17.1,258,38.2
2024-12-13T10:00,-1.9,0.10,0.07,0.00,-7.0,15.2,260,37.4
2024-12-13T11:00,-0.9,0.00,0.07,0.00,-7.5,25.5,276,54.7
2024-12-13T12:00,-1.7,0.60,0.42,0.00,-7.0,16.8,272,54.7
2024-12-13T13:00,-1.1,0.10,0.07,0.00,-7.0,21.3,302,47.5
2024-12-13T14:00,-1.3,0.20,0.14,0.00,-8.1,25.7,315,57.6
2024-12-13T15:00,-2.0,0.30,0.21,0.00,-8.8,26.1,321,61.9
2024-12-13T16:00,-2.5,0.50,0.35,0.00,-10.0,31.3,330,63.0
2024-12-13T17:00,-3.4,0.00,0.00,0.00,-10.9,29.9,329,64.8
2024-12-13T18:00,-3.7,0.00,0.00,0.00,-10.6,25.7,327,62.6
2024-12-13T19:00,-3.8,0.00,0.00,0.00,-10.7,25.3,324,53.3
2024-12-13T20:00,-3.8,0.00,0.00,0.00,-10.4,23.3,323,52.6
2024-12-13T21:00,-4.1,0.00,0.00,0.00,-11.0,24.6,325,50.8
2024-12-13T22:00,-4.0,0.00,0.00,0.00,-10.5,21.7,313,50.0
2024-12-13T23:00,-4.0,0.00,0.00,0.00,-10.5,21.5,314,45.4
2024-12-14T00:00,-4.5,0.00,0.00,0.00,-10.9,20.9,316,45.4
2024-12-14T01:00,-4.6,0.00,0.00,0.00,-10.7,18.7,308,43.9
2024-12-14T02:00,-4.5,0.00,0.00,0.00,-10.5,17.6,299,38.9
2024-12-14T03:00,-4.4,0.00,0.00,0.00,-10.2,16.7,294,36.7
2024-12-14T04:00,-5.9,0.00,0.00,0.00,-11.6,16.3,284,33.8
2024-12-14T05:00,-5.2,0.00,0.00,0.00,-10.9,16.9,289,36.7
2024-12-14T06:00,-5.0,0.00,0.00,0.00,-11.3,19.7,303,43.6
2024-12-14T07:00,-5.6,0.00,0.00,0.00,-11.8,19.0,307,44.3
2024-12-14T08:00,-5.6,0.00,0.00,0.00,-11.9,19.9,302,43.2
2024-12-14T09:00,-5.2,0.00,0.00,0.00,-11.2,17.9,300,43.2
2024-12-14T10:00,-4.8,0.00,0.00,0.00,-10.8,17.1,302,39.6
2024-12-14T11:00,-4.3,0.00,0.00,0.00,-10.1,15.8,300,38.9
2024-12-14T12:00,-3.7,0.00,0.00,0.00,-9.3,14.7,290,36.7
2024-12-14T13:00,-3.1,0.00,0.00,0.00,-8.7,14.1,284,35.3
2024-12-14T14:00,-2.8,0.00,0.00,0.00,-8.3,13.7,279,33.8
2024-12-14T15:00,-2.9,0.00,0.00,0.00,-8.3,13.1,269,32.4
2024-12-14T16:00,-3.8,0.00,0.00,0.00,-8.9,11.2,254,31.0
2024-12-14T17:00,-4.4,0.00,0.00,0.00,-9.4,11.0,245,23.4
2024-12-14T18:00,-4.5,0.00,0.00,0.00,-9.4,11.1,236,22.3
2024-12-14T19:00,-4.7,0.00,0.00,0.00,-9.5,12.3,233,24.8
2024-12-14T20:00,-4.9,0.00,0.00,0.00,-9.8,13.4,223,27.0
2024-12-14T21:00,-5.0,0.00,0.00,0.00,-10.3,14.8,221,29.9
2024-12-14T22:00,-4.8,0.00,0.00,0.00,-10.1,14.8,225,30.6
2024-12-14T23:00,-4.7,0.00,0.00,0.00,-9.9,15.0,226,31.0
2024-12-15T00:00,-4.8,0.00,0.00,0.00,-9.8,14.0,222,31.0
2024-12-15T01:00,-4.9,0.00,0.00,0.00,-9.8,13.0,218,28.8
2024-12-15T02:00,-5.0,0.00,0.00,0.00,-9.8,12.5,216,26.6
2024-12-15T03:00,-5.4,0.00,0.00,0.00,-10.1,11.4,211,24.8
2024-12-15T04:00,-5.6,0.00,0.00,0.00,-10.3,10.5,204,22.3
2024-12-15T05:00,-5.7,0.00,0.00,0.00,-10.2,9.2,191,20.5
2024-12-15T06:00,-5.9,0.00,0.00,0.00,-10.3,8.7,184,18.4
2024-12-15T07:00,-5.1,0.00,0.00,0.00,-9.8,11.5,180,22.3
2024-12-15T08:00,-4.5,0.00,0.00,0.00,-9.2,11.7,171,23.0
2024-12-15T09:00,-2.9,0.00,0.00,0.00,-7.7,12.9,167,25.2
2024-12-15T10:00,-1.5,0.00,0.00,0.00,-6.7,16.7,181,33.5
2024-12-15T11:00,0.7,0.00,0.00,0.00,-5.0,20.8,189,44.6
2024-12-15T12:00,1.3,0.00,0.00,0.00,-4.9,22.9,187,46.4
2024-12-15T13:00,1.1,0.00,0.00,0.00,-5.1,22.2,184,46.8
2024-12-15T14:00,1.6,0.10,0.07,0.00,-4.6,22.0,182,46.1
2024-12-15T15:00,1.4,0.20,0.14,0.00,-4.6,22.1,181,45.0
2024-12-15T16:00,0.9,0.10,0.07,0.00,-4.6,20.0,180,42.8
2024-12-15T17:00,1.0,0.50,0.35,0.00,-4.3,20.9,187,43.2
2024-12-15T18:00,2.0,0.60,0.14,0.40,-3.5,24.1,189,47.2
2024-12-15T19:00,2.6,0.30,0.00,0.30,-2.9,24.8,193,49.0
2024-12-15T20:00,2.8,0.50,0.00,0.50,-2.3,23.2,205,48.2
2024-12-15T21:00,3.6,0.50,0.00,0.50,-2.0,27.0,219,53.3
2024-12-15T22:00,3.1,0.10,0.00,0.10,-2.2,24.6,237,52.2
2024-12-15T23:00,2.1,0.00,0.00,0.00,-3.1,23.0,251,47.5
2024-12-16T00:00,0.9,0.00,0.00,0.00,-4.4,22.5,260,45.0
2024-12-16T01:00,0.4,0.00,0.00,0.00,-4.7,19.2,260,43.9
2024-12-16T02:00,0.1,0.00,0.00,0.00,-4.6,16.6,255,37.8
2024-12-16T03:00,0.8,0.00,0.00,0.00,-3.8,16.3,250,33.1
2024-12-16T04:00,0.8,0.00,0.00,0.00,-3.9,17.3,239,34.6
2024-12-16T05:00,1.0,0.10,0.00,0.10,-3.9,18.4,246,36.7
2024-12-16T06:00,1.0,0.20,0.07,0.10,-3.9,18.5,257,37.4
2024-12-16T07:00,1.0,0.00,0.00,0.00,-3.8,18.4,262,37.1
2024-12-16T08:00,1.0,0.00,0.00,0.00,-3.8,17.8,259,37.1
2024-12-16T09:00,0.5,0.00,0.00,0.00,-4.5,18.1,260,37.1
2024-12-16T10:00,1.4,0.00,0.00,0.00,-3.5,17.0,250,36.7
2024-12-16T11:00,1.8,0.00,0.00,0.00,-3.8,21.8,245,46.8
2024-12-16T12:00,2.0,0.00,0.00,0.00,-4.2,26.7,252,57.2
2024-12-16T13:00,2.1,0.00,0.00,0.00,-3.6,23.2,251,57.6
2024-12-16T14:00,2.4,0.00,0.00,0.00,-4.2,28.9,251,62.3
2024-12-16T15:00,2.1,0.00,0.00,0.00,-3.7,24.0,240,58.3
2024-12-16T16:00,1.5,0.00,0.00,0.00,-4.2,23.6,236,48.6
2024-12-16T17:00,1.5,0.10,0.00,0.10,-4.5,26.0,236,54.4
2024-12-16T18:00,1.6,0.00,0.00,0.00,-4.5,26.7,229,55.1
2024-12-16T19:00,1.6,0.00,0.00,0.00,-4.8,28.0,226,59.0
2024-12-16T20:00,1.4,0.40,0.28,0.00,-5.2,29.4,231,60.8
2024-12-16T21:00,1.3,1.80,1.19,0.10,-5.7,33.3,232,69.1
2024-12-16T22:00,1.3,1.30,0.77,0.20,-5.8,34.1,233,69.8
2024-12-16T23:00,1.2,2.00,1.12,0.40,-5.8,34.1,234,70.6
2024-12-17T00:00,1.1,3.20,1.82,0.60,-5.8,33.8,239,68.0
2024-12-17T01:00,1.4,0.70,0.14,0.50,-5.0,30.7,244,66.6
2024-12-17T02:00,2.2,0.40,0.00,0.40,-3.9,28.9,249,60.1
2024-12-17T03:00,2.5,0.70,0.00,0.70,-3.2,26.1,264,56.2
2024-12-17T04:00,3.5,0.00,0.00,0.00,-1.7,23.7,264,51.1
2024-12-17T05:00,3.8,0.20,0.00,0.20,-1.6,25.0,270,50.0
2024-12-17T06:00,3.8,0.00,0.00,0.00,-1.5,24.0,272,49.7
2024-12-17T07:00,3.7,0.00,0.00,0.00,-1.6,23.8,273,48.6
2024-12-17T08:00,3.3,0.00,0.00,0.00,-1.9,22.5,270,48.2
2024-12-17T09:00,3.6,0.00,0.00,0.00,-1.7,22.8,265,46.8
2024-12-17T10:00,4.1,0.00,0.00,0.00,-1.2,23.0,265,49.0
2024-12-17T11:00,4.7,0.00,0.00,0.00,0.0,18.8,258,47.9
2024-12-17T12:00,4.8,0.00,0.00,0.00,0.2,18.6,248,42.5
2024-12-17T13:00,4.7,0.00,0.00,0.00,0.5,15.9,245,40.3
2024-12-17T14:00,4.2,0.00,0.00,0.00,-0.5,18.6,239,39.2
2024-12-17T15:00,3.5,0.40,0.00,0.40,-1.3,20.6,238,41.4
2024-12-17T16:00,3.3,0.40,0.00,0.40,-1.3,20.0,237,39.6
2024-12-17T17:00,3.5,0.60,0.00,0.60,-0.8,18.3,234,40.7
2024-12-17T18:00,4.7,0.20,0.00,0.20,-0.6,27.0,249,52.2
2024-12-17T19:00,5.2,0.00,0.00,0.00,-0.0,26.2,250,52.9
2024-12-17T20:00,5.4,0.10,0.00,0.10,-0.0,27.9,250,55.8
2024-12-17T21:00,5.3,0.40,0.00,0.40,-0.2,28.2,252,56.5
2024-12-17T22:00,5.4,0.60,0.00,0.60,0.0,27.7,257,57.6
2024-12-17T23:00,5.4,0.40,0.00,0.40,0.6,24.1,264,54.0
2024-12-18T00:00,5.9,0.10,0.00,0.10,1.2,23.8,278,50.8
2024-12-18T01:00,5.3,0.00,0.00,0.00,-0.2,27.1,286,56.9
2024-12-18T02:00,4.4,0.00,0.00,0.00,-0.8,23.7,287,55.8
2024-12-18T03:00,3.5,0.00,0.00,0.00,-1.7,22.5,288,49.7
2024-12-18T04:00,4.2,0.00,0.00,0.00,-1.1,23.2,288,53.6
2024-12-18T05:00,3.8,0.00,0.00,0.00,-1.6,23.1,289,49.3
2024-12-18T06:00,3.2,0.00,0.00,0.00,-1.9,20.7,281,48.6
2024-12-18T07:00,3.1,0.00,0.00,0.00,-1.8,19.1,273,44.3
2024-12-18T08:00,2.7,0.00,0.00,0.00,-2.4,20.4,276,43.2
2024-12-18T09:00,2.8,0.00,0.00,0.00,-2.3,20.7,272,43.2
2024-12-18T10:00,3.2,0.00,0.00,0.00,-2.1,21.3,278,49.0
2024-12-18T11:00,3.5,0.00,0.00,0.00,-2.4,24.9,285,52.9
2024-12-18T12:00,3.7,0.00,0.00,0.00,-3.0,28.0,289,61.2
2024-12-18T13:00,4.0,0.00,0.00,0.00,-2.3,24.9,289,67.7
2024-12-18T14:00,4.8,0.00,0.00,0.00,-1.7,25.5,290,66.2
2024-12-18T15:00,5.0,0.00,0.00,0.00,-1.2,23.4,284,54.0
2024-12-18T16:00,3.9,0.00,0.00,0.00,-2.1,22.2,273,50.8
2024-12-18T17:00,2.7,0.20,0.07,0.10,-3.7,26.9,282,59.0
2024-12-18T18:00,2.2,0.00,0.00,0.00,-3.7,24.0,278,56.2
2024-12-18T19:00,1.9,1.00,0.63,0.10,-3.9,23.5,289,50.8
2024-12-18T20:00,1.7,0.10,0.00,0.10,-3.9,22.1,298,48.6
2024-12-18T21:00,1.2,0.10,0.07,0.00,-3.8,18.1,301,45.7
2024-12-18T22:00,0.7,0.00,0.00,0.00,-4.3,16.8,302,38.2
2024-12-18T23:00,0.0,0.00,0.00,0.00,-4.9,15.7,307,34.9
2024-12-19T00:00,-0.8,0.00,0.00,0.00,-5.7,14.8,306,32.4
2024-12-19T01:00,-1.3,0.00,0.00,0.00,-6.2,14.1,298,29.9
2024-12-19T02:00,-1.6,0.00,0.00,0.00,-6.7,15.1,298,30.2
2024-12-19T03:00,-2.1,0.00,0.00,0.00,-7.1,14.1,298,30.6
2024-12-19T04:00,-2.6,0.00,0.00,0.00,-7.4,13.1,293,31.0
2024-12-19T05:00,-2.9,0.00,0.00,0.00,-7.6,12.1,290,26.6
2024-12-19T06:00,-3.1,0.00,0.00,0.00,-7.7,11.9,288,24.8
2024-12-19T07:00,-3.2,0.00,0.00,0.00,-7.7,10.9,283,24.1
2024-12-19T08:00,-3.1,0.00,0.00,0.00,-7.4,9.5,284,22.0
2024-12-19T09:00,-2.6,0.00,0.00,0.00,-6.7,8.8,279,18.7
2024-12-19T10:00,-1.1,0.00,0.00,0.00,-5.0,7.7,282,17.3
2024-12-19T11:00,0.6,0.00,0.00,0.00,-3.4,8.0,278,19.8
2024-12-19T12:00,1.8,0.00,0.00,0.00,-2.1,8.5,268,21.6
2024-12-19T13:00,2.3,0.00,0.00,0.00,-1.6,9.3,257,22.3
2024-12-19T14:00,2.6,0.00,0.00,0.00,-1.7,13.1,257,27.7
2024-12-19T15:00,2.3,0.00,0.00,0.00,-1.6,11.0,247,31.0
2024-12-19T16:00,0.7,0.00,0.00,0.00,-2.8,7.3,230,19.8
2024-12-19T17:00,0.5,0.00,0.00,0.00,-3.1,8.0,230,15.1
2024-12-19T18:00,0.5,0.00,0.00,0.00,-2.9,7.3,220,15.8
2024-12-19T19:00,0.7,0.10,0.07,0.00,-2.6,6.7,204,14.0
2024-12-19T20:00,0.9,0.10,0.07,0.00,-2.9,9.4,187,17.6
2024-12-19T21:00,1.1,0.00,0.00,0.00,-2.8,10.4,188,20.5
2024-12-19T22:00,0.8,0.00,0.00,0.00,-3.0,10.0,188,20.2
2024-12-19T23:00,1.1,0.00,0.00,0.00,-2.9,11.3,188,22.0
2024-12-20T00:00,1.7,0.00,0.00,0.00,-2.1,10.4,194,22.3
2024-12-20T01:00,1.9,0.00,0.00,0.00,-1.8,10.5,193,20.5
2024-12-20T02:00,2.2,0.00,0.00,0.00,-1.5,10.9,197,21.2
2024-12-20T03:00,2.1,0.00,0.00,0.00,-1.5,10.1,200,21.2
2024-12-20T04:00,1.5,0.00,0.00,0.00,-2.0,9.4,197,18.4
2024-12-20T05:00,1.1,0.00,0.00,0.00,-2.3,9.0,193,17.3
2024-12-20T06:00,0.7,0.00,0.00,0.00,-2.8,8.9,188,16.6
2024-12-20T07:00,0.3,0.00,0.00,0.00,-3.1,8.5,182,16.6
2024-12-20T08:00,0.0,0.00,0.00,0.00,-3.5,8.5,179,15.5
2024-12-20T09:00,0.4,0.00,0.00,0.00,-3.3,10.3,179,18.4
2024-12-20T10:00,1.6,0.00,0.00,0.00,-2.0,10.3,177,19.8
2024-12-20T11:00,3.1,0.00,0.00,0.00,0.0,7.4,176,19.1
2024-12-20T12:00,4.6,0.00,0.00,0.00,1.6,6.9,171,17.6
2024-12-20T13:00,5.8,0.00,0.00,0.00,2.8,7.1,164,17.6
2024-12-20T14:00,6.3,0.00,0.00,0.00,3.4,6.4,155,16.9
2024-12-20T15:00,5.7,0.00,0.00,0.00,2.9,5.5,139,13.7
2024-12-20T16:00,5.1,0.00,0.00,0.00,2.2,7.5,117,13.7
2024-12-20T17:00,4.0,0.00,0.00,0.00,0.6,9.4,110,17.3
2024-12-20T18:00,3.1,0.00,0.00,0.00,-0.4,9.8,110,18.0
2024-12-20T19:00,2.2,0.00,0.00,0.00,-1.4,9.9,112,18.4
2024-12-20T20:00,1.7,0.00,0.00,0.00,-2.0,9.3,114,18.4
2024-12-20T21:00,1.2,0.00,0.00,0.00,-2.4,9.0,112,17.3
2024-12-20T22:00,0.9,0.00,0.00,0.00,-2.7,9.0,113,16.6
2024-12-20T23:00,0.7,0.00,0.00,0.00,-3.1,9.4,114,17.6
2024-12-21T00:00,0.4,0.00,0.00,0.00,-3.3,8.9,114,18.0
2024-12-21T01:00,0.2,0.00,0.00,0.00,-3.5,8.5,115,16.9
2024-12-21T02:00,-0.1,0.00,0.00,0.00,-3.7,8.2,113,16.2
2024-12-21T03:00,-0.3,0.00,0.00,0.00,-3.8,7.8,112,15.5
2024-12-21T04:00,-0.4,0.00,0.00,0.00,-3.9,7.5,111,15.1
2024-12-21T05:00,-0.7,0.00,0.00,0.00,-4.2,7.8,116,14.4
2024-12-21T06:00,-0.8,0.00,0.00,0.00,-4.4,8.6,121,16.2
2024-12-21T07:00,-0.8,0.00,0.00,0.00,-4.6,9.0,121,16.9
2024-12-21T08:00,-0.9,0.00,0.00,0.00,-4.6,8.9,119,17.3
2024-12-21T09:00,-0.4,0.00,0.00,0.00,-4.2,9.7,118,18.4
2024-12-21T10:00,0.7,0.00,0.00,0.00,-3.0,9.3,115,19.8
2024-12-21T11:00,2.0,0.00,0.00,0.00,-1.4,7.6,117,19.1
2024-12-21T12:00,3.6,0.00,0.00,0.00,0.4,6.9,118,18.4
2024-12-21T13:00,4.7,0.00,0.00,0.00,1.6,6.7,114,17.3
2024-12-21T14:00,5.1,0.00,0.00,0.00,1.9,7.3,101,16.9
2024-12-21T15:00,5.0,0.00,0.00,0.00,1.6,8.9,97,17.6
2024-12-21T16:00,2.5,0.00,0.00,0.00,-1.1,10.3,94,19.1
2024-12-21T17:00,1.9,0.00,0.00,0.00,-1.9,11.3,98,21.6
2024-12-21T18:00,1.5,0.00,0.00,0.00,-2.3,11.2,95,22.0
2024-12-21T19:00,0.7,0.00,0.00,0.00,-2.9,9.7,88,21.6
2024-12-21T20:00,0.3,0.00,0.00,0.00,-3.4,9.9,88,18.7
2024-12-21T21:00,0.0,0.00,0.00,0.00,-3.8,10.6,90,20.2
2024-12-21T22:00,-0.1,0.00,0.00,0.00,-3.7,9.6,82,20.2
2024-12-21T23:00,-0.2,0.00,0.00,0.00,-3.9,10.1,91,19.1
2024-12-22T00:00,-0.5,0.00,0.00,0.00,-4.3,11.0,88,21.2
2024-12-22T01:00,-0.4,0.00,0.00,0.00,-4.0,9.9,92,21.6
2024-12-22T02:00,-0.6,0.00,0.00,0.00,-4.3,10.6,86,21.2
2024-12-22T03:00,-0.8,0.00,0.00,0.00,-4.6,11.2,87,21.6
2024-12-22T04:00,0.3,0.00,0.00,0.00,-3.0,8.1,84,20.5
2024-12-22T05:00,0.3,0.00,0.00,0.00,-3.2,9.8,85,20.2
2024-12-22T06:00,0.4,0.00,0.00,0.00,-3.3,11.3,91,23.0
2024-12-22T07:00,0.6,0.00,0.00,0.00,-3.1,11.4,94,23.0
2024-12-22T08:00,0.9,0.30,0.00,0.30,-2.9,12.0,81,21.2
2024-12-22T09:00,1.3,0.40,0.00,0.40,-2.6,13.4,85,25.2
2024-12-22T10:00,1.9,0.90,0.00,0.90,-1.9,13.3,69,25.2
2024-12-22T11:00,2.1,1.00,0.00,1.00,-1.7,13.6,114,26.6
2024-12-22T12:00,2.1,0.20,0.00,0.20,-1.9,14.8,85,26.6
2024-12-22T13:00,2.4,0.00,0.00,0.00,-1.8,16.9,82,28.4
2024-12-22T14:00,2.9,0.00,0.00,0.00,-1.1,15.8,102,29.9
2024-12-22T15:00,3.3,0.00,0.00,0.00,-0.5,14.7,113,30.2
2024-12-22T16:00,3.4,0.00,0.00,0.00,-0.1,13.5,103,24.5
2024-12-22T17:00,3.6,0.00,0.00,0.00,-0.0,14.5,96,27.7
2024-12-22T18:00,3.6,0.00,0.00,0.00,-0.1,14.8,106,28.1
2024-12-22T19:00,3.5,0.30,0.00,0.30,-0.2,15.0,106,28.8
2024-12-22T20:00,3.4,1.10,0.00,1.10,-0.3,14.8,104,28.4
2024-12-22T21:00,3.6,0.30,0.00,0.30,-0.1,14.5,109,28.1
2024-12-22T22:00,3.9,0.00,0.00,0.00,0.5,12.5,110,27.4
2024-12-22T23:00,4.2,0.00,0.00,0.00,1.1,11.1,122,22.7
2024-12-23T00:00,4.6,0.00,0.00,0.00,1.5,11.6,145,20.9
2024-12-23T01:00,5.0,0.00,0.00,0.00,2.0,12.0,156,22.3
2024-12-23T02:00,5.0,0.00,0.00,0.00,1.9,11.9,155,22.0
2024-12-23T03:00,4.5,0.00,0.00,0.00,1.3,12.3,153,22.3
2024-12-23T04:00,4.1,0.00,0.00,0.00,0.5,13.9,147,25.2
2024-12-23T05:00,4.3,0.00,0.00,0.00,0.7,14.8,146,27.0
2024-12-23T06:00,4.6,0.00,0.00,0.00,0.8,16.0,144,29.9
2024-12-23T07:00,4.8,0.00,0.00,0.00,1.0,16.4,156,31.0
2024-12-23T08:00,5.7,0.00,0.00,0.00,2.0,17.0,165,32.4
2024-12-23T09:00,6.1,0.10,0.00,0.10,2.2,18.3,174,35.3
2024-12-23T10:00,6.0,0.60,0.00,0.60,2.3,18.0,182,36.7
2024-12-23T11:00,6.2,0.50,0.00,0.50,2.6,16.9,195,34.9
2024-12-23T12:00,6.5,0.70,0.00,0.70,3.0,16.9,210,33.1
2024-12-23T13:00,6.4,0.20,0.00,0.20,3.2,14.9,212,32.8
2024-12-23T14:00,6.3,0.20,0.00,0.20,3.4,12.4,210,28.8
2024-12-23T15:00,6.3,0.50,0.00,0.50,3.6,11.0,212,23.8
2024-12-23T16:00,5.7,0.20,0.00,0.20,2.8,11.8,216,23.0
2024-12-23T17:00,5.7,0.10,0.00,0.10,2.8,11.6,222,22.7
2024-12-23T18:00,5.6,0.10,0.00,0.10,2.7,11.1,217,21.6
2024-12-23T19:00,5.4,0.10,0.00,0.10,2.6,10.4,216,20.5
2024-12-23T20:00,5.2,0.10,0.00,0.10,2.5,9.7,222,19.4
2024-12-23T21:00,4.8,0.10,0.00,0.10,2.2,8.8,219,18.0
2024-12-23T22:00,4.3,0.00,0.00,0.00,1.8,7.3,220,16.2
2024-12-23T23:00,4.4,0.00,0.00,0.00,2.1,5.8,219,13.7
2024-12-24T00:00,3.8,0.00,0.00,0.00,1.7,4.3,202,10.1
2024-12-24T01:00,4.1,0.00,0.00,0.00,1.9,4.7,180,8.6
2024-12-24T02:00,4.3,0.00,0.00,0.00,2.2,4.2,162,7.9
2024-12-24T03:00,4.1,0.00,0.00,0.00,1.9,4.6,154,7.9
2024-12-24T04:00,3.9,0.00,0.00,0.00,2.2,1.3,74,2.9
2024-12-24T05:00,3.1,0.00,0.00,0.00,0.9,4.2,65,7.2
2024-12-24T06:00,2.7,0.00,0.00,0.00,-0.2,8.2,68,14.8
2024-12-24T07:00,2.4,0.00,0.00,0.00,-0.7,9.0,70,15.8
2024-12-24T08:00,1.8,0.00,0.00,0.00,-1.5,9.7,87,18.4
2024-12-24T09:00,2.1,0.00,0.00,0.00,-1.3,10.6,81,20.5
2024-12-24T10:00,2.6,0.00,0.00,0.00,-0.7,10.7,85,22.7
2024-12-24T11:00,2.9,0.00,0.00,0.00,-0.4,10.5,93,23.8
2024-12-24T12:00,3.5,0.00,0.00,0.00,0.1,12.0,72,25.6
2024-12-24T13:00,4.0,0.00,0.00,0.00,0.7,12.2,73,27.7
2024-12-24T14:00,4.0,0.00,0.00,0.00,0.9,11.0,80,27.4
2024-12-24T15:00,4.3,0.00,0.00,0.00,0.9,12.3,79,27.0
2024-12-24T16:00,4.0,0.00,0.00,0.00,0.8,11.2,72,25.2
2024-12-24T17:00,4.0,0.00,0.00,0.00,0.7,11.6,64,24.8
2024-12-24T18:00,4.0,0.00,0.00,0.00,0.7,12.1,63,24.5
2024-12-24T19:00,4.1,0.00,0.00,0.00,0.6,13.1,75,25.9
2024-12-24T20:00,4.1,0.00,0.00,0.00,0.5,13.2,83,27.0
2024-12-24T21:00,3.9,0.00,0.00,0.00,0.2,14.2,89,29.5
2024-12-24T22:00,3.5,0.00,0.00,0.00,-0.2,13.3,91,30.2
2024-12-24T23:00,3.4,0.00,0.00,0.00,-0.2,12.6,80,27.7
2024-12-25T00:00,3.1,0.00,0.00,0.00,-0.4,12.1,79,25.9
2024-12-25T01:00,3.0,0.00,0.00,0.00,-0.8,13.1,72,27.0
2024-12-25T02:00,3.0,0.00,0.00,0.00,-0.8,13.5,69,27.7
2024-12-25T03:00,2.9,0.00,0.00,0.00,-0.9,13.3,65,27.7
2024-12-25T04:00,2.0,0.00,0.00,0.00,-1.9,13.0,68,31.0
2024-12-25T05:00,2.1,0.00,0.00,0.00,-1.7,12.4,69,28.8
2024-12-25T06:00,2.2,0.00,0.00,0.00,-1.6,12.8,73,27.0
2024-12-25T07:00,2.5,0.00,0.00,0.00,-1.4,13.2,70,28.1
2024-12-25T08:00,2.5,0.00,0.00,0.00,-1.3,13.5,71,28.1
2024-12-25T09:00,2.7,0.00,0.00,0.00,-1.3,14.5,70,30.2
2024-12-25T10:00,3.0,0.00,0.00,0.00,-1.5,17.9,78,40.3
2024-12-25T11:00,3.4,0.00,0.00,0.00,-1.0,18.0,76,40.0
2024-12-25T12:00,3.9,0.00,0.00,0.00,-0.4,17.1,75,40.0
2024-12-25T13:00,4.2,0.00,0.00,0.00,0.4,14.4,81,37.8
2024-12-25T14:00,4.5,0.00,0.00,0.00,0.4,15.8,73,35.3
2024-12-25T15:00,4.5,0.00,0.00,0.00,0.2,17.1,68,37.4
2024-12-25T16:00,3.2,0.00,0.00,0.00,-1.0,15.4,74,38.9
2024-12-25T17:00,3.1,0.00,0.00,0.00,-1.0,14.9,71,32.8
2024-12-25T18:00,3.1,0.00,0.00,0.00,-1.0,14.2,69,31.0
2024-12-25T19:00,3.1,0.00,0.00,0.00,-0.8,13.5,71,29.9
2024-12-25T20:00,3.1,0.00,0.00,0.00,-0.9,14.0,67,29.5
2024-12-25T21:00,3.0,0.00,0.00,0.00,-1.0,14.2,64,29.9
2024-12-25T22:00,2.9,0.00,0.00,0.00,-1.0,13.4,61,29.9
2024-12-25T23:00,2.8,0.00,0.00,0.00,-1.0,12.4,60,28.1
2024-12-26T00:00,2.8,0.00,0.00,0.00,-1.0,12.6,56,26.6
2024-12-26T01:00,2.7,0.00,0.00,0.00,-1.3,14.0,47,29.2
2024-12-26T02:00,2.6,0.00,0.00,0.00,-1.6,14.6,44,31.0
2024-12-26T03:00,2.5,0.00,0.00,0.00,-1.6,14.3,44,31.0
2024-12-26T04:00,2.5,0.00,0.00,0.00,-1.5,13.2,47,28.1
2024-12-26T05:00,2.3,0.00,0.00,0.00,-1.7,13.6,47,29.5
2024-12-26T06:00,2.3,0.00,0.00,0.00,-1.8,13.6,43,29.2
2024-12-26T07:00,2.3,0.00,0.00,0.00,-1.9,14.4,46,30.2
2024-12-26T08:00,2.2,0.00,0.00,0.00,-2.2,15.1,49,32.4
2024-12-26T09:00,2.2,0.00,0.00,0.00,-2.2,14.9,56,32.8
2024-12-26T10:00,2.3,0.00,0.00,0.00,-2.2,15.7,60,36.4
2024-12-26T11:00,2.5,0.00,0.00,0.00,-1.8,14.2,54,36.4
2024-12-26T12:00,2.8,0.00,0.00,0.00,-1.7,15.4,52,33.8
2024-12-26T13:00,3.0,0.00,0.00,0.00,-1.4,15.2,46,33.5
2024-12-26T14:00,3.1,0.00,0.00,0.00,-1.6,16.4,47,36.4
2024-12-26T15:00,2.9,0.00,0.00,0.00,-1.6,15.4,45,37.4
2024-12-26T16:00,2.6,0.00,0.00,0.00,-1.8,14.6,45,32.4
2024-12-26T17:00,2.3,0.00,0.00,0.00,-1.9,13.6,41,31.0
2024-12-26T18:00,2.1,0.00,0.00,0.00,-2.0,13.6,49,29.2
2024-12-26T19:00,1.9,0.00,0.00,0.00,-2.2,13.8,55,29.2
2024-12-26T20:00,1.7,0.10,0.00,0.10,-2.5,14.5,51,30.6
2024-12-26T21:00,1.6,0.10,0.00,0.10,-2.7,15.3,50,32.4
2024-12-26T22:00,1.6,0.00,0.00,0.00,-2.8,15.7,56,33.1
2024-12-26T23:00,1.5,0.00,0.00,0.00,-2.9,15.3,60,33.1
2024-12-27T00:00,1.5,0.00,0.00,0.00,-2.9,15.5,62,33.5
2024-12-27T01:00,1.4,0.00,0.00,0.00,-3.1,16.1,63,34.2
2024-12-27T02:00,1.3,0.00,0.00,0.00,-3.1,15.2,67,34.2
2024-12-27T03:00,1.2,0.00,0.00,0.00,-3.3,15.5,68,32.8
2024-12-27T04:00,0.8,0.10,0.07,0.00,-3.9,16.3,65,34.2
2024-12-27T05:00,0.8,0.00,0.00,0.00,-3.8,16.1,62,34.9
2024-12-27T06:00,0.8,0.00,0.00,0.00,-3.8,16.4,65,34.9
2024-12-27T07:00,0.7,0.00,0.00,0.00,-4.1,16.9,68,37.1
2024-12-27T08:00,0.6,0.00,0.00,0.00,-4.0,15.3,69,36.0
2024-12-27T09:00,0.4,0.00,0.00,0.00,-4.3,16.0,73,37.4
2024-12-27T10:00,0.5,0.00,0.00,0.00,-4.3,16.9,78,37.1
2024-12-27T11:00,0.5,0.00,0.00,0.00,-4.3,16.5,79,37.8
2024-12-27T12:00,0.6,0.00,0.00,0.00,-4.1,15.7,81,36.7
2024-12-27T13:00,0.5,0.00,0.00,0.00,-4.1,14.8,76,35.3
2024-12-27T14:00,0.7,0.00,0.00,0.00,-4.0,15.1,72,34.9
2024-12-27T15:00,0.5,0.00,0.00,0.00,-4.2,14.9,70,34.6
2024-12-27T16:00,-1.1,0.00,0.00,0.00,-6.0,16.1,74,36.0
2024-12-27T17:00,-1.2,0.00,0.00,0.00,-6.0,14.5,73,36.0
2024-12-27T18:00,-1.3,0.00,0.00,0.00,-6.2,15.0,71,34.9
2024-12-27T19:00,-1.5,0.00,0.00,0.00,-6.4,15.2,69,36.0
2024-12-27T20:00,-1.7,0.00,0.00,0.00,-6.7,16.0,69,35.3
2024-12-27T21:00,-1.8,0.00,0.00,0.00,-6.8,15.9,72,36.0
2024-12-27T22:00,-1.9,0.00,0.00,0.00,-6.8,15.5,77,36.0
2024-12-27T23:00,-1.8,0.00,0.00,0.00,-6.6,15.0,67,34.2
2024-12-28T00:00,-1.6,0.00,0.00,0.00,-6.3,13.8,50,32.8
2024-12-28T01:00,-1.6,0.00,0.00,0.00,-6.3,13.9,46,29.9
2024-12-28T02:00,-1.5,0.00,0.00,0.00,-6.3,14.9,47,32.0
2024-12-28T03:00,-1.5,0.00,0.00,0.00,-6.3,14.4,42,32.8
2024-12-28T04:00,-1.6,0.00,0.00,0.00,-6.2,13.5,42,29.5
2024-12-28T05:00,-1.6,0.00,0.00,0.00,-6.1,12.4,39,29.2
2024-12-28T06:00,-1.6,0.00,0.00,0.00,-6.0,11.4,38,27.0
2024-12-28T07:00,-1.7,0.00,0.00,0.00,-6.0,11.5,34,25.2
2024-12-28T08:00,-1.7,0.00,0.00,0.00,-6.2,12.0,35,26.3
2024-12-28T09:00,-1.7,0.00,0.00,0.00,-6.1,12.0,37,26.3
2024-12-28T10:00,-1.4,0.00,0.00,0.00,-5.8,11.8,40,27.7
2024-12-28T11:00,-1.2,0.00,0.00,0.00,-5.5,11.1,39,26.6
2024-12-28T12:00,-1.0,0.00,0.00,0.00,-5.3,11.0,34,25.9
2024-12-28T13:00,-0.9,0.00,0.00,0.00,-5.2,11.4,29,26.6
2024-12-28T14:00,-0.9,0.00,0.00,0.00,-5.1,10.5,19,26.3
2024-12-28T15:00,-1.0,0.00,0.00,0.00,-5.5,11.6,15,26.6
2024-12-28T16:00,-1.6,0.00,0.00,0.00,-6.1,11.8,16,25.9
2024-12-28T17:00,-1.9,0.00,0.00,0.00,-6.1,9.8,24,25.9
2024-12-28T18:00,-1.7,0.00,0.00,0.00,-5.7,9.0,30,20.5
2024-12-28T19:00,-1.7,0.00,0.00,0.00,-5.8,9.5,36,20.9
2024-12-28T20:00,-1.9,0.00,0.00,0.00,-6.2,11.3,39,25.9
2024-12-28T21:00,-1.8,0.00,0.00,0.00,-6.0,10.8,30,24.5
2024-12-28T22:00,-1.7,0.00,0.00,0.00,-5.9,10.7,31,25.6
2024-12-28T23:00,-1.4,0.00,0.00,0.00,-5.3,8.7,21,22.3
2024-12-29T00:00,-1.2,0.00,0.00,0.00,-4.9,7.2,13,18.0
2024-12-29T01:00,-1.2,0.00,0.00,0.00,-4.7,6.7,5,15.1
2024-12-29T02:00,-1.1,0.00,0.00,0.00,-4.7,6.9,6,14.0
2024-12-29T03:00,-1.1,0.00,0.00,0.00,-4.7,7.4,4,15.1
2024-12-29T04:00,-2.5,0.00,0.00,0.00,-6.2,6.3,7,17.6
2024-12-29T05:00,-2.4,0.00,0.00,0.00,-5.9,5.0,358,13.7
2024-12-29T06:00,-2.3,0.00,0.00,0.00,-5.6,4.2,348,10.8
2024-12-29T07:00,-2.1,0.00,0.00,0.00,-5.3,3.6,342,9.4
2024-12-29T08:00,-1.9,0.00,0.00,0.00,-5.1,2.8,333,8.3
2024-12-29T09:00,-1.7,0.00,0.00,0.00,-5.0,3.6,333,8.6
2024-12-29T10:00,-1.3,0.00,0.00,0.00,-4.6,4.3,338,11.2
2024-12-29T11:00,-0.7,0.00,0.00,0.00,-4.4,6.8,360,16.6
2024-12-29T12:00,-0.2,0.00,0.00,0.00,-4.0,7.9,4,19.1
2024-12-29T13:00,0.1,0.00,0.00,0.00,-3.6,7.0,4,19.4
2024-12-29T14:00,0.3,0.00,0.00,0.00,-3.3,6.5,6,17.3
2024-12-29T15:00,0.5,0.00,0.00,0.00,-3.1,6.7,9,15.8
2024-12-29T16:00,-1.4,0.00,0.00,0.00,-4.7,4.0,21,14.8
2024-12-29T17:00,-1.6,0.00,0.00,0.00,-4.7,3.1,10,8.3
2024-12-29T18:00,-1.6,0.00,0.00,0.00,-4.5,2.2,360,6.1
2024-12-29T19:00,-1.5,0.00,0.00,0.00,-4.4,1.7,328,4.3
2024-12-29T20:00,-1.7,0.00,0.00,0.00,-4.7,2.4,312,5.0
2024-12-29T21:00,-1.7,0.00,0.00,0.00,-4.8,3.4,317,7.2
2024-12-29T22:00,-1.8,0.00,0.00,0.00,-5.1,4.4,333,9.0
2024-12-29T23:00,-1.6,0.00,0.00,0.00,-5.0,4.7,337,10.8
2024-12-30T00:00,-1.7,0.00,0.00,0.00,-4.9,3.6,340,10.4
2024-12-30T01:00,-1.7,0.00,0.00,0.00,-4.7,2.4,324,7.6
2024-12-30T02:00,-1.6,0.00,0.00,0.00,-4.7,2.8,315,6.1
2024-12-30T03:00,-1.7,0.00,0.00,0.00,-5.0,3.8,311,8.3
2024-12-30T04:00,-2.6,0.00,0.00,0.00,-5.9,3.2,317,9.7
2024-12-30T05:00,-2.7,0.00,0.00,0.00,-5.9,3.0,295,7.9
2024-12-30T06:00,-2.7,0.00,0.00,0.00,-5.9,3.0,284,7.6
2024-12-30T07:00,-2.6,0.00,0.00,0.00,-5.9,3.6,264,9.0
2024-12-30T08:00,-2.7,0.00,0.00,0.00,-6.1,4.7,242,11.2
2024-12-30T09:00,-2.6,0.00,0.00,0.00,-6.1,5.2,243,13.3
2024-12-30T10:00,-2.4,0.00,0.00,0.00,-6.0,5.7,246,15.1
2024-12-30T11:00,-2.0,0.00,0.00,0.00,-5.7,6.8,238,18.0
2024-12-30T12:00,-1.6,0.00,0.00,0.00,-5.6,9.2,235,22.3
2024-12-30T13:00,-1.0,0.00,0.00,0.00,-5.3,10.9,239,25.6
2024-12-30T14:00,-0.6,0.00,0.00,0.00,-5.0,11.9,240,27.7
2024-12-30T15:00,-0.6,0.00,0.00,0.00,-5.0,11.9,241,28.1
2024-12-30T16:00,-1.6,0.00,0.00,0.00,-5.9,11.8,241,27.7
2024-12-30T17:00,-1.4,0.00,0.00,0.00,-5.3,9.6,229,25.6
2024-12-30T18:00,-1.2,0.00,0.00,0.00,-5.1,10.2,234,20.9
2024-12-30T19:00,-1.0,0.00,0.00,0.00,-4.9,10.4,238,21.6
2024-12-30T20:00,-0.8,0.00,0.00,0.00,-4.7,10.3,239,21.6
2024-12-30T21:00,-0.7,0.00,0.00,0.00,-4.5,10.0,232,21.2
2024-12-30T22:00,-0.6,0.00,0.00,0.00,-4.5,10.7,230,22.0
2024-12-30T23:00,-0.4,0.00,0.00,0.00,-4.3,10.9,241,22.3
2024-12-31T00:00,-0.2,0.00,0.00,0.00,-4.2,11.8,259,24.1
2024-12-31T01:00,0.0,0.00,0.00,0.00,-4.2,12.3,262,25.2
2024-12-31T02:00,-0.1,0.00,0.00,0.00,-4.2,12.1,259,25.2
2024-12-31T03:00,-0.2,0.00,0.00,0.00,-4.2,11.6,251,24.8
2024-12-31T04:00,-0.5,0.00,0.00,0.00,-4.8,13.4,258,27.4
2024-12-31T05:00,-0.2,0.00,0.00,0.00,-4.6,13.7,247,28.1
2024-12-31T06:00,0.1,0.00,0.00,0.00,-4.4,14.4,246,29.9
2024-12-31T07:00,0.3,0.00,0.00,0.00,-4.2,14.8,244,30.6
2024-12-31T08:00,0.5,0.00,0.00,0.00,-4.0,15.5,242,31.7
2024-12-31T09:00,0.6,0.00,0.00,0.00,-3.8,15.9,244,32.8
2024-12-31T10:00,1.0,0.00,0.00,0.00,-3.6,16.9,246,35.3
2024-12-31T11:00,1.2,0.00,0.00,0.00,-3.6,18.8,253,41.0
2024-12-31T12:00,1.4,0.00,0.00,0.00,-3.5,19.2,255,42.1
2024-12-31T13:00,1.7,0.00,0.00,0.00,-3.7,22.7,252,48.2
2024-12-31T14:00,2.0,0.10,0.00,0.10,-3.4,23.4,249,50.8
2024-12-31T15:00,1.8,0.00,0.00,0.00,-3.5,21.6,247,50.8
2024-12-31T16:00,2.1,0.00,0.00,0.00,-3.1,22.6,251,46.4
2024-12-31T17:00,2.4,0.00,0.00,0.00,-2.7,22.7,252,48.2
2024-12-31T18:00,2.3,0.00,0.00,0.00,-2.6,20.8,252,46.8
2024-12-31T19:00,2.1,0.00,0.00,0.00,-2.7,20.1,260,42.5
2024-12-31T20:00,1.9,0.00,0.00,0.00,-2.7,18.6,262,40.7
2024-12-31T21:00,1.6,0.00,0.00,0.00,-3.0,17.7,258,37.8
2024-12-31T22:00,1.5,0.00,0.00,0.00,-3.1,17.9,261,36.0
2024-12-31T23:00,1.6,0.00,0.00,0.00,-3.0,17.4,257,36.0
