latitude,longitude,elevation,utc_offset_seconds,timezone,timezone_abbreviation
30.263618,-97.69321,164.0,-18000,America/Chicago,GMT-5

time,temperature_2m (°C),precipitation (mm),snowfall (cm),rain (mm),apparent_temperature (°C),wind_speed_10m (km/h),wind_direction_10m (°),wind_gusts_10m (km/h)
2024-01-01T00:00,13.1,0.00,0.00,0.00,12.5,8.2,195,13.3
2024-01-01T01:00,12.2,0.00,0.00,0.00,11.4,8.4,211,11.9
2024-01-01T02:00,11.4,0.00,0.00,0.00,10.3,9.2,228,11.9
2024-01-01T03:00,11.3,0.00,0.00,0.00,10.5,7.0,282,11.9
2024-01-01T04:00,11.3,0.00,0.00,0.00,9.4,12.4,338,20.5
2024-01-01T05:00,10.0,0.00,0.00,0.00,6.4,20.5,357,32.4
2024-01-01T06:00,8.3,0.00,0.00,0.00,3.8,21.2,359,33.5
2024-01-01T07:00,7.1,0.00,0.00,0.00,2.4,20.5,360,33.5
2024-01-01T08:00,6.3,0.00,0.00,0.00,1.6,20.2,355,32.4
2024-01-01T09:00,5.7,0.00,0.00,0.00,0.9,19.9,356,32.0
2024-01-01T10:00,6.4,0.00,0.00,0.00,1.4,20.6,356,34.2
2024-01-01T11:00,7.7,0.00,0.00,0.00,2.7,21.2,359,37.1
2024-01-01T12:00,9.3,0.00,0.00,0.00,4.3,20.9,360,37.8
2024-01-01T13:00,10.7,0.00,0.00,0.00,5.9,20.2,2,37.4
2024-01-01T14:00,12.0,0.00,0.00,0.00,7.6,20.3,6,37.1
2024-01-01T15:00,12.8,0.00,0.00,0.00,8.3,20.0,8,37.1
2024-01-01T16:00,13.0,0.00,0.00,0.00,8.5,19.6,13,36.4
2024-01-01T17:00,12.7,0.00,0.00,0.00,8.3,18.7,16,34.9
2024-01-01T18:00,11.7,0.00,0.00,0.00,7.5,16.3,18,32.0
2024-01-01T19:00,9.8,0.00,0.00,0.00,6.3,11.7,18,25.6
2024-01-01T20:00,8.5,0.00,0.00,0.00,5.0,11.6,26,20.2
2024-01-01T21:00,7.5,0.00,0.00,0.00,4.0,10.8,26,18.7
2024-01-01T22:00,6.6,0.00,0.00,0.00,3.3,10.0,26,17.3
2024-01-01T23:00,5.9,0.00,0.00,0.00,2.7,8.3,18,15.8
2024-01-02T00:00,5.3,0.00,0.00,0.00,2.1,8.9,14,14.0
2024-01-02T01:00,4.9,0.00,0.00,0.00,1.6,8.8,12,14.0
2024-01-02T02:00,4.5,0.00,0.00,0.00,1.3,8.4,7,14.0
2024-01-02T03:00,4.0,0.00,0.00,0.00,0.9,7.9,16,13.3
2024-01-02T04:00,3.8,0.00,0.00,0.00,0.6,8.0,27,13.0
2024-01-02T05:00,4.6,0.00,0.00,0.00,1.3,9.0,29,15.5
2024-01-02T06:00,5.4,0.00,0.00,0.00,2.3,7.5,17,15.8
2024-01-02T07:00,5.8,0.00,0.00,0.00,2.7,7.9,16,13.3
2024-01-02T08:00,5.7,0.00,0.00,0.00,2.0,12.1,37,19.8
2024-01-02T09:00,6.0,0.00,0.00,0.00,2.8,8.6,22,21.2
2024-01-02T10:00,6.3,0.10,0.00,0.10,2.4,13.8,39,24.1
2024-01-02T11:00,7.6,0.00,0.00,0.00,4.1,10.9,56,23.4
2024-01-02T12:00,8.2,0.00,0.00,0.00,5.2,7.9,74,24.8
2024-01-02T13:00,8.3,0.10,0.00,0.10,5.0,10.2,42,19.1
2024-01-02T14:00,10.2,1.00,0.00,1.00,7.0,12.3,50,27.0
2024-01-02T15:00,9.6,1.40,0.00,1.40,7.8,4.7,81,24.8
2024-01-02T16:00,9.8,1.40,0.00,1.40,7.1,11.7,45,24.8
2024-01-02T17:00,9.4,4.20,0.00,4.20,7.0,10.7,20,25.6
2024-01-02T18:00,8.7,0.30,0.00,0.30,6.1,13.2,29,21.2
2024-01-02T19:00,8.0,0.90,0.00,0.90,5.3,12.2,360,22.0
2024-01-02T20:00,9.9,3.50,0.00,3.50,7.6,13.5,344,26.3
2024-01-02T21:00,9.3,2.60,0.00,2.60,6.2,17.7,356,28.4
2024-01-02T22:00,8.8,1.40,0.00,1.40,5.3,19.4,359,30.2
2024-01-02T23:00,8.2,0.10,0.00,0.10,4.4,19.5,5,35.3
2024-01-03T00:00,7.8,0.10,0.00,0.10,4.5,16.2,12,30.2
2024-01-03T01:00,7.6,0.00,0.00,0.00,5.0,11.0,23,25.6
2024-01-03T02:00,6.6,0.00,0.00,0.00,4.4,7.6,8,16.9
2024-01-03T03:00,6.0,0.00,0.00,0.00,3.7,7.2,360,12.6
2024-01-03T04:00,6.1,0.00,0.00,0.00,3.2,11.5,340,18.4
2024-01-03T05:00,6.0,0.00,0.00,0.00,2.9,13.0,332,20.9
2024-01-03T06:00,6.0,0.00,0.00,0.00,2.8,13.2,331,22.0
2024-01-03T07:00,6.9,0.00,0.00,0.00,3.7,14.2,336,23.4
2024-01-03T08:00,6.9,0.00,0.00,0.00,3.9,13.0,354,21.6
2024-01-03T09:00,7.2,0.00,0.00,0.00,3.8,15.5,5,24.8
2024-01-03T10:00,7.6,0.00,0.00,0.00,4.4,14.1,357,25.9
2024-01-03T11:00,8.3,0.00,0.00,0.00,5.1,14.0,359,25.2
2024-01-03T12:00,8.9,0.00,0.00,0.00,5.6,14.9,353,26.3
2024-01-03T13:00,10.0,0.00,0.00,0.00,6.8,14.3,350,27.0
2024-01-03T14:00,11.0,0.00,0.00,0.00,7.8,15.3,352,27.7
2024-01-03T15:00,11.6,0.00,0.00,0.00,8.2,15.9,356,28.4
2024-01-03T16:00,12.1,0.00,0.00,0.00,8.8,16.2,356,29.2
2024-01-03T17:00,12.0,0.00,0.00,0.00,8.8,15.5,1,28.1
2024-01-03T18:00,11.8,0.00,0.00,0.00,8.7,14.0,12,26.3
2024-01-03T19:00,10.7,0.00,0.00,0.00,8.5,8.0,18,22.7
2024-01-03T20:00,9.3,0.00,0.00,0.00,7.4,5.3,28,9.0
2024-01-03T21:00,9.0,0.00,0.00,0.00,7.2,4.6,39,8.3
2024-01-03T22:00,8.0,0.00,0.00,0.00,5.9,7.1,41,8.3
2024-01-03T23:00,8.1,0.00,0.00,0.00,6.3,5.2,25,8.3
2024-01-04T00:00,7.6,0.00,0.00,0.00,5.9,4.1,345,6.1
2024-01-04T01:00,5.6,0.00,0.00,0.00,3.4,5.6,333,7.6
2024-01-04T02:00,4.6,0.00,0.00,0.00,2.1,7.0,339,8.6
2024-01-04T03:00,3.9,0.00,0.00,0.00,1.2,7.9,344,9.4
2024-01-04T04:00,3.8,0.00,0.00,0.00,0.9,8.3,355,9.7
2024-01-04T05:00,4.4,0.00,0.00,0.00,1.7,7.9,30,9.7
2024-01-04T06:00,3.9,0.00,0.00,0.00,1.1,8.1,69,10.1
2024-01-04T07:00,3.4,0.00,0.00,0.00,0.6,7.8,56,9.7
2024-01-04T08:00,2.5,0.00,0.00,0.00,-0.5,8.7,60,10.8
2024-01-04T09:00,5.0,0.00,0.00,0.00,2.6,6.8,72,11.2
2024-01-04T10:00,6.3,0.00,0.00,0.00,4.0,6.2,80,12.6
2024-01-04T11:00,7.9,0.00,0.00,0.00,5.5,7.6,95,15.5
2024-01-04T12:00,9.4,0.00,0.00,0.00,6.9,8.9,104,18.4
2024-01-04T13:00,11.0,0.00,0.00,0.00,8.5,10.0,103,20.2
2024-01-04T14:00,12.5,0.00,0.00,0.00,9.4,14.8,113,26.6
2024-01-04T15:00,13.1,0.00,0.00,0.00,9.7,16.7,115,29.9
2024-01-04T16:00,14.2,0.00,0.00,0.00,10.5,19.2,124,30.6
2024-01-04T17:00,14.6,0.00,0.00,0.00,10.6,21.9,134,41.4
2024-01-04T18:00,14.2,0.00,0.00,0.00,11.0,18.3,122,34.6
2024-01-04T19:00,13.8,0.00,0.00,0.00,10.3,20.0,124,32.0
2024-01-04T20:00,12.5,0.40,0.00,0.40,10.1,16.1,119,25.6
2024-01-04T21:00,11.9,0.90,0.00,0.90,10.2,12.8,122,25.2
2024-01-04T22:00,11.6,0.60,0.00,0.60,9.6,14.3,118,23.0
2024-01-04T23:00,11.3,0.90,0.00,0.90,9.7,11.5,110,23.4
2024-01-05T00:00,11.1,1.00,0.00,1.00,9.9,8.2,105,18.4
2024-01-05T01:00,10.8,0.20,0.00,0.20,9.3,10.0,120,15.1
2024-01-05T02:00,10.7,0.10,0.00,0.10,10.0,4.0,280,16.9
2024-01-05T03:00,10.8,0.50,0.00,0.50,10.0,6.0,335,17.6
2024-01-05T04:00,10.7,0.10,0.00,0.10,9.5,8.2,41,15.1
2024-01-05T05:00,9.6,0.00,0.00,0.00,8.4,7.1,49,12.6
2024-01-05T06:00,9.4,0.00,0.00,0.00,8.3,5.7,35,13.0
2024-01-05T07:00,8.2,0.00,0.00,0.00,6.6,6.9,39,9.7
2024-01-05T08:00,8.9,0.00,0.00,0.00,7.9,4.4,325,7.9
2024-01-05T09:00,9.1,0.00,0.00,0.00,7.5,8.6,327,13.3
2024-01-05T10:00,9.9,0.00,0.00,0.00,8.1,10.3,324,19.1
2024-01-05T11:00,11.7,0.00,0.00,0.00,10.5,8.3,326,19.4
2024-01-05T12:00,13.5,0.00,0.00,0.00,11.9,9.7,312,20.5
2024-01-05T13:00,14.8,0.00,0.00,0.00,12.4,11.8,308,24.1
2024-01-05T14:00,16.3,0.00,0.00,0.00,13.1,16.4,299,29.5
2024-01-05T15:00,17.2,0.00,0.00,0.00,13.4,17.9,298,32.0
2024-01-05T16:00,17.3,0.00,0.00,0.00,13.1,16.9,297,32.0
2024-01-05T17:00,16.9,0.00,0.00,0.00,13.1,14.9,302,29.5
2024-01-05T18:00,15.3,0.00,0.00,0.00,13.1,7.0,305,24.5
2024-01-05T19:00,11.9,0.00,0.00,0.00,9.1,9.8,298,12.6
2024-01-05T20:00,10.3,0.00,0.00,0.00,7.8,9.0,270,13.0
2024-01-05T21:00,9.0,0.00,0.00,0.00,6.9,6.6,261,11.5
2024-01-05T22:00,8.5,0.00,0.00,0.00,5.9,8.6,272,13.0
2024-01-05T23:00,8.3,0.00,0.00,0.00,5.4,9.0,293,14.0
2024-01-06T00:00,8.1,0.00,0.00,0.00,5.0,10.3,299,15.8
2024-01-06T01:00,7.7,0.00,0.00,0.00,4.5,11.2,320,17.6
2024-01-06T02:00,7.2,0.00,0.00,0.00,4.1,10.1,333,17.6
2024-01-06T03:00,6.7,0.00,0.00,0.00,3.6,9.5,335,16.2
2024-01-06T04:00,5.9,0.00,0.00,0.00,3.0,8.1,328,14.8
2024-01-06T05:00,5.7,0.00,0.00,0.00,2.5,10.0,334,15.5
2024-01-06T06:00,5.1,0.00,0.00,0.00,2.1,8.2,331,15.8
2024-01-06T07:00,3.8,0.00,0.00,0.00,0.5,9.7,315,12.6
2024-01-06T08:00,3.3,0.00,0.00,0.00,0.5,6.9,309,11.9
2024-01-06T09:00,4.0,0.00,0.00,0.00,1.2,6.9,309,10.4
2024-01-06T10:00,6.8,0.00,0.00,0.00,4.1,8.0,324,16.2
2024-01-06T11:00,9.2,0.00,0.00,0.00,6.8,7.1,345,16.2
2024-01-06T12:00,11.0,0.00,0.00,0.00,8.8,6.1,360,17.3
2024-01-06T13:00,12.4,0.00,0.00,0.00,10.8,4.5,14,16.6
2024-01-06T14:00,13.5,0.00,0.00,0.00,12.4,3.1,21,15.1
2024-01-06T15:00,14.3,0.00,0.00,0.00,13.3,1.5,45,13.7
2024-01-06T16:00,14.7,0.00,0.00,0.00,13.5,1.5,14,11.5
2024-01-06T17:00,14.7,0.00,0.00,0.00,13.0,4.8,77,11.9
2024-01-06T18:00,13.9,0.00,0.00,0.00,12.6,3.8,41,11.9
2024-01-06T19:00,11.6,0.00,0.00,0.00,9.6,7.3,11,8.3
2024-01-06T20:00,11.5,0.00,0.00,0.00,9.6,6.3,13,6.5
2024-01-06T21:00,10.4,0.00,0.00,0.00,7.7,11.6,5,18.0
2024-01-06T22:00,8.7,0.00,0.00,0.00,6.4,7.6,360,18.4
2024-01-06T23:00,8.1,0.00,0.00,0.00,5.6,7.7,28,12.6
2024-01-07T00:00,8.5,0.00,0.00,0.00,6.6,4.3,180,9.4
2024-01-07T01:00,5.5,0.00,0.00,0.00,3.2,5.5,293,7.2
2024-01-07T02:00,5.2,0.00,0.00,0.00,2.7,6.8,335,10.1
2024-01-07T03:00,4.7,0.00,0.00,0.00,2.1,6.8,328,10.8
2024-01-07T04:00,4.1,0.00,0.00,0.00,1.4,6.7,324,10.4
2024-01-07T05:00,3.4,0.00,0.00,0.00,0.6,7.6,329,10.4
2024-01-07T06:00,4.6,0.00,0.00,0.00,2.4,3.9,304,10.4
2024-01-07T07:00,4.6,0.00,0.00,0.00,2.8,0.7,270,4.7
2024-01-07T08:00,4.6,0.00,0.00,0.00,2.5,3.3,13,4.0
2024-01-07T09:00,4.8,0.00,0.00,0.00,2.4,5.7,162,6.5
2024-01-07T10:00,6.9,0.00,0.00,0.00,4.7,6.0,163,11.9
2024-01-07T11:00,10.1,0.00,0.00,0.00,8.0,7.2,162,15.8
2024-01-07T12:00,12.6,0.00,0.00,0.00,10.0,11.0,161,22.0
2024-01-07T13:00,14.3,0.00,0.00,0.00,11.5,14.2,156,27.4
2024-01-07T14:00,15.5,0.00,0.00,0.00,12.1,17.6,152,31.7
2024-01-07T15:00,16.3,0.00,0.00,0.00,12.4,19.4,149,33.8
2024-01-07T16:00,16.8,0.00,0.00,0.00,12.5,21.1,147,36.0
2024-01-07T17:00,16.4,0.00,0.00,0.00,11.9,21.7,140,36.4
2024-01-07T18:00,15.2,0.00,0.00,0.00,11.1,19.6,137,36.4
2024-01-07T19:00,13.4,0.00,0.00,0.00,9.5,17.7,141,31.7
2024-01-07T20:00,13.2,0.00,0.00,0.00,8.9,20.6,134,32.4
2024-01-07T21:00,12.9,0.00,0.00,0.00,8.5,22.5,140,36.0
2024-01-07T22:00,12.2,0.00,0.00,0.00,8.0,22.3,142,36.4
2024-01-07T23:00,11.7,0.00,0.00,0.00,7.5,23.2,139,37.1
2024-01-08T00:00,12.1,0.00,0.00,0.00,7.8,26.6,142,42.5
2024-01-08T01:00,12.6,0.00,0.00,0.00,8.2,28.4,144,46.1
2024-01-08T02:00,13.3,0.00,0.00,0.00,9.3,27.9,147,46.1
2024-01-08T03:00,13.9,0.20,0.00,0.20,10.3,26.4,145,45.4
2024-01-08T04:00,13.7,1.00,0.00,1.00,10.9,23.3,142,42.5
2024-01-08T05:00,14.1,1.00,0.00,1.00,11.4,24.4,146,39.2
2024-01-08T06:00,14.6,0.70,0.00,0.70,12.2,24.0,152,40.3
2024-01-08T07:00,15.1,0.50,0.00,0.50,13.0,23.4,155,39.6
2024-01-08T08:00,15.5,3.70,0.00,3.70,14.9,15.3,207,46.1
2024-01-08T09:00,15.6,2.10,0.00,2.10,15.2,14.0,198,36.7
2024-01-08T10:00,17.1,0.10,0.00,0.10,14.7,27.3,214,41.0
2024-01-08T11:00,17.8,0.10,0.00,0.10,15.8,25.4,218,45.7
2024-01-08T12:00,17.9,0.10,0.00,0.10,16.5,22.3,214,42.5
2024-01-08T13:00,18.5,5.60,0.00,5.60,16.4,27.9,253,51.8
2024-01-08T14:00,12.2,3.10,0.00,3.10,5.2,41.3,308,75.6
2024-01-08T15:00,15.4,0.00,0.00,0.00,11.0,24.0,300,63.0
2024-01-08T16:00,17.7,0.00,0.00,0.00,11.3,27.8,301,46.1
2024-01-08T17:00,16.9,0.00,0.00,0.00,10.2,30.2,292,49.0
2024-01-08T18:00,15.6,0.00,0.00,0.00,7.9,33.3,280,52.2
2024-01-08T19:00,14.5,0.00,0.00,0.00,4.7,43.5,291,69.1
2024-01-08T20:00,13.1,0.00,0.00,0.00,5.3,32.7,300,55.1
2024-01-08T21:00,11.9,0.10,0.00,0.10,6.0,22.4,285,52.2
2024-01-08T22:00,12.5,0.10,0.00,0.10,5.9,26.6,293,48.2
2024-01-08T23:00,12.5,0.00,0.00,0.00,4.5,34.6,298,54.4
2024-01-09T00:00,10.2,0.00,0.00,0.00,3.1,28.7,300,59.4
2024-01-09T01:00,8.5,0.00,0.00,0.00,0.7,33.0,302,52.9
2024-01-09T02:00,6.9,0.00,0.00,0.00,0.1,26.5,307,54.4
2024-01-09T03:00,6.6,0.00,0.00,0.00,-0.3,26.8,311,41.4
2024-01-09T04:00,6.6,0.00,0.00,0.00,-0.7,30.2,309,48.2
2024-01-09T05:00,6.5,0.00,0.00,0.00,-1.1,32.0,309,51.5
2024-01-09T06:00,6.2,0.00,0.00,0.00,-1.0,28.7,305,51.1
2024-01-09T07:00,5.8,0.00,0.00,0.00,-1.4,29.0,305,51.1
2024-01-09T08:00,5.3,0.00,0.00,0.00,-1.5,26.4,299,46.4
2024-01-09T09:00,5.3,0.00,0.00,0.00,-1.5,27.1,300,43.6
2024-01-09T10:00,6.7,0.00,0.00,0.00,0.7,22.4,303,44.3
2024-01-09T11:00,8.1,0.00,0.00,0.00,0.8,30.7,304,50.0
2024-01-09T12:00,9.3,0.00,0.00,0.00,2.2,29.3,302,51.1
2024-01-09T13:00,10.5,0.00,0.00,0.00,3.8,29.0,295,49.3
2024-01-09T14:00,11.4,0.00,0.00,0.00,5.0,28.5,295,49.7
2024-01-09T15:00,12.2,0.00,0.00,0.00,5.9,27.2,296,49.0
2024-01-09T16:00,12.5,0.00,0.00,0.00,6.0,25.0,306,46.4
2024-01-09T17:00,12.2,0.00,0.00,0.00,6.2,22.3,309,42.5
2024-01-09T18:00,11.2,0.00,0.00,0.00,6.4,14.5,314,36.4
2024-01-09T19:00,8.1,0.00,0.00,0.00,4.2,8.5,298,23.0
2024-01-09T20:00,7.0,0.00,0.00,0.00,3.4,7.7,281,13.0
2024-01-09T21:00,5.6,0.00,0.00,0.00,1.9,8.0,275,11.5
2024-01-09T22:00,4.4,0.00,0.00,0.00,0.8,8.0,262,11.2
2024-01-09T23:00,3.3,0.00,0.00,0.00,-0.3,8.0,252,11.2
2024-01-10T00:00,2.4,0.00,0.00,0.00,-1.2,8.0,234,10.4
2024-01-10T01:00,2.8,0.00,0.00,0.00,-0.9,7.8,214,11.2
2024-01-10T02:00,3.7,0.00,0.00,0.00,-0.5,9.7,202,14.8
2024-01-10T03:00,4.2,0.00,0.00,0.00,-0.1,10.9,197,17.3
2024-01-10T04:00,4.2,0.00,0.00,0.00,-0.2,11.5,200,17.6
2024-01-10T05:00,4.3,0.00,0.00,0.00,-0.2,12.1,203,19.1
2024-01-10T06:00,4.5,0.00,0.00,0.00,-0.3,13.2,206,21.2
2024-01-10T07:00,4.4,0.00,0.00,0.00,-0.2,12.4,206,20.5
2024-01-10T08:00,3.5,0.00,0.00,0.00,-0.9,11.5,212,19.4
2024-01-10T09:00,4.2,0.00,0.00,0.00,-0.3,12.8,212,19.4
2024-01-10T10:00,7.3,0.00,0.00,0.00,2.5,16.9,204,24.5
2024-01-10T11:00,10.5,0.00,0.00,0.00,6.1,15.9,198,27.0
2024-01-10T12:00,13.1,0.00,0.00,0.00,8.1,20.7,203,35.3
2024-01-10T13:00,14.9,0.00,0.00,0.00,9.5,25.1,204,42.5
2024-01-10T14:00,16.1,0.00,0.00,0.00,10.8,27.2,204,45.7
2024-01-10T15:00,17.0,0.00,0.00,0.00,11.9,26.2,207,46.8
2024-01-10T16:00,17.4,0.00,0.00,0.00,12.5,24.0,208,44.6
2024-01-10T17:00,17.2,0.00,0.00,0.00,12.9,20.6,205,40.0
2024-01-10T18:00,15.9,0.00,0.00,0.00,12.5,15.2,202,33.5
2024-01-10T19:00,13.2,0.00,0.00,0.00,10.1,12.4,206,24.1
2024-01-10T20:00,11.2,0.00,0.00,0.00,8.4,11.5,231,14.0
2024-01-10T21:00,10.0,0.00,0.00,0.00,7.4,10.5,254,14.0
2024-01-10T22:00,9.3,0.00,0.00,0.00,6.6,10.4,224,14.0
2024-01-10T23:00,7.7,0.00,0.00,0.00,4.9,10.7,200,12.6
2024-01-11T00:00,7.4,0.00,0.00,0.00,4.8,9.1,189,13.3
2024-01-11T01:00,7.6,0.00,0.00,0.00,5.1,8.9,212,13.3
2024-01-11T02:00,7.8,0.00,0.00,0.00,5.2,9.8,216,14.8
2024-01-11T03:00,8.4,0.00,0.00,0.00,5.8,10.5,218,16.2
2024-01-11T04:00,8.7,0.00,0.00,0.00,6.4,10.1,207,16.2
2024-01-11T05:00,8.6,0.00,0.00,0.00,6.5,9.4,203,15.8
2024-01-11T06:00,8.1,0.00,0.00,0.00,6.0,8.9,201,14.4
2024-01-11T07:00,7.9,0.00,0.00,0.00,5.8,8.8,199,13.0
2024-01-11T08:00,7.7,0.00,0.00,0.00,5.6,9.3,196,16.6
2024-01-11T09:00,8.4,0.00,0.00,0.00,6.4,9.1,198,14.0
2024-01-11T10:00,11.1,0.00,0.00,0.00,9.5,9.8,188,16.6
2024-01-11T11:00,13.4,0.00,0.00,0.00,12.6,7.6,161,16.6
2024-01-11T12:00,15.5,0.00,0.00,0.00,14.5,12.4,172,24.1
2024-01-11T13:00,17.6,0.00,0.00,0.00,16.6,15.9,174,29.5
2024-01-11T14:00,19.4,0.00,0.00,0.00,18.2,20.2,183,35.6
2024-01-11T15:00,20.5,0.00,0.00,0.00,18.7,23.1,182,40.0
2024-01-11T16:00,20.9,0.00,0.00,0.00,18.9,24.2,183,41.8
2024-01-11T17:00,21.7,0.00,0.00,0.00,19.0,28.5,193,44.3
2024-01-11T18:00,21.3,0.00,0.00,0.00,19.6,22.8,192,45.7
2024-01-11T19:00,19.9,0.00,0.00,0.00,19.0,17.9,195,36.4
2024-01-11T20:00,19.0,0.00,0.00,0.00,18.3,16.6,176,27.7
2024-01-11T21:00,18.1,0.00,0.00,0.00,17.1,20.6,168,32.0
2024-01-11T22:00,18.3,0.00,0.00,0.00,17.8,22.1,168,34.9
2024-01-11T23:00,18.1,0.00,0.00,0.00,17.4,22.7,170,36.0
2024-01-12T00:00,17.9,0.00,0.00,0.00,17.1,23.4,177,38.2
2024-01-12T01:00,17.8,0.00,0.00,0.00,16.8,24.4,189,39.6
2024-01-12T02:00,17.2,1.00,0.00,1.00,14.6,31.3,268,52.2
2024-01-12T03:00,16.2,0.20,0.00,0.20,11.5,31.2,292,49.7
2024-01-12T04:00,15.5,0.00,0.00,0.00,8.2,33.8,287,52.6
2024-01-12T05:00,14.8,0.00,0.00,0.00,6.5,37.1,290,60.1
2024-01-12T06:00,13.3,0.00,0.00,0.00,4.7,39.9,292,63.0
2024-01-12T07:00,12.6,0.00,0.00,0.00,4.8,34.0,291,64.4
2024-01-12T08:00,11.2,0.00,0.00,0.00,4.7,27.1,311,53.6
2024-01-12T09:00,7.4,0.00,0.00,0.00,1.3,24.3,308,46.1
2024-01-12T10:00,6.1,0.00,0.00,0.00,-1.0,29.6,320,47.9
2024-01-12T11:00,5.8,0.00,0.00,0.00,-1.6,31.1,316,52.9
2024-01-12T12:00,6.8,0.00,0.00,0.00,-0.6,30.3,315,52.6
2024-01-12T13:00,8.0,0.00,0.00,0.00,1.0,30.0,322,52.2
2024-01-12T14:00,9.5,0.00,0.00,0.00,3.2,26.6,322,51.5
2024-01-12T15:00,10.5,0.00,0.00,0.00,4.9,21.9,319,46.1
2024-01-12T16:00,11.0,0.00,0.00,0.00,5.5,17.9,320,38.9
2024-01-12T17:00,10.9,0.00,0.00,0.00,6.0,14.0,316,32.4
2024-01-12T18:00,10.4,0.00,0.00,0.00,6.4,8.3,326,25.2
2024-01-12T19:00,8.3,0.00,0.00,0.00,4.8,6.7,16,13.0
2024-01-12T20:00,6.8,0.00,0.00,0.00,3.2,8.3,72,9.7
2024-01-12T21:00,5.8,0.00,0.00,0.00,2.1,8.6,92,11.5
2024-01-12T22:00,4.8,0.00,0.00,0.00,1.2,7.6,93,11.2
2024-01-12T23:00,3.6,0.00,0.00,0.00,-0.3,9.7,129,11.2
2024-01-13T00:00,3.2,0.00,0.00,0.00,-0.6,8.6,158,11.5
2024-01-13T01:00,2.7,0.00,0.00,0.00,-1.0,8.1,167,11.2
2024-01-13T02:00,2.4,0.00,0.00,0.00,-1.3,7.3,189,10.8
2024-01-13T03:00,2.4,0.00,0.00,0.00,-1.3,7.6,199,11.5
2024-01-13T04:00,2.8,0.00,0.00,0.00,-1.4,10.5,196,15.8
2024-01-13T05:00,2.8,0.00,0.00,0.00,-1.4,10.0,193,16.6
2024-01-13T06:00,2.6,0.00,0.00,0.00,-1.5,9.8,197,15.5
2024-01-13T07:00,2.6,0.00,0.00,0.00,-1.7,10.7,192,16.6
2024-01-13T08:00,1.7,0.00,0.00,0.00,-2.6,11.0,199,18.7
2024-01-13T09:00,2.3,0.00,0.00,0.00,-2.1,11.6,196,17.6
2024-01-13T10:00,5.1,0.00,0.00,0.00,0.5,14.4,193,22.7
2024-01-13T11:00,8.3,0.00,0.00,0.00,3.9,14.6,196,25.6
2024-01-13T12:00,11.0,0.00,0.00,0.00,6.1,19.8,199,33.8
2024-01-13T13:00,13.0,0.00,0.00,0.00,7.9,22.8,201,39.2
2024-01-13T14:00,14.3,0.00,0.00,0.00,9.2,23.8,200,40.7
2024-01-13T15:00,15.4,0.00,0.00,0.00,10.6,22.6,205,40.3
2024-01-13T16:00,15.7,0.00,0.00,0.00,11.1,21.9,207,38.5
2024-01-13T17:00,15.9,0.00,0.00,0.00,11.8,18.8,209,36.4
2024-01-13T18:00,15.2,0.00,0.00,0.00,11.9,14.1,212,30.2
2024-01-13T19:00,12.9,0.00,0.00,0.00,10.2,9.9,213,22.3
2024-01-13T20:00,12.3,0.00,0.00,0.00,10.0,7.2,267,14.0
2024-01-13T21:00,13.2,0.00,0.00,0.00,11.3,3.6,264,8.6
2024-01-13T22:00,12.0,0.00,0.00,0.00,10.3,2.3,309,5.4
2024-01-13T23:00,9.3,0.00,0.00,0.00,5.7,15.0,17,16.6
2024-01-14T00:00,4.6,0.00,0.00,0.00,-1.3,22.8,12,41.4
2024-01-14T01:00,3.1,0.00,0.00,0.00,-2.3,18.3,10,37.1
2024-01-14T02:00,2.1,0.00,0.00,0.00,-3.4,17.8,8,29.2
2024-01-14T03:00,1.0,0.00,0.00,0.00,-4.7,17.6,360,31.3
2024-01-14T04:00,-0.3,0.00,0.00,0.00,-5.9,17.3,356,28.4
2024-01-14T05:00,-1.2,0.00,0.00,0.00,-7.2,18.8,357,30.2
2024-01-14T06:00,-1.5,0.00,0.00,0.00,-7.6,19.1,4,33.5
2024-01-14T07:00,-1.5,0.00,0.00,0.00,-7.7,18.9,8,32.4
2024-01-14T08:00,-4.3,0.00,0.00,0.00,-10.5,19.2,8,36.0
2024-01-14T09:00,-3.9,0.00,0.00,0.00,-10.0,18.4,3,32.0
2024-01-14T10:00,-3.7,0.00,0.00,0.00,-9.6,17.3,5,33.5
2024-01-14T11:00,-2.8,0.00,0.00,0.00,-8.6,17.3,358,30.6
2024-01-14T12:00,-2.8,0.10,0.00,0.10,-8.6,17.3,1,31.3
2024-01-14T13:00,-1.4,0.00,0.00,0.00,-7.0,16.8,9,30.6
2024-01-14T14:00,-1.3,0.00,0.00,0.00,-6.9,17.3,12,31.3
2024-01-14T15:00,0.1,0.00,0.00,0.00,-5.5,16.7,19,32.8
2024-01-14T16:00,0.3,0.00,0.00,0.00,-5.5,18.3,20,32.4
2024-01-14T17:00,0.2,0.00,0.00,0.00,-5.5,17.3,21,32.8
2024-01-14T18:00,-0.3,0.10,0.00,0.10,-6.3,19.6,20,32.0
2024-01-14T19:00,-1.0,0.10,0.00,0.10,-6.9,18.9,21,32.8
2024-01-14T20:00,-6.2,0.00,0.00,0.00,-12.3,19.4,10,35.6
2024-01-14T21:00,-6.5,0.10,0.00,0.10,-12.9,21.3,5,36.7
2024-01-14T22:00,-6.7,0.10,0.00,0.10,-13.1,21.3,2,36.4
2024-01-14T23:00,-6.4,0.10,0.00,0.10,-12.5,19.9,6,36.0
2024-01-15T00:00,-5.5,0.20,0.00,0.20,-11.8,22.1,7,36.0
2024-01-15T01:00,-5.4,0.20,0.00,0.20,-11.6,21.6,2,37.1
2024-01-15T02:00,-5.1,0.20,0.00,0.20,-11.1,20.2,1,36.0
2024-01-15T03:00,-5.0,0.20,0.00,0.20,-10.7,18.8,3,33.8
2024-01-15T04:00,-5.0,0.10,0.00,0.10,-11.1,22.0,5,36.0
2024-01-15T05:00,-4.7,0.10,0.00,0.10,-10.6,20.5,3,37.1
2024-01-15T06:00,-4.7,0.10,0.00,0.10,-10.5,19.4,1,34.2
2024-01-15T07:00,-4.5,0.20,0.00,0.20,-10.0,18.0,359,32.8
2024-01-15T08:00,-7.9,0.20,0.00,0.20,-13.9,18.8,353,34.9
2024-01-15T09:00,-7.4,0.30,0.00,0.30,-13.5,20.3,353,35.3
2024-01-15T10:00,-6.7,0.00,0.00,0.00,-12.9,20.3,353,36.0
2024-01-15T11:00,-5.6,0.00,0.00,0.00,-11.3,17.7,354,34.2
2024-01-15T12:00,-4.3,0.00,0.00,0.00,-10.1,18.4,359,35.6
2024-01-15T13:00,-2.8,0.00,0.00,0.00,-8.8,19.8,360,37.1
2024-01-15T14:00,-1.7,0.00,0.00,0.00,-6.7,12.6,3,36.4
2024-01-15T15:00,0.5,0.00,0.00,0.00,-4.0,8.9,14,31.7
2024-01-15T16:00,2.8,0.00,0.00,0.00,-2.5,14.9,20,31.0
2024-01-15T17:00,3.2,0.00,0.00,0.00,-2.5,17.3,21,31.7
2024-01-15T18:00,1.9,0.00,0.00,0.00,-3.8,17.8,21,31.3
2024-01-15T19:00,-0.8,0.00,0.00,0.00,-5.8,12.7,25,28.1
2024-01-15T20:00,-5.4,0.00,0.00,0.00,-11.9,21.6,4,36.4
2024-01-15T21:00,-5.8,0.00,0.00,0.00,-12.4,22.1,7,37.8
2024-01-15T22:00,-6.1,0.00,0.00,0.00,-13.2,25.3,5,42.8
2024-01-15T23:00,-6.0,0.00,0.00,0.00,-12.7,21.7,6,42.1
2024-01-16T00:00,-5.8,0.00,0.00,0.00,-12.8,23.8,2,43.2
2024-01-16T01:00,-5.9,0.00,0.00,0.00,-13.2,25.7,6,42.5
2024-01-16T02:00,-6.1,0.00,0.00,0.00,-13.3,24.2,3,44.6
2024-01-16T03:00,-6.5,0.00,0.00,0.00,-14.1,27.0,359,46.1
2024-01-16T04:00,-7.0,0.00,0.00,0.00,-14.5,25.9,360,44.6
2024-01-16T05:00,-7.4,0.00,0.00,0.00,-14.8,25.6,356,44.6
2024-01-16T06:00,-7.6,0.00,0.00,0.00,-15.1,26.1,354,43.9
2024-01-16T07:00,-7.8,0.00,0.00,0.00,-14.8,22.1,353,42.5
2024-01-16T08:00,-8.1,0.00,0.00,0.00,-15.1,22.5,347,46.1
2024-01-16T09:00,-8.0,0.00,0.00,0.00,-15.4,25.3,354,46.8
2024-01-16T10:00,-6.8,0.00,0.00,0.00,-14.3,26.3,3,44.6
2024-01-16T11:00,-5.6,0.00,0.00,0.00,-13.0,25.6,3,49.0
2024-01-16T12:00,-4.2,0.00,0.00,0.00,-11.4,23.9,5,50.4
2024-01-16T13:00,-2.7,0.00,0.00,0.00,-9.3,22.0,1,50.8
2024-01-16T14:00,-1.4,0.00,0.00,0.00,-7.9,23.4,358,46.1
2024-01-16T15:00,-0.8,0.00,0.00,0.00,-7.1,21.2,359,45.0
2024-01-16T16:00,-0.6,0.00,0.00,0.00,-6.9,18.4,1,39.6
2024-01-16T17:00,-0.7,0.00,0.00,0.00,-6.9,16.6,5,34.2
2024-01-16T18:00,-1.6,0.00,0.00,0.00,-7.6,15.3,8,29.9
2024-01-16T19:00,-3.9,0.00,0.00,0.00,-8.8,8.0,10,25.6
2024-01-16T20:00,-3.9,0.00,0.00,0.00,-8.9,9.0,29,15.1
2024-01-16T21:00,-4.6,0.00,0.00,0.00,-9.4,8.0,27,15.8
2024-01-16T22:00,-5.2,0.00,0.00,0.00,-9.8,6.8,32,14.8
2024-01-16T23:00,-5.7,0.00,0.00,0.00,-10.1,5.6,27,11.9
2024-01-17T00:00,-6.2,0.00,0.00,0.00,-10.8,7.1,15,9.4
2024-01-17T01:00,-5.2,0.00,0.00,0.00,-9.3,4.0,27,9.0
2024-01-17T02:00,-5.3,0.00,0.00,0.00,-9.4,4.1,45,6.5
2024-01-17T03:00,-5.3,0.00,0.00,0.00,-9.2,2.7,113,6.5
2024-01-17T04:00,-5.4,0.00,0.00,0.00,-9.3,2.6,146,4.3
2024-01-17T05:00,-5.5,0.00,0.00,0.00,-9.3,1.8,127,4.3
2024-01-17T06:00,-5.6,0.00,0.00,0.00,-9.2,0.7,360,3.2
2024-01-17T07:00,-5.7,0.00,0.00,0.00,-9.6,2.9,240,3.6
2024-01-17T08:00,-7.5,0.00,0.00,0.00,-11.3,1.8,270,4.7
2024-01-17T09:00,-7.5,0.00,0.00,0.00,-11.5,3.4,238,4.7
2024-01-17T10:00,-5.3,0.00,0.00,0.00,-9.3,2.2,189,10.8
2024-01-17T11:00,-2.5,0.00,0.00,0.00,-6.8,4.6,162,15.1
2024-01-17T12:00,0.4,0.00,0.00,0.00,-4.7,9.6,160,22.0
2024-01-17T13:00,2.7,0.00,0.00,0.00,-2.4,12.3,159,26.6
2024-01-17T14:00,4.7,0.00,0.00,0.00,-0.7,14.9,165,29.9
2024-01-17T15:00,6.1,0.00,0.00,0.00,0.1,17.6,169,33.5
2024-01-17T16:00,6.7,0.00,0.00,0.00,0.2,18.5,172,34.2
2024-01-17T17:00,6.5,0.00,0.00,0.00,-0.2,19.6,173,33.8
2024-01-17T18:00,5.4,0.00,0.00,0.00,-0.9,16.8,170,33.8
2024-01-17T19:00,2.3,0.00,0.00,0.00,-3.6,14.4,167,27.0
2024-01-17T20:00,1.9,0.00,0.00,0.00,-3.4,12.4,172,19.4
2024-01-17T21:00,1.4,0.00,0.00,0.00,-3.8,12.6,175,19.8
2024-01-17T22:00,1.0,0.00,0.00,0.00,-3.9,13.4,185,21.2
2024-01-17T23:00,1.0,0.00,0.00,0.00,-3.8,13.8,189,22.3
2024-01-18T00:00,0.8,0.00,0.00,0.00,-3.3,10.5,202,22.3
2024-01-18T01:00,1.1,0.00,0.00,0.00,-3.0,11.6,206,18.7
2024-01-18T02:00,1.5,0.00,0.00,0.00,-2.8,14.2,201,22.3
2024-01-18T03:00,1.9,0.00,0.00,0.00,-2.5,15.3,204,24.1
2024-01-18T04:00,2.2,0.00,0.00,0.00,-1.9,13.3,221,25.6
2024-01-18T05:00,1.9,0.00,0.00,0.00,-1.8,11.0,212,20.9
2024-01-18T06:00,2.2,0.00,0.00,0.00,-1.7,12.0,221,19.1
2024-01-18T07:00,2.5,0.00,0.00,0.00,-1.5,13.0,219,20.5
2024-01-18T08:00,3.3,0.00,0.00,0.00,-0.7,13.0,226,20.2
2024-01-18T09:00,3.9,0.00,0.00,0.00,-0.3,14.5,226,22.3
2024-01-18T10:00,6.7,0.00,0.00,0.00,2.6,15.2,239,24.8
2024-01-18T11:00,9.9,0.00,0.00,0.00,6.1,14.2,234,25.9
2024-01-18T12:00,12.7,0.00,0.00,0.00,9.2,13.1,238,26.3
2024-01-18T13:00,15.6,0.00,0.00,0.00,13.0,11.3,243,25.9
2024-01-18T14:00,18.0,0.00,0.00,0.00,16.3,9.8,242,23.0
2024-01-18T15:00,19.8,0.00,0.00,0.00,18.7,6.0,253,21.2
2024-01-18T16:00,20.7,0.00,0.00,0.00,19.6,2.7,247,15.5
2024-01-18T17:00,20.8,0.00,0.00,0.00,19.7,3.6,174,10.1
2024-01-18T18:00,18.1,0.00,0.00,0.00,17.6,6.2,144,8.3
2024-01-18T19:00,12.1,0.00,0.00,0.00,9.8,12.5,141,14.4
2024-01-18T20:00,12.7,0.00,0.00,0.00,10.2,11.4,198,15.1
2024-01-18T21:00,14.6,0.00,0.00,0.00,13.3,2.7,293,12.6
2024-01-18T22:00,13.4,0.00,0.00,0.00,11.9,3.6,264,4.3
2024-01-18T23:00,10.5,0.00,0.00,0.00,8.9,4.0,297,6.5
2024-01-19T00:00,8.6,0.00,0.00,0.00,6.1,10.1,360,13.3
2024-01-19T01:00,8.9,0.00,0.00,0.00,4.7,17.3,17,26.3
2024-01-19T02:00,8.3,0.00,0.00,0.00,3.5,18.5,13,29.2
2024-01-19T03:00,7.6,0.00,0.00,0.00,2.2,21.4,13,33.1
2024-01-19T04:00,7.0,0.00,0.00,0.00,1.4,22.9,13,36.0
2024-01-19T05:00,6.4,0.00,0.00,0.00,0.2,26.1,12,41.0
2024-01-19T06:00,5.5,0.00,0.00,0.00,-1.3,28.9,11,46.1
2024-01-19T07:00,4.3,0.00,0.00,0.00,-2.8,29.6,10,47.9
2024-01-19T08:00,3.8,0.00,0.00,0.00,-3.3,28.9,4,46.1
2024-01-19T09:00,2.4,0.00,0.00,0.00,-4.6,28.4,1,46.1
2024-01-19T10:00,2.0,0.00,0.00,0.00,-5.3,30.6,358,49.7
2024-01-19T11:00,2.6,0.00,0.00,0.00,-4.7,30.2,359,51.8
2024-01-19T12:00,3.7,0.00,0.00,0.00,-3.5,28.8,359,51.5
2024-01-19T13:00,4.7,0.00,0.00,0.00,-2.2,28.4,359,50.0
2024-01-19T14:00,5.4,0.00,0.00,0.00,-1.3,28.5,358,49.7
2024-01-19T15:00,6.0,0.00,0.00,0.00,-0.7,27.7,360,49.7
2024-01-19T16:00,6.2,0.00,0.00,0.00,-0.7,26.6,360,48.2
2024-01-19T17:00,5.9,0.00,0.00,0.00,-0.9,25.2,3,46.1
2024-01-19T18:00,4.9,0.00,0.00,0.00,-1.6,22.8,6,42.8
2024-01-19T19:00,3.3,0.00,0.00,0.00,-2.5,18.3,10,37.8
2024-01-19T20:00,2.5,0.00,0.00,0.00,-3.6,19.4,15,30.6
2024-01-19T21:00,1.4,0.00,0.00,0.00,-4.8,19.5,12,31.7
2024-01-19T22:00,0.5,0.00,0.00,0.00,-5.8,20.2,11,32.4
2024-01-19T23:00,-0.2,0.00,0.00,0.00,-6.2,18.1,13,32.0
2024-01-20T00:00,-0.7,0.00,0.00,0.00,-6.4,15.9,13,28.8
2024-01-20T01:00,-1.2,0.00,0.00,0.00,-6.8,15.7,11,25.6
2024-01-20T02:00,-1.6,0.00,0.00,0.00,-7.2,15.4,11,25.2
2024-01-20T03:00,-1.9,0.00,0.00,0.00,-7.6,16.0,14,25.2
2024-01-20T04:00,-2.3,0.00,0.00,0.00,-8.2,17.3,17,27.4
2024-01-20T05:00,-2.7,0.00,0.00,0.00,-8.7,17.5,14,28.1
2024-01-20T06:00,-3.1,0.00,0.00,0.00,-9.0,16.4,15,28.1
2024-01-20T07:00,-3.5,0.00,0.00,0.00,-9.3,15.2,14,26.6
2024-01-20T08:00,-3.7,0.00,0.00,0.00,-9.4,15.4,11,24.1
2024-01-20T09:00,-3.7,0.00,0.00,0.00,-9.7,16.9,20,25.9
2024-01-20T10:00,-2.7,0.00,0.00,0.00,-8.7,17.1,22,29.5
2024-01-20T11:00,-1.2,0.00,0.00,0.00,-7.0,16.2,21,30.6
2024-01-20T12:00,0.4,0.00,0.00,0.00,-5.3,15.6,29,31.0
2024-01-20T13:00,2.0,0.00,0.00,0.00,-3.1,14.1,32,30.6
2024-01-20T14:00,3.3,0.00,0.00,0.00,-1.4,14.2,30,29.5
2024-01-20T15:00,4.4,0.00,0.00,0.00,-0.4,14.3,34,29.5
2024-01-20T16:00,5.0,0.00,0.00,0.00,-0.4,14.1,38,29.2
2024-01-20T17:00,4.9,0.00,0.00,0.00,-0.4,14.3,41,28.1
2024-01-20T18:00,4.2,0.00,0.00,0.00,-1.1,13.5,48,26.6
2024-01-20T19:00,3.5,0.00,0.00,0.00,-1.4,11.6,54,23.4
2024-01-20T20:00,4.5,0.00,0.00,0.00,-0.4,10.8,69,18.4
2024-01-20T21:00,4.2,0.00,0.00,0.00,-0.8,11.8,67,19.1
2024-01-20T22:00,3.9,0.00,0.00,0.00,-1.3,13.2,64,21.6
2024-01-20T23:00,3.6,0.00,0.00,0.00,-1.3,11.9,65,21.6
2024-01-21T00:00,3.6,0.00,0.00,0.00,-1.1,9.9,71,19.1
2024-01-21T01:00,3.5,0.00,0.00,0.00,-1.0,8.7,66,16.2
2024-01-21T02:00,3.2,0.00,0.00,0.00,-1.0,7.9,60,14.4
2024-01-21T03:00,3.3,0.00,0.00,0.00,-1.0,7.9,66,13.7
2024-01-21T04:00,3.2,0.00,0.00,0.00,-1.0,7.5,55,13.3
2024-01-21T05:00,3.2,0.00,0.00,0.00,-1.1,8.6,75,14.4
2024-01-21T06:00,3.3,0.00,0.00,0.00,-0.8,7.3,70,14.4
2024-01-21T07:00,3.4,0.00,0.00,0.00,-0.7,8.1,77,13.0
2024-01-21T08:00,4.0,0.00,0.00,0.00,-0.1,8.2,75,14.4
2024-01-21T09:00,4.1,0.00,0.00,0.00,-0.1,8.8,71,14.4
2024-01-21T10:00,4.2,0.00,0.00,0.00,-0.3,10.8,90,19.1
2024-01-21T11:00,4.3,0.00,0.00,0.00,-0.3,12.4,100,22.7
2024-01-21T12:00,4.3,0.10,0.00,0.10,-0.2,12.4,100,23.4
2024-01-21T13:00,4.1,0.20,0.00,0.20,-0.3,12.9,103,23.4
2024-01-21T14:00,4.2,0.10,0.00,0.10,-0.1,13.0,109,25.6
2024-01-21T15:00,4.3,0.10,0.00,0.10,0.5,10.4,104,24.1
2024-01-21T16:00,4.3,0.20,0.00,0.20,0.7,10.1,94,20.5
2024-01-21T17:00,4.3,0.20,0.00,0.20,0.4,12.8,101,22.0
2024-01-21T18:00,4.1,0.10,0.00,0.10,0.2,13.8,96,25.6
2024-01-21T19:00,4.3,0.00,0.00,0.00,0.6,12.3,97,23.0
2024-01-21T20:00,3.7,0.00,0.00,0.00,0.2,10.5,98,19.1
2024-01-21T21:00,3.8,0.30,0.00,0.30,0.2,13.1,99,21.2
2024-01-21T22:00,4.1,0.50,0.00,0.50,0.5,14.1,105,24.1
2024-01-21T23:00,4.3,0.50,0.00,0.50,0.7,14.0,113,23.0
2024-01-22T00:00,4.5,1.50,0.00,1.50,0.4,18.0,119,29.2
2024-01-22T01:00,5.5,0.10,0.00,0.10,2.0,14.7,121,29.5
2024-01-22T02:00,6.2,0.20,0.00,0.20,3.2,12.8,122,23.0
2024-01-22T03:00,6.4,0.20,0.00,0.20,4.3,7.2,72,20.5
2024-01-22T04:00,6.9,0.20,0.00,0.20,4.9,8.0,100,11.5
2024-01-22T05:00,8.0,0.50,0.00,0.50,6.2,8.0,100,11.5
2024-01-22T06:00,9.3,1.10,0.00,1.10,7.8,7.9,129,14.8
2024-01-22T07:00,9.6,2.30,0.00,2.30,8.3,7.3,110,18.7
2024-01-22T08:00,7.4,7.90,0.00,7.90,5.9,5.4,42,15.1
2024-01-22T09:00,8.6,8.20,0.00,8.20,7.7,2.5,315,9.4
2024-01-22T10:00,8.8,4.40,0.00,4.40,7.2,8.4,110,13.7
2024-01-22T11:00,9.8,1.00,0.00,1.00,8.7,5.8,97,13.0
2024-01-22T12:00,11.0,0.20,0.00,0.20,10.4,4.7,90,10.1
2024-01-22T13:00,11.9,0.20,0.00,0.20,12.1,1.1,270,10.1
2024-01-22T14:00,14.0,0.00,0.00,0.00,13.0,11.9,177,22.0
2024-01-22T15:00,15.8,0.00,0.00,0.00,14.5,15.8,201,27.0
2024-01-22T16:00,17.3,0.10,0.00,0.10,15.7,16.8,215,27.4
2024-01-22T17:00,17.6,0.00,0.00,0.00,16.1,15.7,212,30.2
2024-01-22T18:00,17.1,0.00,0.00,0.00,16.7,8.9,194,26.6
2024-01-22T19:00,13.1,0.00,0.00,0.00,11.9,10.5,184,14.0
2024-01-22T20:00,11.6,0.00,0.00,0.00,10.6,8.2,131,13.0
2024-01-22T21:00,11.2,0.00,0.00,0.00,10.1,8.7,138,13.0
2024-01-22T22:00,12.0,0.00,0.00,0.00,11.6,5.7,125,14.0
2024-01-22T23:00,11.9,0.00,0.00,0.00,11.5,5.5,101,8.3
2024-01-23T00:00,12.0,0.00,0.00,0.00,11.7,5.5,79,7.2
2024-01-23T01:00,12.3,0.30,0.00,0.30,12.4,3.3,49,7.2
2024-01-23T02:00,12.0,0.20,0.00,0.20,11.8,5.0,60,6.8
2024-01-23T03:00,12.1,0.10,0.00,0.10,12.2,3.9,34,6.8
2024-01-23T04:00,12.3,0.20,0.00,0.20,12.1,6.4,52,8.6
2024-01-23T05:00,12.8,3.50,0.00,3.50,12.8,5.8,86,23.4
2024-01-23T06:00,13.0,0.10,0.00,0.10,13.0,6.1,87,10.1
2024-01-23T07:00,12.9,0.00,0.00,0.00,12.7,7.4,119,10.4
2024-01-23T08:00,12.2,0.10,0.00,0.10,11.9,6.5,90,9.7
2024-01-23T09:00,14.1,0.00,0.00,0.00,14.4,5.8,112,9.4
2024-01-23T10:00,14.4,0.00,0.00,0.00,14.9,5.8,176,11.2
2024-01-23T11:00,15.7,5.20,0.00,5.20,16.6,7.1,165,15.5
2024-01-23T12:00,17.2,1.10,0.00,1.10,18.4,8.3,198,19.1
2024-01-23T13:00,17.2,0.60,0.00,0.60,18.8,5.8,263,20.2
2024-01-23T14:00,17.0,0.30,0.00,0.30,17.9,8.7,312,16.6
2024-01-23T15:00,18.2,0.00,0.00,0.00,20.0,3.8,311,18.4
2024-01-23T16:00,18.9,0.00,0.00,0.00,20.7,4.0,355,11.9
2024-01-23T17:00,18.9,0.30,0.00,0.30,20.8,4.0,350,12.2
2024-01-23T18:00,18.1,1.60,0.00,1.60,19.6,6.9,351,13.0
2024-01-23T19:00,16.0,0.20,0.00,0.20,17.2,5.1,8,15.1
2024-01-23T20:00,15.3,0.00,0.00,0.00,15.8,8.0,54,14.4
2024-01-23T21:00,15.1,0.00,0.00,0.00,14.8,13.2,61,20.9
2024-01-23T22:00,14.2,0.00,0.00,0.00,14.0,9.7,59,20.5
2024-01-23T23:00,14.1,0.00,0.00,0.00,13.7,11.6,22,18.7
2024-01-24T00:00,13.7,0.00,0.00,0.00,13.4,9.9,44,18.7
2024-01-24T01:00,13.3,0.20,0.00,0.20,12.6,11.4,18,19.4
2024-01-24T02:00,12.9,0.90,0.00,0.90,12.2,10.5,22,18.0
2024-01-24T03:00,12.8,0.80,0.00,0.80,12.0,10.6,24,19.4
2024-01-24T04:00,12.8,0.90,0.00,0.90,11.7,11.9,2,19.4
2024-01-24T05:00,12.4,1.10,0.00,1.10,11.1,12.8,11,20.9
2024-01-24T06:00,12.1,0.00,0.00,0.00,10.8,11.9,360,20.9
2024-01-24T07:00,11.6,0.00,0.00,0.00,10.6,8.7,7,21.2
2024-01-24T08:00,12.1,0.80,0.00,0.80,11.9,5.4,360,14.0
2024-01-24T09:00,12.5,0.10,0.00,0.10,12.1,6.5,3,11.2
2024-01-24T10:00,12.8,5.60,0.00,5.60,12.4,6.5,34,13.7
2024-01-24T11:00,13.0,1.00,0.00,1.00,11.8,12.7,43,22.3
2024-01-24T12:00,13.9,1.90,0.00,1.90,13.3,9.9,44,23.8
2024-01-24T13:00,13.8,1.10,0.00,1.10,13.4,10.0,13,20.2
2024-01-24T14:00,14.9,0.10,0.00,0.10,14.2,11.4,18,22.0
2024-01-24T15:00,15.5,0.00,0.00,0.00,15.2,9.0,16,22.3
2024-01-24T16:00,16.0,0.00,0.00,0.00,15.8,8.2,38,18.4
2024-01-24T17:00,16.4,0.00,0.00,0.00,16.2,8.2,41,16.9
2024-01-24T18:00,16.2,0.00,0.00,0.00,15.8,9.8,36,16.9
2024-01-24T19:00,15.4,0.00,0.00,0.00,14.9,9.4,40,17.3
2024-01-24T20:00,13.7,0.50,0.00,0.50,13.4,9.0,16,14.4
2024-01-24T21:00,13.4,0.10,0.00,0.10,12.6,11.3,343,17.3
2024-01-24T22:00,13.1,1.20,0.00,1.20,12.1,12.6,329,21.2
2024-01-24T23:00,12.8,2.50,0.00,2.50,11.3,15.1,322,24.8
2024-01-25T00:00,12.5,1.40,0.00,1.40,11.4,11.5,319,25.2
2024-01-25T01:00,12.5,0.60,0.00,0.60,11.7,8.9,333,21.2
2024-01-25T02:00,12.0,1.10,0.00,1.10,12.2,2.0,135,13.7
2024-01-25T03:00,11.8,1.30,0.00,1.30,11.8,2.7,23,12.6
2024-01-25T04:00,11.2,0.30,0.00,0.30,11.3,1.3,304,7.2
2024-01-25T05:00,11.0,0.00,0.00,0.00,10.7,3.5,294,5.4
2024-01-25T06:00,9.5,0.00,0.00,0.00,8.1,8.9,302,13.3
2024-01-25T07:00,9.2,0.00,0.00,0.00,7.4,10.0,334,16.2
2024-01-25T08:00,9.7,0.00,0.00,0.00,8.1,8.5,332,15.8
2024-01-25T09:00,9.6,0.00,0.00,0.00,8.0,8.4,340,13.3
2024-01-25T10:00,11.0,0.00,0.00,0.00,9.6,9.1,351,16.6
2024-01-25T11:00,13.0,0.00,0.00,0.00,11.8,8.8,9,18.7
2024-01-25T12:00,15.2,0.00,0.00,0.00,13.7,11.0,19,23.4
2024-01-25T13:00,16.3,0.00,0.00,0.00,15.8,6.6,41,23.0
2024-01-25T14:00,17.5,0.00,0.00,0.00,17.6,4.7,113,17.6
2024-01-25T15:00,17.8,0.00,0.00,0.00,17.6,4.1,142,15.5
2024-01-25T16:00,18.2,0.00,0.00,0.00,17.9,4.6,108,14.0
2024-01-25T17:00,18.4,0.00,0.00,0.00,18.0,5.8,86,13.7
2024-01-25T18:00,18.0,0.00,0.00,0.00,17.5,7.0,102,13.7
2024-01-25T19:00,14.2,0.00,0.00,0.00,13.3,9.6,103,11.2
2024-01-25T20:00,12.0,0.00,0.00,0.00,10.7,8.9,63,13.7
2024-01-25T21:00,10.8,0.00,0.00,0.00,9.4,8.4,65,14.0
2024-01-25T22:00,9.9,0.00,0.00,0.00,8.6,7.1,66,13.3
2024-01-25T23:00,8.6,0.00,0.00,0.00,7.0,7.6,85,10.8
2024-01-26T00:00,8.5,0.00,0.00,0.00,7.0,6.6,103,10.1
2024-01-26T01:00,7.8,0.00,0.00,0.00,5.8,8.5,102,11.2
2024-01-26T02:00,9.0,0.00,0.00,0.00,7.9,4.3,42,10.1
2024-01-26T03:00,7.3,0.00,0.00,0.00,5.6,6.4,52,7.2
2024-01-26T04:00,7.2,0.00,0.00,0.00,5.5,6.1,50,8.6
2024-01-26T05:00,8.0,0.00,0.00,0.00,7.1,1.8,349,7.2
2024-01-26T06:00,6.6,0.00,0.00,0.00,5.2,3.3,354,3.6
2024-01-26T07:00,6.2,0.00,0.00,0.00,4.3,5.9,14,7.2
2024-01-26T08:00,6.7,0.00,0.00,0.00,4.7,7.3,20,10.1
2024-01-26T09:00,7.8,0.00,0.00,0.00,6.5,4.3,5,9.0
2024-01-26T10:00,10.0,0.00,0.00,0.00,8.8,6.2,36,13.7
2024-01-26T11:00,12.5,0.00,0.00,0.00,11.7,5.7,55,15.8
2024-01-26T12:00,14.7,0.00,0.00,0.00,14.4,5.9,76,16.2
2024-01-26T13:00,16.3,0.00,0.00,0.00,15.3,11.9,119,23.0
2024-01-26T14:00,17.0,0.00,0.00,0.00,16.6,8.0,117,23.4
2024-01-26T15:00,18.7,0.00,0.00,0.00,17.7,12.5,134,23.0
2024-01-26T16:00,18.4,0.00,0.00,0.00,17.3,14.3,135,26.3
2024-01-26T17:00,18.4,0.10,0.00,0.10,18.0,9.0,143,25.2
2024-01-26T18:00,18.5,0.00,0.00,0.00,18.5,6.0,155,16.6
2024-01-26T19:00,17.3,0.00,0.00,0.00,17.7,4.3,114,9.4
2024-01-26T20:00,12.6,0.00,0.00,0.00,11.9,9.1,34,14.4
2024-01-26T21:00,12.1,0.00,0.00,0.00,11.2,9.3,13,15.1
2024-01-26T22:00,11.6,0.00,0.00,0.00,10.3,11.4,342,17.6
2024-01-26T23:00,11.8,0.00,0.00,0.00,10.6,10.8,339,19.4
2024-01-27T00:00,11.2,0.00,0.00,0.00,9.9,10.2,328,16.9
2024-01-27T01:00,10.7,0.00,0.00,0.00,9.2,10.3,324,16.2
2024-01-27T02:00,10.3,0.00,0.00,0.00,8.5,11.7,315,18.0
2024-01-27T03:00,10.0,0.00,0.00,0.00,7.5,15.8,325,24.8
2024-01-27T04:00,9.6,0.00,0.00,0.00,6.8,17.3,317,28.1
2024-01-27T05:00,9.7,0.00,0.00,0.00,6.6,19.4,320,31.3
2024-01-27T06:00,9.8,0.00,0.00,0.00,6.4,21.1,327,33.5
2024-01-27T07:00,9.9,0.00,0.00,0.00,6.4,21.0,329,34.9
2024-01-27T08:00,10.6,0.00,0.00,0.00,8.1,15.7,323,27.7
2024-01-27T09:00,10.5,0.00,0.00,0.00,8.0,15.5,329,24.8
2024-01-27T10:00,11.6,0.00,0.00,0.00,8.2,21.1,323,32.4
2024-01-27T11:00,12.1,0.00,0.00,0.00,7.7,25.5,318,42.8
2024-01-27T12:00,11.9,0.00,0.00,0.00,7.4,24.4,314,43.2
2024-01-27T13:00,12.4,0.00,0.00,0.00,7.7,25.2,317,42.5
2024-01-27T14:00,15.6,0.00,0.00,0.00,10.4,27.9,333,47.5
2024-01-27T15:00,15.5,0.00,0.00,0.00,11.2,25.6,332,47.2
2024-01-27T16:00,15.9,0.00,0.00,0.00,11.8,22.9,332,43.9
2024-01-27T17:00,16.0,0.00,0.00,0.00,11.9,20.9,336,39.2
2024-01-27T18:00,15.3,0.00,0.00,0.00,12.0,16.0,337,34.9
2024-01-27T19:00,12.8,0.00,0.00,0.00,10.5,8.9,333,25.2
2024-01-27T20:00,10.8,0.00,0.00,0.00,8.6,8.3,355,11.9
2024-01-27T21:00,9.6,0.00,0.00,0.00,7.5,7.8,347,11.9
2024-01-27T22:00,8.7,0.00,0.00,0.00,6.4,7.9,336,11.9
2024-01-27T23:00,7.8,0.00,0.00,0.00,5.5,7.7,323,11.5
2024-01-28T00:00,7.1,0.00,0.00,0.00,4.8,7.3,327,11.2
2024-01-28T01:00,6.4,0.00,0.00,0.00,4.1,7.0,325,11.2
2024-01-28T02:00,5.9,0.00,0.00,0.00,3.5,7.3,327,10.8
2024-01-28T03:00,5.6,0.00,0.00,0.00,3.1,7.3,327,11.2
2024-01-28T04:00,5.1,0.00,0.00,0.00,2.5,7.4,331,11.2
2024-01-28T05:00,4.3,0.00,0.00,0.00,1.5,8.2,319,11.2
2024-01-28T06:00,4.0,0.00,0.00,0.00,1.2,7.4,317,11.2
2024-01-28T07:00,3.8,0.00,0.00,0.00,1.0,7.4,321,11.2
2024-01-28T08:00,3.9,0.00,0.00,0.00,1.1,7.6,315,11.9
2024-01-28T09:00,4.6,0.00,0.00,0.00,1.8,8.1,315,12.2
2024-01-28T10:00,7.6,0.00,0.00,0.00,4.9,9.7,315,18.0
2024-01-28T11:00,10.5,0.00,0.00,0.00,7.7,10.4,316,21.2
2024-01-28T12:00,12.6,0.00,0.00,0.00,9.8,10.8,323,22.7
2024-01-28T13:00,14.3,0.00,0.00,0.00,12.3,9.8,332,22.7
2024-01-28T14:00,15.6,0.00,0.00,0.00,14.1,8.7,336,22.0
2024-01-28T15:00,16.5,0.00,0.00,0.00,15.0,7.6,329,20.5
2024-01-28T16:00,16.9,0.00,0.00,0.00,15.1,6.1,315,18.7
2024-01-28T17:00,17.0,0.00,0.00,0.00,14.8,6.0,295,15.8
2024-01-28T18:00,16.4,0.00,0.00,0.00,14.7,4.3,270,13.3
2024-01-28T19:00,12.8,0.00,0.00,0.00,10.6,8.3,236,9.4
2024-01-28T20:00,11.0,0.00,0.00,0.00,8.2,10.4,104,10.8
2024-01-28T21:00,10.2,0.00,0.00,0.00,7.6,8.4,83,13.0
2024-01-28T22:00,8.3,0.00,0.00,0.00,5.2,11.2,96,13.7
2024-01-28T23:00,10.2,0.00,0.00,0.00,7.7,6.2,173,13.0
2024-01-29T00:00,7.2,0.00,0.00,0.00,4.7,6.6,221,9.7
2024-01-29T01:00,6.4,0.00,0.00,0.00,3.7,8.2,221,11.5
2024-01-29T02:00,6.5,0.00,0.00,0.00,3.7,8.5,234,13.0
2024-01-29T03:00,6.7,0.00,0.00,0.00,3.7,9.4,238,14.0
2024-01-29T04:00,6.9,0.00,0.00,0.00,3.8,9.6,236,14.8
2024-01-29T05:00,6.3,0.00,0.00,0.00,3.2,9.0,241,14.0
2024-01-29T06:00,5.7,0.00,0.00,0.00,2.5,9.4,247,12.6
2024-01-29T07:00,4.9,0.00,0.00,0.00,1.5,10.9,264,13.7
2024-01-29T08:00,4.1,0.00,0.00,0.00,0.8,9.8,294,13.7
2024-01-29T09:00,5.6,0.00,0.00,0.00,2.7,7.4,284,12.6
2024-01-29T10:00,9.2,0.00,0.00,0.00,6.4,9.2,291,16.2
2024-01-29T11:00,12.7,0.00,0.00,0.00,10.5,6.9,279,16.2
2024-01-29T12:00,15.6,0.00,0.00,0.00,14.1,5.2,254,15.8
2024-01-29T13:00,17.9,0.00,0.00,0.00,17.0,6.9,223,17.3
2024-01-29T14:00,19.5,0.00,0.00,0.00,18.6,7.7,233,18.4
2024-01-29T15:00,20.3,0.00,0.00,0.00,18.9,8.2,229,18.7
2024-01-29T16:00,20.5,0.00,0.00,0.00,18.5,8.7,225,18.7
2024-01-29T17:00,20.3,0.00,0.00,0.00,18.0,8.7,218,18.0
2024-01-29T18:00,19.1,0.00,0.00,0.00,17.9,5.9,191,16.2
2024-01-29T19:00,15.2,0.00,0.00,0.00,13.3,8.6,178,12.6
2024-01-29T20:00,14.6,0.00,0.00,0.00,12.1,10.0,193,15.1
2024-01-29T21:00,13.4,0.00,0.00,0.00,10.8,9.5,205,15.1
2024-01-29T22:00,12.1,0.00,0.00,0.00,9.7,8.4,220,14.4
2024-01-29T23:00,11.4,0.00,0.00,0.00,9.0,8.4,220,12.6
2024-01-30T00:00,11.2,0.00,0.00,0.00,8.8,8.5,216,13.3
2024-01-30T01:00,10.4,0.00,0.00,0.00,8.0,8.0,216,12.6
2024-01-30T02:00,9.8,0.00,0.00,0.00,7.2,9.2,219,11.9
2024-01-30T03:00,8.6,0.00,0.00,0.00,5.7,10.8,249,13.3
2024-01-30T04:00,8.5,0.00,0.00,0.00,5.8,9.4,268,13.0
2024-01-30T05:00,8.0,0.00,0.00,0.00,5.4,9.4,268,11.9
2024-01-30T06:00,8.0,0.00,0.00,0.00,5.4,8.6,268,11.9
2024-01-30T07:00,7.2,0.00,0.00,0.00,4.6,8.8,279,12.2
2024-01-30T08:00,7.3,0.00,0.00,0.00,4.7,8.1,283,11.9
2024-01-30T09:00,8.2,0.00,0.00,0.00,5.7,7.9,286,11.9
2024-01-30T10:00,11.0,0.00,0.00,0.00,8.5,9.8,287,16.2
2024-01-30T11:00,14.0,0.00,0.00,0.00,11.9,9.0,286,18.4
2024-01-30T12:00,16.6,0.00,0.00,0.00,14.8,8.8,289,19.4
2024-01-30T13:00,18.7,0.00,0.00,0.00,17.8,7.8,283,19.8
2024-01-30T14:00,20.2,0.00,0.00,0.00,19.3,7.4,293,18.7
2024-01-30T15:00,20.8,0.00,0.00,0.00,19.8,6.0,303,18.4
2024-01-30T16:00,21.1,0.00,0.00,0.00,20.0,3.1,291,16.2
2024-01-30T17:00,21.1,0.00,0.00,0.00,20.1,0.4,270,11.5
2024-01-30T18:00,20.2,0.00,0.00,0.00,20.3,1.8,101,6.8
2024-01-30T19:00,18.3,0.00,0.00,0.00,16.8,6.0,123,6.8
2024-01-30T20:00,13.8,0.00,0.00,0.00,11.3,11.7,171,13.7
2024-01-30T21:00,12.1,0.00,0.00,0.00,9.5,11.5,212,14.4
2024-01-30T22:00,11.2,0.00,0.00,0.00,8.5,10.4,236,13.3
2024-01-30T23:00,10.7,0.00,0.00,0.00,8.1,8.8,235,12.6
2024-01-31T00:00,10.5,0.00,0.00,0.00,7.8,8.9,230,13.0
2024-01-31T01:00,10.4,0.00,0.00,0.00,7.5,9.3,234,14.0
2024-01-31T02:00,9.5,0.00,0.00,0.00,6.6,9.1,252,14.0
2024-01-31T03:00,8.2,0.00,0.00,0.00,5.1,10.5,276,13.0
2024-01-31T04:00,7.9,0.00,0.00,0.00,5.0,9.0,286,13.0
2024-01-31T05:00,8.0,0.00,0.00,0.00,5.2,8.5,298,12.6
2024-01-31T06:00,8.0,0.00,0.00,0.00,5.1,9.4,293,14.8
2024-01-31T07:00,7.8,0.00,0.00,0.00,4.7,10.3,295,15.8
2024-01-31T08:00,7.1,0.00,0.00,0.00,4.1,10.3,299,15.8
2024-01-31T09:00,7.8,0.00,0.00,0.00,4.5,12.2,298,18.4
2024-01-31T10:00,10.5,0.00,0.00,0.00,7.5,12.1,297,21.6
2024-01-31T11:00,14.2,0.00,0.00,0.00,12.4,7.8,292,20.2
2024-01-31T12:00,17.6,0.00,0.00,0.00,16.4,6.4,308,17.6
2024-01-31T13:00,20.1,0.00,0.00,0.00,19.8,2.2,360,16.2
2024-01-31T14:00,21.2,0.00,0.00,0.00,20.6,4.8,117,14.4
2024-01-31T15:00,21.7,0.00,0.00,0.00,20.3,8.2,128,19.1
2024-01-31T16:00,21.8,0.00,0.00,0.00,19.6,9.4,140,20.2
2024-01-31T17:00,21.4,0.00,0.00,0.00,18.8,10.6,152,20.2
2024-01-31T18:00,20.1,0.00,0.00,0.00,18.4,8.1,148,19.4
2024-01-31T19:00,16.3,0.00,0.00,0.00,14.7,8.2,142,12.6
2024-01-31T20:00,15.5,0.00,0.00,0.00,13.6,8.4,170,12.2
2024-01-31T21:00,14.7,0.00,0.00,0.00,12.3,9.2,191,14.0
2024-01-31T22:00,13.3,0.00,0.00,0.00,10.8,8.9,207,14.0
2024-01-31T23:00,12.0,0.00,0.00,0.00,9.6,8.9,212,13.0
2024-02-01T00:00,11.6,0.00,0.00,0.00,9.1,9.2,219,13.7
2024-02-01T01:00,11.3,0.00,0.00,0.00,8.8,8.4,227,14.0
2024-02-01T02:00,9.5,0.00,0.00,0.00,6.8,9.6,214,13.0
2024-02-01T03:00,8.7,0.00,0.00,0.00,6.0,9.7,219,13.0
2024-02-01T04:00,9.4,0.00,0.00,0.00,6.9,9.2,228,12.6
2024-02-01T05:00,9.2,0.00,0.00,0.00,7.0,7.6,175,10.8
2024-02-01T06:00,10.0,0.00,0.00,0.00,7.8,7.8,193,10.8
2024-02-01T07:00,10.8,0.00,0.00,0.00,8.2,11.0,212,18.0
2024-02-01T08:00,9.7,0.00,0.00,0.00,7.8,7.4,203,12.6
2024-02-01T09:00,10.1,0.00,0.00,0.00,8.5,6.5,186,11.2
2024-02-01T10:00,12.4,0.00,0.00,0.00,11.2,5.8,158,13.3
2024-02-01T11:00,14.9,0.00,0.00,0.00,14.0,6.8,177,16.6
2024-02-01T12:00,17.3,0.00,0.00,0.00,16.3,10.8,182,22.3
2024-02-01T13:00,19.3,0.00,0.00,0.00,18.3,16.2,181,30.2
2024-02-01T14:00,20.7,0.00,0.00,0.00,19.5,19.7,188,34.6
2024-02-01T15:00,21.6,0.00,0.00,0.00,19.1,24.9,200,42.5
2024-02-01T16:00,21.0,0.00,0.00,0.00,18.4,23.1,195,42.8
2024-02-01T17:00,20.9,0.00,0.00,0.00,18.6,21.5,194,38.5
2024-02-01T18:00,20.5,0.00,0.00,0.00,18.7,18.4,181,35.3
2024-02-01T19:00,19.5,0.00,0.00,0.00,18.0,15.5,175,29.5
2024-02-01T20:00,17.4,0.00,0.00,0.00,16.3,12.6,153,20.2
2024-02-01T21:00,16.9,0.00,0.00,0.00,15.6,13.6,158,22.0
2024-02-01T22:00,16.1,0.00,0.00,0.00,15.0,14.1,165,22.3
2024-02-01T23:00,15.4,0.00,0.00,0.00,14.1,15.6,172,24.5
2024-02-02T00:00,14.7,0.00,0.00,0.00,13.6,15.1,181,24.5
2024-02-02T01:00,14.3,0.00,0.00,0.00,13.4,13.4,188,23.8
2024-02-02T02:00,13.9,0.00,0.00,0.00,13.3,11.3,187,21.2
2024-02-02T03:00,13.5,0.00,0.00,0.00,13.0,9.4,187,17.6
2024-02-02T04:00,13.3,0.00,0.00,0.00,12.9,8.7,185,14.8
2024-02-02T05:00,13.1,0.00,0.00,0.00,12.8,7.9,180,13.7
2024-02-02T06:00,13.3,0.00,0.00,0.00,12.9,8.5,168,13.3
2024-02-02T07:00,13.5,0.00,0.00,0.00,13.1,9.8,163,15.5
2024-02-02T08:00,15.1,0.00,0.00,0.00,15.1,11.2,159,17.6
2024-02-02T09:00,15.5,0.00,0.00,0.00,15.4,12.4,154,19.1
2024-02-02T10:00,16.2,0.00,0.00,0.00,16.0,13.7,153,22.0
2024-02-02T11:00,17.3,0.00,0.00,0.00,16.4,19.3,159,31.0
2024-02-02T12:00,18.2,0.10,0.00,0.10,17.0,22.8,164,36.4
2024-02-02T13:00,19.6,0.40,0.00,0.40,18.5,23.1,185,43.6
2024-02-02T14:00,20.1,0.00,0.00,0.00,18.8,23.0,180,42.1
2024-02-02T15:00,19.9,1.90,0.00,1.90,19.3,19.8,181,37.8
2024-02-02T16:00,19.7,4.30,0.00,4.30,19.7,17.7,163,34.9
2024-02-02T17:00,20.0,1.10,0.00,1.10,20.0,16.4,147,32.8
2024-02-02T18:00,19.4,0.50,0.00,0.50,20.9,7.8,158,25.2
2024-02-02T19:00,18.1,1.50,0.00,1.50,19.7,4.9,107,13.3
2024-02-02T20:00,18.0,0.30,0.00,0.30,18.1,14.4,127,24.8
2024-02-02T21:00,17.3,0.60,0.00,0.60,17.4,14.6,123,23.8
2024-02-02T22:00,16.8,1.80,0.00,1.80,16.9,13.6,130,23.8
2024-02-02T23:00,16.4,7.70,0.00,7.70,17.4,6.5,161,22.3
2024-02-03T00:00,16.5,3.20,0.00,3.20,15.4,20.9,126,31.0
2024-02-03T01:00,16.5,0.20,0.00,0.20,16.3,15.1,142,37.1
2024-02-03T02:00,15.9,4.40,0.00,4.40,15.5,15.3,285,23.8
2024-02-03T03:00,15.9,9.30,0.00,9.30,16.8,3.7,241,31.3
2024-02-03T04:00,14.3,7.70,0.00,7.70,14.4,5.3,242,25.6
2024-02-03T05:00,14.1,2.00,0.00,2.00,13.8,7.6,245,18.7
2024-02-03T06:00,13.3,0.30,0.00,0.30,13.4,4.1,225,14.8
2024-02-03T07:00,12.8,0.00,0.00,0.00,12.6,4.9,306,9.4
2024-02-03T08:00,13.0,0.40,0.00,0.40,13.1,5.8,330,13.3
2024-02-03T09:00,13.6,0.10,0.00,0.10,14.0,4.1,345,16.9
2024-02-03T10:00,14.6,0.20,0.00,0.20,14.7,8.5,306,14.4
2024-02-03T11:00,16.8,0.00,0.00,0.00,16.1,11.3,292,21.2
2024-02-03T12:00,18.9,0.00,0.00,0.00,17.7,11.5,284,22.0
2024-02-03T13:00,20.2,0.00,0.00,0.00,16.3,17.4,292,31.0
2024-02-03T14:00,20.7,0.10,0.00,0.10,18.0,12.5,282,30.6
2024-02-03T15:00,21.8,0.00,0.00,0.00,18.6,14.6,279,25.6
2024-02-03T16:00,21.8,0.00,0.00,0.00,17.1,20.7,277,36.4
2024-02-03T17:00,21.1,0.00,0.00,0.00,15.7,21.7,275,37.8
2024-02-03T18:00,19.7,0.00,0.00,0.00,15.1,18.0,282,34.6
2024-02-03T19:00,16.1,0.00,0.00,0.00,13.1,8.2,285,29.2
2024-02-03T20:00,12.9,0.00,0.00,0.00,10.1,9.2,281,13.7
2024-02-03T21:00,11.5,0.00,0.00,0.00,9.0,8.1,283,11.9
2024-02-03T22:00,10.7,0.00,0.00,0.00,8.0,8.2,255,12.2
2024-02-03T23:00,11.4,0.00,0.00,0.00,7.7,11.5,270,17.3
2024-02-04T00:00,11.9,0.00,0.00,0.00,7.8,11.9,270,19.1
2024-02-04T01:00,10.8,0.00,0.00,0.00,7.0,10.5,248,18.4
2024-02-04T02:00,10.6,0.00,0.00,0.00,6.5,12.0,249,18.4
2024-02-04T03:00,10.8,0.00,0.00,0.00,6.5,12.7,255,20.2
2024-02-04T04:00,11.9,0.00,0.00,0.00,7.1,15.9,274,24.5
2024-02-04T05:00,12.8,0.00,0.00,0.00,7.5,18.4,281,29.2
2024-02-04T06:00,13.0,0.00,0.00,0.00,7.4,19.9,276,31.7
2024-02-04T07:00,12.9,0.00,0.00,0.00,7.2,20.4,278,32.4
2024-02-04T08:00,13.2,0.00,0.00,0.00,7.1,24.4,279,40.7
2024-02-04T09:00,13.3,0.00,0.00,0.00,7.2,24.6,281,39.2
2024-02-04T10:00,14.8,0.00,0.00,0.00,8.8,26.0,284,41.4
2024-02-04T11:00,16.5,0.00,0.00,0.00,10.7,26.4,287,41.8
2024-02-04T12:00,17.6,0.00,0.00,0.00,11.2,33.3,295,54.7
2024-02-04T13:00,18.2,0.00,0.00,0.00,12.3,36.3,309,59.8
2024-02-04T14:00,18.2,0.00,0.00,0.00,12.5,37.4,317,62.6
2024-02-04T15:00,18.3,0.00,0.00,0.00,12.9,34.7,326,62.3
2024-02-04T16:00,18.7,0.00,0.00,0.00,13.1,32.2,331,58.3
2024-02-04T17:00,18.5,0.00,0.00,0.00,13.1,29.0,328,53.6
2024-02-04T18:00,17.7,0.00,0.00,0.00,13.3,23.6,321,47.2
2024-02-04T19:00,16.2,0.00,0.00,0.00,12.6,16.2,323,37.4
2024-02-04T20:00,15.4,0.00,0.00,0.00,11.7,13.8,311,29.9
2024-02-04T21:00,14.0,0.00,0.00,0.00,10.7,11.6,300,22.0
2024-02-04T22:00,13.3,0.00,0.00,0.00,9.8,12.8,310,20.2
2024-02-04T23:00,14.1,0.00,0.00,0.00,9.7,20.9,331,31.7
2024-02-05T00:00,13.8,0.00,0.00,0.00,9.7,20.5,338,36.0
2024-02-05T01:00,13.0,0.00,0.00,0.00,8.7,22.3,337,35.3
2024-02-05T02:00,12.2,0.00,0.00,0.00,7.1,27.4,335,43.6
2024-02-05T03:00,11.6,0.00,0.00,0.00,6.4,28.0,336,45.0
2024-02-05T04:00,11.1,0.00,0.00,0.00,6.1,27.1,337,45.0
2024-02-05T05:00,10.6,0.00,0.00,0.00,5.6,26.7,339,43.6
2024-02-05T06:00,10.3,0.00,0.00,0.00,5.3,27.2,345,43.9
2024-02-05T07:00,11.1,0.00,0.00,0.00,6.2,26.5,345,45.0
2024-02-05T08:00,12.1,0.00,0.00,0.00,7.7,24.0,343,38.9
2024-02-05T09:00,11.9,0.00,0.00,0.00,7.5,23.9,342,38.9
2024-02-05T10:00,12.3,0.00,0.00,0.00,7.3,27.9,343,43.9
2024-02-05T11:00,12.8,0.00,0.00,0.00,7.3,31.6,349,52.6
2024-02-05T12:00,13.5,0.00,0.00,0.00,8.3,30.0,350,52.2
2024-02-05T13:00,14.6,0.00,0.00,0.00,9.6,28.1,347,49.7
2024-02-05T14:00,15.5,0.00,0.00,0.00,10.7,27.2,349,47.5
2024-02-05T15:00,16.0,0.00,0.00,0.00,11.5,25.2,350,46.4
2024-02-05T16:00,17.0,0.00,0.00,0.00,12.7,23.9,353,43.2
2024-02-05T17:00,17.2,0.00,0.00,0.00,13.3,21.4,352,41.0
2024-02-05T18:00,17.1,0.00,0.00,0.00,13.8,17.0,356,36.0
2024-02-05T19:00,15.0,0.00,0.00,0.00,12.6,11.2,2,27.0
2024-02-05T20:00,12.6,0.00,0.00,0.00,10.6,8.2,345,11.9
2024-02-05T21:00,12.2,0.00,0.00,0.00,9.8,10.7,346,16.6
2024-02-05T22:00,11.5,0.00,0.00,0.00,9.1,10.3,348,16.9
2024-02-05T23:00,10.7,0.00,0.00,0.00,8.3,10.6,342,16.6
2024-02-06T00:00,10.1,0.00,0.00,0.00,7.7,10.0,345,16.6
2024-02-06T01:00,9.4,0.00,0.00,0.00,7.1,9.3,347,15.8
2024-02-06T02:00,8.7,0.00,0.00,0.00,6.5,8.7,343,14.4
2024-02-06T03:00,8.3,0.00,0.00,0.00,5.9,9.6,340,14.8
2024-02-06T04:00,7.9,0.00,0.00,0.00,5.5,9.1,342,14.8
2024-02-06T05:00,7.4,0.00,0.00,0.00,5.0,8.8,351,14.4
2024-02-06T06:00,7.0,0.00,0.00,0.00,4.6,8.3,358,13.3
2024-02-06T07:00,6.4,0.00,0.00,0.00,4.1,7.2,357,12.6
2024-02-06T08:00,5.7,0.00,0.00,0.00,3.2,7.8,338,11.5
2024-02-06T09:00,7.0,0.00,0.00,0.00,4.7,7.9,336,11.2
2024-02-06T10:00,10.1,0.00,0.00,0.00,8.2,7.0,339,15.8
2024-02-06T11:00,12.9,0.00,0.00,0.00,11.3,5.5,349,15.1
2024-02-06T12:00,14.8,0.00,0.00,0.00,13.5,3.6,354,15.1
2024-02-06T13:00,16.3,0.00,0.00,0.00,16.0,1.4,90,13.7
2024-02-06T14:00,17.4,0.00,0.00,0.00,17.1,1.8,180,12.2
2024-02-06T15:00,18.3,0.00,0.00,0.00,17.7,3.3,167,14.0
2024-02-06T16:00,18.8,0.00,0.00,0.00,17.4,4.0,153,14.0
2024-02-06T17:00,18.8,0.00,0.00,0.00,16.7,5.7,145,14.0
2024-02-06T18:00,18.4,0.00,0.00,0.00,16.4,5.6,135,14.0
2024-02-06T19:00,14.7,0.00,0.00,0.00,12.7,8.7,114,10.4
2024-02-06T20:00,15.2,0.00,0.00,0.00,13.1,8.1,122,11.5
2024-02-06T21:00,13.6,0.00,0.00,0.00,11.5,8.1,122,12.6
2024-02-06T22:00,14.2,0.00,0.00,0.00,12.0,8.7,138,13.0
2024-02-06T23:00,12.5,0.00,0.00,0.00,10.5,7.8,158,14.0
2024-02-07T00:00,11.7,0.00,0.00,0.00,9.7,8.0,190,11.2
2024-02-07T01:00,11.9,0.00,0.00,0.00,9.9,7.2,183,10.8
2024-02-07T02:00,9.9,0.00,0.00,0.00,7.7,8.6,182,13.0
2024-02-07T03:00,9.9,0.00,0.00,0.00,7.7,9.0,182,14.0
2024-02-07T04:00,9.4,0.00,0.00,0.00,7.3,9.6,193,15.1
2024-02-07T05:00,9.0,0.00,0.00,0.00,6.7,10.9,197,17.3
2024-02-07T06:00,8.6,0.00,0.00,0.00,6.3,10.2,190,17.6
2024-02-07T07:00,8.1,0.00,0.00,0.00,5.6,10.4,178,16.6
2024-02-07T08:00,9.1,0.00,0.00,0.00,6.1,11.9,178,18.7
2024-02-07T09:00,9.7,0.00,0.00,0.00,6.4,14.1,174,22.3
2024-02-07T10:00,11.9,0.00,0.00,0.00,9.1,13.5,171,24.1
2024-02-07T11:00,13.8,0.00,0.00,0.00,11.2,15.3,172,27.4
2024-02-07T12:00,16.4,0.00,0.00,0.00,13.1,22.2,167,37.8
2024-02-07T13:00,18.1,0.00,0.00,0.00,14.2,26.8,168,45.7
2024-02-07T14:00,18.7,0.00,0.00,0.00,14.8,27.5,169,46.1
2024-02-07T15:00,19.7,0.00,0.00,0.00,16.0,27.5,169,49.3
2024-02-07T16:00,20.6,0.00,0.00,0.00,16.3,29.0,173,48.6
2024-02-07T17:00,20.3,0.00,0.00,0.00,16.6,27.0,164,47.9
2024-02-07T18:00,19.6,0.00,0.00,0.00,15.8,28.0,154,46.8
2024-02-07T19:00,18.2,0.00,0.00,0.00,15.0,23.8,155,45.0
2024-02-07T20:00,17.4,0.00,0.00,0.00,14.6,22.4,152,36.0
2024-02-07T21:00,17.3,0.00,0.00,0.00,14.1,26.8,149,42.8
2024-02-07T22:00,16.6,0.00,0.00,0.00,14.2,21.3,156,43.2
2024-02-07T23:00,16.5,0.00,0.00,0.00,14.4,19.6,166,33.8
2024-02-08T00:00,16.5,0.00,0.00,0.00,14.6,18.5,167,31.7
2024-02-08T01:00,16.2,0.00,0.00,0.00,15.2,12.6,180,29.9
2024-02-08T02:00,15.9,0.10,0.00,0.10,16.1,4.9,234,19.8
2024-02-08T03:00,16.6,0.00,0.00,0.00,16.8,4.4,189,8.6
2024-02-08T04:00,15.7,0.00,0.00,0.00,16.0,4.2,121,6.5
2024-02-08T05:00,15.3,0.00,0.00,0.00,15.7,4.4,125,6.8
2024-02-08T06:00,15.3,0.00,0.00,0.00,15.7,4.7,122,7.6
2024-02-08T07:00,15.0,0.00,0.00,0.00,15.7,3.5,66,6.8
2024-02-08T08:00,15.5,0.40,0.00,0.40,15.3,11.8,157,16.9
2024-02-08T09:00,15.8,0.10,0.00,0.10,17.0,2.9,210,20.2
2024-02-08T10:00,16.2,0.10,0.00,0.10,17.2,5.1,321,11.5
2024-02-08T11:00,16.6,0.30,0.00,0.30,17.9,3.9,338,10.4
2024-02-08T12:00,18.2,0.60,0.00,0.60,19.8,1.5,315,12.6
2024-02-08T13:00,19.2,0.20,0.00,0.20,20.8,2.4,207,10.8
2024-02-08T14:00,20.2,0.00,0.00,0.00,21.3,4.3,312,12.6
2024-02-08T15:00,21.3,0.00,0.00,0.00,21.5,5.4,312,14.8
2024-02-08T16:00,21.6,0.00,0.00,0.00,20.7,6.4,308,14.8
2024-02-08T17:00,21.8,0.00,0.00,0.00,20.3,7.1,311,14.8
2024-02-08T18:00,21.3,0.00,0.00,0.00,20.3,3.4,288,14.4
2024-02-08T19:00,18.4,0.00,0.00,0.00,17.7,6.0,303,6.5
2024-02-08T20:00,17.4,0.00,0.00,0.00,15.5,7.5,287,12.2
2024-02-08T21:00,16.3,0.00,0.00,0.00,14.8,5.9,313,11.5
2024-02-08T22:00,15.2,0.00,0.00,0.00,14.2,4.0,333,10.8
2024-02-08T23:00,15.3,0.00,0.00,0.00,14.1,5.6,117,7.9
2024-02-09T00:00,15.5,0.00,0.00,0.00,14.5,9.8,163,10.8
2024-02-09T01:00,15.6,0.20,0.00,0.20,15.2,5.0,291,11.9
2024-02-09T02:00,16.2,0.00,0.00,0.00,16.1,4.3,265,7.6
2024-02-09T03:00,16.2,0.00,0.00,0.00,16.4,7.4,203,9.0
2024-02-09T04:00,16.9,0.00,0.00,0.00,17.6,6.5,180,10.4
2024-02-09T05:00,16.9,0.00,0.00,0.00,18.0,5.0,150,10.1
2024-02-09T06:00,16.9,0.00,0.00,0.00,18.1,5.8,158,9.0
2024-02-09T07:00,17.1,0.00,0.00,0.00,18.4,6.6,151,10.4
2024-02-09T08:00,17.8,0.00,0.00,0.00,19.3,7.9,156,13.3
2024-02-09T09:00,18.1,0.00,0.00,0.00,19.6,7.3,160,12.2
2024-02-09T10:00,18.6,0.00,0.00,0.00,19.7,10.5,174,16.2
2024-02-09T11:00,18.9,0.00,0.00,0.00,19.8,11.7,189,18.7
2024-02-09T12:00,19.7,0.10,0.00,0.10,19.8,17.2,200,28.1
2024-02-09T13:00,20.6,0.00,0.00,0.00,20.8,16.2,201,28.8
2024-02-09T14:00,22.1,0.10,0.00,0.10,22.0,17.7,204,30.6
2024-02-09T15:00,22.9,0.00,0.00,0.00,22.8,17.1,188,30.6
2024-02-09T16:00,23.6,0.00,0.00,0.00,23.6,14.7,202,29.9
2024-02-09T17:00,23.6,0.00,0.00,0.00,23.6,13.1,201,25.9
2024-02-09T18:00,22.8,0.00,0.00,0.00,24.1,6.5,186,22.3
2024-02-09T19:00,21.0,0.00,0.00,0.00,22.5,6.4,142,10.1
2024-02-09T20:00,19.6,0.00,0.00,0.00,21.3,4.3,24,5.4
2024-02-09T21:00,19.0,0.00,0.00,0.00,20.6,4.9,54,6.8
2024-02-09T22:00,18.7,0.00,0.00,0.00,19.7,9.7,117,14.8
2024-02-09T23:00,18.4,0.00,0.00,0.00,19.9,7.1,156,15.1
2024-02-10T00:00,17.2,0.10,0.00,0.10,18.4,7.5,163,11.2
2024-02-10T01:00,17.4,0.00,0.00,0.00,18.8,6.1,152,9.4
2024-02-10T02:00,16.8,0.00,0.00,0.00,18.2,5.8,180,9.7
2024-02-10T03:00,16.9,0.00,0.00,0.00,18.3,5.8,180,8.6
2024-02-10T04:00,17.3,0.00,0.00,0.00,18.8,6.5,180,11.2
2024-02-10T05:00,17.6,0.00,0.00,0.00,19.4,5.5,191,10.4
2024-02-10T06:00,17.5,0.00,0.00,0.00,19.5,3.8,163,8.3
2024-02-10T07:00,17.5,0.20,0.00,0.20,19.4,5.2,106,8.3
2024-02-10T08:00,17.8,0.20,0.00,0.20,19.9,4.1,345,6.1
2024-02-10T09:00,17.6,0.30,0.00,0.30,19.3,6.8,32,10.4
2024-02-10T10:00,18.1,0.90,0.00,0.90,19.2,10.5,41,19.4
2024-02-10T11:00,18.1,2.60,0.00,2.60,19.6,6.3,24,18.4
2024-02-10T12:00,17.6,5.60,0.00,5.60,19.6,2.3,321,10.8
2024-02-10T13:00,17.7,2.30,0.00,2.30,17.1,17.7,4,30.2
2024-02-10T14:00,20.0,0.00,0.00,0.00,20.2,11.2,40,29.9
2024-02-10T15:00,20.3,0.00,0.00,0.00,20.3,13.3,38,24.8
2024-02-10T16:00,20.1,0.00,0.00,0.00,19.0,19.8,10,32.0
2024-02-10T17:00,18.5,0.00,0.00,0.00,16.4,24.3,12,41.0
2024-02-10T18:00,17.8,0.20,0.00,0.20,16.3,18.6,36,40.0
2024-02-10T19:00,16.6,0.50,0.00,0.50,15.4,18.0,61,29.5
2024-02-10T20:00,16.6,0.10,0.00,0.10,16.6,13.1,58,20.9
2024-02-10T21:00,16.4,0.00,0.00,0.00,16.5,12.6,70,20.9
2024-02-10T22:00,15.6,0.10,0.00,0.10,15.9,9.8,84,19.8
2024-02-10T23:00,15.5,0.70,0.00,0.70,16.3,5.6,63,15.5
2024-02-11T00:00,15.6,0.40,0.00,0.40,16.3,7.1,49,11.9
2024-02-11T01:00,15.7,0.10,0.00,0.10,16.0,9.2,39,13.3
2024-02-11T02:00,15.5,0.00,0.00,0.00,14.9,15.6,52,24.1
2024-02-11T03:00,15.3,0.00,0.00,0.00,14.8,13.8,70,25.6
2024-02-11T04:00,15.3,0.00,0.00,0.00,15.7,8.8,81,21.6
2024-02-11T05:00,15.7,0.10,0.00,0.10,16.4,8.0,95,13.7
2024-02-11T06:00,16.5,0.10,0.00,0.10,17.9,5.5,122,12.6
2024-02-11T07:00,16.2,3.70,0.00,3.70,16.1,14.5,284,28.8
2024-02-11T08:00,15.5,6.80,0.00,6.80,15.6,10.9,262,25.9
2024-02-11T09:00,15.1,3.50,0.00,3.50,14.4,14.9,353,24.8
2024-02-11T10:00,14.1,0.20,0.00,0.20,11.8,20.1,336,33.1
2024-02-11T11:00,15.1,0.00,0.00,0.00,12.1,23.7,324,39.6
2024-02-11T12:00,16.3,0.00,0.00,0.00,12.9,24.7,326,45.4
2024-02-11T13:00,16.4,0.00,0.00,0.00,13.6,20.5,332,42.8
2024-02-11T14:00,17.2,0.00,0.00,0.00,15.0,20.0,334,40.0
2024-02-11T15:00,18.2,0.00,0.00,0.00,16.1,19.6,328,36.7
2024-02-11T16:00,18.6,0.00,0.00,0.00,15.9,20.2,319,35.3
2024-02-11T17:00,18.0,0.00,0.00,0.00,14.1,23.2,316,38.9
2024-02-11T18:00,16.5,0.00,0.00,0.00,12.2,24.5,327,40.7
2024-02-11T19:00,14.3,0.00,0.00,0.00,10.1,21.7,333,40.0
2024-02-11T20:00,11.9,0.00,0.00,0.00,8.2,18.9,346,33.8
2024-02-11T21:00,10.6,0.00,0.00,0.00,6.9,17.4,347,30.6
2024-02-11T22:00,9.4,0.00,0.00,0.00,5.7,16.0,337,28.1
2024-02-11T23:00,8.3,0.00,0.00,0.00,4.3,16.7,327,27.0
2024-02-12T00:00,8.2,0.00,0.00,0.00,3.3,21.4,319,33.8
2024-02-12T01:00,7.7,0.00,0.00,0.00,2.4,23.0,311,36.7
2024-02-12T02:00,6.9,0.00,0.00,0.00,0.9,27.3,311,43.6
2024-02-12T03:00,6.2,0.00,0.00,0.00,0.3,26.2,313,44.3
2024-02-12T04:00,6.0,0.00,0.00,0.00,0.6,22.5,310,42.5
2024-02-12T05:00,6.7,0.00,0.00,0.00,1.1,23.5,311,37.8
2024-02-12T06:00,6.6,0.00,0.00,0.00,1.0,23.0,320,38.2
2024-02-12T07:00,6.2,0.00,0.00,0.00,1.1,20.1,316,37.1
2024-02-12T08:00,5.8,0.00,0.00,0.00,1.0,18.0,323,36.7
2024-02-12T09:00,6.1,0.00,0.00,0.00,0.8,21.9,319,33.1
2024-02-12T10:00,7.3,0.00,0.00,0.00,1.9,23.2,317,39.2
2024-02-12T11:00,9.1,0.00,0.00,0.00,3.9,22.5,320,38.9
2024-02-12T12:00,10.9,0.00,0.00,0.00,5.8,23.8,322,42.5
2024-02-12T13:00,12.4,0.00,0.00,0.00,8.0,23.1,323,42.1
2024-02-12T14:00,13.8,0.00,0.00,0.00,9.7,23.0,325,41.0
2024-02-12T15:00,14.6,0.00,0.00,0.00,10.6,22.1,323,40.7
2024-02-12T16:00,15.0,0.00,0.00,0.00,10.8,20.1,324,39.6
2024-02-12T17:00,15.0,0.00,0.00,0.00,10.5,17.9,320,35.6
2024-02-12T18:00,14.5,0.00,0.00,0.00,10.3,15.8,317,31.3
2024-02-12T19:00,12.5,0.00,0.00,0.00,9.5,8.2,308,25.9
2024-02-12T20:00,10.3,0.00,0.00,0.00,7.6,7.4,293,11.5
2024-02-12T21:00,9.0,0.00,0.00,0.00,6.4,6.9,298,11.5
2024-02-12T22:00,7.8,0.00,0.00,0.00,5.2,7.2,307,10.4
2024-02-12T23:00,6.8,0.00,0.00,0.00,4.2,7.4,331,10.1
2024-02-13T00:00,6.7,0.00,0.00,0.00,4.3,6.0,335,10.4
2024-02-13T01:00,7.2,0.00,0.00,0.00,5.2,2.8,310,6.8
2024-02-13T02:00,6.4,0.00,0.00,0.00,4.6,1.3,304,3.6
2024-02-13T03:00,5.4,0.00,0.00,0.00,3.4,2.6,286,3.2
2024-02-13T04:00,4.7,0.00,0.00,0.00,2.6,2.9,300,4.7
2024-02-13T05:00,4.6,0.00,0.00,0.00,2.3,3.4,328,5.0
2024-02-13T06:00,6.4,0.00,0.00,0.00,4.4,1.8,281,5.0
2024-02-13T07:00,4.4,0.00,0.00,0.00,1.6,7.2,217,8.3
2024-02-13T08:00,5.4,0.00,0.00,0.00,3.2,2.9,263,6.5
2024-02-13T09:00,4.9,0.00,0.00,0.00,2.7,3.1,234,6.8
2024-02-13T10:00,8.2,0.00,0.00,0.00,6.3,3.3,186,10.1
2024-02-13T11:00,11.2,0.00,0.00,0.00,9.3,4.7,171,13.7
2024-02-13T12:00,13.7,0.00,0.00,0.00,11.5,9.0,175,20.2
2024-02-13T13:00,15.6,0.00,0.00,0.00,13.3,13.0,183,26.3
2024-02-13T14:00,16.7,0.00,0.00,0.00,14.7,13.1,188,27.7
2024-02-13T15:00,17.4,0.00,0.00,0.00,15.5,12.7,187,26.6
2024-02-13T16:00,17.9,0.00,0.00,0.00,15.5,13.0,183,25.9
2024-02-13T17:00,17.9,0.00,0.00,0.00,15.0,11.5,176,25.2
2024-02-13T18:00,17.4,0.00,0.00,0.00,14.6,10.6,162,22.0
2024-02-13T19:00,14.6,0.00,0.00,0.00,12.5,8.2,139,17.3
2024-02-13T20:00,13.2,0.00,0.00,0.00,10.3,10.0,128,15.5
2024-02-13T21:00,12.1,0.00,0.00,0.00,9.3,9.9,136,15.5
2024-02-13T22:00,11.3,0.00,0.00,0.00,8.3,11.3,149,17.3
2024-02-13T23:00,10.7,0.00,0.00,0.00,7.7,10.7,160,18.0
2024-02-14T00:00,10.5,0.00,0.00,0.00,7.2,13.7,180,21.6
2024-02-14T01:00,9.8,0.00,0.00,0.00,6.8,12.6,193,22.0
2024-02-14T02:00,9.1,0.00,0.00,0.00,6.3,11.4,198,19.8
2024-02-14T03:00,8.6,0.00,0.00,0.00,6.0,9.1,198,17.6
2024-02-14T04:00,7.7,0.00,0.00,0.00,5.4,7.4,194,14.4
2024-02-14T05:00,6.6,0.00,0.00,0.00,4.0,8.8,192,11.5
2024-02-14T06:00,6.1,0.00,0.00,0.00,3.4,9.4,180,11.9
2024-02-14T07:00,6.3,0.00,0.00,0.00,3.9,7.4,151,11.9
2024-02-14T08:00,5.6,0.00,0.00,0.00,2.9,8.4,149,10.1
2024-02-14T09:00,7.0,0.00,0.00,0.00,4.9,5.8,180,10.4
2024-02-14T10:00,10.0,0.00,0.00,0.00,8.3,5.4,160,13.3
2024-02-14T11:00,12.5,0.00,0.00,0.00,10.7,8.0,144,17.6
2024-02-14T12:00,15.1,0.00,0.00,0.00,13.3,10.2,138,21.6
2024-02-14T13:00,17.1,0.00,0.00,0.00,16.0,11.5,141,24.5
2024-02-14T14:00,18.4,0.00,0.00,0.00,17.1,13.9,155,27.7
2024-02-14T15:00,19.4,0.00,0.00,0.00,17.8,15.8,168,29.5
2024-02-14T16:00,19.7,0.00,0.00,0.00,16.9,18.4,179,32.4
2024-02-14T17:00,19.0,0.00,0.00,0.00,16.4,17.3,179,32.4
2024-02-14T18:00,19.0,0.00,0.00,0.00,16.9,14.8,176,28.4
2024-02-14T19:00,18.0,0.00,0.00,0.00,16.6,11.1,167,23.4
2024-02-14T20:00,17.0,0.00,0.00,0.00,15.2,13.4,174,21.2
2024-02-14T21:00,16.3,0.00,0.00,0.00,14.8,12.6,183,21.2
2024-02-14T22:00,15.0,0.00,0.00,0.00,13.6,13.7,183,22.7
2024-02-14T23:00,14.7,0.00,0.00,0.00,13.8,10.7,194,22.0
2024-02-15T00:00,14.3,0.00,0.00,0.00,13.3,11.6,196,18.7
2024-02-15T01:00,14.3,0.00,0.00,0.00,13.2,11.7,191,20.2
2024-02-15T02:00,12.9,0.00,0.00,0.00,12.2,8.0,190,18.7
2024-02-15T03:00,13.1,0.00,0.00,0.00,12.6,6.8,205,14.4
2024-02-15T04:00,13.4,0.00,0.00,0.00,13.1,5.8,187,11.2
2024-02-15T05:00,13.6,0.00,0.00,0.00,13.2,7.1,195,11.2
2024-02-15T06:00,13.9,0.00,0.00,0.00,13.6,6.2,201,12.2
2024-02-15T07:00,14.0,0.00,0.00,0.00,13.9,5.3,208,9.7
2024-02-15T08:00,15.1,0.00,0.00,0.00,15.0,7.6,199,11.9
2024-02-15T09:00,15.5,0.00,0.00,0.00,15.6,7.6,199,13.0
2024-02-15T10:00,16.9,0.00,0.00,0.00,16.7,11.1,234,18.7
2024-02-15T11:00,18.0,0.00,0.00,0.00,17.7,10.7,225,20.9
2024-02-15T12:00,19.3,0.00,0.00,0.00,18.9,10.4,214,22.0
2024-02-15T13:00,20.6,0.00,0.00,0.00,20.4,9.7,202,22.0
2024-02-15T14:00,21.5,0.00,0.00,0.00,22.2,9.4,203,22.7
2024-02-15T15:00,22.0,0.00,0.00,0.00,22.5,9.1,187,21.2
2024-02-15T16:00,22.3,0.00,0.00,0.00,21.9,11.6,187,23.4
2024-02-15T17:00,21.5,0.00,0.00,0.00,20.6,14.0,181,23.0
2024-02-15T18:00,21.0,0.00,0.00,0.00,20.4,11.9,182,24.1
2024-02-15T19:00,19.6,0.00,0.00,0.00,19.4,8.5,192,18.7
2024-02-15T20:00,17.3,0.00,0.00,0.00,17.5,7.6,188,10.1
2024-02-15T21:00,17.4,0.00,0.00,0.00,17.6,7.2,177,10.8
2024-02-15T22:00,17.2,0.00,0.00,0.00,17.3,7.6,183,11.2
2024-02-15T23:00,17.2,0.00,0.00,0.00,17.1,8.7,185,14.0
2024-02-16T00:00,16.9,0.00,0.00,0.00,17.1,7.3,191,13.7
2024-02-16T01:00,16.5,0.00,0.00,0.00,16.7,7.1,204,11.2
2024-02-16T02:00,16.4,0.00,0.00,0.00,16.5,8.2,209,13.0
2024-02-16T03:00,16.2,0.00,0.00,0.00,16.2,9.0,203,14.0
2024-02-16T04:00,15.8,0.00,0.00,0.00,16.2,7.1,210,14.0
2024-02-16T05:00,15.5,0.00,0.00,0.00,15.8,7.4,203,11.5
2024-02-16T06:00,15.6,0.00,0.00,0.00,15.7,8.4,205,13.3
2024-02-16T07:00,15.7,0.00,0.00,0.00,15.2,10.1,207,15.5
2024-02-16T08:00,16.8,0.00,0.00,0.00,15.8,18.1,211,32.8
2024-02-16T09:00,16.8,0.00,0.00,0.00,16.6,10.7,230,28.8
2024-02-16T10:00,16.9,0.00,0.00,0.00,16.6,11.8,220,17.6
2024-02-16T11:00,17.6,0.00,0.00,0.00,16.8,14.1,220,23.4
2024-02-16T12:00,18.6,0.00,0.00,0.00,17.3,16.6,221,29.2
2024-02-16T13:00,20.0,0.00,0.00,0.00,18.5,18.8,216,33.1
2024-02-16T14:00,21.3,0.00,0.00,0.00,20.1,17.5,212,33.1
2024-02-16T15:00,22.1,0.00,0.00,0.00,21.1,16.3,211,32.0
2024-02-16T16:00,22.5,0.00,0.00,0.00,21.6,15.8,207,29.5
2024-02-16T17:00,22.9,0.00,0.00,0.00,22.0,14.8,206,28.1
2024-02-16T18:00,21.5,0.00,0.00,0.00,20.8,15.1,177,25.6
2024-02-16T19:00,19.8,0.00,0.00,0.00,18.8,16.2,183,27.7
2024-02-16T20:00,16.6,0.60,0.00,0.60,13.7,22.6,8,35.3
2024-02-16T21:00,15.5,0.00,0.00,0.00,11.6,23.8,359,37.1
2024-02-16T22:00,13.9,0.00,0.00,0.00,9.8,22.4,356,38.2
2024-02-16T23:00,13.1,0.00,0.00,0.00,8.9,21.4,353,35.6
2024-02-17T00:00,11.9,0.00,0.00,0.00,7.2,23.3,352,37.4
2024-02-17T01:00,11.3,0.00,0.00,0.00,6.3,23.4,358,37.4
2024-02-17T02:00,10.6,0.00,0.00,0.00,5.3,24.1,359,38.5
2024-02-17T03:00,9.7,0.00,0.00,0.00,4.0,24.9,3,40.7
2024-02-17T04:00,8.5,0.00,0.00,0.00,2.7,25.1,7,42.1
2024-02-17T05:00,6.8,0.00,0.00,0.00,0.3,28.5,9,46.4
2024-02-17T06:00,5.8,0.00,0.00,0.00,-0.7,27.8,10,46.1
2024-02-17T07:00,4.9,0.00,0.00,0.00,-1.6,27.5,11,45.0
2024-02-17T08:00,5.0,0.00,0.00,0.00,-1.4,26.4,6,42.5
2024-02-17T09:00,4.5,0.00,0.00,0.00,-2.1,28.3,7,45.7
2024-02-17T10:00,4.5,0.00,0.00,0.00,-2.4,29.4,7,48.6
2024-02-17T11:00,4.7,0.00,0.00,0.00,-2.6,32.9,5,54.0
2024-02-17T12:00,5.6,0.00,0.00,0.00,-1.4,30.1,7,55.8
2024-02-17T13:00,6.9,0.00,0.00,0.00,0.2,28.6,5,50.4
2024-02-17T14:00,7.2,0.00,0.00,0.00,0.2,30.7,5,51.1
2024-02-17T15:00,8.2,0.00,0.00,0.00,1.4,29.7,6,52.9
2024-02-17T16:00,9.3,0.00,0.00,0.00,2.9,28.6,6,51.5
2024-02-17T17:00,9.3,0.00,0.00,0.00,2.8,27.9,7,49.0
2024-02-17T18:00,8.8,0.00,0.00,0.00,2.6,25.4,7,46.8
2024-02-17T19:00,7.9,0.00,0.00,0.00,2.4,20.8,10,42.1
2024-02-17T20:00,6.6,0.00,0.00,0.00,1.7,16.2,13,32.0
2024-02-17T21:00,6.0,0.00,0.00,0.00,0.9,16.9,12,27.0
2024-02-17T22:00,5.3,0.00,0.00,0.00,0.0,18.1,6,29.2
2024-02-17T23:00,4.7,0.00,0.00,0.00,-0.5,16.6,5,29.9
2024-02-18T00:00,4.1,0.00,0.00,0.00,-0.8,14.8,356,26.6
2024-02-18T01:00,3.7,0.00,0.00,0.00,-1.3,15.2,353,24.1
2024-02-18T02:00,3.4,0.00,0.00,0.00,-1.8,15.9,355,25.6
2024-02-18T03:00,2.7,0.00,0.00,0.00,-2.7,16.8,345,26.6
2024-02-18T04:00,1.9,0.00,0.00,0.00,-3.5,16.4,345,27.7
2024-02-18T05:00,1.3,0.00,0.00,0.00,-3.7,13.2,343,25.9
2024-02-18T06:00,0.9,0.00,0.00,0.00,-3.9,12.0,339,21.2
2024-02-18T07:00,0.6,0.00,0.00,0.00,-4.1,11.0,337,19.4
2024-02-18T08:00,0.3,0.00,0.00,0.00,-4.3,11.4,336,18.4
2024-02-18T09:00,1.2,0.00,0.00,0.00,-3.5,11.9,335,19.1
2024-02-18T10:00,3.0,0.00,0.00,0.00,-2.0,13.6,343,25.2
2024-02-18T11:00,4.8,0.00,0.00,0.00,-0.0,12.5,348,25.9
2024-02-18T12:00,6.5,0.00,0.00,0.00,2.3,11.2,356,25.6
2024-02-18T13:00,8.0,0.00,0.00,0.00,4.8,10.1,360,24.8
2024-02-18T14:00,9.2,0.00,0.00,0.00,6.6,8.6,358,23.8
2024-02-18T15:00,10.0,0.00,0.00,0.00,7.8,6.9,351,22.0
2024-02-18T16:00,10.6,0.00,0.00,0.00,8.1,5.5,11,19.8
2024-02-18T17:00,10.8,0.00,0.00,0.00,7.9,3.1,21,17.3
2024-02-18T18:00,10.7,0.00,0.00,0.00,7.7,3.3,49,12.6
2024-02-18T19:00,9.3,0.00,0.00,0.00,6.8,3.8,107,10.1
2024-02-18T20:00,7.7,0.00,0.00,0.00,4.1,7.0,125,10.4
2024-02-18T21:00,6.5,0.00,0.00,0.00,2.8,7.4,137,10.8
2024-02-18T22:00,5.5,0.00,0.00,0.00,1.8,8.1,148,11.2
2024-02-18T23:00,5.0,0.00,0.00,0.00,1.4,7.5,163,11.2
2024-02-19T00:00,4.4,0.00,0.00,0.00,0.7,8.3,178,10.8
2024-02-19T01:00,4.1,0.00,0.00,0.00,0.5,7.7,191,10.8
2024-02-19T02:00,3.9,0.00,0.00,0.00,0.4,7.2,198,10.8
2024-02-19T03:00,3.6,0.00,0.00,0.00,0.2,7.2,198,11.2
2024-02-19T04:00,3.4,0.00,0.00,0.00,-0.1,7.1,204,10.8
2024-02-19T05:00,3.0,0.00,0.00,0.00,-0.6,7.9,210,10.8
2024-02-19T06:00,2.6,0.00,0.00,0.00,-1.1,8.5,208,11.2
2024-02-19T07:00,2.8,0.00,0.00,0.00,-0.7,7.0,192,11.2
2024-02-19T08:00,2.0,0.00,0.00,0.00,-1.7,8.2,195,13.3
2024-02-19T09:00,4.1,0.00,0.00,0.00,0.2,10.8,201,14.0
2024-02-19T10:00,7.3,0.00,0.00,0.00,3.9,9.0,196,17.6
2024-02-19T11:00,10.2,0.00,0.00,0.00,6.5,12.7,188,24.1
2024-02-19T12:00,12.8,0.00,0.00,0.00,9.1,17.1,187,31.3
2024-02-19T13:00,15.0,0.00,0.00,0.00,11.6,20.3,193,37.1
2024-02-19T14:00,16.5,0.00,0.00,0.00,13.3,22.0,195,39.6
2024-02-19T15:00,17.6,0.00,0.00,0.00,14.2,23.7,197,41.8
2024-02-19T16:00,18.3,0.00,0.00,0.00,14.6,23.7,200,41.8
2024-02-19T17:00,18.5,0.00,0.00,0.00,14.3,23.1,201,41.0
2024-02-19T18:00,18.0,0.00,0.00,0.00,14.3,20.7,200,39.2
2024-02-19T19:00,16.1,0.00,0.00,0.00,13.5,14.1,193,33.1
2024-02-19T20:00,14.4,0.00,0.00,0.00,11.8,11.9,183,18.4
2024-02-19T21:00,13.4,0.00,0.00,0.00,10.9,11.2,186,18.4
2024-02-19T22:00,12.4,0.00,0.00,0.00,10.1,10.9,186,17.6
2024-02-19T23:00,11.5,0.00,0.00,0.00,9.4,9.8,188,16.9
2024-02-20T00:00,10.7,0.00,0.00,0.00,8.8,8.9,194,15.1
2024-02-20T01:00,10.0,0.00,0.00,0.00,8.2,8.6,180,13.7
2024-02-20T02:00,9.6,0.00,0.00,0.00,7.8,9.0,185,14.4
2024-02-20T03:00,9.4,0.00,0.00,0.00,7.5,9.2,201,14.4
2024-02-20T04:00,9.1,0.00,0.00,0.00,7.3,8.8,215,14.4
2024-02-20T05:00,8.7,0.00,0.00,0.00,6.9,7.9,219,13.3
2024-02-20T06:00,8.0,0.00,0.00,0.00,5.8,9.7,219,12.2
2024-02-20T07:00,7.2,0.00,0.00,0.00,4.7,11.7,214,13.7
2024-02-20T08:00,7.1,0.00,0.00,0.00,4.9,9.4,203,13.7
2024-02-20T09:00,9.4,0.00,0.00,0.00,7.6,9.5,205,13.3
2024-02-20T10:00,12.5,0.00,0.00,0.00,11.4,8.6,202,17.6
2024-02-20T11:00,15.7,0.00,0.00,0.00,14.9,9.6,193,20.2
2024-02-20T12:00,18.8,0.00,0.00,0.00,18.3,13.2,191,25.9
2024-02-20T13:00,21.4,0.00,0.00,0.00,21.2,16.0,194,30.2
2024-02-20T14:00,23.2,0.00,0.00,0.00,23.0,16.9,191,31.7
2024-02-20T15:00,24.3,0.00,0.00,0.00,23.7,17.7,185,32.4
2024-02-20T16:00,24.7,0.00,0.00,0.00,23.6,18.4,181,32.8
2024-02-20T17:00,24.6,0.00,0.00,0.00,22.7,18.7,178,32.8
2024-02-20T18:00,23.7,0.00,0.00,0.00,22.1,18.1,174,32.0
2024-02-20T19:00,21.4,0.00,0.00,0.00,20.6,13.2,169,28.8
2024-02-20T20:00,19.4,0.00,0.00,0.00,18.7,11.3,163,18.4
2024-02-20T21:00,18.4,0.00,0.00,0.00,17.5,13.2,163,20.5
2024-02-20T22:00,17.8,0.00,0.00,0.00,16.8,16.8,171,25.9
2024-02-20T23:00,16.9,0.00,0.00,0.00,16.0,16.6,178,27.4
2024-02-21T00:00,15.9,0.00,0.00,0.00,15.0,15.5,184,26.6
2024-02-21T01:00,15.2,0.00,0.00,0.00,14.5,14.1,186,24.8
2024-02-21T02:00,14.8,0.00,0.00,0.00,14.3,12.0,189,22.3
2024-02-21T03:00,14.5,0.00,0.00,0.00,14.0,11.7,189,19.1
2024-02-21T04:00,14.5,0.00,0.00,0.00,14.0,12.1,190,19.4
2024-02-21T05:00,14.5,0.00,0.00,0.00,14.2,11.0,191,19.4
2024-02-21T06:00,14.9,0.00,0.00,0.00,14.7,11.8,192,18.7
2024-02-21T07:00,15.1,0.00,0.00,0.00,14.8,12.4,190,19.8
2024-02-21T08:00,15.7,0.00,0.00,0.00,15.4,13.3,193,21.2
2024-02-21T09:00,15.9,0.00,0.00,0.00,15.4,15.3,188,24.5
2024-02-21T10:00,16.6,0.00,0.00,0.00,15.6,18.9,194,31.0
2024-02-21T11:00,18.1,0.00,0.00,0.00,16.6,22.3,198,37.1
2024-02-21T12:00,19.6,0.00,0.00,0.00,18.0,23.2,196,39.2
2024-02-21T13:00,21.5,0.00,0.00,0.00,19.7,25.4,192,43.2
2024-02-21T14:00,23.5,0.00,0.00,0.00,22.4,25.4,187,45.4
2024-02-21T15:00,24.4,0.00,0.00,0.00,23.5,25.6,180,45.0
2024-02-21T16:00,24.9,0.00,0.00,0.00,23.4,26.3,177,45.0
2024-02-21T17:00,24.8,0.00,0.00,0.00,22.6,27.8,176,46.8
2024-02-21T18:00,24.0,0.00,0.00,0.00,22.0,27.2,172,46.8
2024-02-21T19:00,22.2,0.00,0.00,0.00,20.5,24.5,166,44.3
2024-02-21T20:00,20.8,0.00,0.00,0.00,19.2,25.2,161,39.6
2024-02-21T21:00,19.4,0.00,0.00,0.00,17.2,28.6,163,45.7
2024-02-21T22:00,18.1,0.00,0.00,0.00,15.8,28.2,175,46.8
2024-02-21T23:00,17.2,0.00,0.00,0.00,15.2,25.6,182,45.0
2024-02-22T00:00,16.7,0.00,0.00,0.00,15.4,20.6,185,41.0
2024-02-22T01:00,16.5,0.00,0.00,0.00,15.4,19.5,182,33.1
2024-02-22T02:00,16.8,0.00,0.00,0.00,15.8,19.4,179,31.7
2024-02-22T03:00,17.5,0.00,0.00,0.00,16.4,20.0,187,31.7
2024-02-22T04:00,17.7,0.00,0.00,0.00,16.7,19.4,191,32.4
2024-02-22T05:00,17.7,0.00,0.00,0.00,17.3,15.9,205,31.0
2024-02-22T06:00,17.6,0.00,0.00,0.00,17.9,11.2,225,25.6
2024-02-22T07:00,17.6,0.00,0.00,0.00,17.6,13.7,198,21.6
2024-02-22T08:00,18.3,0.00,0.00,0.00,18.4,14.0,198,24.8
2024-02-22T09:00,18.5,0.00,0.00,0.00,18.4,16.4,206,26.3
2024-02-22T10:00,19.4,0.00,0.00,0.00,18.8,19.4,228,32.4
2024-02-22T11:00,20.6,0.00,0.00,0.00,20.3,17.5,238,31.7
2024-02-22T12:00,23.0,0.00,0.00,0.00,23.3,13.1,233,30.6
2024-02-22T13:00,25.2,0.00,0.00,0.00,26.7,12.3,238,26.3
2024-02-22T14:00,27.2,0.00,0.00,0.00,28.8,11.3,253,25.2
2024-02-22T15:00,29.1,0.00,0.00,0.00,28.0,13.9,291,25.2
2024-02-22T16:00,29.2,0.00,0.00,0.00,25.7,19.6,306,34.2
2024-02-22T17:00,29.0,0.00,0.00,0.00,24.6,17.8,306,33.1
2024-02-22T18:00,27.1,0.00,0.00,0.00,23.9,13.8,311,28.8
2024-02-22T19:00,23.0,0.00,0.00,0.00,20.9,8.5,298,22.0
2024-02-22T20:00,22.0,0.00,0.00,0.00,18.2,13.5,314,21.6
2024-02-22T21:00,20.0,0.00,0.00,0.00,16.3,13.8,319,20.9
2024-02-22T22:00,19.6,0.00,0.00,0.00,15.2,16.7,335,26.3
2024-02-22T23:00,19.1,0.00,0.00,0.00,14.4,20.0,342,31.0
2024-02-23T00:00,18.4,0.00,0.00,0.00,14.2,20.3,340,33.8
2024-02-23T01:00,17.9,0.00,0.00,0.00,13.9,20.2,344,32.4
2024-02-23T02:00,17.2,0.00,0.00,0.00,13.6,17.7,343,32.0
2024-02-23T03:00,16.6,0.00,0.00,0.00,12.8,18.5,347,29.2
2024-02-23T04:00,16.1,0.00,0.00,0.00,12.4,17.8,352,29.9
2024-02-23T05:00,15.2,0.00,0.00,0.00,12.0,14.9,352,28.1
2024-02-23T06:00,14.3,0.00,0.00,0.00,11.2,14.4,347,24.1
2024-02-23T07:00,13.8,0.00,0.00,0.00,10.4,15.7,351,25.2
2024-02-23T08:00,13.0,0.00,0.00,0.00,9.8,14.1,357,23.8
2024-02-23T09:00,13.8,0.00,0.00,0.00,10.5,15.7,349,24.1
2024-02-23T10:00,16.2,0.00,0.00,0.00,13.2,15.2,346,25.6
2024-02-23T11:00,18.5,0.00,0.00,0.00,15.3,16.6,359,29.9
2024-02-23T12:00,20.3,0.00,0.00,0.00,17.2,17.2,10,31.7
2024-02-23T13:00,21.4,0.00,0.00,0.00,18.5,18.6,15,34.6
2024-02-23T14:00,22.2,0.00,0.00,0.00,19.4,18.4,12,34.6
2024-02-23T15:00,22.6,0.00,0.00,0.00,19.7,17.9,9,34.6
2024-02-23T16:00,22.8,0.00,0.00,0.00,19.6,16.5,11,33.5
2024-02-23T17:00,22.6,0.00,0.00,0.00,19.0,14.3,10,30.6
2024-02-23T18:00,22.0,0.00,0.00,0.00,18.6,12.2,14,26.3
2024-02-23T19:00,19.2,0.00,0.00,0.00,17.4,6.9,28,20.5
2024-02-23T20:00,17.1,0.00,0.00,0.00,14.5,9.7,31,11.2
2024-02-23T21:00,15.5,0.00,0.00,0.00,13.0,9.1,18,12.6
2024-02-23T22:00,14.4,0.00,0.00,0.00,11.9,8.8,9,11.9
2024-02-23T23:00,13.2,0.00,0.00,0.00,10.6,9.0,2,11.5
2024-02-24T00:00,12.9,0.00,0.00,0.00,10.3,8.7,7,11.5
2024-02-24T01:00,11.7,0.00,0.00,0.00,9.1,8.6,2,11.5
2024-02-24T02:00,11.0,0.00,0.00,0.00,8.4,8.6,358,10.8
2024-02-24T03:00,10.8,0.00,0.00,0.00,8.1,8.5,348,11.5
2024-02-24T04:00,10.0,0.00,0.00,0.00,7.2,9.2,318,11.9
2024-02-24T05:00,9.5,0.00,0.00,0.00,7.0,6.6,299,11.2
2024-02-24T06:00,8.8,0.00,0.00,0.00,6.6,5.5,293,9.0
2024-02-24T07:00,8.2,0.00,0.00,0.00,6.0,6.2,291,9.7
2024-02-24T08:00,8.0,0.00,0.00,0.00,5.7,6.0,295,9.7
2024-02-24T09:00,11.0,0.00,0.00,0.00,8.6,8.1,291,10.8
2024-02-24T10:00,15.9,0.00,0.00,0.00,14.0,5.5,281,13.7
2024-02-24T11:00,19.7,0.00,0.00,0.00,17.9,3.4,212,12.6
2024-02-24T12:00,22.0,0.00,0.00,0.00,19.8,8.7,173,19.4
2024-02-24T13:00,23.5,0.00,0.00,0.00,21.4,11.2,174,23.8
2024-02-24T14:00,24.5,0.00,0.00,0.00,22.5,11.9,180,25.2
2024-02-24T15:00,25.1,0.00,0.00,0.00,22.7,13.0,182,26.3
2024-02-24T16:00,25.2,0.00,0.00,0.00,22.2,14.4,180,27.4
2024-02-24T17:00,25.1,0.00,0.00,0.00,21.0,16.6,181,29.5
2024-02-24T18:00,24.3,0.00,0.00,0.00,20.1,17.6,179,30.2
2024-02-24T19:00,21.9,0.00,0.00,0.00,18.6,13.3,161,28.8
2024-02-24T20:00,19.5,0.00,0.00,0.00,16.4,11.4,162,17.6
2024-02-24T21:00,18.8,0.00,0.00,0.00,15.3,14.0,168,21.2
2024-02-24T22:00,18.6,0.00,0.00,0.00,14.0,21.6,181,34.6
2024-02-24T23:00,17.2,0.00,0.00,0.00,13.1,18.5,187,34.6
2024-02-25T00:00,16.1,0.00,0.00,0.00,12.3,16.4,195,29.5
2024-02-25T01:00,15.3,0.00,0.00,0.00,11.6,14.3,198,26.3
2024-02-25T02:00,14.5,0.00,0.00,0.00,11.0,13.8,200,23.0
2024-02-25T03:00,14.1,0.00,0.00,0.00,10.6,14.2,201,22.3
2024-02-25T04:00,13.9,0.00,0.00,0.00,10.5,16.0,203,25.2
2024-02-25T05:00,13.9,0.00,0.00,0.00,10.7,17.3,203,27.7
2024-02-25T06:00,13.8,0.00,0.00,0.00,11.1,17.6,206,28.4
2024-02-25T07:00,13.7,0.00,0.00,0.00,11.5,17.4,207,28.4
2024-02-25T08:00,13.8,0.00,0.00,0.00,12.1,16.4,209,29.2
2024-02-25T09:00,15.1,0.00,0.00,0.00,13.4,18.8,206,28.8
2024-02-25T10:00,17.8,0.00,0.00,0.00,15.8,22.9,206,35.6
2024-02-25T11:00,20.2,0.00,0.00,0.00,18.0,24.5,204,44.6
2024-02-25T12:00,22.3,0.00,0.00,0.00,20.4,24.9,200,43.9
2024-02-25T13:00,24.3,0.00,0.00,0.00,23.1,25.2,202,44.6
2024-02-25T14:00,26.0,0.00,0.00,0.00,25.3,24.3,201,44.6
2024-02-25T15:00,27.4,0.00,0.00,0.00,26.5,25.0,198,43.9
2024-02-25T16:00,28.2,0.00,0.00,0.00,26.5,26.8,200,46.1
2024-02-25T17:00,28.4,0.00,0.00,0.00,26.0,26.6,205,46.1
2024-02-25T18:00,27.9,0.00,0.00,0.00,25.6,26.1,204,44.3
2024-02-25T19:00,26.3,0.00,0.00,0.00,24.5,23.9,201,42.8
2024-02-25T20:00,24.4,0.00,0.00,0.00,23.3,17.5,189,31.3
2024-02-25T21:00,23.1,0.00,0.00,0.00,22.6,14.8,184,27.7
2024-02-25T22:00,21.8,0.00,0.00,0.00,21.7,15.2,176,23.8
2024-02-25T23:00,20.1,0.00,0.00,0.00,20.1,16.6,180,26.3
2024-02-26T00:00,18.9,0.00,0.00,0.00,18.9,17.5,188,27.7
2024-02-26T01:00,18.3,0.00,0.00,0.00,18.1,17.7,197,28.4
2024-02-26T02:00,17.9,0.00,0.00,0.00,17.8,16.0,203,28.1
2024-02-26T03:00,17.4,0.00,0.00,0.00,17.7,13.0,199,25.6
2024-02-26T04:00,16.9,0.00,0.00,0.00,17.5,9.8,197,20.2
2024-02-26T05:00,16.4,0.00,0.00,0.00,17.0,8.2,195,15.1
2024-02-26T06:00,15.8,0.00,0.00,0.00,16.4,7.4,194,12.6
2024-02-26T07:00,15.9,0.00,0.00,0.00,16.3,8.5,192,12.6
2024-02-26T08:00,15.8,0.00,0.00,0.00,15.9,10.1,197,15.8
2024-02-26T09:00,16.8,0.00,0.00,0.00,16.8,12.8,196,18.7
2024-02-26T10:00,19.1,0.00,0.00,0.00,19.5,12.1,192,22.0
2024-02-26T11:00,22.0,0.00,0.00,0.00,22.3,13.8,189,26.3
2024-02-26T12:00,24.3,0.00,0.00,0.00,24.5,17.4,186,32.4
2024-02-26T13:00,26.8,0.00,0.00,0.00,27.7,18.9,188,34.9
2024-02-26T14:00,28.9,0.00,0.00,0.00,30.0,19.7,188,36.4
2024-02-26T15:00,30.2,0.00,0.00,0.00,30.9,20.8,189,37.8
2024-02-26T16:00,30.3,0.00,0.00,0.00,30.4,21.4,188,37.8
2024-02-26T17:00,30.1,0.00,0.00,0.00,29.6,21.3,182,38.2
2024-02-26T18:00,29.2,0.00,0.00,0.00,28.8,20.9,178,36.7
2024-02-26T19:00,27.1,0.00,0.00,0.00,27.4,17.7,167,33.8
2024-02-26T20:00,23.8,0.00,0.00,0.00,25.0,14.0,162,23.8
2024-02-26T21:00,22.7,0.00,0.00,0.00,23.9,15.6,165,24.8
2024-02-26T22:00,21.5,0.00,0.00,0.00,22.5,17.7,168,28.1
2024-02-26T23:00,20.1,0.00,0.00,0.00,20.8,17.3,176,28.4
2024-02-27T00:00,19.2,0.00,0.00,0.00,19.9,16.6,180,27.7
2024-02-27T01:00,18.9,0.00,0.00,0.00,19.9,13.5,189,26.3
2024-02-27T02:00,18.7,0.00,0.00,0.00,19.4,15.5,181,24.5
2024-02-27T03:00,18.5,0.00,0.00,0.00,19.0,16.6,180,26.6
2024-02-27T04:00,18.2,0.00,0.00,0.00,18.8,15.1,180,26.3
2024-02-27T05:00,18.0,0.00,0.00,0.00,18.4,15.5,179,24.5
2024-02-27T06:00,17.8,0.00,0.00,0.00,18.1,15.5,181,25.2
2024-02-27T07:00,17.6,0.00,0.00,0.00,17.7,16.2,184,25.9
2024-02-27T08:00,18.5,0.00,0.00,0.00,19.0,15.8,180,26.6
2024-02-27T09:00,19.0,0.00,0.00,0.00,19.0,19.5,177,30.2
2024-02-27T10:00,19.5,0.00,0.00,0.00,19.0,23.4,191,38.2
2024-02-27T11:00,20.7,0.10,0.00,0.10,20.5,21.5,201,38.2
2024-02-27T12:00,22.1,0.00,0.00,0.00,21.9,21.1,207,35.3
2024-02-27T13:00,24.7,0.00,0.00,0.00,24.4,21.3,206,37.1
2024-02-27T14:00,26.9,0.00,0.00,0.00,27.7,18.0,200,37.4
2024-02-27T15:00,28.4,0.00,0.00,0.00,29.7,17.2,196,33.5
2024-02-27T16:00,29.4,0.00,0.00,0.00,30.4,17.2,191,32.8
2024-02-27T17:00,29.9,0.00,0.00,0.00,30.1,17.7,186,32.0
2024-02-27T18:00,29.3,0.00,0.00,0.00,29.7,17.3,182,31.7
2024-02-27T19:00,27.9,0.00,0.00,0.00,28.8,13.8,173,28.4
2024-02-27T20:00,24.4,0.00,0.00,0.00,26.1,8.8,168,13.3
2024-02-27T21:00,23.3,0.00,0.00,0.00,24.9,9.5,169,15.5
2024-02-27T22:00,22.0,0.00,0.00,0.00,23.8,8.7,187,14.4
2024-02-27T23:00,21.8,0.00,0.00,0.00,23.6,8.3,175,11.5
2024-02-28T00:00,21.4,0.00,0.00,0.00,23.0,11.5,184,18.7
2024-02-28T01:00,20.4,0.00,0.00,0.00,22.1,12.3,195,19.1
2024-02-28T02:00,19.9,0.00,0.00,0.00,21.7,10.1,215,19.1
2024-02-28T03:00,19.4,0.00,0.00,0.00,21.5,7.5,235,15.8
2024-02-28T04:00,19.1,0.00,0.00,0.00,20.9,7.1,246,11.2
2024-02-28T05:00,18.7,0.00,0.00,0.00,20.3,7.0,291,10.8
2024-02-28T06:00,19.9,0.00,0.00,0.00,20.0,16.9,320,21.2
2024-02-28T07:00,16.3,0.00,0.00,0.00,9.4,33.4,353,59.0
2024-02-28T08:00,10.8,0.00,0.00,0.00,4.7,29.0,353,59.0
2024-02-28T09:00,10.0,0.00,0.00,0.00,3.8,27.5,346,44.6
2024-02-28T10:00,10.6,0.00,0.00,0.00,3.5,32.9,350,54.0
2024-02-28T11:00,11.8,0.00,0.00,0.00,4.6,33.2,355,56.2
2024-02-28T12:00,13.2,0.00,0.00,0.00,5.7,34.9,1,59.0
2024-02-28T13:00,14.3,0.00,0.00,0.00,7.1,34.6,8,59.0
2024-02-28T14:00,14.5,0.00,0.00,0.00,7.6,33.5,12,59.0
2024-02-28T15:00,14.8,0.00,0.00,0.00,8.2,32.1,16,57.6
2024-02-28T16:00,14.8,0.00,0.00,0.00,7.9,30.8,16,55.1
2024-02-28T17:00,14.5,0.00,0.00,0.00,7.3,30.2,17,52.6
2024-02-28T18:00,13.3,0.00,0.00,0.00,6.5,27.9,14,50.8
2024-02-28T19:00,12.0,0.00,0.00,0.00,5.2,26.6,16,46.1
2024-02-28T20:00,9.8,0.00,0.00,0.00,3.3,23.5,11,42.1
2024-02-28T21:00,8.9,0.00,0.00,0.00,2.5,22.7,10,37.8
2024-02-28T22:00,8.5,0.00,0.00,0.00,2.5,19.9,4,36.7
2024-02-28T23:00,8.6,0.00,0.00,0.00,2.5,20.5,1,33.5
2024-02-29T00:00,8.4,0.00,0.00,0.00,2.7,17.6,359,33.5
2024-02-29T01:00,8.3,0.00,0.00,0.00,2.6,17.5,9,28.4
2024-02-29T02:00,8.0,0.00,0.00,0.00,2.2,18.0,12,29.5
2024-02-29T03:00,8.2,0.00,0.00,0.00,3.0,15.3,15,29.2
2024-02-29T04:00,7.9,0.00,0.00,0.00,2.5,15.4,11,25.9
2024-02-29T05:00,7.7,0.00,0.00,0.00,2.0,18.5,33,29.9
2024-02-29T06:00,7.7,0.00,0.00,0.00,2.6,14.4,22,29.9
2024-02-29T07:00,7.6,0.00,0.00,0.00,2.4,15.5,25,24.5
2024-02-29T08:00,6.6,0.00,0.00,0.00,1.5,17.1,30,29.2
2024-02-29T09:00,7.1,0.00,0.00,0.00,2.2,15.8,17,29.5
2024-02-29T10:00,7.6,0.80,0.00,0.80,3.0,15.1,25,28.4
2024-02-29T11:00,8.6,0.00,0.00,0.00,4.1,14.7,25,25.9
2024-02-29T12:00,9.9,0.00,0.00,0.00,5.3,14.4,32,27.7
2024-02-29T13:00,10.4,0.00,0.00,0.00,6.0,13.2,47,26.6
2024-02-29T14:00,11.0,0.00,0.00,0.00,6.9,12.5,57,25.9
2024-02-29T15:00,10.9,0.00,0.00,0.00,7.1,11.3,59,24.8
2024-02-29T16:00,11.1,0.00,0.00,0.00,7.8,8.0,63,21.6
2024-02-29T17:00,10.9,0.00,0.00,0.00,8.2,5.5,32,16.2
2024-02-29T18:00,10.4,0.10,0.00,0.10,7.5,7.2,27,13.7
2024-02-29T19:00,9.9,0.00,0.00,0.00,7.1,7.7,37,14.8
2024-02-29T20:00,8.1,0.60,0.00,0.60,5.8,7.1,30,14.4
2024-02-29T21:00,8.2,0.00,0.00,0.00,5.9,8.0,36,14.4
2024-02-29T22:00,8.2,0.00,0.00,0.00,6.0,7.1,49,14.4
2024-02-29T23:00,8.2,0.00,0.00,0.00,6.1,6.5,56,13.0
2024-03-01T00:00,8.2,0.00,0.00,0.00,6.0,7.4,43,13.3
2024-03-01T01:00,8.3,0.00,0.00,0.00,6.0,8.1,32,14.4
2024-03-01T02:00,8.3,0.00,0.00,0.00,6.1,7.6,31,14.4
2024-03-01T03:00,8.3,0.00,0.00,0.00,6.4,5.6,45,13.3
2024-03-01T04:00,8.4,0.00,0.00,0.00,6.8,3.8,73,10.4
2024-03-01T05:00,8.4,0.00,0.00,0.00,7.1,1.6,117,8.3
2024-03-01T06:00,8.1,0.00,0.00,0.00,6.8,1.8,11,5.0
2024-03-01T07:00,7.0,0.00,0.00,0.00,5.3,4.1,15,5.0
2024-03-01T08:00,5.6,0.00,0.00,0.00,3.4,6.4,43,8.3
2024-03-01T09:00,7.4,0.00,0.00,0.00,5.6,5.0,60,10.8
2024-03-01T10:00,9.1,0.00,0.00,0.00,7.6,2.8,50,12.2
2024-03-01T11:00,11.2,0.00,0.00,0.00,10.1,0.7,90,12.2
2024-03-01T12:00,13.6,0.00,0.00,0.00,13.4,1.8,191,13.3
2024-03-01T13:00,16.0,0.00,0.00,0.00,16.6,3.3,186,15.5
2024-03-01T14:00,18.1,0.00,0.00,0.00,18.6,6.9,174,19.8
2024-03-01T15:00,19.8,0.00,0.00,0.00,20.4,6.8,177,20.2
2024-03-01T16:00,21.1,0.00,0.00,0.00,21.0,7.8,167,19.4
2024-03-01T17:00,21.7,0.00,0.00,0.00,20.5,9.1,162,20.2
2024-03-01T18:00,21.6,0.00,0.00,0.00,20.1,10.5,153,19.8
2024-03-01T19:00,19.9,0.00,0.00,0.00,18.9,8.9,140,19.1
2024-03-01T20:00,16.2,0.00,0.00,0.00,14.8,10.3,151,16.9
2024-03-01T21:00,15.1,0.00,0.00,0.00,13.8,9.8,163,16.6
2024-03-01T22:00,14.0,0.00,0.00,0.00,12.9,8.7,173,15.1
2024-03-01T23:00,13.1,0.00,0.00,0.00,12.1,8.3,185,13.3
2024-03-02T00:00,12.8,0.00,0.00,0.00,11.6,10.0,195,15.5
2024-03-02T01:00,12.3,0.00,0.00,0.00,11.1,10.2,198,16.6
2024-03-02T02:00,11.7,0.00,0.00,0.00,10.6,8.6,195,15.8
2024-03-02T03:00,10.9,0.00,0.00,0.00,9.8,7.4,194,13.0
2024-03-02T04:00,10.1,0.00,0.00,0.00,8.7,8.0,198,11.2
2024-03-02T05:00,9.9,0.00,0.00,0.00,8.6,7.1,204,11.2
2024-03-02T06:00,9.5,0.00,0.00,0.00,8.0,8.0,207,11.2
2024-03-02T07:00,9.1,0.00,0.00,0.00,7.4,8.2,203,11.2
2024-03-02T08:00,8.3,0.00,0.00,0.00,6.4,9.7,207,13.7
2024-03-02T09:00,11.5,0.00,0.00,0.00,10.1,10.3,209,15.1
2024-03-02T10:00,14.8,0.00,0.00,0.00,14.1,8.1,201,16.9
2024-03-02T11:00,18.2,0.00,0.00,0.00,17.5,11.3,189,22.7
2024-03-02T12:00,21.1,0.00,0.00,0.00,20.8,15.8,197,30.2
2024-03-02T13:00,23.2,0.00,0.00,0.00,23.4,16.7,194,32.0
2024-03-02T14:00,24.6,0.00,0.00,0.00,24.9,16.4,189,32.4
2024-03-02T15:00,25.8,0.00,0.00,0.00,25.7,16.2,184,32.0
2024-03-02T16:00,26.2,0.00,0.00,0.00,25.3,17.7,176,32.8
2024-03-02T17:00,25.9,0.00,0.00,0.00,24.2,18.3,170,33.1
2024-03-02T18:00,24.9,0.00,0.00,0.00,23.3,19.2,163,32.4
2024-03-02T19:00,22.8,0.00,0.00,0.00,21.9,15.6,154,31.7
2024-03-02T20:00,21.0,0.00,0.00,0.00,20.1,15.6,154,24.5
2024-03-02T21:00,19.7,0.00,0.00,0.00,18.7,17.7,160,27.7
2024-03-02T22:00,18.6,0.00,0.00,0.00,17.7,18.0,164,29.9
2024-03-02T23:00,17.4,0.00,0.00,0.00,16.6,18.4,168,29.5
2024-03-03T00:00,16.5,0.00,0.00,0.00,15.9,17.4,174,29.2
2024-03-03T01:00,16.2,0.00,0.00,0.00,15.5,17.3,180,27.7
2024-03-03T02:00,15.9,0.00,0.00,0.00,15.2,16.7,186,27.4
2024-03-03T03:00,16.2,0.00,0.00,0.00,15.6,16.6,193,27.0
2024-03-03T04:00,16.6,0.00,0.00,0.00,15.9,17.8,194,28.8
2024-03-03T05:00,16.6,0.00,0.00,0.00,16.3,15.3,204,28.4
2024-03-03T06:00,16.8,0.00,0.00,0.00,16.9,12.9,203,24.1
2024-03-03T07:00,16.8,0.00,0.00,0.00,16.7,14.6,189,22.7
2024-03-03T08:00,18.0,0.10,0.00,0.10,18.4,13.3,183,21.2
2024-03-03T09:00,18.3,0.00,0.00,0.00,18.0,18.5,173,28.4
2024-03-03T10:00,19.3,0.00,0.00,0.00,18.6,19.5,184,35.3
2024-03-03T11:00,20.9,0.00,0.00,0.00,19.7,20.8,190,35.6
2024-03-03T12:00,22.6,0.00,0.00,0.00,21.1,21.2,190,38.5
2024-03-03T13:00,24.3,0.00,0.00,0.00,24.2,19.1,182,37.1
2024-03-03T14:00,25.6,0.00,0.00,0.00,25.9,20.5,182,37.8
2024-03-03T15:00,26.7,0.00,0.00,0.00,26.9,20.2,184,37.8
2024-03-03T16:00,27.2,0.00,0.00,0.00,26.5,20.9,179,37.1
2024-03-03T17:00,27.3,0.00,0.00,0.00,25.9,23.1,184,39.6
2024-03-03T18:00,26.8,0.00,0.00,0.00,25.7,19.4,181,39.2
2024-03-03T19:00,25.4,0.00,0.00,0.00,24.9,15.2,158,33.1
2024-03-03T20:00,22.8,0.00,0.00,0.00,22.5,17.6,165,28.8
2024-03-03T21:00,21.9,0.00,0.00,0.00,22.5,12.3,159,28.1
2024-03-03T22:00,21.9,0.10,0.00,0.10,22.4,14.7,163,22.3
2024-03-03T23:00,20.6,0.10,0.00,0.10,21.2,16.5,169,27.0
2024-03-04T00:00,19.5,0.00,0.00,0.00,20.4,14.4,179,26.3
2024-03-04T01:00,19.1,0.00,0.00,0.00,20.0,14.4,181,23.8
2024-03-04T02:00,18.9,0.00,0.00,0.00,19.7,14.8,176,23.4
2024-03-04T03:00,18.7,0.00,0.00,0.00,19.1,18.8,173,28.4
2024-03-04T04:00,18.7,0.10,0.00,0.10,18.7,21.2,179,34.2
2024-03-04T05:00,18.7,0.10,0.00,0.10,18.9,20.9,180,32.8
2024-03-04T06:00,18.9,0.10,0.00,0.10,20.0,14.4,183,31.3
2024-03-04T07:00,18.9,0.00,0.00,0.00,20.8,9.7,184,22.3
2024-03-04T08:00,19.8,0.10,0.00,0.10,21.2,12.8,190,20.2
2024-03-04T09:00,20.5,0.00,0.00,0.00,22.1,11.8,207,20.2
2024-03-04T10:00,21.5,0.00,0.00,0.00,22.7,14.6,218,24.1
2024-03-04T11:00,23.8,0.10,0.00,0.10,24.4,17.7,218,31.3
2024-03-04T12:00,24.8,0.00,0.00,0.00,25.8,12.6,204,31.7
2024-03-04T13:00,26.7,0.00,0.00,0.00,27.9,16.3,194,31.7
2024-03-04T14:00,27.8,0.00,0.00,0.00,29.5,13.0,194,31.3
2024-03-04T15:00,28.6,0.00,0.00,0.00,30.2,11.9,194,27.0
2024-03-04T16:00,28.8,0.00,0.00,0.00,29.8,10.7,192,24.8
2024-03-04T17:00,28.9,0.00,0.00,0.00,29.0,11.0,199,22.3
2024-03-04T18:00,28.4,0.00,0.00,0.00,28.6,10.9,197,22.0
2024-03-04T19:00,26.5,0.00,0.00,0.00,27.7,7.0,168,19.1
2024-03-04T20:00,24.5,0.00,0.00,0.00,25.0,13.3,183,20.9
2024-03-04T21:00,23.9,0.00,0.00,0.00,24.4,13.7,178,21.6
2024-03-04T22:00,22.8,0.00,0.00,0.00,24.4,7.4,203,21.6
2024-03-04T23:00,21.5,0.00,0.00,0.00,23.3,6.1,225,11.5
2024-03-05T00:00,21.1,0.00,0.00,0.00,22.5,7.1,204,11.5
2024-03-05T01:00,19.5,0.00,0.00,0.00,18.8,19.1,313,25.2
2024-03-05T02:00,18.9,0.00,0.00,0.00,17.9,17.6,259,33.8
2024-03-05T03:00,19.0,0.00,0.00,0.00,19.3,10.1,253,27.7
2024-03-05T04:00,17.5,0.00,0.00,0.00,18.4,7.2,270,15.8
2024-03-05T05:00,17.0,0.00,0.00,0.00,17.8,7.2,273,10.4
2024-03-05T06:00,16.1,0.00,0.00,0.00,16.5,8.4,280,10.8
2024-03-05T07:00,15.2,0.00,0.00,0.00,15.3,8.6,272,12.6
2024-03-05T08:00,15.6,0.00,0.00,0.00,16.3,7.2,186,8.6
2024-03-05T09:00,18.0,0.00,0.00,0.00,19.6,5.4,250,9.7
2024-03-05T10:00,20.4,0.00,0.00,0.00,21.9,7.0,291,16.6
2024-03-05T11:00,22.5,0.00,0.00,0.00,24.3,5.9,281,16.2
2024-03-05T12:00,24.9,0.00,0.00,0.00,27.2,8.0,288,19.8
2024-03-05T13:00,27.5,0.00,0.00,0.00,28.8,11.3,307,23.4
2024-03-05T14:00,28.9,0.00,0.00,0.00,28.3,14.5,318,28.1
2024-03-05T15:00,29.5,0.00,0.00,0.00,28.4,14.3,315,28.4
2024-03-05T16:00,30.1,0.00,0.00,0.00,28.0,12.7,315,27.7
2024-03-05T17:00,30.0,0.00,0.00,0.00,26.5,15.0,312,26.3
2024-03-05T18:00,28.9,0.00,0.00,0.00,25.7,13.4,324,27.4
2024-03-05T19:00,25.6,0.00,0.00,0.00,24.1,7.2,3,20.9
2024-03-05T20:00,22.3,0.00,0.00,0.00,19.5,10.5,344,13.7
2024-03-05T21:00,20.7,0.00,0.00,0.00,18.0,10.9,6,13.7
2024-03-05T22:00,20.4,0.00,0.00,0.00,18.0,9.4,58,16.2
2024-03-05T23:00,18.4,0.00,0.00,0.00,16.2,8.4,25,14.0
2024-03-06T00:00,16.8,0.00,0.00,0.00,14.5,10.5,8,12.6
2024-03-06T01:00,16.6,0.00,0.00,0.00,14.5,8.9,27,13.3
2024-03-06T02:00,16.8,0.00,0.00,0.00,14.6,8.9,14,13.7
2024-03-06T03:00,15.5,0.00,0.00,0.00,13.3,10.3,36,13.3
2024-03-06T04:00,15.0,0.00,0.00,0.00,13.1,9.2,26,12.2
2024-03-06T05:00,14.0,0.00,0.00,0.00,12.4,7.6,360,10.4
2024-03-06T06:00,13.9,0.00,0.00,0.00,12.6,6.3,13,9.0
2024-03-06T07:00,13.8,0.00,0.00,0.00,12.9,4.9,17,7.6
2024-03-06T08:00,13.2,0.00,0.00,0.00,12.7,6.3,13,8.6
2024-03-06T09:00,15.6,0.00,0.00,0.00,15.6,5.4,20,11.5
2024-03-06T10:00,18.5,0.00,0.00,0.00,19.2,2.6,124,11.2
2024-03-06T11:00,20.9,0.00,0.00,0.00,21.6,4.0,153,14.0
2024-03-06T12:00,23.0,0.00,0.00,0.00,24.5,6.0,155,17.3
2024-03-06T13:00,25.3,0.00,0.00,0.00,27.7,9.2,169,22.0
2024-03-06T14:00,26.9,0.00,0.00,0.00,28.7,12.1,170,25.9
2024-03-06T15:00,28.0,0.00,0.00,0.00,28.7,14.6,164,28.8
2024-03-06T16:00,28.5,0.00,0.00,0.00,28.5,16.3,162,31.0
2024-03-06T17:00,28.2,0.00,0.00,0.00,27.0,18.1,159,32.0
2024-03-06T18:00,27.6,0.00,0.00,0.00,26.4,17.6,152,32.4
2024-03-06T19:00,25.9,0.00,0.00,0.00,25.6,15.2,144,29.5
2024-03-06T20:00,24.2,0.00,0.00,0.00,24.1,14.9,143,23.4
2024-03-06T21:00,22.6,0.00,0.00,0.00,22.8,14.2,144,23.4
2024-03-06T22:00,21.5,0.00,0.00,0.00,21.7,13.8,152,22.3
2024-03-06T23:00,20.2,0.00,0.00,0.00,20.1,14.8,162,23.4
2024-03-07T00:00,18.9,0.00,0.00,0.00,18.9,13.8,165,23.4
2024-03-07T01:00,17.6,0.00,0.00,0.00,17.6,13.8,173,22.7
2024-03-07T02:00,17.1,0.00,0.00,0.00,17.1,14.8,177,23.4
2024-03-07T03:00,17.1,0.00,0.00,0.00,17.1,15.6,173,25.2
2024-03-07T04:00,17.5,0.00,0.00,0.00,17.7,14.1,165,27.0
2024-03-07T05:00,18.5,0.00,0.00,0.00,18.5,16.2,163,25.9
2024-03-07T06:00,18.7,0.00,0.00,0.00,18.6,17.4,162,27.7
2024-03-07T07:00,18.7,0.00,0.00,0.00,18.8,17.1,165,27.7
2024-03-07T08:00,19.6,0.10,0.00,0.10,20.7,13.5,171,20.9
2024-03-07T09:00,20.1,0.10,0.00,0.10,20.8,15.2,173,25.6
2024-03-07T10:00,21.6,0.00,0.00,0.00,22.1,14.7,169,27.4
2024-03-07T11:00,22.6,0.00,0.00,0.00,22.1,19.5,164,33.8
2024-03-07T12:00,23.7,0.00,0.00,0.00,23.0,19.5,152,34.6
2024-03-07T13:00,24.5,0.00,0.00,0.00,23.0,22.1,143,37.4
2024-03-07T14:00,23.4,0.30,0.00,0.30,23.2,15.6,151,37.8
2024-03-07T15:00,23.7,0.80,0.00,0.80,24.7,8.4,187,27.0
2024-03-07T16:00,23.1,0.40,0.00,0.40,24.8,7.9,177,15.5
2024-03-07T17:00,21.8,1.60,0.00,1.60,24.2,6.1,140,19.4
2024-03-07T18:00,21.3,1.40,0.00,1.40,23.5,10.0,105,15.5
2024-03-07T19:00,21.1,0.60,0.00,0.60,22.2,15.8,133,24.1
2024-03-07T20:00,21.4,0.10,0.00,0.10,22.1,17.8,166,29.5
2024-03-07T21:00,20.5,0.20,0.00,0.20,21.6,16.8,171,28.8
2024-03-07T22:00,20.7,0.00,0.00,0.00,21.5,18.9,166,29.9
2024-03-07T23:00,20.6,0.00,0.00,0.00,21.4,18.9,171,30.2
2024-03-08T00:00,20.6,0.00,0.00,0.00,21.8,17.5,171,29.9
2024-03-08T01:00,20.5,0.00,0.00,0.00,21.7,17.1,165,28.1
2024-03-08T02:00,20.6,0.00,0.00,0.00,22.5,12.7,172,27.0
2024-03-08T03:00,20.5,0.00,0.00,0.00,23.1,7.6,172,19.8
2024-03-08T04:00,20.5,0.00,0.00,0.00,23.7,4.0,190,11.9
2024-03-08T05:00,20.5,0.20,0.00,0.20,23.5,5.8,158,9.0
2024-03-08T06:00,20.7,0.20,0.00,0.20,22.9,10.3,234,14.4
2024-03-08T07:00,19.5,0.20,0.00,0.20,20.4,16.1,290,21.2
2024-03-08T08:00,17.5,12.10,0.00,12.10,15.6,23.5,319,38.2
2024-03-08T09:00,18.8,0.00,0.00,0.00,18.1,14.6,344,36.7
2024-03-08T10:00,21.0,0.00,0.00,0.00,21.6,7.3,340,22.3
2024-03-08T11:00,23.1,0.00,0.00,0.00,22.9,10.9,314,21.6
2024-03-08T12:00,24.4,0.00,0.00,0.00,23.6,15.8,300,28.8
2024-03-08T13:00,25.3,0.00,0.00,0.00,24.9,18.2,300,33.5
2024-03-08T14:00,26.2,0.00,0.00,0.00,25.3,17.7,299,33.8
2024-03-08T15:00,26.7,0.00,0.00,0.00,24.9,18.5,299,33.5
2024-03-08T16:00,26.5,0.00,0.00,0.00,23.6,19.6,302,34.6
2024-03-08T17:00,25.9,0.00,0.00,0.00,21.9,20.4,302,34.2
2024-03-08T18:00,24.9,0.00,0.00,0.00,21.4,19.2,300,34.2
2024-03-08T19:00,22.9,0.00,0.00,0.00,19.7,17.1,300,31.0
2024-03-08T20:00,20.7,0.00,0.00,0.00,17.2,23.8,333,36.7
2024-03-08T21:00,18.4,0.00,0.00,0.00,13.9,30.8,334,49.3
2024-03-08T22:00,15.5,0.00,0.00,0.00,10.4,32.3,341,50.4
2024-03-08T23:00,12.7,0.00,0.00,0.00,8.6,23.1,345,52.2
2024-03-09T00:00,11.7,0.00,0.00,0.00,7.3,23.1,346,36.7
2024-03-09T01:00,10.4,0.00,0.00,0.00,5.7,23.8,345,37.8
2024-03-09T02:00,9.3,0.00,0.00,0.00,3.7,27.8,347,46.1
2024-03-09T03:00,9.1,0.00,0.00,0.00,4.1,23.3,340,44.3
2024-03-09T04:00,8.6,0.00,0.00,0.00,3.3,25.3,337,42.8
2024-03-09T05:00,8.2,0.00,0.00,0.00,2.7,25.5,337,40.7
2024-03-09T06:00,7.6,0.00,0.00,0.00,2.0,25.1,336,42.1
2024-03-09T07:00,7.1,0.00,0.00,0.00,1.5,24.6,339,40.7
2024-03-09T08:00,7.9,0.00,0.00,0.00,2.4,23.7,346,38.5
2024-03-09T09:00,7.8,0.00,0.00,0.00,1.9,26.2,342,43.2
2024-03-09T10:00,8.9,0.00,0.00,0.00,2.9,27.7,342,46.8
2024-03-09T11:00,11.3,0.00,0.00,0.00,5.4,28.3,345,48.2
2024-03-09T12:00,13.3,0.00,0.00,0.00,7.4,29.7,354,51.5
2024-03-09T13:00,15.6,0.00,0.00,0.00,10.4,30.4,355,52.6
2024-03-09T14:00,16.8,0.00,0.00,0.00,12.2,29.1,351,53.3
2024-03-09T15:00,16.5,0.00,0.00,0.00,12.5,25.6,356,51.1
2024-03-09T16:00,16.6,0.00,0.00,0.00,12.3,25.4,353,46.8
2024-03-09T17:00,16.8,0.00,0.00,0.00,12.0,23.4,357,45.0
2024-03-09T18:00,15.9,0.00,0.00,0.00,10.8,23.8,356,42.1
2024-03-09T19:00,15.1,0.00,0.00,0.00,10.5,19.8,358,40.3
2024-03-09T20:00,13.4,0.00,0.00,0.00,10.1,10.5,4,24.1
2024-03-09T21:00,12.3,0.00,0.00,0.00,9.0,10.4,358,16.9
2024-03-09T22:00,11.6,0.00,0.00,0.00,8.2,11.2,354,18.0
2024-03-09T23:00,10.8,0.00,0.00,0.00,7.7,9.4,358,17.6
2024-03-10T00:00,10.9,0.00,0.00,0.00,7.3,11.9,360,18.7
2024-03-10T01:00,10.2,0.00,0.00,0.00,6.8,10.6,350,18.7
2024-03-10T02:00,9.7,0.00,0.00,0.00,6.2,10.8,345,16.9
2024-03-10T03:00,10.0,0.00,0.00,0.00,6.4,11.4,349,19.1
2024-03-10T04:00,9.2,0.00,0.00,0.00,5.8,9.6,347,18.0
2024-03-10T05:00,9.0,0.00,0.00,0.00,6.0,6.7,344,15.5
2024-03-10T06:00,8.1,0.00,0.00,0.00,5.3,5.7,342,10.4
2024-03-10T07:00,8.8,0.00,0.00,0.00,6.0,5.8,338,9.7
2024-03-10T08:00,7.1,0.00,0.00,0.00,4.5,5.2,335,9.4
2024-03-10T09:00,9.3,0.00,0.00,0.00,6.2,9.2,339,15.8
2024-03-10T10:00,12.0,0.00,0.00,0.00,9.0,7.9,3,17.6
2024-03-10T11:00,13.6,0.00,0.00,0.00,10.5,8.9,27,19.8
2024-03-10T12:00,15.4,0.00,0.00,0.00,13.0,9.0,37,22.0
2024-03-10T13:00,16.5,0.00,0.00,0.00,15.0,7.4,43,22.0
2024-03-10T14:00,17.3,0.00,0.00,0.00,16.3,5.5,67,20.5
2024-03-10T15:00,17.8,0.00,0.00,0.00,16.3,4.9,73,18.0
2024-03-10T16:00,18.0,0.00,0.00,0.00,15.8,4.7,58,16.6
2024-03-10T17:00,17.9,0.00,0.00,0.00,15.5,4.7,58,15.5
2024-03-10T18:00,17.6,0.00,0.00,0.00,15.0,5.8,60,13.7
2024-03-10T19:00,17.0,0.00,0.00,0.00,14.7,4.9,73,12.6
2024-03-10T20:00,16.4,0.00,0.00,0.00,14.0,6.8,148,10.1
2024-03-10T21:00,16.0,0.00,0.00,0.00,13.0,10.4,134,16.2
2024-03-10T22:00,15.4,0.00,0.00,0.00,12.8,7.7,131,16.2
2024-03-10T23:00,14.9,0.00,0.00,0.00,12.5,7.1,150,12.2
2024-03-11T00:00,14.4,0.00,0.00,0.00,12.5,4.8,167,10.8
2024-03-11T01:00,13.5,0.00,0.00,0.00,11.4,5.6,165,8.3
2024-03-11T02:00,13.6,0.00,0.00,0.00,11.3,6.6,189,9.7
2024-03-11T03:00,13.2,0.00,0.00,0.00,10.9,6.3,211,10.4
2024-03-11T04:00,10.7,0.00,0.00,0.00,8.1,8.9,227,10.8
2024-03-11T05:00,9.9,0.00,0.00,0.00,7.4,8.7,225,11.2
2024-03-11T06:00,9.1,0.00,0.00,0.00,6.5,9.4,223,11.5
2024-03-11T07:00,8.9,0.00,0.00,0.00,6.5,8.4,223,11.2
2024-03-11T08:00,11.2,0.00,0.00,0.00,9.3,4.8,193,9.4
2024-03-11T09:00,12.2,0.00,0.00,0.00,10.7,3.8,139,9.7
2024-03-11T10:00,14.7,0.00,0.00,0.00,13.5,2.7,157,11.2
2024-03-11T11:00,16.9,0.00,0.00,0.00,15.3,6.3,167,16.6
2024-03-11T12:00,18.8,0.00,0.00,0.00,17.1,11.1,167,24.1
2024-03-11T13:00,20.1,0.00,0.00,0.00,19.0,10.7,168,25.2
2024-03-11T14:00,21.1,0.00,0.00,0.00,20.4,9.9,170,24.5
2024-03-11T15:00,21.7,0.00,0.00,0.00,21.0,10.3,168,23.8
2024-03-11T16:00,22.2,0.00,0.00,0.00,20.7,11.7,169,24.5
2024-03-11T17:00,23.9,0.00,0.00,0.00,22.2,6.5,199,25.6
2024-03-11T18:00,24.3,0.00,0.00,0.00,21.5,10.7,222,16.9
2024-03-11T19:00,21.7,0.00,0.00,0.00,18.7,17.3,201,29.2
2024-03-11T20:00,18.8,0.00,0.00,0.00,16.6,14.1,165,22.0
2024-03-11T21:00,18.2,0.00,0.00,0.00,15.9,16.3,166,26.3
2024-03-11T22:00,16.9,0.00,0.00,0.00,15.0,14.1,167,25.9
2024-03-11T23:00,16.0,0.00,0.00,0.00,14.4,15.4,169,24.8
2024-03-12T00:00,15.2,0.00,0.00,0.00,13.6,15.5,177,24.5
2024-03-12T01:00,14.5,0.00,0.00,0.00,13.2,13.7,178,24.5
2024-03-12T02:00,13.9,0.00,0.00,0.00,12.7,12.3,177,21.6
2024-03-12T03:00,13.3,0.00,0.00,0.00,12.4,10.8,182,19.4
2024-03-12T04:00,13.0,0.00,0.00,0.00,12.3,9.4,187,17.3
2024-03-12T05:00,12.6,0.00,0.00,0.00,12.1,7.2,183,14.8
2024-03-12T06:00,12.4,0.00,0.00,0.00,12.0,6.8,183,11.9
2024-03-12T07:00,12.2,0.00,0.00,0.00,11.9,5.5,169,10.8
2024-03-12T08:00,13.9,0.00,0.00,0.00,14.0,6.1,152,10.4
2024-03-12T09:00,15.8,0.00,0.00,0.00,15.4,11.5,180,18.7
2024-03-12T10:00,17.6,0.00,0.00,0.00,16.8,15.6,187,26.3
2024-03-12T11:00,19.8,0.00,0.00,0.00,18.0,22.9,193,38.9
2024-03-12T12:00,21.6,0.00,0.00,0.00,19.7,23.4,194,41.8
2024-03-12T13:00,22.5,0.00,0.00,0.00,21.2,18.4,192,40.3
2024-03-12T14:00,24.0,0.00,0.00,0.00,22.3,20.7,197,36.7
2024-03-12T15:00,24.6,0.00,0.00,0.00,23.0,20.3,192,36.7
2024-03-12T16:00,25.4,0.00,0.00,0.00,23.6,21.1,189,36.7
2024-03-12T17:00,25.4,0.00,0.00,0.00,23.8,20.2,184,36.7
2024-03-12T18:00,25.4,0.00,0.00,0.00,23.3,23.4,182,38.5
2024-03-12T19:00,24.3,0.00,0.00,0.00,23.3,17.1,172,38.5
2024-03-12T20:00,21.7,0.00,0.00,0.00,21.5,14.6,171,23.8
2024-03-12T21:00,20.9,0.00,0.00,0.00,20.8,15.1,179,25.6
2024-03-12T22:00,20.8,0.10,0.00,0.10,20.8,15.2,173,23.8
2024-03-12T23:00,20.0,0.10,0.00,0.10,19.8,17.4,173,27.4
2024-03-13T00:00,19.1,0.00,0.00,0.00,18.8,17.8,172,28.1
2024-03-13T01:00,18.2,0.00,0.00,0.00,18.1,15.9,177,28.4
2024-03-13T02:00,17.5,0.00,0.00,0.00,17.7,13.4,186,25.2
2024-03-13T03:00,17.4,0.00,0.00,0.00,17.5,14.1,184,22.7
2024-03-13T04:00,17.9,0.00,0.00,0.00,18.2,14.4,183,23.4
2024-03-13T05:00,18.1,0.00,0.00,0.00,18.4,14.8,186,23.8
2024-03-13T06:00,18.3,0.00,0.00,0.00,18.6,15.2,185,24.5
2024-03-13T07:00,18.3,0.00,0.00,0.00,18.8,14.1,186,24.1
2024-03-13T08:00,18.9,0.00,0.00,0.00,19.9,13.0,183,21.2
2024-03-13T09:00,19.3,0.00,0.00,0.00,20.3,13.3,182,22.0
2024-03-13T10:00,20.0,0.00,0.00,0.00,20.4,17.2,190,27.7
2024-03-13T11:00,21.4,0.10,0.00,0.10,21.4,20.3,192,34.2
2024-03-13T12:00,23.2,0.00,0.00,0.00,23.1,21.4,193,37.1
2024-03-13T13:00,25.2,0.00,0.00,0.00,25.1,20.6,192,37.4
2024-03-13T14:00,26.6,0.00,0.00,0.00,26.1,21.3,191,37.8
2024-03-13T15:00,28.3,0.00,0.00,0.00,28.4,19.6,186,38.2
2024-03-13T16:00,28.8,0.00,0.00,0.00,29.6,18.0,178,35.3
2024-03-13T17:00,29.5,0.00,0.00,0.00,29.1,19.9,184,33.8
2024-03-13T18:00,27.8,0.00,0.00,0.00,26.3,28.0,173,44.6
2024-03-13T19:00,26.1,0.00,0.00,0.00,25.4,20.8,171,46.1
2024-03-13T20:00,24.2,0.00,0.00,0.00,24.5,21.7,148,34.6
2024-03-13T21:00,22.9,0.00,0.00,0.00,23.6,18.2,146,34.9
2024-03-13T22:00,22.0,0.00,0.00,0.00,22.6,18.9,149,29.9
2024-03-13T23:00,21.2,0.00,0.00,0.00,21.9,20.5,156,32.4
2024-03-14T00:00,21.2,0.00,0.00,0.00,21.7,23.0,160,38.2
2024-03-14T01:00,21.2,0.10,0.00,0.10,21.9,21.9,166,38.2
2024-03-14T02:00,21.2,0.10,0.00,0.10,22.2,20.4,166,35.3
2024-03-14T03:00,21.0,0.10,0.00,0.10,21.7,22.3,171,35.6
2024-03-14T04:00,20.7,0.10,0.00,0.10,21.2,23.0,166,37.1
2024-03-14T05:00,20.7,0.10,0.00,0.10,21.2,22.6,166,37.4
2024-03-14T06:00,20.8,0.10,0.00,0.10,21.7,20.6,168,36.4
2024-03-14T07:00,21.0,0.20,0.00,0.20,22.0,20.7,163,33.1
2024-03-14T08:00,21.6,0.20,0.00,0.20,22.4,22.8,168,37.1
2024-03-14T09:00,21.8,0.10,0.00,0.10,22.6,23.0,170,36.7
2024-03-14T10:00,23.1,0.20,0.00,0.20,23.2,27.2,174,45.4
2024-03-14T11:00,24.6,0.10,0.00,0.10,23.9,31.0,171,50.4
2024-03-14T12:00,25.9,0.30,0.00,0.30,25.3,30.7,175,51.8
2024-03-14T13:00,27.8,0.00,0.00,0.00,26.9,29.2,177,51.1
2024-03-14T14:00,29.2,0.00,0.00,0.00,28.2,27.4,177,49.3
2024-03-14T15:00,28.6,0.00,0.00,0.00,27.5,29.3,169,49.3
2024-03-14T16:00,29.2,0.00,0.00,0.00,28.6,25.1,173,49.0
2024-03-14T17:00,28.1,0.00,0.00,0.00,27.5,26.9,168,45.4
2024-03-14T18:00,27.3,0.00,0.00,0.00,27.2,24.6,165,45.0
2024-03-14T19:00,26.0,0.00,0.00,0.00,26.2,22.7,165,40.7
2024-03-14T20:00,23.1,0.10,0.00,0.10,25.1,12.5,141,24.5
2024-03-14T21:00,22.8,0.00,0.00,0.00,25.0,12.2,133,20.9
2024-03-14T22:00,22.6,0.10,0.00,0.10,24.9,11.8,160,19.4
2024-03-14T23:00,22.5,0.10,0.00,0.10,25.3,9.5,171,18.4
2024-03-15T00:00,21.4,0.00,0.00,0.00,24.5,6.9,189,14.8
2024-03-15T01:00,21.2,0.10,0.00,0.10,24.5,6.5,183,11.5
2024-03-15T02:00,20.8,0.00,0.00,0.00,23.8,6.7,196,10.8
2024-03-15T03:00,21.1,0.00,0.00,0.00,24.1,7.9,204,12.2
2024-03-15T04:00,21.2,0.10,0.00,0.10,24.7,5.1,225,12.6
2024-03-15T05:00,21.4,0.00,0.00,0.00,25.2,3.2,270,7.6
2024-03-15T06:00,21.3,0.00,0.00,0.00,25.2,2.3,129,4.0
2024-03-15T07:00,20.8,0.10,0.00,0.10,23.1,12.4,296,16.6
2024-03-15T08:00,20.0,0.60,0.00,0.60,22.3,7.1,45,14.0
2024-03-15T09:00,20.7,0.00,0.00,0.00,22.9,8.7,24,21.2
2024-03-15T10:00,22.3,0.00,0.00,0.00,24.2,11.4,66,18.7
2024-03-15T11:00,23.5,0.00,0.00,0.00,23.9,19.0,63,33.1
2024-03-15T12:00,22.6,0.40,0.00,0.40,23.1,16.7,33,33.8
2024-03-15T13:00,21.0,5.00,0.00,5.00,21.5,18.2,39,30.2
2024-03-15T14:00,23.1,1.70,0.00,1.70,23.4,20.1,47,33.5
2024-03-15T15:00,25.0,0.00,0.00,0.00,25.1,23.0,65,41.4
2024-03-15T16:00,25.5,0.00,0.00,0.00,25.7,20.4,69,40.3
2024-03-15T17:00,24.9,0.00,0.00,0.00,24.7,18.4,79,36.4
2024-03-15T18:00,24.3,0.00,0.00,0.00,24.5,14.9,97,32.0
2024-03-15T19:00,23.7,0.00,0.00,0.00,24.8,8.7,95,25.2
2024-03-15T20:00,19.4,0.00,0.00,0.00,19.2,16.2,32,36.4
2024-03-15T21:00,18.9,0.00,0.00,0.00,18.4,18.4,23,29.5
2024-03-15T22:00,18.5,0.00,0.00,0.00,17.8,19.0,19,29.9
2024-03-15T23:00,18.0,0.00,0.00,0.00,16.7,20.0,18,32.4
2024-03-16T00:00,18.1,0.00,0.00,0.00,17.3,16.7,25,31.7
2024-03-16T01:00,18.4,0.00,0.00,0.00,17.9,14.8,29,26.6
2024-03-16T02:00,18.1,0.60,0.00,0.60,17.4,16.6,48,25.2
2024-03-16T03:00,17.0,0.70,0.00,0.70,16.2,18.5,37,31.0
2024-03-16T04:00,17.1,0.10,0.00,0.10,16.4,16.3,43,29.5
2024-03-16T05:00,16.9,0.00,0.00,0.00,16.4,14.7,31,25.6
2024-03-16T06:00,17.1,0.00,0.00,0.00,17.0,12.1,37,23.0
2024-03-16T07:00,17.2,0.10,0.00,0.10,17.1,11.8,31,18.7
2024-03-16T08:00,17.2,0.30,0.00,0.30,17.9,8.9,43,19.8
2024-03-16T09:00,17.2,0.30,0.00,0.30,17.3,13.8,41,22.0
2024-03-16T10:00,17.7,0.10,0.00,0.10,17.4,16.3,45,28.1
2024-03-16T11:00,18.4,0.10,0.00,0.10,18.6,14.7,68,27.7
2024-03-16T12:00,19.9,0.00,0.00,0.00,20.6,12.2,118,25.2
2024-03-16T13:00,20.5,0.00,0.00,0.00,21.1,14.8,146,25.2
2024-03-16T14:00,22.2,0.10,0.00,0.10,23.6,11.2,176,26.6
2024-03-16T15:00,23.1,0.30,0.00,0.30,24.7,10.0,221,19.8
2024-03-16T16:00,22.9,0.20,0.00,0.20,24.5,10.6,242,20.5
2024-03-16T17:00,23.3,0.20,0.00,0.20,25.6,5.4,270,19.8
2024-03-16T18:00,22.6,0.00,0.00,0.00,24.4,8.8,305,14.8
2024-03-16T19:00,21.7,0.00,0.00,0.00,23.1,12.0,339,18.7
2024-03-16T20:00,19.4,0.30,0.00,0.30,20.0,15.5,13,23.8
2024-03-16T21:00,19.2,0.00,0.00,0.00,20.3,12.8,10,24.8
2024-03-16T22:00,19.4,0.10,0.00,0.10,21.0,10.7,48,19.8
2024-03-16T23:00,19.1,0.00,0.00,0.00,20.2,13.3,33,20.9
2024-03-17T00:00,18.8,0.00,0.00,0.00,20.1,11.4,62,22.0
2024-03-17T01:00,18.6,0.00,0.00,0.00,19.8,12.0,51,19.4
2024-03-17T02:00,18.2,0.00,0.00,0.00,20.1,5.8,90,19.4
2024-03-17T03:00,18.0,0.20,0.00,0.20,19.7,7.2,6,9.7
2024-03-17T04:00,18.1,0.50,0.00,0.50,19.8,7.1,45,14.8
2024-03-17T05:00,17.9,0.20,0.00,0.20,19.6,7.4,47,12.2
2024-03-17T06:00,17.9,0.20,0.00,0.20,19.2,9.4,358,14.0
2024-03-17T07:00,18.0,0.70,0.00,0.70,18.7,13.3,13,21.2
2024-03-17T08:00,17.1,0.00,0.00,0.00,17.3,14.2,336,22.0
2024-03-17T09:00,17.5,0.00,0.00,0.00,17.2,17.0,356,28.4
2024-03-17T10:00,17.4,0.00,0.00,0.00,16.8,16.4,9,28.1
2024-03-17T11:00,17.5,0.10,0.00,0.10,16.9,15.9,18,28.1
2024-03-17T12:00,18.2,0.20,0.00,0.20,16.7,21.7,19,36.7
2024-03-17T13:00,18.7,0.00,0.00,0.00,16.7,24.5,20,41.0
2024-03-17T14:00,19.8,0.00,0.00,0.00,17.5,25.9,21,46.1
2024-03-17T15:00,20.9,0.00,0.00,0.00,19.2,23.5,29,44.3
2024-03-17T16:00,20.9,0.00,0.00,0.00,19.2,20.9,24,40.7
2024-03-17T17:00,21.0,0.00,0.00,0.00,19.3,19.8,29,36.0
2024-03-17T18:00,20.8,0.00,0.00,0.00,19.6,15.8,17,34.2
2024-03-17T19:00,19.3,0.30,0.00,0.30,17.6,19.9,354,31.3
2024-03-17T20:00,16.7,0.00,0.00,0.00,15.7,15.9,4,24.5
2024-03-17T21:00,16.2,0.00,0.00,0.00,14.7,16.9,360,26.6
2024-03-17T22:00,15.9,0.10,0.00,0.10,13.9,19.5,356,29.9
2024-03-17T23:00,15.8,0.00,0.00,0.00,13.3,21.3,357,33.8
2024-03-18T00:00,14.9,0.00,0.00,0.00,11.9,22.1,354,34.9
2024-03-18T01:00,14.5,0.00,0.00,0.00,11.0,21.4,7,35.3
2024-03-18T02:00,14.5,0.00,0.00,0.00,10.7,21.9,17,34.6
2024-03-18T03:00,14.4,0.00,0.00,0.00,10.2,21.4,25,35.3
2024-03-18T04:00,14.8,0.00,0.00,0.00,10.2,20.8,28,34.9
2024-03-18T05:00,14.8,0.00,0.00,0.00,9.8,21.1,27,33.5
2024-03-18T06:00,14.4,0.00,0.00,0.00,9.2,21.4,25,34.2
2024-03-18T07:00,14.0,0.00,0.00,0.00,8.7,21.6,28,34.6
2024-03-18T08:00,13.5,0.00,0.00,0.00,9.0,17.2,29,30.2
2024-03-18T09:00,13.9,0.00,0.00,0.00,9.6,18.5,29,28.8
2024-03-18T10:00,15.1,0.00,0.00,0.00,10.0,23.6,31,38.9
2024-03-18T11:00,15.8,0.00,0.00,0.00,10.7,23.6,39,40.7
2024-03-18T12:00,17.1,0.00,0.00,0.00,12.8,23.8,38,41.8
2024-03-18T13:00,17.8,0.00,0.00,0.00,14.0,24.2,41,43.2
2024-03-18T14:00,18.1,0.00,0.00,0.00,14.7,23.0,40,42.8
2024-03-18T15:00,18.5,0.00,0.00,0.00,15.2,22.4,37,41.0
2024-03-18T16:00,18.4,0.00,0.00,0.00,14.7,22.6,34,40.0
2024-03-18T17:00,18.0,0.00,0.00,0.00,13.6,21.2,35,39.6
2024-03-18T18:00,17.3,0.00,0.00,0.00,12.7,20.3,37,36.4
2024-03-18T19:00,15.9,0.00,0.00,0.00,12.4,14.1,40,33.8
2024-03-18T20:00,14.7,0.00,0.00,0.00,11.6,9.8,28,18.0
2024-03-18T21:00,13.9,0.00,0.00,0.00,11.3,7.0,21,15.5
2024-03-18T22:00,12.3,0.00,0.00,0.00,9.5,8.0,27,12.6
2024-03-18T23:00,11.2,0.00,0.00,0.00,8.6,6.9,28,13.0
2024-03-19T00:00,10.3,0.00,0.00,0.00,7.7,6.9,28,10.8
2024-03-19T01:00,10.0,0.00,0.00,0.00,6.8,9.8,28,14.8
2024-03-19T02:00,9.8,0.00,0.00,0.00,6.5,10.5,31,18.0
2024-03-19T03:00,9.3,0.00,0.00,0.00,6.3,8.4,25,16.6
2024-03-19T04:00,8.5,0.00,0.00,0.00,5.9,6.0,33,13.0
2024-03-19T05:00,8.2,0.00,0.00,0.00,5.5,6.8,32,10.1
2024-03-19T06:00,8.3,0.00,0.00,0.00,5.9,5.2,56,7.9
2024-03-19T07:00,7.3,0.00,0.00,0.00,4.9,5.1,51,8.3
2024-03-19T08:00,9.3,0.00,0.00,0.00,6.6,7.0,55,12.6
2024-03-19T09:00,9.8,0.00,0.00,0.00,7.1,5.9,52,13.0
2024-03-19T10:00,11.3,0.00,0.00,0.00,8.5,5.8,90,15.1
2024-03-19T11:00,12.6,0.00,0.00,0.00,9.6,7.1,156,17.3
2024-03-19T12:00,14.4,0.00,0.00,0.00,12.3,8.9,153,21.2
2024-03-19T13:00,15.6,0.00,0.00,0.00,14.1,10.0,167,23.4
2024-03-19T14:00,16.2,0.00,0.00,0.00,14.1,10.3,168,23.4
2024-03-19T15:00,16.4,0.00,0.00,0.00,13.9,8.6,165,23.0
2024-03-19T16:00,16.0,0.00,0.00,0.00,12.8,10.5,174,20.2
2024-03-19T17:00,15.8,0.00,0.00,0.00,12.4,11.9,178,21.2
2024-03-19T18:00,15.5,0.00,0.00,0.00,12.2,11.9,183,21.2
2024-03-19T19:00,15.0,0.00,0.00,0.00,12.0,10.1,182,20.5
2024-03-19T20:00,13.6,0.00,0.00,0.00,10.3,13.0,186,21.2
2024-03-19T21:00,12.0,0.00,0.00,0.00,9.3,9.4,184,20.5
2024-03-19T22:00,12.0,0.00,0.00,0.00,9.3,9.7,195,16.2
2024-03-19T23:00,13.1,0.00,0.00,0.00,10.4,10.2,198,16.9
2024-03-20T00:00,13.0,0.00,0.00,0.00,10.0,11.8,207,18.4
2024-03-20T01:00,12.3,0.00,0.00,0.00,9.4,10.9,214,18.4
2024-03-20T02:00,10.8,0.00,0.00,0.00,8.3,8.3,214,16.9
2024-03-20T03:00,9.6,0.00,0.00,0.00,7.3,6.7,234,13.0
2024-03-20T04:00,8.9,0.00,0.00,0.00,6.8,5.6,243,10.4
2024-03-20T05:00,8.6,0.00,0.00,0.00,6.5,6.8,238,8.6
2024-03-20T06:00,8.1,0.00,0.00,0.00,5.9,7.0,235,10.1
2024-03-20T07:00,7.8,0.00,0.00,0.00,5.7,6.9,231,9.4
2024-03-20T08:00,10.1,0.00,0.00,0.00,8.4,5.5,212,8.6
2024-03-20T09:00,11.5,0.00,0.00,0.00,10.3,4.0,190,9.7
2024-03-20T10:00,13.5,0.00,0.00,0.00,12.0,6.9,186,15.5
2024-03-20T11:00,14.4,0.00,0.00,0.00,12.9,7.9,177,16.6
2024-03-20T12:00,15.6,0.00,0.00,0.00,13.7,11.2,182,21.6
2024-03-20T13:00,16.7,0.00,0.00,0.00,14.8,12.6,182,24.1
2024-03-20T14:00,17.7,0.00,0.00,0.00,15.9,13.8,187,27.0
2024-03-20T15:00,18.3,0.00,0.00,0.00,16.6,13.9,197,26.6
2024-03-20T16:00,18.8,0.00,0.00,0.00,17.2,14.2,187,26.3
2024-03-20T17:00,19.1,0.00,0.00,0.00,17.4,14.8,184,27.4
2024-03-20T18:00,18.9,0.00,0.00,0.00,17.3,13.7,175,27.0
2024-03-20T19:00,17.9,0.00,0.00,0.00,16.7,10.9,163,24.1
2024-03-20T20:00,17.7,0.00,0.00,0.00,16.5,12.0,164,18.4
2024-03-20T21:00,16.8,0.00,0.00,0.00,15.8,11.8,142,19.8
2024-03-20T22:00,15.0,0.00,0.00,0.00,14.9,7.3,160,19.1
2024-03-20T23:00,16.0,0.00,0.00,0.00,15.7,10.8,154,16.9
2024-03-21T00:00,16.1,0.00,0.00,0.00,16.3,8.7,156,17.3
2024-03-21T01:00,15.9,0.00,0.00,0.00,16.1,8.7,156,14.0
2024-03-21T02:00,15.7,0.20,0.00,0.20,15.9,8.2,142,14.0
2024-03-21T03:00,15.5,0.00,0.00,0.00,15.8,6.9,133,13.0
2024-03-21T04:00,15.4,0.80,0.00,0.80,16.1,4.1,135,10.4
2024-03-21T05:00,15.2,0.10,0.00,0.10,15.8,5.2,34,7.9
2024-03-21T06:00,15.1,5.00,0.00,5.00,15.8,4.3,42,10.8
2024-03-21T07:00,14.9,0.90,0.00,0.90,15.1,7.1,49,18.7
2024-03-21T08:00,15.7,0.10,0.00,0.10,15.7,10.4,70,17.3
2024-03-21T09:00,16.1,0.00,0.00,0.00,16.3,8.7,60,15.8
2024-03-21T10:00,16.8,0.10,0.00,0.10,17.0,10.1,90,18.7
2024-03-21T11:00,16.9,0.30,0.00,0.30,17.7,7.3,101,18.7
2024-03-21T12:00,17.2,0.60,0.00,0.60,18.4,7.6,87,16.2
2024-03-21T13:00,18.0,3.60,0.00,3.60,19.5,5.9,52,19.8
2024-03-21T14:00,17.9,12.30,0.00,12.30,19.1,7.2,53,22.7
2024-03-21T15:00,19.2,1.90,0.00,1.90,21.0,2.3,309,23.0
2024-03-21T16:00,20.0,0.00,0.00,0.00,21.7,3.6,323,11.9
2024-03-21T17:00,21.3,0.00,0.00,0.00,23.0,3.9,304,13.3
2024-03-21T18:00,21.4,0.00,0.00,0.00,22.9,4.9,306,13.3
2024-03-21T19:00,21.0,0.00,0.00,0.00,22.9,1.1,360,11.9
2024-03-21T20:00,17.6,2.30,0.00,2.30,18.7,5.2,295,19.4
2024-03-21T21:00,17.2,3.30,0.00,3.30,17.9,9.3,77,15.1
2024-03-21T22:00,16.0,0.00,0.00,0.00,17.0,5.0,120,14.8
2024-03-21T23:00,14.4,0.00,0.00,0.00,14.8,6.7,106,8.6
2024-03-22T00:00,15.4,0.00,0.00,0.00,16.9,1.6,27,7.6
2024-03-22T01:00,13.8,0.00,0.00,0.00,14.2,5.9,43,9.0
2024-03-22T02:00,14.1,0.00,0.00,0.00,14.7,5.2,65,9.4
2024-03-22T03:00,13.6,0.00,0.00,0.00,14.3,2.5,262,6.1
2024-03-22T04:00,14.2,0.00,0.00,0.00,14.3,8.1,212,13.7
2024-03-22T05:00,14.0,0.00,0.00,0.00,13.4,12.3,218,19.8
2024-03-22T06:00,14.1,0.00,0.00,0.00,13.8,10.4,250,19.8
2024-03-22T07:00,13.2,0.00,0.00,0.00,13.1,7.3,281,15.8
2024-03-22T08:00,11.9,0.00,0.00,0.00,11.6,5.4,307,9.0
2024-03-22T09:00,13.7,0.00,0.00,0.00,13.6,7.9,300,15.1
2024-03-22T10:00,16.1,0.00,0.00,0.00,16.3,9.2,318,19.4
2024-03-22T11:00,18.6,0.00,0.00,0.00,18.9,11.1,335,23.0
2024-03-22T12:00,21.3,0.00,0.00,0.00,22.8,10.6,342,23.4
2024-03-22T13:00,23.5,0.00,0.00,0.00,24.4,15.3,352,36.0
2024-03-22T14:00,24.4,0.00,0.00,0.00,23.6,21.5,342,40.0
2024-03-22T15:00,24.5,0.00,0.00,0.00,22.8,23.1,345,42.8
2024-03-22T16:00,24.5,0.00,0.00,0.00,21.6,26.4,346,43.6
2024-03-22T17:00,23.6,0.00,0.00,0.00,20.3,27.9,349,46.1
2024-03-22T18:00,23.0,0.00,0.00,0.00,20.2,23.3,352,46.1
2024-03-22T19:00,20.9,0.00,0.00,0.00,19.0,18.0,16,38.9
2024-03-22T20:00,18.5,0.00,0.00,0.00,17.2,12.0,9,34.2
2024-03-22T21:00,17.0,0.00,0.00,0.00,16.0,10.0,13,18.7
2024-03-22T22:00,16.0,0.00,0.00,0.00,15.1,9.7,15,15.8
2024-03-22T23:00,15.2,0.00,0.00,0.00,14.5,8.8,19,15.1
2024-03-23T00:00,14.0,0.00,0.00,0.00,13.5,6.9,9,13.7
2024-03-23T01:00,13.0,0.00,0.00,0.00,12.4,7.1,345,10.4
2024-03-23T02:00,11.9,0.00,0.00,0.00,11.1,7.7,332,10.1
2024-03-23T03:00,11.7,0.00,0.00,0.00,11.1,5.4,318,9.7
2024-03-23T04:00,11.8,0.00,0.00,0.00,11.0,7.6,329,11.5
2024-03-23T05:00,12.0,0.00,0.00,0.00,11.0,8.8,351,13.7
2024-03-23T06:00,12.1,0.00,0.00,0.00,11.1,8.7,7,14.0
2024-03-23T07:00,12.2,0.00,0.00,0.00,11.0,10.1,6,15.5
2024-03-23T08:00,12.4,0.00,0.00,0.00,10.9,13.1,21,19.8
2024-03-23T09:00,14.2,0.00,0.00,0.00,13.0,13.2,22,22.7
2024-03-23T10:00,15.8,0.00,0.00,0.00,14.8,12.4,17,24.5
2024-03-23T11:00,17.7,0.00,0.00,0.00,17.3,9.4,358,24.1
2024-03-23T12:00,19.2,0.00,0.00,0.00,20.1,6.5,19,20.9
2024-03-23T13:00,20.0,0.00,0.00,0.00,21.1,3.4,32,18.0
2024-03-23T14:00,20.5,0.00,0.00,0.00,21.1,1.5,104,13.7
2024-03-23T15:00,20.9,0.00,0.00,0.00,21.3,2.5,135,10.8
2024-03-23T16:00,21.3,0.00,0.00,0.00,21.4,4.8,153,13.3
2024-03-23T17:00,21.7,0.00,0.00,0.00,21.3,7.6,149,16.6
2024-03-23T18:00,21.3,0.00,0.00,0.00,20.5,9.5,151,16.9
2024-03-23T19:00,20.7,0.00,0.00,0.00,20.8,6.2,126,16.6
2024-03-23T20:00,18.4,0.00,0.00,0.00,18.4,6.6,103,10.1
2024-03-23T21:00,18.1,0.00,0.00,0.00,17.7,9.1,108,13.3
2024-03-23T22:00,17.6,0.00,0.00,0.00,16.9,9.9,123,15.1
2024-03-23T23:00,17.0,0.00,0.00,0.00,16.5,9.7,135,15.8
2024-03-24T00:00,16.8,0.00,0.00,0.00,16.0,11.1,144,17.3
2024-03-24T01:00,16.9,0.00,0.00,0.00,15.5,14.5,166,23.0
2024-03-24T02:00,16.2,0.00,0.00,0.00,14.8,14.8,174,23.0
2024-03-24T03:00,15.7,0.00,0.00,0.00,13.7,16.6,178,26.6
2024-03-24T04:00,15.0,0.00,0.00,0.00,12.7,15.2,175,26.6
2024-03-24T05:00,14.4,0.00,0.00,0.00,11.8,15.6,173,24.8
2024-03-24T06:00,14.6,0.00,0.00,0.00,11.8,17.9,171,28.4
2024-03-24T07:00,14.6,0.00,0.00,0.00,11.9,18.1,167,28.8
2024-03-24T08:00,15.2,0.00,0.00,0.00,13.1,19.4,158,30.6
2024-03-24T09:00,16.8,0.00,0.00,0.00,15.1,20.8,157,38.9
2024-03-24T10:00,17.3,0.00,0.00,0.00,15.4,23.9,159,39.6
2024-03-24T11:00,18.5,0.10,0.00,0.10,16.2,26.9,157,47.2
2024-03-24T12:00,20.0,0.10,0.00,0.10,17.1,30.8,166,53.3
2024-03-24T13:00,22.5,0.10,0.00,0.10,19.0,38.4,173,64.1
2024-03-24T14:00,22.8,0.10,0.00,0.10,18.7,36.8,176,63.4
2024-03-24T15:00,22.8,0.00,0.00,0.00,18.8,36.2,174,60.5
2024-03-24T16:00,22.5,0.00,0.00,0.00,19.4,31.8,175,59.0
2024-03-24T17:00,21.8,0.00,0.00,0.00,19.5,29.6,170,51.8
2024-03-24T18:00,21.7,0.00,0.00,0.00,19.4,30.4,161,51.1
2024-03-24T19:00,21.1,0.00,0.00,0.00,19.3,27.6,160,52.6
2024-03-24T20:00,20.0,0.10,0.00,0.10,18.7,25.7,160,42.1
2024-03-24T21:00,20.0,0.00,0.00,0.00,19.0,23.2,156,41.4
2024-03-24T22:00,19.9,0.00,0.00,0.00,18.5,26.6,153,42.5
2024-03-24T23:00,19.1,0.00,0.00,0.00,17.9,25.3,154,42.8
2024-03-25T00:00,19.3,0.10,0.00,0.10,17.9,26.9,162,42.8
2024-03-25T01:00,19.3,0.00,0.00,0.00,17.6,29.9,170,48.2
2024-03-25T02:00,19.4,0.00,0.00,0.00,17.9,29.2,170,48.6
2024-03-25T03:00,19.5,0.00,0.00,0.00,18.0,28.8,171,47.9
2024-03-25T04:00,19.5,0.00,0.00,0.00,19.4,18.7,181,46.1
2024-03-25T05:00,19.0,2.30,0.00,2.30,19.5,14.8,225,29.2
2024-03-25T06:00,12.5,9.30,0.00,9.30,9.4,20.2,321,52.6
2024-03-25T07:00,13.0,0.40,0.00,0.40,10.6,14.6,340,32.0
2024-03-25T08:00,16.4,1.10,0.00,1.10,14.3,22.8,321,38.5
2024-03-25T09:00,15.9,0.70,0.00,0.70,15.7,8.7,30,35.6
2024-03-25T10:00,17.3,0.00,0.00,0.00,18.0,3.3,41,13.7
2024-03-25T11:00,19.6,0.00,0.00,0.00,19.7,8.4,340,18.7
2024-03-25T12:00,22.0,0.00,0.00,0.00,20.2,18.3,317,32.0
2024-03-25T13:00,23.1,0.00,0.00,0.00,20.8,20.2,305,36.0
2024-03-25T14:00,23.6,0.00,0.00,0.00,21.7,19.5,295,36.4
2024-03-25T15:00,24.6,0.00,0.00,0.00,22.3,19.6,276,34.6
2024-03-25T16:00,23.9,0.00,0.00,0.00,21.0,20.7,277,37.1
2024-03-25T17:00,23.9,0.00,0.00,0.00,19.1,25.2,267,40.3
2024-03-25T18:00,22.9,0.00,0.00,0.00,19.7,15.5,266,41.8
2024-03-25T19:00,20.4,0.00,0.00,0.00,16.3,19.2,296,31.7
2024-03-25T20:00,16.8,0.00,0.00,0.00,14.9,10.9,333,12.6
2024-03-25T21:00,16.3,0.00,0.00,0.00,14.1,9.4,313,14.4
2024-03-25T22:00,15.1,0.00,0.00,0.00,12.6,9.2,296,14.0
2024-03-25T23:00,17.0,0.00,0.00,0.00,12.4,18.5,327,28.8
2024-03-26T00:00,15.8,0.00,0.00,0.00,11.8,15.8,359,29.5
2024-03-26T01:00,14.8,0.00,0.00,0.00,12.2,8.0,10,24.8
2024-03-26T02:00,13.7,0.00,0.00,0.00,11.7,5.4,352,11.9
2024-03-26T03:00,13.2,0.00,0.00,0.00,10.7,8.1,347,13.0
2024-03-26T04:00,12.4,0.00,0.00,0.00,9.3,12.1,10,17.6
2024-03-26T05:00,11.1,0.00,0.00,0.00,6.9,15.9,6,25.6
2024-03-26T06:00,9.3,0.00,0.00,0.00,5.1,14.8,1,25.6
2024-03-26T07:00,8.2,0.00,0.00,0.00,3.9,14.0,1,23.8
2024-03-26T08:00,7.9,0.00,0.00,0.00,3.4,15.5,348,27.7
2024-03-26T09:00,8.2,0.00,0.00,0.00,3.6,16.3,354,28.1
2024-03-26T10:00,9.5,0.00,0.00,0.00,5.2,15.2,353,28.8
2024-03-26T11:00,11.1,0.00,0.00,0.00,7.7,13.0,2,28.8
2024-03-26T12:00,12.7,0.00,0.00,0.00,10.8,11.7,9,27.0
2024-03-26T13:00,14.2,0.00,0.00,0.00,13.5,10.2,8,25.9
2024-03-26T14:00,15.7,0.00,0.00,0.00,15.5,9.5,9,24.5
2024-03-26T15:00,16.8,0.00,0.00,0.00,16.7,9.1,18,23.0
2024-03-26T16:00,17.3,0.00,0.00,0.00,16.7,9.4,32,22.0
2024-03-26T17:00,17.5,0.00,0.00,0.00,15.9,9.4,40,22.0
2024-03-26T18:00,17.1,0.00,0.00,0.00,15.1,7.6,45,20.5
2024-03-26T19:00,16.2,0.00,0.00,0.00,13.9,10.6,62,16.9
2024-03-26T20:00,14.7,0.00,0.00,0.00,11.7,13.4,76,20.5
2024-03-26T21:00,13.5,0.00,0.00,0.00,10.8,10.5,84,21.6
2024-03-26T22:00,12.4,0.00,0.00,0.00,9.7,10.5,63,16.6
2024-03-26T23:00,11.6,0.00,0.00,0.00,8.7,10.9,56,19.1
2024-03-27T00:00,10.6,0.00,0.00,0.00,8.2,7.2,63,16.6
2024-03-27T01:00,10.0,0.00,0.00,0.00,7.5,8.1,69,12.2
2024-03-27T02:00,9.9,0.00,0.00,0.00,7.3,8.6,33,14.8
2024-03-27T03:00,8.5,0.00,0.00,0.00,6.0,8.6,22,13.3
2024-03-27T04:00,10.2,0.00,0.00,0.00,8.3,3.6,354,10.4
2024-03-27T05:00,9.3,0.00,0.00,0.00,7.4,4.7,351,8.3
2024-03-27T06:00,8.1,0.00,0.00,0.00,6.1,4.8,333,7.9
2024-03-27T07:00,8.7,0.00,0.00,0.00,6.9,4.2,329,6.8
2024-03-27T08:00,9.8,0.00,0.00,0.00,7.9,5.1,4,6.8
2024-03-27T09:00,10.6,0.00,0.00,0.00,8.8,4.7,32,10.8
2024-03-27T10:00,11.9,0.00,0.00,0.00,9.7,7.6,19,16.2
2024-03-27T11:00,12.9,0.00,0.00,0.00,11.3,2.9,30,15.5
2024-03-27T12:00,13.7,0.00,0.00,0.00,12.0,4.8,132,11.9
2024-03-27T13:00,14.8,0.00,0.00,0.00,12.9,7.0,125,17.6
2024-03-27T14:00,16.9,0.00,0.00,0.00,16.3,10.9,136,23.4
2024-03-27T15:00,18.0,0.00,0.00,0.00,17.7,12.6,177,26.3
2024-03-27T16:00,18.9,0.00,0.00,0.00,18.1,10.4,160,26.3
2024-03-27T17:00,17.4,0.60,0.00,0.60,16.6,5.8,330,22.0
2024-03-27T18:00,14.9,1.20,0.00,1.20,14.5,5.9,191,23.8
2024-03-27T19:00,15.4,0.50,0.00,0.50,15.0,6.2,249,19.8
2024-03-27T20:00,14.3,0.00,0.00,0.00,13.5,9.0,151,15.1
2024-03-27T21:00,12.4,0.00,0.00,0.00,11.8,6.3,59,14.4
2024-03-27T22:00,12.9,0.00,0.00,0.00,11.4,12.0,164,19.4
2024-03-27T23:00,12.7,0.00,0.00,0.00,12.3,4.3,66,18.7
2024-03-28T00:00,10.6,0.00,0.00,0.00,9.7,5.8,30,7.6
2024-03-28T01:00,11.0,0.00,0.00,0.00,10.1,5.4,222,6.5
2024-03-28T02:00,9.5,0.00,0.00,0.00,8.1,7.7,242,9.0
2024-03-28T03:00,9.9,0.00,0.00,0.00,8.7,7.0,249,10.4
2024-03-28T04:00,9.5,0.00,0.00,0.00,8.0,7.9,246,10.8
2024-03-28T05:00,9.3,0.00,0.00,0.00,7.5,9.3,242,11.9
2024-03-28T06:00,9.0,0.00,0.00,0.00,6.8,10.8,240,13.7
2024-03-28T07:00,10.4,0.00,0.00,0.00,8.8,7.5,253,13.0
2024-03-28T08:00,8.4,0.00,0.00,0.00,6.7,7.8,193,11.5
2024-03-28T09:00,11.7,0.00,0.00,0.00,10.7,7.0,192,14.0
2024-03-28T10:00,14.4,0.00,0.00,0.00,14.2,4.2,160,13.7
2024-03-28T11:00,16.8,0.00,0.00,0.00,16.8,7.0,159,17.6
2024-03-28T12:00,18.9,0.00,0.00,0.00,19.4,10.5,174,23.0
2024-03-28T13:00,20.6,0.00,0.00,0.00,21.5,12.6,182,26.3
2024-03-28T14:00,21.8,0.00,0.00,0.00,22.9,13.8,187,28.1
2024-03-28T15:00,23.0,0.00,0.00,0.00,23.7,14.9,188,28.8
2024-03-28T16:00,23.8,0.00,0.00,0.00,23.2,16.2,192,29.9
2024-03-28T17:00,23.9,0.00,0.00,0.00,22.1,16.8,195,30.2
2024-03-28T18:00,23.5,0.00,0.00,0.00,21.5,14.6,190,29.2
2024-03-28T19:00,21.7,0.00,0.00,0.00,21.1,8.7,173,23.8
2024-03-28T20:00,19.0,0.00,0.00,0.00,17.8,10.5,142,16.6
2024-03-28T21:00,18.0,0.00,0.00,0.00,16.5,13.3,142,20.2
2024-03-28T22:00,17.8,0.00,0.00,0.00,15.3,21.7,159,33.5
2024-03-28T23:00,16.8,0.00,0.00,0.00,14.7,20.4,171,34.6
2024-03-29T00:00,15.9,0.00,0.00,0.00,13.8,20.5,181,33.1
2024-03-29T01:00,15.2,0.00,0.00,0.00,13.5,18.0,180,32.4
2024-03-29T02:00,14.8,0.00,0.00,0.00,13.1,17.7,182,29.2
2024-03-29T03:00,14.5,0.00,0.00,0.00,12.8,17.3,182,28.1
2024-03-29T04:00,14.4,0.00,0.00,0.00,12.7,17.3,181,28.1
2024-03-29T05:00,14.3,0.00,0.00,0.00,12.6,17.0,184,27.7
2024-03-29T06:00,14.3,0.00,0.00,0.00,12.7,16.6,180,27.4
2024-03-29T07:00,14.2,0.00,0.00,0.00,12.9,15.1,177,26.6
2024-03-29T08:00,15.0,0.00,0.00,0.00,13.6,16.9,178,26.3
2024-03-29T09:00,16.9,0.00,0.00,0.00,15.6,17.7,175,32.4
2024-03-29T10:00,18.7,0.00,0.00,0.00,17.1,20.3,173,34.6
2024-03-29T11:00,20.5,0.00,0.00,0.00,18.4,24.6,174,41.8
2024-03-29T12:00,22.0,0.00,0.00,0.00,20.0,27.5,174,47.2
2024-03-29T13:00,22.8,0.00,0.00,0.00,20.6,28.1,171,47.5
2024-03-29T14:00,23.6,0.00,0.00,0.00,21.3,29.1,168,49.3
2024-03-29T15:00,24.3,0.00,0.00,0.00,22.2,29.3,166,50.4
2024-03-29T16:00,25.0,0.00,0.00,0.00,22.0,31.4,175,52.6
2024-03-29T17:00,24.6,0.00,0.00,0.00,21.1,30.0,175,52.6
2024-03-29T18:00,24.0,0.00,0.00,0.00,21.0,27.1,169,49.0
2024-03-29T19:00,22.2,0.00,0.00,0.00,19.8,24.0,163,43.6
2024-03-29T20:00,20.6,0.00,0.00,0.00,18.7,20.2,158,32.4
2024-03-29T21:00,19.7,0.00,0.00,0.00,17.6,21.5,159,34.6
2024-03-29T22:00,18.8,0.00,0.00,0.00,16.9,20.3,163,34.9
2024-03-29T23:00,17.9,0.00,0.00,0.00,16.5,18.3,164,32.4
2024-03-30T00:00,17.5,0.00,0.00,0.00,15.9,20.7,167,32.8
2024-03-30T01:00,17.3,0.00,0.00,0.00,15.6,22.0,177,35.6
2024-03-30T02:00,17.2,0.00,0.00,0.00,16.1,17.4,187,35.3
2024-03-30T03:00,16.7,0.00,0.00,0.00,15.8,16.7,187,28.1
2024-03-30T04:00,16.5,0.00,0.00,0.00,16.0,13.8,187,26.6
2024-03-30T05:00,16.2,0.00,0.00,0.00,15.9,12.7,187,22.0
2024-03-30T06:00,15.9,0.00,0.00,0.00,15.7,11.9,185,20.2
2024-03-30T07:00,15.9,0.00,0.00,0.00,15.7,11.9,185,19.1
2024-03-30T08:00,18.4,0.00,0.00,0.00,17.8,18.2,189,29.2
2024-03-30T09:00,19.2,0.00,0.00,0.00,18.3,21.1,194,34.9
2024-03-30T10:00,20.3,0.00,0.00,0.00,18.6,26.4,200,43.2
2024-03-30T11:00,21.5,0.10,0.00,0.10,20.2,23.7,202,42.8
2024-03-30T12:00,22.9,0.00,0.00,0.00,22.3,20.4,201,39.2
2024-03-30T13:00,24.3,0.00,0.00,0.00,24.0,19.4,191,35.3
2024-03-30T14:00,25.6,0.00,0.00,0.00,25.7,19.2,186,35.3
2024-03-30T15:00,25.5,0.00,0.00,0.00,25.1,20.9,176,36.4
2024-03-30T16:00,25.5,0.00,0.00,0.00,25.0,21.1,172,36.7
2024-03-30T17:00,24.6,0.00,0.00,0.00,24.3,20.3,163,36.7
2024-03-30T18:00,24.3,0.00,0.00,0.00,24.3,18.7,150,33.8
2024-03-30T19:00,23.5,0.00,0.00,0.00,23.5,18.9,156,31.0
2024-03-30T20:00,21.6,0.00,0.00,0.00,22.0,14.5,153,24.8
2024-03-30T21:00,21.5,0.00,0.00,0.00,21.1,19.0,151,30.2
2024-03-30T22:00,21.1,0.00,0.00,0.00,21.0,16.9,164,30.6
2024-03-30T23:00,20.8,0.00,0.00,0.00,20.7,16.4,171,26.6
2024-03-31T00:00,19.3,0.00,0.00,0.00,19.2,16.0,172,25.9
2024-03-31T01:00,18.7,0.00,0.00,0.00,18.3,16.6,175,27.4
2024-03-31T02:00,17.9,0.00,0.00,0.00,17.7,15.9,176,26.6
2024-03-31T03:00,17.6,0.00,0.00,0.00,17.8,13.7,178,25.6
2024-03-31T04:00,17.0,0.00,0.00,0.00,17.5,10.8,180,22.0
2024-03-31T05:00,16.9,0.00,0.00,0.00,17.4,11.3,187,17.6
2024-03-31T06:00,17.1,0.00,0.00,0.00,17.5,12.1,192,19.4
2024-03-31T07:00,17.5,0.00,0.00,0.00,17.8,14.2,187,22.3
2024-03-31T08:00,19.5,0.00,0.00,0.00,20.1,15.8,192,27.0
2024-03-31T09:00,20.0,0.00,0.00,0.00,20.5,17.9,189,30.2
2024-03-31T10:00,20.7,0.10,0.00,0.10,20.4,24.2,198,39.2
2024-03-31T11:00,21.8,0.20,0.00,0.20,22.2,21.1,194,41.4
2024-03-31T12:00,23.8,0.20,0.00,0.20,23.8,23.2,192,37.8
2024-03-31T13:00,24.8,0.10,0.00,0.10,24.9,23.4,190,39.2
2024-03-31T14:00,25.5,0.00,0.00,0.00,25.4,24.4,189,41.4
2024-03-31T15:00,26.1,0.00,0.00,0.00,26.4,22.6,188,41.0
2024-03-31T16:00,27.1,0.00,0.00,0.00,27.2,22.8,185,39.6
2024-03-31T17:00,27.9,0.00,0.00,0.00,27.9,22.3,182,38.5
2024-03-31T18:00,28.2,0.00,0.00,0.00,28.4,21.7,174,37.1
2024-03-31T19:00,26.5,0.00,0.00,0.00,27.2,19.6,154,34.9
2024-03-31T20:00,23.5,0.00,0.00,0.00,24.7,18.1,145,28.8
2024-03-31T21:00,22.6,0.00,0.00,0.00,23.5,19.1,148,30.2
2024-03-31T22:00,21.8,0.00,0.00,0.00,22.1,21.4,151,33.8
2024-03-31T23:00,20.7,0.00,0.00,0.00,21.2,20.1,151,34.6
2024-04-01T00:00,20.2,0.00,0.00,0.00,21.2,17.4,162,32.4
2024-04-01T01:00,20.4,0.00,0.00,0.00,21.2,18.9,159,29.9
2024-04-01T02:00,20.5,0.00,0.00,0.00,21.4,18.9,166,31.3
2024-04-01T03:00,20.8,0.00,0.00,0.00,21.7,20.2,175,32.4
2024-04-01T04:00,21.0,0.00,0.00,0.00,22.1,19.4,170,32.4
2024-04-01T05:00,21.1,0.00,0.00,0.00,22.5,18.4,176,30.6
2024-04-01T06:00,21.2,0.00,0.00,0.00,22.8,17.3,176,29.5
2024-04-01T07:00,21.3,0.00,0.00,0.00,23.0,16.7,174,27.7
2024-04-01T08:00,21.8,0.00,0.00,0.00,23.2,19.7,171,31.7
2024-04-01T09:00,22.1,0.10,0.00,0.10,23.0,21.7,173,35.6
2024-04-01T10:00,23.7,0.10,0.00,0.10,23.5,28.8,181,47.9
2024-04-01T11:00,24.7,0.10,0.00,0.10,24.0,32.0,179,51.5
2024-04-01T12:00,25.6,0.10,0.00,0.10,24.6,33.5,181,54.4
2024-04-01T13:00,27.3,0.00,0.00,0.00,26.2,33.6,184,55.8
2024-04-01T14:00,28.8,0.00,0.00,0.00,29.5,30.2,179,54.7
2024-04-01T15:00,29.7,0.00,0.00,0.00,30.5,29.5,181,55.1
2024-04-01T16:00,29.5,0.00,0.00,0.00,30.3,26.5,172,49.7
2024-04-01T17:00,29.2,0.00,0.00,0.00,30.0,25.3,165,44.3
2024-04-01T18:00,28.7,0.00,0.00,0.00,29.6,24.7,161,41.8
2024-04-01T19:00,27.5,0.00,0.00,0.00,29.3,19.1,164,40.0
2024-04-01T20:00,25.3,0.00,0.00,0.00,27.5,16.3,162,34.9
2024-04-01T21:00,24.0,0.00,0.00,0.00,26.7,12.3,148,26.3
2024-04-01T22:00,23.2,1.40,0.00,1.40,24.8,19.6,290,30.6
2024-04-01T23:00,22.2,2.90,0.00,2.90,22.7,17.6,311,34.6
2024-04-02T00:00,21.6,0.00,0.00,0.00,20.6,15.9,327,31.0
2024-04-02T01:00,21.0,0.00,0.00,0.00,18.6,14.4,338,23.8
2024-04-02T02:00,18.1,0.00,0.00,0.00,16.0,11.5,328,22.7
2024-04-02T03:00,19.0,0.00,0.00,0.00,16.7,7.3,351,15.1
2024-04-02T04:00,18.8,0.00,0.00,0.00,16.3,9.3,332,17.6
2024-04-02T05:00,19.1,0.00,0.00,0.00,16.7,7.3,327,14.8
2024-04-02T06:00,17.9,0.00,0.00,0.00,15.6,7.2,323,11.9
2024-04-02T07:00,15.6,0.00,0.00,0.00,12.7,9.2,318,13.7
2024-04-02T08:00,16.3,0.00,0.00,0.00,12.5,15.9,321,24.8
2024-04-02T09:00,17.6,0.00,0.00,0.00,14.3,17.8,315,28.1
2024-04-02T10:00,19.3,0.00,0.00,0.00,15.8,19.1,317,31.3
2024-04-02T11:00,20.2,0.00,0.00,0.00,16.4,23.1,321,39.6
2024-04-02T12:00,21.0,0.00,0.00,0.00,18.0,23.9,323,41.8
2024-04-02T13:00,21.5,0.00,0.00,0.00,19.5,23.4,326,41.8
2024-04-02T14:00,21.6,0.00,0.00,0.00,20.3,22.8,329,41.4
2024-04-02T15:00,21.8,0.00,0.00,0.00,20.5,22.2,333,40.7
2024-04-02T16:00,21.4,0.00,0.00,0.00,18.9,24.6,335,42.5
2024-04-02T17:00,20.8,0.00,0.00,0.00,17.1,25.3,334,43.2
2024-04-02T18:00,19.9,0.00,0.00,0.00,15.5,25.6,331,42.8
2024-04-02T19:00,18.7,0.00,0.00,0.00,15.0,20.3,327,42.1
2024-04-02T20:00,16.7,0.00,0.00,0.00,12.5,21.2,350,35.3
2024-04-02T21:00,16.0,0.00,0.00,0.00,11.2,23.8,350,38.2
2024-04-02T22:00,15.1,0.00,0.00,0.00,10.2,24.2,349,39.6
2024-04-02T23:00,14.5,0.00,0.00,0.00,9.9,21.5,350,39.2
2024-04-03T00:00,13.8,0.00,0.00,0.00,10.3,14.1,347,34.6
2024-04-03T01:00,12.9,0.00,0.00,0.00,9.8,11.1,331,22.3
2024-04-03T02:00,12.2,0.00,0.00,0.00,9.1,11.1,324,17.6
2024-04-03T03:00,11.8,0.00,0.00,0.00,8.6,12.3,322,19.4
2024-04-03T04:00,11.6,0.00,0.00,0.00,8.2,13.0,321,20.5
2024-04-03T05:00,11.4,0.00,0.00,0.00,7.9,13.5,316,21.6
2024-04-03T06:00,11.0,0.00,0.00,0.00,7.5,13.8,311,21.6
2024-04-03T07:00,10.6,0.00,0.00,0.00,7.3,12.3,302,21.6
2024-04-03T08:00,11.0,0.00,0.00,0.00,7.6,14.9,290,22.3
2024-04-03T09:00,13.5,0.00,0.00,0.00,10.2,16.4,289,26.6
2024-04-03T10:00,16.3,0.00,0.00,0.00,13.1,16.4,285,29.5
2024-04-03T11:00,18.9,0.00,0.00,0.00,15.8,19.0,295,33.5
2024-04-03T12:00,20.8,0.00,0.00,0.00,18.1,19.3,291,34.9
2024-04-03T13:00,22.2,0.00,0.00,0.00,20.2,17.2,286,34.6
2024-04-03T14:00,23.3,0.00,0.00,0.00,21.8,16.3,284,32.0
2024-04-03T15:00,24.4,0.00,0.00,0.00,22.8,16.4,289,31.0
2024-04-03T16:00,24.9,0.00,0.00,0.00,22.6,17.6,305,31.3
2024-04-03T17:00,25.2,0.00,0.00,0.00,22.0,17.2,296,31.7
2024-04-03T18:00,25.0,0.00,0.00,0.00,22.6,11.8,290,29.2
2024-04-03T19:00,22.5,0.00,0.00,0.00,22.4,5.8,274,18.4
2024-04-03T20:00,18.4,0.00,0.00,0.00,16.8,11.6,7,12.6
2024-04-03T21:00,17.4,0.00,0.00,0.00,15.4,9.5,11,14.4
2024-04-03T22:00,15.8,0.00,0.00,0.00,13.7,8.8,12,13.3
2024-04-03T23:00,15.0,0.00,0.00,0.00,13.1,7.8,13,11.9
2024-04-04T00:00,14.5,0.00,0.00,0.00,12.5,7.5,17,13.3
2024-04-04T01:00,13.3,0.00,0.00,0.00,11.6,7.2,354,11.5
2024-04-04T02:00,14.4,0.00,0.00,0.00,13.3,2.1,301,8.6
2024-04-04T03:00,14.5,0.00,0.00,0.00,13.7,0.5,315,3.2
2024-04-04T04:00,13.4,0.00,0.00,0.00,12.2,3.1,339,4.3
2024-04-04T05:00,13.8,0.00,0.00,0.00,12.8,1.6,333,4.3
2024-04-04T06:00,10.7,0.00,0.00,0.00,8.8,8.2,29,9.0
2024-04-04T07:00,13.3,0.00,0.00,0.00,11.9,4.1,52,10.8
2024-04-04T08:00,11.3,0.00,0.00,0.00,9.8,5.7,215,11.9
2024-04-04T09:00,15.0,0.00,0.00,0.00,13.7,6.8,177,13.3
2024-04-04T10:00,18.0,0.00,0.00,0.00,17.1,6.5,161,15.5
2024-04-04T11:00,21.0,0.00,0.00,0.00,20.4,8.4,173,18.7
2024-04-04T12:00,23.2,0.00,0.00,0.00,23.2,9.2,191,20.9
2024-04-04T13:00,25.1,0.00,0.00,0.00,25.7,10.2,203,22.3
2024-04-04T14:00,26.8,0.00,0.00,0.00,27.5,10.1,207,22.3
2024-04-04T15:00,28.2,0.00,0.00,0.00,28.3,9.2,206,22.0
2024-04-04T16:00,28.8,0.00,0.00,0.00,27.9,9.9,213,20.2
2024-04-04T17:00,28.8,0.00,0.00,0.00,27.0,10.1,215,19.8
2024-04-04T18:00,28.0,0.00,0.00,0.00,26.7,8.8,192,18.4
2024-04-04T19:00,25.1,0.00,0.00,0.00,24.6,8.0,172,14.0
2024-04-04T20:00,21.5,0.00,0.00,0.00,19.9,9.3,144,15.1
2024-04-04T21:00,18.9,0.00,0.00,0.00,16.9,11.5,148,14.0
2024-04-04T22:00,18.1,0.00,0.00,0.00,16.2,10.5,149,14.8
2024-04-04T23:00,17.7,0.00,0.00,0.00,15.8,9.8,204,12.2
2024-04-05T00:00,15.8,0.00,0.00,0.00,13.6,10.5,196,14.8
2024-04-05T01:00,15.5,0.00,0.00,0.00,13.3,9.3,196,13.7
2024-04-05T02:00,15.3,0.00,0.00,0.00,13.2,9.3,193,13.7
2024-04-05T03:00,15.1,0.00,0.00,0.00,13.1,9.9,199,15.5
2024-04-05T04:00,15.1,0.00,0.00,0.00,12.8,11.4,208,17.6
2024-04-05T05:00,14.9,0.00,0.00,0.00,12.5,11.4,215,18.0
2024-04-05T06:00,14.6,0.00,0.00,0.00,12.2,10.8,217,18.0
2024-04-05T07:00,14.2,0.00,0.00,0.00,11.8,10.0,221,16.9
2024-04-05T08:00,15.0,0.00,0.00,0.00,12.4,11.5,226,18.4
2024-04-05T09:00,17.9,0.00,0.00,0.00,15.3,14.5,226,21.6
2024-04-05T10:00,21.1,0.00,0.00,0.00,18.9,12.5,221,22.3
2024-04-05T11:00,23.5,0.00,0.00,0.00,21.4,15.5,211,28.1
2024-04-05T12:00,25.2,0.00,0.00,0.00,23.5,18.5,201,32.8
2024-04-05T13:00,26.5,0.00,0.00,0.00,24.6,21.1,197,37.1
2024-04-05T14:00,27.4,0.00,0.00,0.00,25.6,21.8,193,38.9
2024-04-05T15:00,28.0,0.00,0.00,0.00,26.0,21.7,187,38.9
2024-04-05T16:00,28.3,0.00,0.00,0.00,25.7,23.5,174,39.6
2024-04-05T17:00,28.2,0.00,0.00,0.00,24.2,25.6,166,42.1
2024-04-05T18:00,26.9,0.00,0.00,0.00,23.3,25.4,162,45.7
2024-04-05T19:00,25.3,0.00,0.00,0.00,21.7,20.4,159,40.7
2024-04-05T20:00,22.9,0.00,0.00,0.00,19.7,16.6,156,28.4
2024-04-05T21:00,21.5,0.00,0.00,0.00,17.9,19.3,156,29.5
2024-04-05T22:00,20.6,0.00,0.00,0.00,16.5,21.3,161,33.8
2024-04-05T23:00,19.3,0.00,0.00,0.00,15.6,19.0,170,33.8
2024-04-06T00:00,18.0,0.00,0.00,0.00,15.0,16.7,173,30.6
2024-04-06T01:00,17.1,0.00,0.00,0.00,14.5,17.3,168,27.7
2024-04-06T02:00,16.5,0.00,0.00,0.00,14.7,15.7,171,27.7
2024-04-06T03:00,16.2,0.00,0.00,0.00,14.6,17.2,170,27.7
2024-04-06T04:00,16.1,0.00,0.00,0.00,14.9,17.1,173,28.4
2024-04-06T05:00,16.0,0.00,0.00,0.00,14.9,17.9,171,28.8
2024-04-06T06:00,16.2,0.00,0.00,0.00,15.1,19.1,169,30.6
2024-04-06T07:00,16.4,0.00,0.00,0.00,15.4,19.1,168,30.6
2024-04-06T08:00,18.4,0.00,0.00,0.00,17.4,21.8,164,34.9
2024-04-06T09:00,19.4,0.10,0.00,0.10,17.5,29.1,172,45.4
2024-04-06T10:00,21.1,0.10,0.00,0.10,18.5,32.1,176,51.8
2024-04-06T11:00,22.2,0.10,0.00,0.10,20.2,30.7,175,53.6
2024-04-06T12:00,23.5,0.00,0.00,0.00,21.8,28.8,171,53.3
2024-04-06T13:00,24.5,0.00,0.00,0.00,22.2,32.1,178,54.7
2024-04-06T14:00,24.4,0.00,0.00,0.00,23.1,27.4,179,52.9
2024-04-06T15:00,24.8,0.00,0.00,0.00,23.1,30.3,177,50.4
2024-04-06T16:00,25.3,0.00,0.00,0.00,23.6,30.4,175,51.1
2024-04-06T17:00,25.2,0.00,0.00,0.00,23.7,29.6,170,51.5
2024-04-06T18:00,24.3,0.00,0.00,0.00,23.1,28.3,165,49.0
2024-04-06T19:00,23.3,0.00,0.00,0.00,22.7,23.9,157,46.1
2024-04-06T20:00,22.0,0.00,0.00,0.00,21.9,19.7,159,40.0
2024-04-06T21:00,21.0,0.00,0.00,0.00,21.6,16.1,153,31.3
2024-04-06T22:00,21.3,0.00,0.00,0.00,22.0,16.4,161,27.7
2024-04-06T23:00,20.8,0.00,0.00,0.00,21.0,18.9,167,29.9
2024-04-07T00:00,19.8,0.00,0.00,0.00,19.9,19.5,168,31.3
2024-04-07T01:00,19.1,0.00,0.00,0.00,19.7,15.9,174,31.0
2024-04-07T02:00,18.7,0.00,0.00,0.00,20.0,10.5,186,25.6
2024-04-07T03:00,18.9,0.00,0.00,0.00,21.0,5.6,255,16.6
2024-04-07T04:00,19.5,0.00,0.00,0.00,21.6,6.2,280,13.3
2024-04-07T05:00,19.5,0.00,0.00,0.00,22.2,3.1,249,9.7
2024-04-07T06:00,19.6,0.00,0.00,0.00,22.3,2.3,198,4.7
2024-04-07T07:00,19.7,0.00,0.00,0.00,21.5,8.9,166,16.6
2024-04-07T08:00,17.8,0.70,0.00,0.70,15.0,21.8,344,33.5
2024-04-07T09:00,17.8,0.00,0.00,0.00,15.0,16.2,339,33.1
2024-04-07T10:00,19.8,0.00,0.00,0.00,15.6,16.0,346,28.1
2024-04-07T11:00,20.6,0.00,0.00,0.00,17.2,11.5,346,28.1
2024-04-07T12:00,21.6,0.00,0.00,0.00,18.1,10.8,356,21.2
2024-04-07T13:00,22.9,0.00,0.00,0.00,19.6,9.1,9,20.5
2024-04-07T14:00,23.9,0.00,0.00,0.00,20.8,8.2,15,19.8
2024-04-07T15:00,24.4,0.00,0.00,0.00,22.1,3.9,68,18.0
2024-04-07T16:00,25.3,0.00,0.00,0.00,24.5,4.2,121,14.4
2024-04-07T17:00,25.4,0.00,0.00,0.00,23.6,6.1,135,15.1
2024-04-07T18:00,24.9,0.00,0.00,0.00,22.5,6.9,141,15.1
2024-04-07T19:00,23.2,0.00,0.00,0.00,22.8,4.6,135,13.3
2024-04-07T20:00,20.7,0.00,0.00,0.00,19.9,9.2,121,11.2
2024-04-07T21:00,20.0,0.00,0.00,0.00,19.2,9.5,115,11.9
2024-04-07T22:00,19.6,0.00,0.00,0.00,19.1,7.4,129,11.9
2024-04-07T23:00,18.4,0.00,0.00,0.00,17.7,8.9,130,11.5
2024-04-08T00:00,17.9,0.00,0.00,0.00,17.3,8.1,148,11.2
2024-04-08T01:00,16.8,0.00,0.00,0.00,16.0,10.3,151,12.6
2024-04-08T02:00,17.3,0.00,0.00,0.00,16.8,7.9,150,12.2
2024-04-08T03:00,19.0,0.00,0.00,0.00,19.1,7.3,171,11.2
2024-04-08T04:00,19.8,0.00,0.00,0.00,21.0,9.6,167,14.4
2024-04-08T05:00,20.1,0.00,0.00,0.00,22.2,11.7,162,18.7
2024-04-08T06:00,20.4,0.00,0.00,0.00,22.7,11.8,160,18.7
2024-04-08T07:00,20.5,0.00,0.00,0.00,22.8,11.5,166,18.7
2024-04-08T08:00,21.2,0.00,0.00,0.00,23.8,11.3,173,20.2
2024-04-08T09:00,21.9,0.20,0.00,0.20,24.3,11.0,169,20.9
2024-04-08T10:00,23.5,0.10,0.00,0.10,25.8,10.5,158,21.6
2024-04-08T11:00,24.0,0.10,0.00,0.10,25.9,11.4,145,21.2
2024-04-08T12:00,25.6,0.10,0.00,0.10,27.2,12.1,143,23.4
2024-04-08T13:00,27.7,0.00,0.00,0.00,30.0,12.6,149,25.9
2024-04-08T14:00,27.9,0.00,0.00,0.00,29.5,12.1,153,26.3
2024-04-08T15:00,24.9,0.20,0.00,0.20,25.3,27.8,137,47.5
2024-04-08T16:00,23.0,1.00,0.00,1.00,23.2,22.4,143,51.8
2024-04-08T17:00,22.5,1.10,0.00,1.10,23.1,20.7,140,42.1
2024-04-08T18:00,22.3,2.00,0.00,2.00,24.3,15.0,150,43.9
2024-04-08T19:00,21.0,4.30,0.00,4.30,23.6,8.9,212,33.8
2024-04-08T20:00,20.0,0.10,0.00,0.10,22.0,4.6,162,15.8
2024-04-08T21:00,19.9,0.00,0.00,0.00,22.6,1.3,56,7.9
2024-04-08T22:00,20.3,0.00,0.00,0.00,22.7,4.7,67,7.6
2024-04-08T23:00,21.0,0.00,0.00,0.00,23.5,7.5,145,10.4
2024-04-09T00:00,22.1,0.10,0.00,0.10,24.3,14.1,165,21.6
2024-04-09T01:00,22.1,0.00,0.00,0.00,24.4,13.6,163,23.8
2024-04-09T02:00,21.8,0.00,0.00,0.00,24.5,11.3,163,21.6
2024-04-09T03:00,21.7,0.00,0.00,0.00,25.1,7.1,156,17.6
2024-04-09T04:00,21.5,0.10,0.00,0.10,25.4,4.0,190,11.2
2024-04-09T05:00,21.5,0.50,0.00,0.50,24.9,7.1,120,10.4
2024-04-09T06:00,21.8,0.30,0.00,0.30,24.4,13.4,153,20.5
2024-04-09T07:00,22.0,0.10,0.00,0.10,23.8,18.0,151,28.4
2024-04-09T08:00,19.9,4.20,0.00,4.20,19.9,23.1,175,36.4
2024-04-09T09:00,19.1,0.40,0.00,0.40,17.5,29.6,175,49.0
2024-04-09T10:00,19.6,8.50,0.00,8.50,20.4,14.9,212,50.4
2024-04-09T11:00,19.7,2.30,0.00,2.30,20.4,15.1,168,26.3
2024-04-09T12:00,22.3,0.90,0.00,0.90,25.6,3.6,174,32.0
2024-04-09T13:00,20.2,4.50,0.00,4.50,21.9,9.9,10,24.5
2024-04-09T14:00,23.2,0.00,0.00,0.00,26.2,8.7,132,20.9
2024-04-09T15:00,25.3,0.00,0.00,0.00,29.7,7.8,193,21.2
2024-04-09T16:00,26.7,0.00,0.00,0.00,30.1,5.9,223,19.4
2024-04-09T17:00,27.3,0.00,0.00,0.00,30.6,0.7,90,15.8
2024-04-09T18:00,27.4,0.00,0.00,0.00,29.9,5.8,68,12.6
2024-04-09T19:00,25.9,0.00,0.00,0.00,28.5,8.5,78,15.8
2024-04-09T20:00,21.7,0.00,0.00,0.00,24.0,8.4,59,13.0
2024-04-09T21:00,20.0,1.30,0.00,1.30,20.0,20.6,313,27.4
2024-04-09T22:00,18.8,13.30,0.00,13.30,19.5,13.7,27,48.2
2024-04-09T23:00,18.9,0.10,0.00,0.10,19.0,18.5,339,31.7
2024-04-10T00:00,19.1,0.00,0.00,0.00,19.1,18.2,8,34.9
2024-04-10T01:00,18.9,0.00,0.00,0.00,18.6,20.6,341,31.3
2024-04-10T02:00,18.4,3.20,0.00,3.20,18.4,15.7,351,35.3
2024-04-10T03:00,18.0,0.00,0.00,0.00,17.1,21.3,330,34.2
2024-04-10T04:00,17.5,0.60,0.00,0.60,16.3,20.9,318,33.8
2024-04-10T05:00,17.1,0.10,0.00,0.10,15.1,24.1,309,38.5
2024-04-10T06:00,16.1,0.20,0.00,0.20,13.6,24.3,310,40.7
2024-04-10T07:00,15.5,0.50,0.00,0.50,13.2,22.7,313,37.8
2024-04-10T08:00,15.8,0.00,0.00,0.00,12.9,24.4,301,37.8
2024-04-10T09:00,16.1,0.00,0.00,0.00,11.3,30.8,303,50.8
2024-04-10T10:00,16.1,0.10,0.00,0.10,11.9,28.0,299,49.3
2024-04-10T11:00,17.7,0.00,0.00,0.00,12.9,30.8,294,51.1
2024-04-10T12:00,19.6,0.00,0.00,0.00,15.9,32.1,295,54.4
2024-04-10T13:00,21.5,0.00,0.00,0.00,18.0,32.1,299,55.8
2024-04-10T14:00,22.5,0.00,0.00,0.00,18.8,33.3,306,56.2
2024-04-10T15:00,22.6,0.00,0.00,0.00,19.0,31.1,313,55.8
2024-04-10T16:00,22.7,0.00,0.00,0.00,18.4,33.1,314,55.1
2024-04-10T17:00,22.1,0.00,0.00,0.00,17.4,32.2,310,58.0
2024-04-10T18:00,21.6,0.00,0.00,0.00,17.0,31.6,317,52.9
2024-04-10T19:00,21.1,0.00,0.00,0.00,16.7,28.7,322,51.1
2024-04-10T20:00,18.3,0.00,0.00,0.00,14.1,25.4,333,45.4
2024-04-10T21:00,17.2,0.00,0.00,0.00,14.0,17.4,320,40.7
2024-04-10T22:00,16.1,0.00,0.00,0.00,13.7,12.3,310,28.1
2024-04-10T23:00,15.6,0.00,0.00,0.00,13.2,12.3,308,19.4
2024-04-11T00:00,15.6,0.00,0.00,0.00,12.8,14.4,302,22.7
2024-04-11T01:00,15.1,0.00,0.00,0.00,12.5,12.7,299,23.0
2024-04-11T02:00,14.4,0.00,0.00,0.00,11.9,12.1,297,20.5
2024-04-11T03:00,14.2,0.00,0.00,0.00,11.4,13.3,303,20.9
2024-04-11T04:00,13.9,0.00,0.00,0.00,11.0,13.2,305,21.2
2024-04-11T05:00,13.7,0.00,0.00,0.00,10.8,12.9,306,21.2
2024-04-11T06:00,13.8,0.00,0.00,0.00,10.6,14.8,313,23.0
2024-04-11T07:00,14.0,0.00,0.00,0.00,10.4,16.2,302,25.6
2024-04-11T08:00,14.3,0.00,0.00,0.00,11.2,15.1,310,23.4
2024-04-11T09:00,16.9,0.00,0.00,0.00,14.3,16.3,305,25.2
2024-04-11T10:00,19.9,0.00,0.00,0.00,17.5,15.0,312,26.6
2024-04-11T11:00,22.5,0.00,0.00,0.00,20.8,16.4,327,29.2
2024-04-11T12:00,24.2,0.00,0.00,0.00,22.6,17.7,333,32.0
2024-04-11T13:00,25.1,0.00,0.00,0.00,23.4,18.3,340,33.1
2024-04-11T14:00,25.5,0.00,0.00,0.00,24.1,18.5,347,33.5
2024-04-11T15:00,25.7,0.00,0.00,0.00,24.2,17.8,352,33.5
2024-04-11T16:00,25.7,0.00,0.00,0.00,24.0,15.8,359,32.4
2024-04-11T17:00,25.4,0.00,0.00,0.00,23.0,14.9,8,29.2
2024-04-11T18:00,24.7,0.00,0.00,0.00,22.2,12.3,21,26.3
2024-04-11T19:00,22.8,0.00,0.00,0.00,22.0,7.7,49,20.5
2024-04-11T20:00,19.8,0.00,0.00,0.00,18.3,9.4,72,15.8
2024-04-11T21:00,17.4,0.00,0.00,0.00,16.0,9.1,72,14.8
2024-04-11T22:00,16.1,0.00,0.00,0.00,14.7,9.3,74,13.0
2024-04-11T23:00,15.3,0.00,0.00,0.00,14.0,8.8,81,12.2
2024-04-12T00:00,16.5,0.00,0.00,0.00,15.4,6.5,87,13.0
2024-04-12T01:00,16.0,0.00,0.00,0.00,15.2,4.7,9,7.6
2024-04-12T02:00,14.5,0.00,0.00,0.00,13.5,5.5,23,6.5
2024-04-12T03:00,14.1,0.00,0.00,0.00,12.9,6.4,47,7.6
2024-04-12T04:00,14.5,0.00,0.00,0.00,13.5,5.4,53,7.6
2024-04-12T05:00,14.2,0.00,0.00,0.00,13.1,5.6,50,6.8
2024-04-12T06:00,13.5,0.00,0.00,0.00,12.2,6.7,74,8.3
2024-04-12T07:00,13.7,0.00,0.00,0.00,12.5,6.4,106,8.6
2024-04-12T08:00,13.5,0.00,0.00,0.00,12.5,5.8,202,10.4
2024-04-12T09:00,16.3,0.00,0.00,0.00,15.3,7.3,189,14.8
2024-04-12T10:00,19.0,0.00,0.00,0.00,18.0,8.0,175,17.6
2024-04-12T11:00,21.1,0.00,0.00,0.00,20.4,10.9,171,22.7
2024-04-12T12:00,22.8,0.00,0.00,0.00,22.4,13.8,165,27.4
2024-04-12T13:00,24.1,0.00,0.00,0.00,23.7,16.6,162,31.3
2024-04-12T14:00,25.1,0.00,0.00,0.00,24.7,18.4,168,33.8
2024-04-12T15:00,25.7,0.00,0.00,0.00,25.2,18.9,167,34.9
2024-04-12T16:00,26.0,0.00,0.00,0.00,25.1,19.1,169,34.6
2024-04-12T17:00,26.1,0.00,0.00,0.00,24.4,19.1,168,34.2
2024-04-12T18:00,25.5,0.00,0.00,0.00,23.6,19.2,167,33.5
2024-04-12T19:00,24.2,0.00,0.00,0.00,23.5,14.1,167,31.7
2024-04-12T20:00,22.8,0.00,0.00,0.00,21.8,14.8,154,22.7
2024-04-12T21:00,21.7,0.00,0.00,0.00,19.6,19.1,158,29.9
2024-04-12T22:00,20.6,0.00,0.00,0.00,18.2,19.7,165,31.3
2024-04-12T23:00,19.6,0.00,0.00,0.00,17.2,20.1,171,32.4
2024-04-13T00:00,18.6,0.00,0.00,0.00,16.6,18.4,174,31.7
2024-04-13T01:00,17.7,0.00,0.00,0.00,16.2,15.5,175,29.5
2024-04-13T02:00,17.3,0.00,0.00,0.00,16.0,15.1,180,25.6
2024-04-13T03:00,16.9,0.00,0.00,0.00,16.1,13.0,185,23.8
2024-04-13T04:00,16.4,0.00,0.00,0.00,16.0,11.5,178,20.5
2024-04-13T05:00,15.9,0.00,0.00,0.00,15.9,9.1,173,18.7
2024-04-13T06:00,15.6,0.00,0.00,0.00,15.8,8.9,166,14.8
2024-04-13T07:00,15.3,0.00,0.00,0.00,15.8,7.1,165,14.4
2024-04-13T08:00,16.4,0.00,0.00,0.00,16.7,9.7,176,14.8
2024-04-13T09:00,18.5,0.00,0.00,0.00,19.2,9.7,165,18.0
2024-04-13T10:00,20.8,0.00,0.00,0.00,20.5,17.7,174,29.2
2024-04-13T11:00,22.8,0.00,0.00,0.00,22.1,22.4,175,41.0
2024-04-13T12:00,24.4,0.00,0.00,0.00,24.0,22.8,174,40.7
2024-04-13T13:00,25.6,0.00,0.00,0.00,25.2,24.7,172,43.6
2024-04-13T14:00,26.4,0.00,0.00,0.00,25.8,25.8,167,45.0
2024-04-13T15:00,27.1,0.00,0.00,0.00,26.3,26.8,165,46.1
2024-04-13T16:00,27.3,0.00,0.00,0.00,26.0,26.8,163,46.4
2024-04-13T17:00,27.1,0.00,0.00,0.00,25.2,27.2,162,46.1
2024-04-13T18:00,26.4,0.00,0.00,0.00,23.9,27.0,161,46.1
2024-04-13T19:00,25.0,0.00,0.00,0.00,23.3,23.9,159,44.3
2024-04-13T20:00,23.1,0.00,0.00,0.00,21.6,20.5,158,34.9
2024-04-13T21:00,21.8,0.00,0.00,0.00,20.0,22.7,160,36.4
2024-04-13T22:00,20.7,0.00,0.00,0.00,19.3,21.7,165,37.1
2024-04-13T23:00,19.9,0.00,0.00,0.00,19.1,18.9,172,34.9
2024-04-14T00:00,19.3,0.00,0.00,0.00,18.8,16.9,178,30.6
2024-04-14T01:00,19.3,0.00,0.00,0.00,19.1,16.2,179,27.7
2024-04-14T02:00,19.3,0.00,0.00,0.00,18.8,19.1,179,30.2
2024-04-14T03:00,19.1,0.00,0.00,0.00,18.5,19.8,181,32.4
2024-04-14T04:00,18.4,0.00,0.00,0.00,18.2,17.3,184,32.0
2024-04-14T05:00,18.0,0.00,0.00,0.00,18.0,15.9,183,27.7
2024-04-14T06:00,18.0,0.00,0.00,0.00,18.3,14.0,179,25.2
2024-04-14T07:00,17.7,0.00,0.00,0.00,18.1,13.0,175,22.3
2024-04-14T08:00,19.9,0.00,0.00,0.00,19.8,18.4,186,29.9
2024-04-14T09:00,20.5,0.10,0.00,0.10,20.1,21.1,188,34.2
2024-04-14T10:00,21.6,0.00,0.00,0.00,20.8,24.1,194,40.3
2024-04-14T11:00,23.3,0.10,0.00,0.10,22.4,23.6,192,40.3
2024-04-14T12:00,25.3,0.00,0.00,0.00,24.7,22.6,194,40.3
2024-04-14T13:00,26.6,0.00,0.00,0.00,26.4,23.5,191,41.4
2024-04-14T14:00,27.8,0.00,0.00,0.00,27.9,23.9,185,43.2
2024-04-14T15:00,28.9,0.00,0.00,0.00,29.8,22.3,181,42.1
2024-04-14T16:00,29.4,0.00,0.00,0.00,29.9,22.7,178,40.0
2024-04-14T17:00,29.1,0.00,0.00,0.00,28.7,23.8,176,41.0
2024-04-14T18:00,28.5,0.00,0.00,0.00,27.6,23.9,168,41.0
2024-04-14T19:00,27.1,0.00,0.00,0.00,26.8,21.0,167,40.0
2024-04-14T20:00,24.8,0.00,0.00,0.00,25.1,19.4,169,33.1
2024-04-14T21:00,23.6,0.00,0.00,0.00,23.9,18.7,164,31.3
2024-04-14T22:00,22.6,0.00,0.00,0.00,22.7,19.2,163,31.0
2024-04-14T23:00,21.8,0.00,0.00,0.00,22.1,17.9,165,31.0
2024-04-15T00:00,21.1,0.00,0.00,0.00,21.7,17.1,173,28.4
2024-04-15T01:00,20.7,0.00,0.00,0.00,21.4,16.3,175,27.4
2024-04-15T02:00,20.9,0.00,0.00,0.00,21.5,17.0,175,27.4
2024-04-15T03:00,20.7,0.00,0.00,0.00,21.4,16.3,174,27.4
2024-04-15T04:00,20.5,0.00,0.00,0.00,21.2,16.8,171,28.1
2024-04-15T05:00,20.6,0.00,0.00,0.00,21.4,16.3,174,27.4
2024-04-15T06:00,20.6,0.00,0.00,0.00,21.7,15.2,173,26.3
2024-04-15T07:00,20.8,0.00,0.00,0.00,22.0,14.4,167,24.1
2024-04-15T08:00,21.6,0.00,0.00,0.00,22.8,16.5,169,25.2
2024-04-15T09:00,22.2,0.10,0.00,0.10,22.6,20.9,183,33.8
2024-04-15T10:00,23.2,0.10,0.00,0.10,23.4,22.1,186,36.7
2024-04-15T11:00,24.7,0.10,0.00,0.10,25.1,20.6,185,38.2
2024-04-15T12:00,26.0,0.00,0.00,0.00,26.1,23.0,179,38.9
2024-04-15T13:00,27.4,0.00,0.00,0.00,27.2,25.7,175,43.6
2024-04-15T14:00,28.6,0.00,0.00,0.00,28.8,26.1,169,46.4
2024-04-15T15:00,29.3,0.00,0.00,0.00,29.0,27.9,166,46.8
2024-04-15T16:00,31.0,0.00,0.00,0.00,30.4,30.2,165,49.0
2024-04-15T17:00,29.7,0.00,0.00,0.00,28.9,30.5,157,52.6
2024-04-15T18:00,29.1,0.00,0.00,0.00,28.3,29.8,168,50.8
2024-04-15T19:00,26.4,0.00,0.00,0.00,26.0,29.5,152,50.4
2024-04-15T20:00,24.1,0.00,0.00,0.00,24.3,26.4,145,44.6
2024-04-15T21:00,23.1,0.00,0.00,0.00,22.9,28.2,142,44.6
2024-04-15T22:00,21.9,0.00,0.00,0.00,21.1,31.7,141,50.0
2024-04-15T23:00,21.5,0.00,0.00,0.00,22.4,19.2,157,50.8
2024-04-16T00:00,21.9,0.00,0.00,0.00,22.8,20.0,162,32.8
2024-04-16T01:00,21.8,0.10,0.00,0.10,22.4,22.2,163,34.9
2024-04-16T02:00,21.6,0.00,0.00,0.00,21.3,27.7,159,43.9
2024-04-16T03:00,21.2,0.00,0.00,0.00,21.2,24.4,166,45.4
2024-04-16T04:00,21.0,0.10,0.00,0.10,22.9,10.5,176,38.9
2024-04-16T05:00,21.0,0.10,0.00,0.10,23.2,9.0,180,14.8
2024-04-16T06:00,21.1,0.00,0.00,0.00,23.9,5.0,180,16.6
2024-04-16T07:00,21.2,0.00,0.00,0.00,24.5,2.2,189,7.9
2024-04-16T08:00,21.4,1.60,0.00,1.60,24.1,10.2,80,23.8
2024-04-16T09:00,21.4,5.10,0.00,5.10,24.1,11.0,113,28.4
2024-04-16T10:00,21.8,3.50,0.00,3.50,24.4,13.2,151,25.2
2024-04-16T11:00,22.9,0.80,0.00,0.80,25.8,13.4,175,25.6
2024-04-16T12:00,24.7,0.50,0.00,0.50,27.3,15.0,197,29.2
2024-04-16T13:00,24.8,0.20,0.00,0.20,28.2,8.9,223,24.8
2024-04-16T14:00,25.0,0.50,0.00,0.50,28.4,9.7,228,18.4
2024-04-16T15:00,25.6,0.30,0.00,0.30,28.6,13.0,182,21.6
2024-04-16T16:00,26.0,0.00,0.00,0.00,29.0,13.4,194,26.3
2024-04-16T17:00,27.4,0.10,0.00,0.10,30.1,14.8,193,27.7
2024-04-16T18:00,27.7,0.00,0.00,0.00,30.0,16.2,183,27.7
2024-04-16T19:00,27.4,0.00,0.00,0.00,29.9,14.4,177,27.0
2024-04-16T20:00,25.1,0.00,0.00,0.00,27.1,14.6,164,25.9
2024-04-16T21:00,24.2,0.00,0.00,0.00,26.7,11.4,162,23.0
2024-04-16T22:00,23.6,0.00,0.00,0.00,25.8,12.3,159,19.4
2024-04-16T23:00,23.0,0.00,0.00,0.00,25.1,12.8,158,19.8
2024-04-17T00:00,22.4,0.00,0.00,0.00,24.5,12.8,158,21.2
2024-04-17T01:00,21.9,0.00,0.00,0.00,24.3,10.5,158,20.2
2024-04-17T02:00,21.6,0.00,0.00,0.00,24.2,10.0,154,16.2
2024-04-17T03:00,21.5,0.00,0.00,0.00,24.4,8.2,157,16.2
2024-04-17T04:00,21.9,0.00,0.00,0.00,25.0,8.9,159,14.4
2024-04-17T05:00,22.1,0.00,0.00,0.00,25.5,8.2,157,14.4
2024-04-17T06:00,22.2,0.00,0.00,0.00,25.9,6.2,144,13.0
2024-04-17T07:00,22.2,0.00,0.00,0.00,26.3,4.8,153,9.7
2024-04-17T08:00,22.5,0.10,0.00,0.10,26.2,7.6,93,12.2
2024-04-17T09:00,23.3,0.10,0.00,0.10,26.4,12.2,133,20.5
2024-04-17T10:00,23.6,0.10,0.00,0.10,27.2,10.5,131,21.2
2024-04-17T11:00,24.3,0.40,0.00,0.40,28.4,7.7,127,18.4
2024-04-17T12:00,24.7,0.20,0.00,0.20,28.1,12.6,143,21.6
2024-04-17T13:00,27.1,0.10,0.00,0.10,30.6,10.9,146,24.8
2024-04-17T14:00,27.7,0.00,0.00,0.00,30.5,13.6,127,24.8
2024-04-17T15:00,27.5,0.10,0.00,0.10,29.8,17.9,124,31.3
2024-04-17T16:00,27.7,0.00,0.00,0.00,29.9,17.8,137,31.7
2024-04-17T17:00,27.4,0.00,0.00,0.00,30.0,13.7,135,31.0
2024-04-17T18:00,27.2,0.00,0.00,0.00,31.1,5.6,140,22.7
2024-04-17T19:00,26.4,0.00,0.00,0.00,31.0,2.5,360,7.9
2024-04-17T20:00,25.2,0.00,0.00,0.00,28.2,10.3,126,16.2
2024-04-17T21:00,25.0,0.00,0.00,0.00,26.9,15.0,145,22.7
2024-04-17T22:00,24.2,0.00,0.00,0.00,25.1,20.3,153,31.3
2024-04-17T23:00,23.5,0.10,0.00,0.10,24.7,17.9,155,35.3
2024-04-18T00:00,22.5,0.00,0.00,0.00,25.0,9.3,164,27.7
2024-04-18T01:00,21.0,0.00,0.00,0.00,23.8,5.9,194,14.8
2024-04-18T02:00,20.8,0.00,0.00,0.00,23.7,5.8,180,9.0
2024-04-18T03:00,20.5,0.00,0.00,0.00,23.1,7.6,175,11.9
2024-04-18T04:00,21.3,0.00,0.00,0.00,23.6,10.0,167,16.2
2024-04-18T05:00,21.5,0.00,0.00,0.00,23.9,10.0,167,16.2
2024-04-18T06:00,21.5,0.00,0.00,0.00,24.0,10.0,167,16.2
2024-04-18T07:00,21.5,0.00,0.00,0.00,24.1,9.8,163,16.2
2024-04-18T08:00,21.8,2.00,0.00,2.00,23.9,14.2,164,34.9
2024-04-18T09:00,22.7,0.00,0.00,0.00,25.6,10.3,155,22.7
2024-04-18T10:00,24.8,0.10,0.00,0.10,27.0,18.0,179,30.6
2024-04-18T11:00,26.2,0.10,0.00,0.10,28.2,20.3,187,34.6
2024-04-18T12:00,27.8,0.00,0.00,0.00,29.5,20.8,190,37.1
2024-04-18T13:00,28.4,0.00,0.00,0.00,30.3,17.5,199,36.7
2024-04-18T14:00,29.1,0.00,0.00,0.00,31.5,14.7,202,30.2
2024-04-18T15:00,29.8,0.00,0.00,0.00,32.1,15.5,193,27.4
2024-04-18T16:00,30.3,0.00,0.00,0.00,32.9,14.8,198,27.0
2024-04-18T17:00,31.1,0.00,0.00,0.00,34.1,11.5,194,26.3
2024-04-18T18:00,31.2,0.00,0.00,0.00,34.3,10.4,182,20.9
2024-04-18T19:00,30.2,0.00,0.00,0.00,34.1,7.3,171,17.3
2024-04-18T20:00,26.2,0.00,0.00,0.00,28.9,10.3,168,17.6
2024-04-18T21:00,25.8,0.00,0.00,0.00,28.0,10.5,158,16.2
2024-04-18T22:00,24.8,0.00,0.00,0.00,26.6,14.4,143,22.3
2024-04-18T23:00,23.2,0.00,0.00,0.00,26.0,8.8,161,22.7
2024-04-19T00:00,21.8,0.00,0.00,0.00,24.8,5.9,142,13.3
2024-04-19T01:00,21.3,0.00,0.00,0.00,24.2,6.0,147,10.4
2024-04-19T02:00,21.4,0.00,0.00,0.00,24.5,4.0,180,9.0
2024-04-19T03:00,20.1,0.00,0.00,0.00,23.0,4.2,59,4.7
2024-04-19T04:00,20.0,0.00,0.00,0.00,23.0,4.0,95,6.1
2024-04-19T05:00,20.6,0.00,0.00,0.00,23.8,3.3,77,8.3
2024-04-19T06:00,20.8,0.00,0.00,0.00,23.9,3.2,63,7.2
2024-04-19T07:00,21.0,0.00,0.00,0.00,24.3,2.3,18,5.8
2024-04-19T08:00,19.7,0.00,0.00,0.00,18.1,20.4,14,33.1
2024-04-19T09:00,19.5,0.00,0.00,0.00,18.1,18.2,9,33.1
2024-04-19T10:00,19.5,0.00,0.00,0.00,17.7,21.0,22,35.3
2024-04-19T11:00,21.0,0.00,0.00,0.00,19.6,19.8,19,34.9
2024-04-19T12:00,22.7,0.00,0.00,0.00,22.0,18.6,18,36.7
2024-04-19T13:00,24.4,0.00,0.00,0.00,25.6,14.6,33,33.5
2024-04-19T14:00,24.8,0.00,0.00,0.00,25.2,15.5,36,29.5
2024-04-19T15:00,24.9,0.00,0.00,0.00,25.3,15.4,33,29.5
2024-04-19T16:00,25.5,0.00,0.00,0.00,25.9,15.3,49,28.8
2024-04-19T17:00,25.5,0.00,0.00,0.00,25.6,17.7,39,31.3
2024-04-19T18:00,25.7,0.00,0.00,0.00,26.6,11.8,59,31.7
2024-04-19T19:00,24.9,0.00,0.00,0.00,25.8,12.0,44,22.0
2024-04-19T20:00,22.8,0.00,0.00,0.00,23.1,15.0,42,24.8
2024-04-19T21:00,21.9,0.00,0.00,0.00,22.5,12.8,32,23.8
2024-04-19T22:00,21.0,0.00,0.00,0.00,21.4,13.2,26,20.9
2024-04-19T23:00,20.9,0.00,0.00,0.00,21.3,12.3,21,22.0
2024-04-20T00:00,20.6,0.00,0.00,0.00,20.8,13.6,32,21.6
2024-04-20T01:00,20.2,0.00,0.00,0.00,20.3,13.6,32,23.0
2024-04-20T02:00,20.1,0.00,0.00,0.00,21.0,7.7,11,21.6
2024-04-20T03:00,20.0,0.00,0.00,0.00,20.7,9.4,353,15.1
2024-04-20T04:00,19.9,0.00,0.00,0.00,20.9,8.0,18,15.5
2024-04-20T05:00,19.8,0.00,0.00,0.00,20.8,9.4,32,14.8
2024-04-20T06:00,19.9,0.00,0.00,0.00,21.1,8.7,45,16.6
2024-04-20T07:00,20.2,0.00,0.00,0.00,21.4,11.6,85,20.5
2024-04-20T08:00,20.0,0.00,0.00,0.00,21.3,10.3,25,18.0
2024-04-20T09:00,20.7,0.00,0.00,0.00,22.4,9.5,349,16.6
2024-04-20T10:00,21.5,0.20,0.00,0.20,23.3,10.8,30,18.7
2024-04-20T11:00,21.6,0.20,0.00,0.20,21.8,21.3,5,34.9
2024-04-20T12:00,21.1,0.20,0.00,0.20,20.9,20.8,10,37.8
2024-04-20T13:00,22.6,0.10,0.00,0.10,22.9,18.6,15,34.6
2024-04-20T14:00,23.0,0.00,0.00,0.00,22.8,22.6,9,37.4
2024-04-20T15:00,20.8,0.20,0.00,0.20,19.2,26.6,13,44.6
2024-04-20T16:00,20.7,0.10,0.00,0.10,19.2,25.0,28,44.6
2024-04-20T17:00,21.1,0.20,0.00,0.20,19.9,24.0,24,41.0
2024-04-20T18:00,20.2,1.80,0.00,1.80,20.3,19.7,9,40.3
2024-04-20T19:00,18.8,2.30,0.00,2.30,18.3,20.6,29,37.1
2024-04-20T20:00,14.8,9.40,0.00,9.40,12.1,25.1,25,43.9
2024-04-20T21:00,14.1,10.10,0.00,10.10,12.7,16.4,15,40.3
2024-04-20T22:00,13.9,4.10,0.00,4.10,12.9,13.2,26,28.4
2024-04-20T23:00,13.5,3.70,0.00,3.70,11.5,19.8,344,32.8
2024-04-21T00:00,13.1,2.10,0.00,2.10,10.6,21.1,343,35.6
2024-04-21T01:00,12.3,0.10,0.00,0.10,8.5,27.7,359,46.4
2024-04-21T02:00,11.8,0.00,0.00,0.00,8.2,24.1,3,45.4
2024-04-21T03:00,11.6,0.20,0.00,0.20,8.5,20.5,1,40.0
2024-04-21T04:00,11.2,0.70,0.00,0.70,8.2,20.1,10,34.2
2024-04-21T05:00,10.9,0.90,0.00,0.90,7.7,21.4,13,35.3
2024-04-21T06:00,11.0,0.20,0.00,0.20,7.7,20.6,12,34.6
2024-04-21T07:00,11.0,0.00,0.00,0.00,7.5,20.3,13,33.5
2024-04-21T08:00,11.0,0.00,0.00,0.00,6.7,24.8,13,42.1
2024-04-21T09:00,12.3,0.00,0.00,0.00,7.9,25.6,14,42.8
2024-04-21T10:00,13.6,0.00,0.00,0.00,9.2,25.9,14,43.9
2024-04-21T11:00,15.3,0.00,0.00,0.00,11.7,24.5,17,44.6
2024-04-21T12:00,16.5,0.00,0.00,0.00,14.0,23.7,20,42.8
2024-04-21T13:00,18.1,0.00,0.00,0.00,15.8,24.5,28,43.9
2024-04-21T14:00,18.8,0.00,0.00,0.00,17.0,23.2,30,43.6
2024-04-21T15:00,19.3,0.00,0.00,0.00,16.9,25.6,32,44.6
2024-04-21T16:00,20.0,0.00,0.00,0.00,17.2,24.7,29,45.4
2024-04-21T17:00,19.6,0.00,0.00,0.00,15.7,25.0,25,43.6
2024-04-21T18:00,18.8,0.00,0.00,0.00,14.8,23.0,27,42.5
2024-04-21T19:00,18.1,0.00,0.00,0.00,14.6,20.0,30,37.4
2024-04-21T20:00,16.4,0.00,0.00,0.00,14.0,12.6,24,29.5
2024-04-21T21:00,15.3,0.00,0.00,0.00,13.0,12.1,27,20.5
2024-04-21T22:00,14.4,0.00,0.00,0.00,12.3,10.2,23,19.1
2024-04-21T23:00,13.3,0.00,0.00,0.00,11.6,7.3,11,16.2
2024-04-22T00:00,12.6,0.00,0.00,0.00,10.8,7.3,9,11.2
2024-04-22T01:00,11.9,0.00,0.00,0.00,10.2,6.9,9,11.5
2024-04-22T02:00,11.3,0.00,0.00,0.00,9.6,6.6,13,10.8
2024-04-22T03:00,11.0,0.00,0.00,0.00,9.3,7.0,21,10.4
2024-04-22T04:00,10.8,0.00,0.00,0.00,9.1,6.7,16,11.2
2024-04-22T05:00,10.6,0.00,0.00,0.00,9.0,5.8,7,10.4
2024-04-22T06:00,10.4,0.00,0.00,0.00,8.7,5.9,14,9.4
2024-04-22T07:00,10.0,0.00,0.00,0.00,8.2,6.6,29,10.1
2024-04-22T08:00,11.5,0.00,0.00,0.00,9.3,9.2,42,14.0
2024-04-22T09:00,13.3,0.00,0.00,0.00,11.6,6.6,61,14.4
2024-04-22T10:00,15.3,0.00,0.00,0.00,13.4,8.2,75,18.4
2024-04-22T11:00,17.2,0.00,0.00,0.00,15.4,10.8,92,22.7
2024-04-22T12:00,18.4,0.00,0.00,0.00,17.6,10.9,107,24.1
2024-04-22T13:00,19.3,0.00,0.00,0.00,19.5,9.9,123,24.1
2024-04-22T14:00,20.1,0.00,0.00,0.00,20.4,11.5,148,24.8
2024-04-22T15:00,20.6,0.00,0.00,0.00,20.6,13.0,156,27.0
2024-04-22T16:00,21.0,0.00,0.00,0.00,20.6,13.2,151,27.4
2024-04-22T17:00,21.1,0.00,0.00,0.00,20.0,12.7,151,26.3
2024-04-22T18:00,20.9,0.00,0.00,0.00,18.4,17.0,159,28.8
2024-04-22T19:00,20.3,0.00,0.00,0.00,18.7,12.3,165,29.2
2024-04-22T20:00,18.5,0.00,0.00,0.00,16.9,11.3,153,19.4
2024-04-22T21:00,17.3,0.00,0.00,0.00,16.0,10.1,176,17.6
2024-04-22T22:00,16.7,0.00,0.00,0.00,15.1,10.1,182,17.3
2024-04-22T23:00,15.9,0.00,0.00,0.00,13.9,13.3,161,20.2
2024-04-23T00:00,15.3,0.00,0.00,0.00,12.9,18.7,182,29.9
2024-04-23T01:00,14.7,0.00,0.00,0.00,12.7,16.2,183,29.9
2024-04-23T02:00,14.2,0.00,0.00,0.00,12.3,14.8,186,25.6
2024-04-23T03:00,13.8,0.00,0.00,0.00,12.1,13.0,186,23.8
2024-04-23T04:00,13.3,0.00,0.00,0.00,12.0,10.9,188,20.9
2024-04-23T05:00,12.9,0.00,0.00,0.00,11.7,9.8,186,17.6
2024-04-23T06:00,12.7,0.00,0.00,0.00,11.5,9.8,186,15.8
2024-04-23T07:00,12.5,0.00,0.00,0.00,11.5,9.1,189,15.8
2024-04-23T08:00,15.5,0.00,0.00,0.00,14.1,14.8,186,24.1
2024-04-23T09:00,16.8,0.00,0.00,0.00,15.7,15.1,183,26.3
2024-04-23T10:00,18.1,0.00,0.00,0.00,17.3,15.1,177,27.7
2024-04-23T11:00,20.4,0.00,0.00,0.00,19.1,21.3,191,36.7
2024-04-23T12:00,21.7,0.00,0.00,0.00,20.8,22.8,192,40.0
2024-04-23T13:00,21.8,0.00,0.00,0.00,20.5,22.9,193,40.0
2024-04-23T14:00,22.6,0.00,0.00,0.00,21.7,21.6,191,39.2
2024-04-23T15:00,23.4,0.10,0.00,0.10,22.9,20.7,187,36.7
2024-04-23T16:00,23.7,0.00,0.00,0.00,23.3,20.7,188,35.3
2024-04-23T17:00,23.9,0.00,0.00,0.00,23.3,21.7,185,36.0
2024-04-23T18:00,23.7,0.00,0.00,0.00,23.9,18.4,174,35.6
2024-04-23T19:00,23.6,0.00,0.00,0.00,23.9,18.4,182,33.5
2024-04-23T20:00,21.8,0.00,0.00,0.00,22.8,13.3,167,23.4
2024-04-23T21:00,21.4,0.00,0.00,0.00,22.5,12.8,169,20.9
2024-04-23T22:00,20.4,0.00,0.00,0.00,21.3,14.0,168,22.0
2024-04-23T23:00,19.5,0.00,0.00,0.00,20.5,12.8,170,22.3
2024-04-24T00:00,19.1,0.00,0.00,0.00,20.2,12.6,182,20.5
2024-04-24T01:00,19.7,0.00,0.00,0.00,21.2,10.5,174,20.5
2024-04-24T02:00,19.8,0.00,0.00,0.00,21.5,8.6,165,16.9
2024-04-24T03:00,19.6,0.00,0.00,0.00,21.4,8.7,163,13.7
2024-04-24T04:00,19.7,0.10,0.00,0.10,21.6,8.9,153,14.0
2024-04-24T05:00,19.7,0.20,0.00,0.20,21.8,8.1,148,14.0
2024-04-24T06:00,19.7,0.20,0.00,0.20,22.0,8.2,142,12.6
2024-04-24T07:00,20.2,0.00,0.00,0.00,21.6,14.8,154,22.3
2024-04-24T08:00,20.7,0.20,0.00,0.20,22.3,15.0,169,22.0
2024-04-24T09:00,21.6,0.00,0.00,0.00,22.8,18.4,178,32.0
2024-04-24T10:00,21.7,0.20,0.00,0.20,23.1,17.6,169,30.2
2024-04-24T11:00,23.9,0.10,0.00,0.10,25.8,14.1,174,29.9
2024-04-24T12:00,25.6,0.20,0.00,0.20,28.0,14.2,171,27.4
2024-04-24T13:00,25.8,0.10,0.00,0.10,27.5,18.2,162,31.7
2024-04-24T14:00,26.7,0.00,0.00,0.00,28.5,18.8,160,34.6
2024-04-24T15:00,27.4,0.00,0.00,0.00,29.3,18.3,160,33.8
2024-04-24T16:00,27.4,0.10,0.00,0.10,28.9,18.2,162,33.1
2024-04-24T17:00,27.5,0.00,0.00,0.00,28.6,18.7,157,32.4
2024-04-24T18:00,27.2,0.00,0.00,0.00,28.0,20.0,152,33.1
2024-04-24T19:00,26.4,0.00,0.00,0.00,27.7,16.7,147,32.8
2024-04-24T20:00,25.0,0.00,0.00,0.00,26.8,13.8,131,22.3
2024-04-24T21:00,23.9,0.00,0.00,0.00,25.1,15.8,139,24.8
2024-04-24T22:00,23.2,0.00,0.00,0.00,24.3,15.5,158,24.8
2024-04-24T23:00,22.5,0.00,0.00,0.00,22.8,19.6,163,31.0
2024-04-25T00:00,21.4,0.00,0.00,0.00,21.6,18.6,165,31.7
2024-04-25T01:00,20.3,0.00,0.00,0.00,21.0,15.7,171,29.5
2024-04-25T02:00,19.5,0.00,0.00,0.00,20.4,14.6,170,25.2
2024-04-25T03:00,19.1,0.00,0.00,0.00,20.2,13.3,167,23.4
2024-04-25T04:00,19.9,0.00,0.00,0.00,21.1,14.5,166,29.2
2024-04-25T05:00,20.0,0.10,0.00,0.10,21.8,12.4,163,23.0
2024-04-25T06:00,20.4,0.10,0.00,0.10,22.3,12.1,153,19.8
2024-04-25T07:00,20.8,0.00,0.00,0.00,22.6,14.6,147,23.0
2024-04-25T08:00,21.5,0.20,0.00,0.20,23.3,16.3,137,25.9
2024-04-25T09:00,21.9,0.50,0.00,0.50,23.2,21.1,160,32.0
2024-04-25T10:00,22.9,0.10,0.00,0.10,23.7,23.9,175,40.3
2024-04-25T11:00,25.1,0.20,0.00,0.20,24.8,29.3,174,49.0
2024-04-25T12:00,26.4,0.20,0.00,0.20,26.4,27.2,172,50.4
2024-04-25T13:00,27.2,0.10,0.00,0.10,27.1,29.1,172,48.2
2024-04-25T14:00,27.6,0.00,0.00,0.00,27.5,28.3,165,48.2
2024-04-25T15:00,28.2,0.10,0.00,0.10,28.6,28.9,166,50.4
2024-04-25T16:00,28.9,0.00,0.00,0.00,28.6,30.4,169,49.7
2024-04-25T17:00,28.3,0.00,0.00,0.00,28.1,30.9,163,50.4
2024-04-25T18:00,27.6,0.00,0.00,0.00,27.8,28.1,159,51.8
2024-04-25T19:00,26.6,0.00,0.00,0.00,27.4,24.3,156,46.8
2024-04-25T20:00,24.7,0.10,0.00,0.10,25.4,24.0,152,39.6
2024-04-25T21:00,23.8,0.10,0.00,0.10,24.1,26.4,151,42.1
2024-04-25T22:00,23.1,0.00,0.00,0.00,23.1,28.5,152,45.7
2024-04-25T23:00,22.5,0.00,0.00,0.00,22.8,27.3,157,45.7
2024-04-26T00:00,22.7,0.10,0.00,0.10,22.9,28.2,161,45.0
2024-04-26T01:00,22.8,0.10,0.00,0.10,23.1,27.4,163,45.7
2024-04-26T02:00,22.8,0.10,0.00,0.10,23.4,25.8,168,43.9
2024-04-26T03:00,22.7,0.20,0.00,0.20,23.3,26.6,171,43.2
2024-04-26T04:00,22.7,0.20,0.00,0.20,23.2,27.0,171,43.9
2024-04-26T05:00,22.7,0.20,0.00,0.20,23.1,28.5,171,45.7
2024-04-26T06:00,22.6,0.20,0.00,0.20,22.8,30.7,171,49.3
2024-04-26T07:00,22.6,0.20,0.00,0.20,22.6,31.5,173,51.1
2024-04-26T08:00,22.8,0.20,0.00,0.20,23.4,27.0,167,46.4
2024-04-26T09:00,23.1,0.40,0.00,0.40,24.0,25.2,179,42.8
2024-04-26T10:00,23.1,0.30,0.00,0.30,24.5,21.6,181,43.9
2024-04-26T11:00,23.7,0.20,0.00,0.20,24.2,26.7,170,45.4
2024-04-26T12:00,25.6,0.10,0.00,0.10,25.4,32.1,176,59.0
2024-04-26T13:00,26.6,0.20,0.00,0.20,25.8,35.2,187,55.8
2024-04-26T14:00,27.6,0.20,0.00,0.20,27.2,31.6,187,56.5
2024-04-26T15:00,25.0,2.70,0.00,2.70,25.3,27.0,226,56.5
2024-04-26T16:00,21.5,8.70,0.00,8.70,22.9,15.3,195,47.9
2024-04-26T17:00,21.8,0.00,0.00,0.00,24.6,6.2,277,25.6
2024-04-26T18:00,22.5,0.00,0.00,0.00,25.0,8.0,185,13.7
2024-04-26T19:00,22.8,0.00,0.00,0.00,24.1,16.3,155,27.7
2024-04-26T20:00,20.8,0.00,0.00,0.00,21.8,16.6,150,30.2
2024-04-26T21:00,20.2,0.00,0.00,0.00,21.8,12.5,134,26.6
2024-04-26T22:00,20.0,0.00,0.00,0.00,21.5,13.0,146,20.5
2024-04-26T23:00,20.8,0.00,0.00,0.00,22.2,14.0,180,23.0
2024-04-27T00:00,22.3,0.00,0.00,0.00,23.0,21.6,184,33.5
2024-04-27T01:00,22.0,0.00,0.00,0.00,23.2,20.5,177,35.6
2024-04-27T02:00,22.0,0.00,0.00,0.00,23.9,17.7,160,32.8
2024-04-27T03:00,22.6,0.00,0.00,0.00,24.5,19.2,157,30.2
2024-04-27T04:00,22.9,0.10,0.00,0.10,24.4,22.3,157,35.6
2024-04-27T05:00,22.9,0.10,0.00,0.10,24.6,21.1,157,36.0
2024-04-27T06:00,22.9,0.10,0.00,0.10,24.6,20.9,156,34.9
2024-04-27T07:00,22.8,0.10,0.00,0.10,24.1,23.3,158,37.1
2024-04-27T08:00,23.4,0.10,0.00,0.10,24.8,23.4,155,36.7
2024-04-27T09:00,23.9,0.30,0.00,0.30,25.0,25.4,159,41.4
2024-04-27T10:00,25.1,0.20,0.00,0.20,24.5,35.6,162,56.9
2024-04-27T11:00,25.9,0.30,0.00,0.30,25.0,37.2,163,60.8
2024-04-27T12:00,26.5,0.20,0.00,0.20,25.9,35.8,163,61.2
2024-04-27T13:00,27.7,0.30,0.00,0.30,26.9,40.0,161,65.5
2024-04-27T14:00,28.3,0.00,0.00,0.00,27.1,38.5,161,65.5
2024-04-27T15:00,28.5,0.30,0.00,0.30,28.3,36.3,164,62.6
2024-04-27T16:00,28.7,0.20,0.00,0.20,28.1,36.5,165,60.5
2024-04-27T17:00,28.7,0.10,0.00,0.10,27.9,37.5,166,63.0
2024-04-27T18:00,27.9,0.00,0.00,0.00,27.5,35.1,163,64.8
2024-04-27T19:00,27.1,0.00,0.00,0.00,26.9,33.9,161,57.6
2024-04-27T20:00,21.6,0.00,0.00,0.00,21.6,23.4,157,47.5
2024-04-27T21:00,21.8,0.00,0.00,0.00,22.1,23.2,150,37.8
2024-04-27T22:00,22.7,0.00,0.00,0.00,23.1,26.0,156,41.4
2024-04-27T23:00,23.0,0.10,0.00,0.10,23.4,28.0,160,45.4
2024-04-28T00:00,23.2,0.20,0.00,0.20,23.4,29.9,158,47.9
2024-04-28T01:00,23.0,0.20,0.00,0.20,23.1,30.6,160,49.0
2024-04-28T02:00,22.8,0.20,0.00,0.20,22.6,32.2,158,51.8
2024-04-28T03:00,22.5,0.20,0.00,0.20,22.3,31.7,155,51.8
2024-04-28T04:00,22.2,0.20,0.00,0.20,21.6,31.9,160,51.8
2024-04-28T05:00,22.1,0.10,0.00,0.10,21.2,32.3,163,52.2
2024-04-28T06:00,21.8,0.10,0.00,0.10,21.0,31.2,173,54.0
2024-04-28T07:00,21.9,0.20,0.00,0.20,22.6,20.8,198,49.7
2024-04-28T08:00,21.2,3.20,0.00,3.20,23.6,11.4,191,23.8
2024-04-28T09:00,20.6,15.40,0.00,15.40,22.5,12.7,235,27.4
2024-04-28T10:00,20.9,2.50,0.00,2.50,21.7,18.9,193,28.8
2024-04-28T11:00,21.1,0.10,0.00,0.10,21.0,22.1,173,36.4
2024-04-28T12:00,22.0,0.10,0.00,0.10,22.6,18.4,191,37.4
2024-04-28T13:00,23.8,0.00,0.00,0.00,24.2,23.2,173,40.7
2024-04-28T14:00,25.0,0.10,0.00,0.10,26.5,19.5,177,40.0
2024-04-28T15:00,25.7,0.10,0.00,0.10,27.1,19.0,190,34.6
2024-04-28T16:00,26.2,0.00,0.00,0.00,27.6,18.9,194,33.1
2024-04-28T17:00,27.0,0.20,0.00,0.20,28.6,17.8,201,33.5
2024-04-28T18:00,26.8,0.00,0.00,0.00,29.0,14.4,202,30.2
2024-04-28T19:00,26.6,0.00,0.00,0.00,29.6,10.0,201,24.5
2024-04-28T20:00,23.7,0.00,0.00,0.00,27.0,9.4,122,14.0
2024-04-28T21:00,21.9,0.00,0.00,0.00,24.1,14.5,120,22.3
2024-04-28T22:00,20.8,0.00,0.00,0.00,22.4,15.0,101,25.6
2024-04-28T23:00,20.4,0.00,0.00,0.00,22.5,11.6,126,23.8
2024-04-29T00:00,19.8,0.00,0.00,0.00,22.5,5.9,137,18.0
2024-04-29T01:00,19.3,0.00,0.00,0.00,21.9,5.4,160,9.0
2024-04-29T02:00,20.0,0.00,0.00,0.00,23.0,4.8,193,8.6
2024-04-29T03:00,20.1,0.00,0.00,0.00,23.2,3.8,73,8.3
2024-04-29T04:00,20.1,0.00,0.00,0.00,22.1,11.2,92,18.0
2024-04-29T05:00,19.9,0.00,0.00,0.00,22.1,9.0,127,19.1
2024-04-29T06:00,19.9,0.00,0.00,0.00,22.3,6.9,152,14.8
2024-04-29T07:00,20.0,0.00,0.00,0.00,22.7,4.4,235,11.5
2024-04-29T08:00,22.2,0.20,0.00,0.20,26.7,2.7,23,12.6
2024-04-29T09:00,22.9,0.20,0.00,0.20,26.9,6.9,81,14.0
2024-04-29T10:00,24.4,0.20,0.00,0.20,28.3,7.9,129,17.6
2024-04-29T11:00,26.0,0.00,0.00,0.00,30.5,5.4,138,18.0
2024-04-29T12:00,27.5,0.00,0.00,0.00,32.1,8.6,123,19.8
2024-04-29T13:00,28.7,0.00,0.00,0.00,32.8,11.0,113,23.0
2024-04-29T14:00,29.6,0.00,0.00,0.00,32.4,11.2,105,23.8
2024-04-29T15:00,29.9,0.00,0.00,0.00,32.3,10.8,105,23.4
2024-04-29T16:00,29.9,0.00,0.00,0.00,31.7,10.5,117,22.0
2024-04-29T17:00,29.7,0.00,0.00,0.00,30.5,11.7,108,21.6
2024-04-29T18:00,29.0,0.00,0.00,0.00,29.3,12.2,109,21.6
2024-04-29T19:00,27.7,0.00,0.00,0.00,29.8,7.2,87,19.8
2024-04-29T20:00,25.5,0.00,0.00,0.00,26.5,14.0,91,21.2
2024-04-29T21:00,24.7,0.00,0.00,0.00,25.6,16.0,104,26.3
2024-04-29T22:00,23.5,0.00,0.00,0.00,25.1,12.5,123,25.2
2024-04-29T23:00,22.6,0.00,0.00,0.00,24.3,12.5,139,19.8
2024-04-30T00:00,22.0,0.00,0.00,0.00,23.6,13.0,161,20.2
2024-04-30T01:00,21.3,0.00,0.00,0.00,22.8,14.6,171,23.4
2024-04-30T02:00,20.5,0.00,0.00,0.00,22.5,10.5,184,23.0
2024-04-30T03:00,19.8,0.00,0.00,0.00,21.9,8.7,187,16.6
2024-04-30T04:00,19.1,0.00,0.00,0.00,21.3,6.8,183,14.0
2024-04-30T05:00,18.5,0.00,0.00,0.00,20.7,5.4,184,11.2
2024-04-30T06:00,18.9,0.00,0.00,0.00,21.6,3.5,156,8.3
2024-04-30T07:00,19.6,0.00,0.00,0.00,22.0,7.0,145,11.5
2024-04-30T08:00,21.5,0.10,0.00,0.10,24.0,11.3,149,18.7
2024-04-30T09:00,22.6,0.10,0.00,0.10,24.7,15.0,169,24.8
2024-04-30T10:00,23.4,0.10,0.00,0.10,25.2,18.0,180,30.2
2024-04-30T11:00,24.7,0.10,0.00,0.10,26.5,18.0,178,31.3
2024-04-30T12:00,26.5,0.10,0.00,0.10,28.9,17.3,182,33.5
2024-04-30T13:00,27.6,0.00,0.00,0.00,29.9,17.3,184,31.3
2024-04-30T14:00,28.2,0.10,0.00,0.10,30.8,17.4,173,32.4
2024-04-30T15:00,28.8,0.00,0.00,0.00,32.0,17.9,161,33.1
2024-04-30T16:00,28.9,0.00,0.00,0.00,31.5,18.2,153,33.5
2024-04-30T17:00,29.5,0.00,0.00,0.00,31.1,18.8,160,32.8
2024-04-30T18:00,29.0,0.00,0.00,0.00,29.9,20.1,153,34.6
2024-04-30T19:00,27.5,0.30,0.00,0.30,29.6,14.5,150,32.8
2024-04-30T20:00,26.3,0.00,0.00,0.00,28.9,10.0,131,16.2
2024-04-30T21:00,25.4,0.00,0.00,0.00,25.8,17.6,157,29.2
2024-04-30T22:00,24.2,0.00,0.00,0.00,24.7,14.8,154,27.4
2024-04-30T23:00,23.3,0.00,0.00,0.00,23.9,13.9,159,23.8
2024-05-01T00:00,22.6,0.00,0.00,0.00,23.6,11.8,153,22.0
2024-05-01T01:00,21.8,0.00,0.00,0.00,23.1,10.1,145,18.7
2024-05-01T02:00,21.1,0.00,0.00,0.00,22.3,11.0,161,17.3
2024-05-01T03:00,20.5,0.00,0.00,0.00,21.9,10.7,168,18.4
2024-05-01T04:00,19.9,0.00,0.00,0.00,21.5,10.2,162,16.9
2024-05-01T05:00,19.7,0.00,0.00,0.00,21.7,8.9,159,16.6
2024-05-01T06:00,20.7,0.00,0.00,0.00,22.7,10.5,149,18.0
2024-05-01T07:00,20.9,0.00,0.00,0.00,23.1,10.2,141,18.0
2024-05-01T08:00,21.4,0.30,0.00,0.30,23.7,12.0,106,19.4
2024-05-01T09:00,21.8,0.10,0.00,0.10,23.6,16.4,109,26.6
2024-05-01T10:00,23.5,0.00,0.00,0.00,25.4,18.9,114,31.7
2024-05-01T11:00,24.7,0.10,0.00,0.10,26.4,20.9,126,35.3
2024-05-01T12:00,24.4,0.50,0.00,0.50,26.5,19.6,122,36.0
2024-05-01T13:00,24.6,0.80,0.00,0.80,26.6,21.5,128,37.1
2024-05-01T14:00,24.6,1.10,0.00,1.10,27.1,17.9,130,37.8
2024-05-01T15:00,26.4,0.90,0.00,0.90,28.5,20.9,131,36.7
2024-05-01T16:00,23.4,1.60,0.00,1.60,24.8,23.3,129,40.7
2024-05-01T17:00,22.3,0.20,0.00,0.20,23.9,17.9,142,40.0
2024-05-01T18:00,22.9,0.60,0.00,0.60,25.0,16.0,134,31.0
2024-05-01T19:00,22.6,0.70,0.00,0.70,24.6,18.2,117,28.4
2024-05-01T20:00,22.8,0.60,0.00,0.60,24.9,18.7,90,31.7
2024-05-01T21:00,21.5,8.60,0.00,8.60,25.0,7.8,112,29.9
2024-05-01T22:00,21.6,1.70,0.00,1.70,24.1,13.8,110,23.0
2024-05-01T23:00,21.5,0.10,0.00,0.10,22.8,19.8,147,31.3
2024-05-02T00:00,21.2,2.20,0.00,2.20,22.3,19.9,139,33.5
2024-05-02T01:00,20.9,17.30,0.00,17.30,22.9,12.7,137,33.8
2024-05-02T02:00,21.5,6.50,0.00,6.50,23.4,15.6,146,29.5
2024-05-02T03:00,20.6,1.40,0.00,1.40,21.6,18.0,178,28.4
2024-05-02T04:00,20.6,1.80,0.00,1.80,22.3,12.6,178,29.5
2024-05-02T05:00,20.8,1.30,0.00,1.30,22.3,15.8,163,24.1
2024-05-02T06:00,20.5,0.00,0.00,0.00,22.1,14.9,188,27.0
2024-05-02T07:00,20.5,0.00,0.00,0.00,22.8,9.7,180,23.8
2024-05-02T08:00,21.0,0.20,0.00,0.20,23.5,9.4,176,18.7
2024-05-02T09:00,21.7,9.00,0.00,9.00,23.2,16.5,20,37.4
2024-05-02T10:00,21.2,7.50,0.00,7.50,22.8,14.5,44,41.4
2024-05-02T11:00,23.0,0.20,0.00,0.20,25.6,9.8,152,25.2
2024-05-02T12:00,24.1,2.70,0.00,2.70,26.7,11.9,87,27.4
2024-05-02T13:00,25.2,0.00,0.00,0.00,27.3,14.5,125,27.4
2024-05-02T14:00,25.9,0.30,0.00,0.30,28.4,18.5,147,36.4
2024-05-02T15:00,26.1,0.00,0.00,0.00,28.6,14.0,145,33.1
2024-05-02T16:00,26.5,0.10,0.00,0.10,28.3,18.9,141,32.8
2024-05-02T17:00,26.0,0.00,0.00,0.00,27.9,16.4,147,32.8
2024-05-02T18:00,26.5,0.00,0.00,0.00,28.7,15.4,147,28.8
2024-05-02T19:00,25.9,0.00,0.00,0.00,28.7,13.6,158,25.6
2024-05-02T20:00,25.2,0.20,0.00,0.20,29.2,8.7,128,16.2
2024-05-02T21:00,24.7,0.50,0.00,0.50,28.5,10.6,114,16.2
2024-05-02T22:00,24.0,0.40,0.00,0.40,27.8,10.2,122,17.3
2024-05-02T23:00,23.6,0.10,0.00,0.10,27.6,8.6,123,16.6
2024-05-03T00:00,23.7,0.10,0.00,0.10,27.5,8.4,137,14.4
2024-05-03T01:00,23.5,0.00,0.00,0.00,27.4,7.6,172,13.3
2024-05-03T02:00,23.1,0.00,0.00,0.00,26.3,11.8,160,18.7
2024-05-03T03:00,22.7,0.00,0.00,0.00,25.9,10.9,96,18.4
2024-05-03T04:00,20.8,0.70,0.00,0.70,22.3,17.0,69,27.7
2024-05-03T05:00,20.1,0.40,0.00,0.40,21.9,13.2,137,27.4
2024-05-03T06:00,20.5,0.00,0.00,0.00,23.0,8.0,162,21.6
2024-05-03T07:00,20.4,0.00,0.00,0.00,23.4,4.7,189,12.2
2024-05-03T08:00,21.6,0.00,0.00,0.00,24.4,9.5,101,16.6
2024-05-03T09:00,22.5,0.00,0.00,0.00,25.3,10.6,118,18.7
2024-05-03T10:00,24.0,0.00,0.00,0.00,26.8,12.0,111,20.9
2024-05-03T11:00,25.7,0.00,0.00,0.00,28.3,16.1,114,28.1
2024-05-03T12:00,24.8,1.20,0.00,1.20,27.0,16.3,121,29.2
2024-05-03T13:00,24.9,0.80,0.00,0.80,27.3,16.7,97,28.1
2024-05-03T14:00,24.2,0.70,0.00,0.70,26.4,16.3,98,30.2
2024-05-03T15:00,26.1,0.10,0.00,0.10,27.4,24.3,117,40.0
2024-05-03T16:00,26.5,0.10,0.00,0.10,28.1,21.2,130,40.7
2024-05-03T17:00,26.7,0.00,0.00,0.00,27.8,23.7,137,40.7
2024-05-03T18:00,25.6,0.00,0.00,0.00,26.6,23.7,131,42.5
2024-05-03T19:00,24.7,0.00,0.00,0.00,26.1,20.4,138,39.2
2024-05-03T20:00,23.6,0.00,0.00,0.00,25.3,15.9,128,32.0
2024-05-03T21:00,23.1,0.00,0.00,0.00,25.4,12.8,142,25.2
2024-05-03T22:00,22.9,0.00,0.00,0.00,25.7,9.5,115,20.2
2024-05-03T23:00,22.8,0.10,0.00,0.10,25.3,11.9,76,18.4
2024-05-04T00:00,22.7,0.00,0.00,0.00,25.2,11.8,110,22.0
2024-05-04T01:00,22.2,0.00,0.00,0.00,25.0,9.2,132,19.1
2024-05-04T02:00,21.2,0.00,0.00,0.00,23.9,9.0,113,14.8
2024-05-04T03:00,20.7,0.00,0.00,0.00,23.4,7.9,129,14.4
2024-05-04T04:00,20.7,0.00,0.00,0.00,23.3,9.2,129,14.8
2024-05-04T05:00,20.7,0.00,0.00,0.00,23.1,10.5,131,16.6
2024-05-04T06:00,21.3,0.00,0.00,0.00,23.6,12.0,131,19.1
2024-05-04T07:00,21.6,0.00,0.00,0.00,24.0,12.0,123,19.1
2024-05-04T08:00,22.3,0.00,0.00,0.00,24.0,16.3,139,25.9
2024-05-04T09:00,22.9,0.00,0.00,0.00,24.5,17.8,133,29.5
2024-05-04T10:00,24.4,0.10,0.00,0.10,26.4,17.2,143,30.6
2024-05-04T11:00,25.1,0.20,0.00,0.20,27.4,16.7,147,29.2
2024-05-04T12:00,26.0,0.10,0.00,0.10,27.9,17.8,148,31.7
2024-05-04T13:00,26.0,0.20,0.00,0.20,28.5,16.0,144,31.0
2024-05-04T14:00,26.1,0.50,0.00,0.50,28.4,16.8,137,28.4
2024-05-04T15:00,26.7,0.20,0.00,0.20,29.4,16.5,122,31.3
2024-05-04T16:00,26.0,0.50,0.00,0.50,28.2,16.6,124,34.6
2024-05-04T17:00,22.6,2.80,0.00,2.80,25.0,11.1,119,29.2
2024-05-04T18:00,22.3,3.10,0.00,3.10,26.0,3.8,49,20.9
2024-05-04T19:00,22.1,4.40,0.00,4.40,23.4,20.4,126,31.3
2024-05-04T20:00,20.7,0.50,0.00,0.50,22.1,16.1,100,23.8
2024-05-04T21:00,20.9,0.00,0.00,0.00,22.4,15.5,77,27.4
2024-05-04T22:00,20.8,0.00,0.00,0.00,22.9,12.9,72,24.1
2024-05-04T23:00,21.7,0.00,0.00,0.00,24.1,12.8,122,20.5
2024-05-05T00:00,22.1,0.00,0.00,0.00,24.4,14.4,143,24.1
2024-05-05T01:00,22.0,0.00,0.00,0.00,24.0,16.8,145,28.4
2024-05-05T02:00,21.3,2.10,0.00,2.10,24.7,4.3,336,26.6
2024-05-05T03:00,21.6,2.10,0.00,2.10,24.8,7.1,114,16.9
2024-05-05T04:00,21.4,1.20,0.00,1.20,25.4,2.3,18,12.2
2024-05-05T05:00,20.6,4.40,0.00,4.40,23.2,10.3,324,20.2
2024-05-05T06:00,20.1,9.40,0.00,9.40,22.6,7.7,101,30.2
2024-05-05T07:00,19.8,0.80,0.00,0.80,21.9,10.0,339,14.4
2024-05-05T08:00,20.5,0.00,0.00,0.00,22.8,9.4,92,14.0
2024-05-05T09:00,21.6,0.00,0.00,0.00,23.7,12.2,118,22.3
2024-05-05T10:00,21.7,1.10,0.00,1.10,23.7,12.5,319,23.8
2024-05-05T11:00,23.2,0.00,0.00,0.00,25.3,12.1,107,24.5
2024-05-05T12:00,25.2,0.20,0.00,0.20,27.6,14.0,119,26.6
2024-05-05T13:00,24.4,1.20,0.00,1.20,26.6,13.6,148,30.2
2024-05-05T14:00,25.8,0.20,0.00,0.20,28.2,14.9,148,31.3
2024-05-05T15:00,25.9,0.20,0.00,0.20,27.4,17.7,153,30.6
2024-05-05T16:00,26.5,0.30,0.00,0.30,28.8,15.3,161,32.0
2024-05-05T17:00,25.2,1.00,0.00,1.00,27.1,15.0,170,31.3
2024-05-05T18:00,24.9,0.20,0.00,0.20,26.7,15.6,142,26.3
2024-05-05T19:00,24.1,0.10,0.00,0.10,26.6,10.2,170,30.2
2024-05-05T20:00,22.7,0.00,0.00,0.00,26.4,6.3,121,18.4
2024-05-05T21:00,21.9,0.00,0.00,0.00,25.1,7.3,147,10.4
2024-05-05T22:00,22.1,0.00,0.00,0.00,25.2,8.7,135,13.0
2024-05-05T23:00,22.5,0.10,0.00,0.10,25.6,11.2,138,18.0
2024-05-06T00:00,22.7,0.00,0.00,0.00,25.7,12.3,148,20.2
2024-05-06T01:00,22.7,0.00,0.00,0.00,25.9,10.0,142,19.4
2024-05-06T02:00,22.6,0.00,0.00,0.00,26.0,9.2,141,15.8
2024-05-06T03:00,22.6,0.10,0.00,0.10,26.1,8.7,150,14.8
2024-05-06T04:00,22.5,0.30,0.00,0.30,26.3,8.2,157,13.7
2024-05-06T05:00,22.6,0.60,0.00,0.60,25.9,11.2,174,18.7
2024-05-06T06:00,22.4,0.90,0.00,0.90,25.9,7.9,150,19.4
2024-05-06T07:00,22.8,0.30,0.00,0.30,26.2,10.9,163,16.9
2024-05-06T08:00,23.4,0.00,0.00,0.00,26.2,15.7,164,24.5
2024-05-06T09:00,24.1,0.10,0.00,0.10,26.9,18.0,177,30.6
2024-05-06T10:00,25.1,0.30,0.00,0.30,27.2,23.1,169,37.4
2024-05-06T11:00,26.7,0.10,0.00,0.10,28.3,25.9,170,44.6
2024-05-06T12:00,27.5,0.20,0.00,0.20,29.2,25.7,175,43.6
2024-05-06T13:00,28.5,0.10,0.00,0.10,30.5,24.7,172,43.2
2024-05-06T14:00,29.1,0.00,0.00,0.00,31.4,26.6,171,44.3
2024-05-06T15:00,28.8,0.20,0.00,0.20,30.9,27.5,169,46.8
2024-05-06T16:00,28.7,0.10,0.00,0.10,30.4,28.3,173,49.0
2024-05-06T17:00,28.4,0.30,0.00,0.30,30.0,26.3,176,47.2
2024-05-06T18:00,28.5,0.10,0.00,0.10,30.2,23.6,173,42.8
2024-05-06T19:00,28.0,0.00,0.00,0.00,30.3,19.2,175,38.5
2024-05-06T20:00,26.6,0.00,0.00,0.00,29.1,16.1,160,31.3
2024-05-06T21:00,25.8,0.00,0.00,0.00,28.0,16.9,156,26.6
2024-05-06T22:00,24.9,0.00,0.00,0.00,26.8,18.6,162,29.9
2024-05-06T23:00,24.1,0.00,0.00,0.00,25.9,18.6,165,30.2
2024-05-07T00:00,23.2,0.00,0.00,0.00,25.5,15.5,167,29.9
2024-05-07T01:00,22.8,0.00,0.00,0.00,24.9,17.4,174,28.1
2024-05-07T02:00,22.5,0.00,0.00,0.00,25.0,15.8,180,27.7
2024-05-07T03:00,23.0,0.00,0.00,0.00,25.7,16.0,188,26.6
2024-05-07T04:00,23.1,0.00,0.00,0.00,26.7,10.6,204,25.6
2024-05-07T05:00,23.2,0.10,0.00,0.10,26.9,10.8,201,16.9
2024-05-07T06:00,23.2,0.00,0.00,0.00,27.0,9.8,197,17.3
2024-05-07T07:00,23.2,0.00,0.00,0.00,26.6,12.1,197,18.7
2024-05-07T08:00,24.0,0.10,0.00,0.10,27.6,11.4,215,19.1
2024-05-07T09:00,25.1,0.10,0.00,0.10,28.5,12.5,219,22.3
2024-05-07T10:00,26.6,0.10,0.00,0.10,30.2,11.1,241,22.3
2024-05-07T11:00,27.2,0.10,0.00,0.10,31.3,8.0,243,20.9
2024-05-07T12:00,28.4,0.10,0.00,0.10,33.4,3.8,229,17.3
2024-05-07T13:00,28.9,0.00,0.00,0.00,33.6,5.2,168,13.7
2024-05-07T14:00,29.4,0.40,0.00,0.40,34.8,9.4,178,20.5
2024-05-07T15:00,29.6,0.30,0.00,0.30,34.5,11.5,176,23.0
2024-05-07T16:00,29.2,0.80,0.00,0.80,33.2,11.6,185,23.0
2024-05-07T17:00,29.4,0.00,0.00,0.00,33.1,12.2,178,22.3
2024-05-07T18:00,30.3,0.00,0.00,0.00,33.5,15.1,180,25.2
2024-05-07T19:00,29.8,0.00,0.00,0.00,34.1,10.8,182,25.2
2024-05-07T20:00,28.0,0.00,0.00,0.00,33.3,6.6,189,15.1
2024-05-07T21:00,26.9,0.00,0.00,0.00,31.0,13.0,152,17.3
2024-05-07T22:00,26.1,0.00,0.00,0.00,29.2,19.0,161,31.7
2024-05-07T23:00,25.0,0.00,0.00,0.00,28.1,16.2,167,29.9
2024-05-08T00:00,24.2,0.00,0.00,0.00,27.3,15.3,172,25.6
2024-05-08T01:00,23.6,0.00,0.00,0.00,26.6,15.6,173,24.8
2024-05-08T02:00,23.4,0.00,0.00,0.00,26.1,17.4,174,27.7
2024-05-08T03:00,23.5,0.00,0.00,0.00,26.3,17.1,172,29.5
2024-05-08T04:00,23.5,0.00,0.00,0.00,26.3,17.4,174,28.1
2024-05-08T05:00,23.7,0.10,0.00,0.10,26.9,15.1,180,27.4
2024-05-08T06:00,23.9,0.00,0.00,0.00,27.3,14.5,173,24.1
2024-05-08T07:00,24.1,0.00,0.00,0.00,27.5,14.1,184,23.0
2024-05-08T08:00,25.0,0.00,0.00,0.00,28.3,16.6,184,29.9
2024-05-08T09:00,25.8,0.00,0.00,0.00,28.9,17.3,184,29.9
2024-05-08T10:00,26.7,0.00,0.00,0.00,29.6,18.7,199,32.0
2024-05-08T11:00,27.5,0.20,0.00,0.20,30.9,15.5,216,32.0
2024-05-08T12:00,28.1,0.00,0.00,0.00,31.4,15.6,203,27.4
2024-05-08T13:00,29.2,0.00,0.00,0.00,32.9,15.7,191,29.5
2024-05-08T14:00,29.8,0.10,0.00,0.10,33.8,15.6,203,28.8
2024-05-08T15:00,30.3,0.00,0.00,0.00,34.4,14.3,198,28.4
2024-05-08T16:00,31.5,0.00,0.00,0.00,36.5,14.8,203,28.1
2024-05-08T17:00,31.3,0.10,0.00,0.10,35.8,11.5,219,27.0
2024-05-08T18:00,31.3,0.00,0.00,0.00,35.8,11.4,191,21.2
2024-05-08T19:00,30.7,0.00,0.00,0.00,35.9,9.4,178,20.2
2024-05-08T20:00,27.7,0.20,0.00,0.20,33.3,10.4,134,16.6
2024-05-08T21:00,26.7,0.10,0.00,0.10,32.3,7.9,133,16.6
2024-05-08T22:00,26.1,0.00,0.00,0.00,31.0,11.6,150,17.6
2024-05-08T23:00,25.7,0.00,0.00,0.00,30.6,10.3,144,18.0
2024-05-09T00:00,25.0,0.00,0.00,0.00,29.7,10.0,150,18.0
2024-05-09T01:00,24.1,0.00,0.00,0.00,28.7,8.2,142,15.8
2024-05-09T02:00,23.6,0.00,0.00,0.00,27.7,10.3,155,16.6
2024-05-09T03:00,23.7,0.00,0.00,0.00,27.4,14.1,167,21.6
2024-05-09T04:00,23.6,0.00,0.00,0.00,27.4,13.7,166,24.1
2024-05-09T05:00,23.6,0.00,0.00,0.00,27.8,10.9,172,22.7
2024-05-09T06:00,23.6,0.00,0.00,0.00,27.3,13.9,190,22.7
2024-05-09T07:00,23.6,0.10,0.00,0.10,27.5,12.9,198,23.0
2024-05-09T08:00,24.6,0.00,0.00,0.00,29.8,7.2,127,12.6
2024-05-09T09:00,25.4,0.10,0.00,0.10,30.6,6.6,139,14.0
2024-05-09T10:00,26.8,0.10,0.00,0.10,32.1,5.9,104,16.2
2024-05-09T11:00,28.1,0.00,0.00,0.00,33.0,7.1,66,16.6
2024-05-09T12:00,29.4,0.00,0.00,0.00,34.3,7.1,66,17.3
2024-05-09T13:00,30.5,0.00,0.00,0.00,35.8,9.1,99,20.2
2024-05-09T14:00,30.9,0.00,0.00,0.00,36.6,8.5,126,20.2
2024-05-09T15:00,30.9,0.00,0.00,0.00,35.6,7.9,114,19.4
2024-05-09T16:00,31.0,0.00,0.00,0.00,36.2,6.1,62,18.7
2024-05-09T17:00,30.7,0.00,0.00,0.00,35.5,6.8,108,15.5
2024-05-09T18:00,31.0,0.00,0.00,0.00,36.5,2.3,141,17.3
2024-05-09T19:00,30.2,0.00,0.00,0.00,34.9,9.9,44,15.1
2024-05-09T20:00,23.6,3.50,0.00,3.50,23.9,30.7,351,47.5
2024-05-09T21:00,23.7,2.20,0.00,2.20,27.4,8.7,132,49.0
2024-05-09T22:00,23.5,0.30,0.00,0.30,25.2,21.3,355,34.6
2024-05-09T23:00,23.0,0.00,0.00,0.00,24.1,24.8,26,39.2
2024-05-10T00:00,22.1,0.00,0.00,0.00,23.0,20.9,29,40.3
2024-05-10T01:00,21.9,0.00,0.00,0.00,23.7,16.1,39,33.1
2024-05-10T02:00,22.0,0.00,0.00,0.00,24.8,10.0,26,24.8
2024-05-10T03:00,21.5,0.00,0.00,0.00,24.5,8.1,13,16.2
2024-05-10T04:00,21.2,0.00,0.00,0.00,23.3,12.4,8,19.1
2024-05-10T05:00,21.0,0.00,0.00,0.00,22.4,15.3,19,24.1
2024-05-10T06:00,21.0,0.00,0.00,0.00,21.7,20.3,17,32.4
2024-05-10T07:00,20.8,0.00,0.00,0.00,21.3,19.0,19,33.1
2024-05-10T08:00,21.1,0.00,0.00,0.00,20.8,24.7,16,39.6
2024-05-10T09:00,21.7,0.00,0.00,0.00,21.2,21.6,15,41.8
2024-05-10T10:00,22.7,0.00,0.00,0.00,22.5,17.2,20,35.6
2024-05-10T11:00,24.0,0.00,0.00,0.00,23.8,19.1,22,34.2
2024-05-10T12:00,25.1,0.00,0.00,0.00,25.1,22.1,28,38.5
2024-05-10T13:00,26.2,0.00,0.00,0.00,26.6,24.3,25,43.9
2024-05-10T14:00,26.8,0.00,0.00,0.00,26.6,24.9,31,42.8
2024-05-10T15:00,26.9,0.00,0.00,0.00,26.2,24.2,30,43.6
2024-05-10T16:00,27.5,0.00,0.00,0.00,27.3,22.7,29,43.6
2024-05-10T17:00,27.5,0.00,0.00,0.00,27.2,21.5,31,38.9
2024-05-10T18:00,27.0,0.00,0.00,0.00,26.9,18.0,37,36.4
2024-05-10T19:00,26.1,0.00,0.00,0.00,26.3,16.2,32,30.2
2024-05-10T20:00,24.5,0.00,0.00,0.00,24.8,14.2,24,23.8
2024-05-10T21:00,23.3,0.00,0.00,0.00,23.0,17.1,18,27.0
2024-05-10T22:00,22.3,0.00,0.00,0.00,22.3,14.2,16,27.0
2024-05-10T23:00,21.4,0.00,0.00,0.00,21.9,9.9,19,22.7
2024-05-11T00:00,20.5,0.00,0.00,0.00,21.0,9.1,7,15.8
2024-05-11T01:00,20.0,0.00,0.00,0.00,19.9,11.9,14,18.4
2024-05-11T02:00,19.9,0.00,0.00,0.00,19.6,12.8,22,20.2
2024-05-11T03:00,19.7,0.00,0.00,0.00,19.3,13.4,31,22.0
2024-05-11T04:00,19.4,0.00,0.00,0.00,19.4,11.0,41,20.9
2024-05-11T05:00,19.1,0.00,0.00,0.00,19.1,10.4,34,17.6
2024-05-11T06:00,18.7,0.00,0.00,0.00,18.6,10.5,27,16.6
2024-05-11T07:00,18.8,0.00,0.00,0.00,18.7,11.1,36,17.6
2024-05-11T08:00,20.5,0.00,0.00,0.00,20.2,13.6,37,22.0
2024-05-11T09:00,21.4,0.00,0.00,0.00,21.6,13.7,45,23.4
2024-05-11T10:00,22.4,0.00,0.00,0.00,22.6,15.3,41,26.6
2024-05-11T11:00,24.0,0.00,0.00,0.00,24.0,17.1,60,30.6
2024-05-11T12:00,25.7,0.00,0.00,0.00,26.7,19.4,75,34.9
2024-05-11T13:00,26.8,0.00,0.00,0.00,28.0,19.6,84,37.1
2024-05-11T14:00,26.8,0.00,0.00,0.00,26.4,18.7,91,35.6
2024-05-11T15:00,26.3,0.00,0.00,0.00,26.0,16.7,97,33.1
2024-05-11T16:00,25.1,0.20,0.00,0.20,25.8,14.2,97,29.2
2024-05-11T17:00,24.4,0.10,0.00,0.10,25.5,13.0,93,24.5
2024-05-11T18:00,24.0,0.00,0.00,0.00,25.5,10.2,67,22.0
2024-05-11T19:00,23.8,0.00,0.00,0.00,25.5,9.7,59,18.0
2024-05-11T20:00,21.1,1.40,0.00,1.40,23.1,9.7,59,24.1
2024-05-11T21:00,21.1,0.10,0.00,0.10,22.8,12.3,85,19.4
2024-05-11T22:00,20.9,0.00,0.00,0.00,21.8,13.0,92,19.4
2024-05-11T23:00,20.7,0.00,0.00,0.00,21.6,11.9,88,20.2
2024-05-12T00:00,20.7,0.00,0.00,0.00,21.5,13.1,98,20.2
2024-05-12T01:00,20.8,0.00,0.00,0.00,21.9,11.2,96,20.9
2024-05-12T02:00,20.8,0.00,0.00,0.00,22.2,9.5,81,17.3
2024-05-12T03:00,20.7,0.00,0.00,0.00,21.9,11.6,97,17.6
2024-05-12T04:00,20.7,0.00,0.00,0.00,22.4,9.2,111,18.4
2024-05-12T05:00,20.8,0.00,0.00,0.00,23.0,7.0,111,14.4
2024-05-12T06:00,20.8,0.20,0.00,0.20,22.8,8.8,81,13.0
2024-05-12T07:00,20.4,2.70,0.00,2.70,22.1,13.8,110,20.2
2024-05-12T08:00,20.8,0.00,0.00,0.00,22.8,13.0,114,19.8
2024-05-12T09:00,21.4,0.10,0.00,0.10,24.0,10.5,121,24.1
2024-05-12T10:00,21.7,0.20,0.00,0.20,24.3,12.2,45,21.6
2024-05-12T11:00,21.0,5.20,0.00,5.20,23.2,13.6,17,28.4
2024-05-12T12:00,21.5,7.70,0.00,7.70,22.5,21.6,114,33.8
2024-05-12T13:00,25.3,0.10,0.00,0.10,29.7,12.3,142,42.1
2024-05-12T14:00,25.8,0.00,0.00,0.00,29.2,8.7,173,25.6
2024-05-12T15:00,25.7,0.00,0.00,0.00,28.8,10.2,132,19.8
2024-05-12T16:00,25.4,0.10,0.00,0.10,27.8,15.0,100,26.3
2024-05-12T17:00,23.9,0.20,0.00,0.20,26.3,14.4,103,28.1
2024-05-12T18:00,25.3,0.00,0.00,0.00,28.3,11.8,128,25.9
2024-05-12T19:00,24.0,0.00,0.00,0.00,26.7,12.4,120,25.2
2024-05-12T20:00,23.1,0.00,0.00,0.00,26.0,12.6,31,22.7
2024-05-12T21:00,22.7,0.00,0.00,0.00,25.4,12.4,26,21.6
2024-05-12T22:00,21.9,0.10,0.00,0.10,24.0,15.0,42,22.7
2024-05-12T23:00,21.6,0.00,0.00,0.00,24.1,11.0,58,24.5
2024-05-13T00:00,21.4,0.00,0.00,0.00,24.0,10.0,75,17.6
2024-05-13T01:00,21.3,0.00,0.00,0.00,23.8,10.0,41,16.6
2024-05-13T02:00,20.8,0.00,0.00,0.00,23.7,7.1,75,15.5
2024-05-13T03:00,20.8,0.00,0.00,0.00,23.7,7.2,96,13.3
2024-05-13T04:00,20.6,0.00,0.00,0.00,24.0,4.0,80,12.2
2024-05-13T05:00,20.5,0.00,0.00,0.00,24.0,3.4,148,6.5
2024-05-13T06:00,20.6,0.00,0.00,0.00,24.5,0.0,270,5.8
2024-05-13T07:00,20.7,0.00,0.00,0.00,24.5,0.8,63,2.5
2024-05-13T08:00,21.6,0.20,0.00,0.20,25.0,7.9,227,14.8
2024-05-13T09:00,21.7,0.30,0.00,0.30,25.4,5.1,51,14.8
2024-05-13T10:00,23.1,0.00,0.00,0.00,26.9,4.3,275,19.1
2024-05-13T11:00,25.0,0.00,0.00,0.00,28.5,9.7,292,20.5
2024-05-13T12:00,26.8,0.00,0.00,0.00,33.1,2.2,360,21.2
2024-05-13T13:00,27.9,0.00,0.00,0.00,34.1,2.4,117,13.0
2024-05-13T14:00,28.7,0.10,0.00,0.10,36.0,1.3,214,16.6
2024-05-13T15:00,28.8,0.20,0.00,0.20,34.5,2.8,220,14.8
2024-05-13T16:00,25.1,4.90,0.00,4.90,26.7,19.3,284,34.2
2024-05-13T17:00,25.0,0.00,0.00,0.00,28.7,4.7,99,34.2
2024-05-13T18:00,25.5,0.00,0.00,0.00,29.4,4.7,176,14.8
2024-05-13T19:00,26.1,0.00,0.00,0.00,30.5,2.4,333,11.5
2024-05-13T20:00,25.5,0.00,0.00,0.00,29.4,2.3,342,11.9
2024-05-13T21:00,22.7,0.00,0.00,0.00,26.1,5.8,266,7.6
2024-05-13T22:00,21.4,0.00,0.00,0.00,24.2,8.0,260,9.7
2024-05-13T23:00,20.8,0.00,0.00,0.00,23.5,7.6,267,10.4
2024-05-14T00:00,20.8,0.00,0.00,0.00,23.3,7.9,313,11.5
2024-05-14T01:00,20.7,0.00,0.00,0.00,20.9,9.5,349,15.1
2024-05-14T02:00,18.6,0.00,0.00,0.00,18.4,8.2,337,14.8
2024-05-14T03:00,17.7,0.00,0.00,0.00,17.6,7.4,337,11.2
2024-05-14T04:00,17.0,0.00,0.00,0.00,16.8,8.1,328,10.8
2024-05-14T05:00,16.6,0.00,0.00,0.00,16.4,8.1,315,10.8
2024-05-14T06:00,17.0,0.00,0.00,0.00,17.0,7.8,304,11.5
2024-05-14T07:00,17.5,0.00,0.00,0.00,17.3,11.0,308,16.6
2024-05-14T08:00,19.8,0.00,0.00,0.00,20.8,6.2,277,11.5
2024-05-14T09:00,22.0,0.00,0.00,0.00,23.8,5.2,304,12.6
2024-05-14T10:00,24.3,0.00,0.00,0.00,25.8,8.3,326,17.6
2024-05-14T11:00,26.0,0.00,0.00,0.00,28.1,9.5,335,20.5
2024-05-14T12:00,27.5,0.00,0.00,0.00,30.2,8.5,332,20.9
2024-05-14T13:00,28.5,0.00,0.00,0.00,31.6,7.8,338,19.4
2024-05-14T14:00,29.1,0.00,0.00,0.00,32.4,7.4,346,18.7
2024-05-14T15:00,29.6,0.00,0.00,0.00,32.7,7.6,357,18.4
2024-05-14T16:00,29.8,0.00,0.00,0.00,32.1,8.0,10,18.4
2024-05-14T17:00,29.7,0.00,0.00,0.00,31.0,7.6,19,17.6
2024-05-14T18:00,29.2,0.00,0.00,0.00,29.8,6.9,43,16.2
2024-05-14T19:00,27.8,0.00,0.00,0.00,29.9,6.1,87,13.0
2024-05-14T20:00,25.8,0.00,0.00,0.00,27.3,10.1,94,15.5
2024-05-14T21:00,23.7,0.00,0.00,0.00,25.2,8.8,102,15.8
2024-05-14T22:00,22.1,0.00,0.00,0.00,23.6,8.3,108,13.3
2024-05-14T23:00,21.3,0.00,0.00,0.00,22.6,8.1,111,11.5
2024-05-15T00:00,20.4,0.00,0.00,0.00,21.5,9.2,141,11.9
2024-05-15T01:00,19.9,0.00,0.00,0.00,21.1,8.0,175,11.9
2024-05-15T02:00,19.5,0.00,0.00,0.00,20.6,7.6,188,10.8
2024-05-15T03:00,19.3,0.00,0.00,0.00,20.3,7.6,185,11.5
2024-05-15T04:00,18.8,0.00,0.00,0.00,20.1,7.3,191,11.2
2024-05-15T05:00,18.1,0.00,0.00,0.00,19.0,9.4,198,11.9
2024-05-15T06:00,18.3,0.00,0.00,0.00,19.7,7.6,205,11.5
2024-05-15T07:00,18.9,0.00,0.00,0.00,20.3,7.8,202,11.9
2024-05-15T08:00,21.1,0.00,0.00,0.00,21.7,11.6,202,16.6
2024-05-15T09:00,23.3,0.00,0.00,0.00,24.9,8.3,178,17.6
2024-05-15T10:00,25.4,0.00,0.00,0.00,27.3,8.6,165,18.0
2024-05-15T11:00,27.3,0.00,0.00,0.00,29.4,13.4,174,24.8
2024-05-15T12:00,28.7,0.00,0.00,0.00,30.8,15.9,174,29.5
2024-05-15T13:00,29.7,0.00,0.00,0.00,32.3,16.8,165,31.0
2024-05-15T14:00,30.6,0.00,0.00,0.00,33.6,17.2,164,31.7
2024-05-15T15:00,31.0,0.00,0.00,0.00,33.6,16.5,160,31.7
2024-05-15T16:00,31.1,0.00,0.00,0.00,32.9,16.4,154,29.5
2024-05-15T17:00,30.8,0.00,0.00,0.00,31.9,17.0,148,29.2
2024-05-15T18:00,30.5,0.00,0.00,0.00,32.1,17.6,139,29.2
2024-05-15T19:00,29.3,0.00,0.00,0.00,30.9,17.1,138,29.2
2024-05-15T20:00,27.4,0.00,0.00,0.00,29.2,14.0,125,23.0
2024-05-15T21:00,25.7,0.00,0.00,0.00,27.8,11.2,135,22.3
2024-05-15T22:00,24.8,0.00,0.00,0.00,26.6,11.2,159,18.0
2024-05-15T23:00,24.0,0.00,0.00,0.00,25.1,12.3,173,19.1
2024-05-16T00:00,23.3,0.00,0.00,0.00,24.6,11.5,160,20.9
2024-05-16T01:00,22.6,0.00,0.00,0.00,23.1,17.5,172,27.7
2024-05-16T02:00,22.0,0.00,0.00,0.00,21.9,18.5,167,29.9
2024-05-16T03:00,21.3,0.00,0.00,0.00,21.6,14.7,163,29.5
2024-05-16T04:00,20.6,0.00,0.00,0.00,21.4,12.0,159,23.8
2024-05-16T05:00,20.1,0.00,0.00,0.00,21.3,10.4,146,19.4
2024-05-16T06:00,20.0,0.00,0.00,0.00,21.2,10.8,150,17.3
2024-05-16T07:00,20.5,0.00,0.00,0.00,21.8,11.6,144,18.4
2024-05-16T08:00,23.2,0.00,0.00,0.00,24.0,20.1,144,33.5
2024-05-16T09:00,24.3,0.00,0.00,0.00,26.1,16.8,145,33.8
2024-05-16T10:00,25.5,0.00,0.00,0.00,27.4,20.0,154,31.3
2024-05-16T11:00,27.7,0.10,0.00,0.10,29.5,24.3,168,41.4
2024-05-16T12:00,28.4,0.10,0.00,0.10,30.6,22.7,181,40.7
2024-05-16T13:00,29.1,0.30,0.00,0.30,30.9,25.6,183,43.6
2024-05-16T14:00,28.8,0.90,0.00,0.90,31.1,23.1,195,42.8
2024-05-16T15:00,23.6,11.30,0.00,11.30,26.4,12.5,237,45.0
2024-05-16T16:00,22.7,4.20,0.00,4.20,24.4,19.6,26,35.6
2024-05-16T17:00,20.6,8.20,0.00,8.20,21.6,15.8,35,37.1
2024-05-16T18:00,20.7,0.90,0.00,0.90,21.7,16.1,10,34.2
2024-05-16T19:00,21.9,0.00,0.00,0.00,23.4,14.1,58,32.4
2024-05-16T20:00,21.4,0.00,0.00,0.00,21.9,18.1,44,29.5
2024-05-16T21:00,20.8,0.00,0.00,0.00,21.2,15.4,74,29.5
2024-05-16T22:00,19.7,0.00,0.00,0.00,20.5,8.8,81,24.1
2024-05-16T23:00,19.0,0.00,0.00,0.00,18.7,12.7,45,20.2
2024-05-17T00:00,18.2,0.00,0.00,0.00,17.4,15.0,339,20.9
2024-05-17T01:00,18.4,0.00,0.00,0.00,17.6,18.6,342,33.1
2024-05-17T02:00,18.1,0.00,0.00,0.00,18.6,12.6,357,29.2
2024-05-17T03:00,16.7,0.00,0.00,0.00,17.6,7.4,346,19.1
2024-05-17T04:00,16.6,0.00,0.00,0.00,17.8,5.5,337,9.7
2024-05-17T05:00,16.7,0.00,0.00,0.00,17.1,10.8,356,17.3
2024-05-17T06:00,16.4,0.00,0.00,0.00,16.9,9.1,351,17.3
2024-05-17T07:00,16.6,0.00,0.00,0.00,17.0,10.5,333,16.2
2024-05-17T08:00,18.2,0.00,0.00,0.00,19.2,8.9,346,16.2
2024-05-17T09:00,19.8,0.00,0.00,0.00,20.3,13.6,349,24.1
2024-05-17T10:00,21.8,0.00,0.00,0.00,22.5,13.2,11,25.6
2024-05-17T11:00,22.8,0.00,0.00,0.00,24.2,9.8,17,25.6
2024-05-17T12:00,23.5,0.00,0.00,0.00,25.3,7.8,22,20.9
2024-05-17T13:00,24.5,0.00,0.00,0.00,27.0,3.3,49,18.0
2024-05-17T14:00,25.8,0.00,0.00,0.00,29.8,2.1,329,13.0
2024-05-17T15:00,27.0,0.00,0.00,0.00,30.7,3.5,24,13.0
2024-05-17T16:00,27.7,0.00,0.00,0.00,31.7,6.1,90,15.8
2024-05-17T17:00,27.4,0.00,0.00,0.00,30.3,8.7,120,20.5
2024-05-17T18:00,26.8,0.00,0.00,0.00,29.0,8.2,119,19.1
2024-05-17T19:00,26.3,0.00,0.00,0.00,28.8,6.0,107,16.2
2024-05-17T20:00,24.9,0.00,0.00,0.00,27.8,6.8,108,15.1
2024-05-17T21:00,23.3,0.00,0.00,0.00,25.9,7.6,121,11.9
2024-05-17T22:00,22.2,0.00,0.00,0.00,24.8,6.9,118,11.5
2024-05-17T23:00,22.3,0.00,0.00,0.00,24.6,9.9,147,15.5
2024-05-18T00:00,21.7,0.00,0.00,0.00,24.0,9.1,171,15.5
2024-05-18T01:00,21.0,0.00,0.00,0.00,23.3,9.1,189,14.4
2024-05-18T02:00,20.3,0.00,0.00,0.00,22.9,7.2,183,14.4
2024-05-18T03:00,19.6,0.00,0.00,0.00,22.2,5.8,184,11.2
2024-05-18T04:00,19.3,0.00,0.00,0.00,21.8,6.0,197,9.7
2024-05-18T05:00,19.2,0.00,0.00,0.00,21.7,5.6,220,9.7
2024-05-18T06:00,18.5,0.00,0.00,0.00,20.6,7.1,210,8.6
2024-05-18T07:00,19.1,0.00,0.00,0.00,21.5,5.9,191,9.0
2024-05-18T08:00,20.4,0.00,0.00,0.00,23.0,5.4,222,11.2
2024-05-18T09:00,22.8,0.00,0.00,0.00,25.8,5.4,200,13.0
2024-05-18T10:00,24.9,0.00,0.00,0.00,27.7,7.3,200,16.9
2024-05-18T11:00,26.6,0.00,0.00,0.00,30.2,9.1,187,20.5
2024-05-18T12:00,27.9,0.00,0.00,0.00,32.5,9.7,195,21.6
2024-05-18T13:00,29.1,0.00,0.00,0.00,34.5,9.8,197,22.3
2024-05-18T14:00,30.1,0.00,0.00,0.00,36.0,9.7,195,22.0
2024-05-18T15:00,30.9,0.00,0.00,0.00,36.4,10.9,186,22.3
2024-05-18T16:00,31.4,0.00,0.00,0.00,36.0,11.5,180,23.0
2024-05-18T17:00,31.3,0.00,0.00,0.00,35.2,11.3,173,23.0
2024-05-18T18:00,31.0,0.00,0.00,0.00,34.1,11.0,161,21.6
2024-05-18T19:00,30.1,0.00,0.00,0.00,33.8,10.0,154,19.4
2024-05-18T20:00,28.9,0.00,0.00,0.00,32.1,13.5,124,20.9
2024-05-18T21:00,27.3,0.00,0.00,0.00,30.0,13.8,133,22.0
2024-05-18T22:00,26.3,0.00,0.00,0.00,29.1,13.4,149,22.3
2024-05-18T23:00,25.5,0.00,0.00,0.00,28.4,12.3,159,21.2
2024-05-19T00:00,24.5,0.00,0.00,0.00,27.9,9.7,165,19.1
2024-05-19T01:00,23.8,0.00,0.00,0.00,27.5,10.2,170,16.2
2024-05-19T02:00,23.3,0.00,0.00,0.00,26.8,10.5,172,16.9
2024-05-19T03:00,22.8,0.00,0.00,0.00,26.2,10.1,178,16.9
2024-05-19T04:00,22.3,0.00,0.00,0.00,25.9,8.7,185,16.2
2024-05-19T05:00,22.0,0.00,0.00,0.00,25.8,6.5,183,13.7
2024-05-19T06:00,21.8,0.00,0.00,0.00,25.7,5.8,180,10.1
2024-05-19T07:00,21.9,0.00,0.00,0.00,25.7,6.8,177,10.1
2024-05-19T08:00,23.0,0.00,0.00,0.00,25.8,14.6,190,24.8
2024-05-19T09:00,24.2,0.10,0.00,0.10,27.0,15.0,190,25.9
2024-05-19T10:00,25.8,0.10,0.00,0.10,28.5,15.1,183,26.3
2024-05-19T11:00,27.2,0.10,0.00,0.10,30.0,15.3,172,28.8
2024-05-19T12:00,28.3,0.00,0.00,0.00,31.9,16.1,170,29.9
2024-05-19T13:00,29.4,0.00,0.00,0.00,33.2,15.9,167,30.2
2024-05-19T14:00,30.3,0.00,0.00,0.00,34.4,15.3,165,30.2
2024-05-19T15:00,31.0,0.00,0.00,0.00,35.4,14.2,156,28.8
2024-05-19T16:00,31.3,0.00,0.00,0.00,34.8,15.6,151,28.4
2024-05-19T17:00,31.3,0.00,0.00,0.00,34.0,15.8,145,28.4
2024-05-19T18:00,30.7,0.00,0.00,0.00,32.5,16.6,146,28.1
2024-05-19T19:00,29.8,0.00,0.00,0.00,32.5,14.0,136,28.1
2024-05-19T20:00,28.2,0.00,0.00,0.00,30.7,13.7,125,21.6
2024-05-19T21:00,27.0,0.00,0.00,0.00,29.0,14.8,133,23.4
2024-05-19T22:00,26.1,0.00,0.00,0.00,28.1,14.7,144,24.1
2024-05-19T23:00,25.5,0.00,0.00,0.00,27.2,16.3,149,25.2
2024-05-20T00:00,24.8,0.00,0.00,0.00,26.3,18.3,160,29.2
2024-05-20T01:00,23.7,0.00,0.00,0.00,24.8,17.7,168,29.5
2024-05-20T02:00,22.8,0.00,0.00,0.00,23.2,16.8,170,28.4
2024-05-20T03:00,22.0,0.00,0.00,0.00,22.2,17.1,173,27.0
2024-05-20T04:00,21.4,0.00,0.00,0.00,22.1,15.5,176,28.1
2024-05-20T05:00,20.7,0.00,0.00,0.00,22.5,10.2,188,24.5
2024-05-20T06:00,20.2,0.00,0.00,0.00,22.3,8.8,199,16.2
2024-05-20T07:00,20.4,0.00,0.00,0.00,22.8,8.2,203,14.4
2024-05-20T08:00,22.8,0.00,0.00,0.00,26.2,9.4,187,19.8
2024-05-20T09:00,24.2,0.10,0.00,0.10,27.2,13.8,186,22.0
2024-05-20T10:00,26.8,0.10,0.00,0.10,29.0,17.2,191,31.0
2024-05-20T11:00,28.3,0.00,0.00,0.00,31.0,16.3,188,30.2
2024-05-20T12:00,29.6,0.00,0.00,0.00,33.3,15.2,176,30.2
2024-05-20T13:00,30.7,0.00,0.00,0.00,35.0,16.1,170,30.6
2024-05-20T14:00,31.5,0.00,0.00,0.00,35.9,17.5,161,32.4
2024-05-20T15:00,31.9,0.00,0.00,0.00,36.1,19.0,153,34.6
2024-05-20T16:00,32.2,0.00,0.00,0.00,35.6,19.5,150,34.6
2024-05-20T17:00,32.2,0.00,0.00,0.00,34.5,20.5,152,35.3
2024-05-20T18:00,31.7,0.00,0.00,0.00,33.3,20.4,148,35.3
2024-05-20T19:00,30.7,0.00,0.00,0.00,33.0,16.9,140,33.5
2024-05-20T20:00,29.2,0.00,0.00,0.00,31.5,16.6,131,28.1
2024-05-20T21:00,27.9,0.00,0.00,0.00,29.8,17.6,131,27.7
2024-05-20T22:00,27.1,0.00,0.00,0.00,28.6,19.0,147,30.2
2024-05-20T23:00,26.3,0.00,0.00,0.00,28.0,18.4,157,30.2
2024-05-21T00:00,25.0,0.00,0.00,0.00,27.4,18.9,162,31.0
2024-05-21T01:00,24.0,0.00,0.00,0.00,26.7,17.5,161,30.2
2024-05-21T02:00,23.2,0.00,0.00,0.00,25.9,15.9,167,28.1
2024-05-21T03:00,22.9,0.00,0.00,0.00,25.8,14.9,172,25.6
2024-05-21T04:00,23.8,0.00,0.00,0.00,26.1,19.8,179,32.0
2024-05-21T05:00,24.1,0.00,0.00,0.00,26.6,18.0,180,31.7
2024-05-21T06:00,24.1,0.00,0.00,0.00,27.0,17.3,176,29.2
2024-05-21T07:00,24.4,0.00,0.00,0.00,27.4,17.0,174,28.4
2024-05-21T08:00,25.7,0.10,0.00,0.10,29.7,13.3,180,22.7
2024-05-21T09:00,26.0,0.60,0.00,0.60,29.8,17.2,190,27.4
2024-05-21T10:00,28.0,0.10,0.00,0.10,30.8,23.1,191,38.5
2024-05-21T11:00,29.4,0.10,0.00,0.10,31.7,24.9,191,41.4
2024-05-21T12:00,31.0,0.00,0.00,0.00,34.0,24.0,193,43.2
2024-05-21T13:00,31.8,0.00,0.00,0.00,34.7,22.7,191,41.4
2024-05-21T14:00,32.6,0.00,0.00,0.00,35.8,21.0,192,39.2
2024-05-21T15:00,33.6,0.00,0.00,0.00,37.3,20.5,180,37.1
2024-05-21T16:00,33.4,0.00,0.00,0.00,37.2,19.6,163,37.1
2024-05-21T17:00,32.5,0.00,0.00,0.00,35.8,18.4,157,34.9
2024-05-21T18:00,32.4,0.00,0.00,0.00,35.8,16.7,155,30.6
2024-05-21T19:00,31.9,0.00,0.00,0.00,35.4,15.3,150,26.6
2024-05-21T20:00,30.0,0.00,0.00,0.00,33.1,17.6,131,27.7
2024-05-21T21:00,28.7,0.00,0.00,0.00,30.8,22.8,149,36.7
2024-05-21T22:00,27.8,0.00,0.00,0.00,30.2,20.5,158,36.4
2024-05-21T23:00,26.8,0.00,0.00,0.00,29.6,19.5,161,32.8
2024-05-22T00:00,26.1,0.00,0.00,0.00,29.2,18.2,162,32.0
2024-05-22T01:00,25.6,0.00,0.00,0.00,29.6,13.2,163,29.2
2024-05-22T02:00,25.8,0.00,0.00,0.00,29.7,14.0,162,22.3
2024-05-22T03:00,25.7,0.00,0.00,0.00,29.7,14.7,163,22.7
2024-05-22T04:00,25.6,0.00,0.00,0.00,29.9,13.4,166,23.4
2024-05-22T05:00,25.6,0.00,0.00,0.00,29.7,14.8,166,23.8
2024-05-22T06:00,25.5,0.00,0.00,0.00,29.6,14.1,165,23.8
2024-05-22T07:00,25.5,0.00,0.00,0.00,29.8,13.0,166,22.3
2024-05-22T08:00,26.3,0.10,0.00,0.10,30.1,14.8,162,25.2
2024-05-22T09:00,27.1,0.10,0.00,0.10,30.2,19.9,163,32.8
2024-05-22T10:00,27.6,0.20,0.00,0.20,30.8,19.5,168,33.8
2024-05-22T11:00,29.4,0.10,0.00,0.10,32.2,23.5,169,40.3
2024-05-22T12:00,30.3,0.00,0.00,0.00,33.4,23.2,164,41.8
2024-05-22T13:00,32.0,0.00,0.00,0.00,34.9,26.4,169,45.0
2024-05-22T14:00,33.1,0.00,0.00,0.00,35.7,26.8,175,46.1
2024-05-22T15:00,33.7,0.00,0.00,0.00,36.0,27.0,182,47.2
2024-05-22T16:00,33.5,0.00,0.00,0.00,35.3,20.3,187,45.7
2024-05-22T17:00,30.0,2.00,0.00,2.00,33.5,13.3,308,33.1
2024-05-22T18:00,24.2,9.00,0.00,9.00,27.6,12.8,196,50.0
2024-05-22T19:00,23.9,0.00,0.00,0.00,27.7,12.0,44,24.5
2024-05-22T20:00,26.0,0.10,0.00,0.10,30.9,5.8,184,38.9
2024-05-22T21:00,22.6,12.70,0.00,12.70,24.2,22.3,357,42.5
2024-05-22T22:00,22.4,1.40,0.00,1.40,24.8,15.3,98,37.8
2024-05-22T23:00,22.5,0.00,0.00,0.00,25.3,11.8,130,27.7
2024-05-23T00:00,23.2,0.10,0.00,0.10,24.9,21.7,165,34.2
2024-05-23T01:00,24.0,0.00,0.00,0.00,28.8,5.2,236,34.6
2024-05-23T02:00,23.4,0.00,0.00,0.00,28.6,1.6,333,8.3
2024-05-23T03:00,24.1,0.00,0.00,0.00,28.0,11.2,182,16.2
2024-05-23T04:00,24.1,0.00,0.00,0.00,27.6,14.3,162,23.0
2024-05-23T05:00,24.1,0.00,0.00,0.00,27.5,16.7,161,26.6
2024-05-23T06:00,24.5,0.00,0.00,0.00,27.9,17.4,173,28.4
2024-05-23T07:00,24.6,0.00,0.00,0.00,28.2,15.6,172,27.7
2024-05-23T08:00,25.0,0.20,0.00,0.20,28.0,20.7,157,34.6
2024-05-23T09:00,25.5,0.30,0.00,0.30,30.1,11.8,142,32.0
2024-05-23T10:00,25.7,0.50,0.00,0.50,30.6,6.4,133,22.0
2024-05-23T11:00,25.5,0.90,0.00,0.90,30.2,6.4,117,21.6
2024-05-23T12:00,27.1,0.20,0.00,0.20,31.6,12.6,92,29.2
2024-05-23T13:00,28.8,0.30,0.00,0.30,32.1,20.3,147,38.2
2024-05-23T14:00,31.0,0.20,0.00,0.20,33.7,24.4,166,48.6
2024-05-23T15:00,32.0,0.20,0.00,0.20,33.3,24.7,172,47.9
2024-05-23T16:00,27.0,10.90,0.00,10.90,31.6,9.0,2,40.0
2024-05-23T17:00,24.0,12.50,0.00,12.50,27.9,12.1,37,38.9
2024-05-23T18:00,24.9,0.40,0.00,0.40,27.9,16.1,138,28.1
2024-05-23T19:00,25.2,0.10,0.00,0.10,29.1,10.9,107,27.7
2024-05-23T20:00,26.6,0.00,0.00,0.00,30.8,7.7,139,23.8
2024-05-23T21:00,26.6,0.00,0.00,0.00,29.1,18.9,141,28.4
2024-05-23T22:00,26.2,0.00,0.00,0.00,28.2,20.1,153,33.5
2024-05-23T23:00,25.6,0.00,0.00,0.00,27.7,19.0,153,31.7
2024-05-24T00:00,25.2,0.00,0.00,0.00,27.3,19.4,162,31.3
2024-05-24T01:00,24.7,0.00,0.00,0.00,27.1,17.2,170,31.3
2024-05-24T02:00,24.3,0.00,0.00,0.00,26.8,17.7,178,28.4
2024-05-24T03:00,24.0,0.00,0.00,0.00,27.2,15.2,175,28.4
2024-05-24T04:00,24.1,0.00,0.00,0.00,28.0,12.7,172,24.1
2024-05-24T05:00,24.8,0.00,0.00,0.00,29.2,10.8,176,20.5
2024-05-24T06:00,25.0,0.00,0.00,0.00,29.6,11.0,169,17.6
2024-05-24T07:00,25.3,0.00,0.00,0.00,29.6,13.1,172,20.2
2024-05-24T08:00,25.5,0.00,0.00,0.00,29.4,15.6,172,24.8
2024-05-24T09:00,26.8,0.10,0.00,0.10,30.5,17.4,187,31.7
2024-05-24T10:00,28.9,0.10,0.00,0.10,31.7,22.7,190,37.4
2024-05-24T11:00,30.1,0.00,0.00,0.00,32.8,23.2,186,40.0
2024-05-24T12:00,31.4,0.00,0.00,0.00,34.7,23.1,184,40.0
2024-05-24T13:00,32.6,0.00,0.00,0.00,36.0,23.7,190,42.1
2024-05-24T14:00,33.0,0.00,0.00,0.00,36.1,18.9,193,40.3
2024-05-24T15:00,34.0,0.00,0.00,0.00,37.2,18.1,193,32.0
2024-05-24T16:00,34.8,0.00,0.00,0.00,38.6,17.9,190,32.8
2024-05-24T17:00,34.0,0.00,0.00,0.00,37.3,15.7,189,32.8
2024-05-24T18:00,33.2,0.00,0.00,0.00,37.0,15.1,181,29.5
2024-05-24T19:00,31.6,0.00,0.00,0.00,37.0,7.8,202,24.1
2024-05-24T20:00,26.5,0.00,0.00,0.00,31.6,4.8,228,8.3
2024-05-24T21:00,25.3,0.00,0.00,0.00,30.5,4.8,153,8.3
2024-05-24T22:00,25.8,0.00,0.00,0.00,30.7,7.7,152,11.2
2024-05-24T23:00,26.1,0.00,0.00,0.00,30.6,11.1,151,18.4
2024-05-25T00:00,26.1,0.00,0.00,0.00,30.2,12.1,150,18.7
2024-05-25T01:00,25.7,0.00,0.00,0.00,29.3,11.8,157,20.2
2024-05-25T02:00,24.9,0.00,0.00,0.00,28.8,9.2,159,18.7
2024-05-25T03:00,24.3,0.00,0.00,0.00,28.4,7.6,172,14.8
2024-05-25T04:00,23.7,0.00,0.00,0.00,28.0,6.9,174,12.2
2024-05-25T05:00,23.6,0.00,0.00,0.00,27.9,6.6,167,10.8
2024-05-25T06:00,23.5,0.00,0.00,0.00,27.9,6.6,171,10.8
2024-05-25T07:00,23.5,0.00,0.00,0.00,28.4,4.8,153,10.1
2024-05-25T08:00,25.8,0.00,0.00,0.00,30.5,11.7,169,19.8
2024-05-25T09:00,27.3,0.10,0.00,0.10,31.4,15.9,177,26.3
2024-05-25T10:00,29.1,0.00,0.00,0.00,32.7,19.4,180,32.8
2024-05-25T11:00,30.4,0.00,0.00,0.00,33.9,21.3,176,36.4
2024-05-25T12:00,31.8,0.00,0.00,0.00,35.8,20.2,178,37.1
2024-05-25T13:00,32.9,0.00,0.00,0.00,37.5,21.7,175,38.2
2024-05-25T14:00,33.6,0.00,0.00,0.00,37.8,22.5,174,39.2
2024-05-25T15:00,34.5,0.00,0.00,0.00,38.5,22.6,171,39.2
2024-05-25T16:00,34.9,0.00,0.00,0.00,38.4,23.5,165,40.0
2024-05-25T17:00,35.1,0.00,0.00,0.00,37.5,21.5,157,38.5
2024-05-25T18:00,34.1,0.00,0.00,0.00,36.8,19.2,157,34.9
2024-05-25T19:00,32.4,0.00,0.00,0.00,35.0,18.7,150,32.0
2024-05-25T20:00,30.6,0.00,0.00,0.00,33.1,19.5,155,37.4
2024-05-25T21:00,29.5,0.00,0.00,0.00,31.9,18.6,148,31.0
2024-05-25T22:00,28.2,0.00,0.00,0.00,29.4,21.4,147,33.8
2024-05-25T23:00,27.1,0.00,0.00,0.00,28.0,21.7,153,35.3
2024-05-26T00:00,26.1,0.00,0.00,0.00,28.0,18.1,157,34.6
2024-05-26T01:00,25.3,0.00,0.00,0.00,27.7,18.9,166,29.9
2024-05-26T02:00,24.8,0.00,0.00,0.00,27.7,18.5,172,31.0
2024-05-26T03:00,24.5,0.00,0.00,0.00,27.8,17.4,174,29.5
2024-05-26T04:00,24.4,0.00,0.00,0.00,27.6,17.3,178,28.1
2024-05-26T05:00,24.4,0.00,0.00,0.00,27.7,17.3,182,28.1
2024-05-26T06:00,24.4,0.00,0.00,0.00,27.8,16.3,185,27.7
2024-05-26T07:00,25.1,0.00,0.00,0.00,28.9,15.1,192,25.9
2024-05-26T08:00,25.5,0.20,0.00,0.20,30.3,7.6,45,17.3
2024-05-26T09:00,25.6,0.20,0.00,0.20,30.6,8.1,69,14.4
2024-05-26T10:00,25.7,0.40,0.00,0.40,30.2,12.0,131,16.2
2024-05-26T11:00,26.4,0.10,0.00,0.10,30.5,15.8,137,37.1
2024-05-26T12:00,29.3,0.50,0.00,0.50,34.2,16.2,201,28.1
2024-05-26T13:00,30.0,0.00,0.00,0.00,34.6,18.2,214,32.0
2024-05-26T14:00,31.1,0.00,0.00,0.00,35.5,18.5,213,33.5
2024-05-26T15:00,31.6,0.00,0.00,0.00,35.9,16.4,218,32.4
2024-05-26T16:00,33.0,0.00,0.00,0.00,38.6,13.4,216,29.9
2024-05-26T17:00,33.5,0.00,0.00,0.00,39.0,12.2,208,24.5
2024-05-26T18:00,33.4,0.00,0.00,0.00,38.5,10.3,216,22.7
2024-05-26T19:00,32.8,0.00,0.00,0.00,38.9,7.4,203,18.0
2024-05-26T20:00,31.3,0.00,0.00,0.00,38.3,6.5,161,14.8
2024-05-26T21:00,30.1,0.00,0.00,0.00,36.1,10.8,150,15.5
2024-05-26T22:00,29.3,0.00,0.00,0.00,33.9,13.5,155,22.0
2024-05-26T23:00,28.1,0.00,0.00,0.00,32.9,10.0,167,21.6
2024-05-27T00:00,27.5,0.00,0.00,0.00,32.0,12.2,180,18.4
2024-05-27T01:00,27.0,0.00,0.00,0.00,31.4,13.0,180,20.9
2024-05-27T02:00,26.2,0.00,0.00,0.00,31.1,10.5,186,20.5
2024-05-27T03:00,25.6,0.00,0.00,0.00,30.5,10.2,188,16.6
2024-05-27T04:00,25.0,0.00,0.00,0.00,30.3,6.6,202,15.8
2024-05-27T05:00,24.6,0.00,0.00,0.00,29.8,5.6,195,10.4
2024-05-27T06:00,24.1,0.00,0.00,0.00,29.1,5.8,202,8.6
2024-05-27T07:00,24.4,0.00,0.00,0.00,29.6,5.8,202,8.6
2024-05-27T08:00,26.1,0.00,0.00,0.00,31.5,8.7,218,15.1
2024-05-27T09:00,27.2,0.00,0.00,0.00,33.3,5.6,207,16.6
2024-05-27T10:00,28.7,0.10,0.00,0.10,35.3,3.1,144,13.3
2024-05-27T11:00,29.9,0.10,0.00,0.10,36.3,4.4,145,13.0
2024-05-27T12:00,31.5,0.00,0.00,0.00,38.6,6.1,135,16.6
2024-05-27T13:00,32.5,0.00,0.00,0.00,40.2,8.5,118,19.8
2024-05-27T14:00,33.0,0.00,0.00,0.00,39.8,11.6,106,23.8
2024-05-27T15:00,33.2,0.00,0.00,0.00,39.6,13.4,114,25.9
2024-05-27T16:00,33.5,0.00,0.00,0.00,40.1,10.3,115,25.9
2024-05-27T17:00,33.2,0.00,0.00,0.00,38.9,5.6,117,21.2
2024-05-27T18:00,32.9,0.00,0.00,0.00,38.0,8.0,126,13.7
2024-05-27T19:00,32.1,0.00,0.00,0.00,37.4,8.9,111,17.3
2024-05-27T20:00,31.1,0.00,0.00,0.00,37.3,6.3,156,10.4
2024-05-27T21:00,30.6,0.10,0.00,0.10,35.7,10.3,119,23.0
2024-05-27T22:00,29.3,0.00,0.00,0.00,34.3,11.2,123,16.9
2024-05-27T23:00,29.0,0.00,0.00,0.00,33.4,13.8,137,20.5
2024-05-28T00:00,28.4,0.00,0.00,0.00,33.7,7.7,139,23.8
2024-05-28T01:00,27.9,0.00,0.00,0.00,32.4,13.0,146,19.8
2024-05-28T02:00,26.9,0.00,0.00,0.00,31.5,10.0,139,20.9
2024-05-28T03:00,26.2,0.00,0.00,0.00,30.6,12.4,170,19.8
2024-05-28T04:00,25.6,0.00,0.00,0.00,30.7,9.2,169,19.8
2024-05-28T05:00,25.0,0.00,0.00,0.00,30.2,8.0,126,14.8
2024-05-28T06:00,24.6,0.00,0.00,0.00,29.7,7.7,127,13.3
2024-05-28T07:00,24.6,0.00,0.00,0.00,29.3,10.4,166,15.5
2024-05-28T08:00,25.6,0.00,0.00,0.00,30.7,10.2,157,18.0
2024-05-28T09:00,27.5,0.00,0.00,0.00,31.9,14.1,148,25.2
2024-05-28T10:00,28.8,0.00,0.00,0.00,33.8,7.6,135,25.2
2024-05-28T11:00,30.0,0.10,0.00,0.10,34.4,14.3,56,26.3
2024-05-28T12:00,30.3,0.10,0.00,0.10,34.7,18.5,57,33.8
2024-05-28T13:00,30.0,0.50,0.00,0.50,33.5,23.2,43,39.2
2024-05-28T14:00,28.7,0.20,0.00,0.20,30.9,27.5,64,46.4
2024-05-28T15:00,28.6,0.10,0.00,0.10,30.6,27.6,83,49.3
2024-05-28T16:00,28.9,0.00,0.00,0.00,30.3,25.8,97,47.2
2024-05-28T17:00,28.4,0.00,0.00,0.00,30.0,24.5,100,43.6
2024-05-28T18:00,28.7,0.00,0.00,0.00,31.0,18.6,108,41.0
2024-05-28T19:00,27.7,0.00,0.00,0.00,30.4,15.2,126,31.3
2024-05-28T20:00,26.9,0.00,0.00,0.00,28.4,10.6,108,27.4
2024-05-28T21:00,25.8,0.00,0.00,0.00,28.6,4.3,138,16.6
2024-05-28T22:00,23.6,2.20,0.00,2.20,25.1,17.4,22,29.5
2024-05-28T23:00,21.9,10.50,0.00,10.50,24.3,13.8,231,31.3
2024-05-29T00:00,22.6,0.60,0.00,0.60,23.4,24.4,172,43.9
2024-05-29T01:00,22.3,0.60,0.00,0.60,25.2,8.0,95,38.9
2024-05-29T02:00,22.1,0.00,0.00,0.00,24.7,8.7,48,13.0
2024-05-29T03:00,21.5,0.00,0.00,0.00,24.1,8.7,7,16.2
2024-05-29T04:00,21.4,0.00,0.00,0.00,23.0,13.8,33,31.0
2024-05-29T05:00,21.5,0.00,0.00,0.00,23.4,12.8,52,20.2
2024-05-29T06:00,21.9,0.00,0.00,0.00,24.0,12.5,57,20.9
2024-05-29T07:00,22.3,0.00,0.00,0.00,24.9,9.6,77,19.4
2024-05-29T08:00,22.5,0.00,0.00,0.00,26.1,2.2,81,15.5
2024-05-29T09:00,24.0,0.00,0.00,0.00,26.7,10.2,98,20.2
2024-05-29T10:00,26.5,0.00,0.00,0.00,30.3,6.3,66,20.5
2024-05-29T11:00,27.3,0.00,0.00,0.00,31.0,12.6,27,25.6
2024-05-29T12:00,28.1,0.00,0.00,0.00,33.2,7.9,47,25.6
2024-05-29T13:00,29.0,0.00,0.00,0.00,34.2,5.2,65,20.2
2024-05-29T14:00,29.6,0.00,0.00,0.00,33.7,3.8,49,16.2
2024-05-29T15:00,29.8,0.00,0.00,0.00,34.0,5.0,30,15.1
2024-05-29T16:00,30.4,0.00,0.00,0.00,35.1,5.4,48,15.8
2024-05-29T17:00,30.6,0.00,0.00,0.00,34.4,4.2,20,15.5
2024-05-29T18:00,30.7,0.00,0.00,0.00,33.8,7.1,45,15.1
2024-05-29T19:00,29.1,0.00,0.00,0.00,31.2,15.5,78,24.5
2024-05-29T20:00,26.0,0.00,0.00,0.00,29.4,11.5,94,23.4
2024-05-29T21:00,25.2,0.00,0.00,0.00,29.1,7.3,99,19.1
2024-05-29T22:00,24.7,0.00,0.00,0.00,28.9,6.1,118,11.9
2024-05-29T23:00,24.5,0.00,0.00,0.00,28.3,8.5,126,14.8
2024-05-30T00:00,24.2,0.00,0.00,0.00,28.2,7.5,107,13.3
2024-05-30T01:00,23.5,0.00,0.00,0.00,27.7,6.5,161,11.9
2024-05-30T02:00,23.6,0.00,0.00,0.00,27.5,7.7,139,10.8
2024-05-30T03:00,23.3,0.00,0.00,0.00,26.8,8.8,125,15.5
2024-05-30T04:00,22.8,0.00,0.00,0.00,26.6,6.4,133,14.0
2024-05-30T05:00,23.7,0.00,0.00,0.00,27.3,9.0,143,16.6
2024-05-30T06:00,23.8,0.00,0.00,0.00,28.1,5.3,118,14.0
2024-05-30T07:00,23.9,0.00,0.00,0.00,28.2,5.2,78,9.0
2024-05-30T08:00,22.2,5.10,0.00,5.10,26.7,3.7,119,25.2
2024-05-30T09:00,22.4,3.20,0.00,3.20,25.9,8.0,144,16.6
2024-05-30T10:00,25.8,0.00,0.00,0.00,29.2,15.9,176,26.6
2024-05-30T11:00,28.4,0.20,0.00,0.20,31.4,19.1,178,33.1
2024-05-30T12:00,29.8,0.20,0.00,0.20,33.5,17.7,185,34.2
2024-05-30T13:00,30.8,0.40,0.00,0.40,35.3,15.1,177,31.7
2024-05-30T14:00,30.9,0.40,0.00,0.40,35.2,12.2,178,28.4
2024-05-30T15:00,27.5,0.20,0.00,0.20,30.6,18.9,145,33.5
2024-05-30T16:00,25.8,3.10,0.00,3.10,30.1,5.1,172,34.6
2024-05-30T17:00,25.7,0.10,0.00,0.10,28.8,13.3,180,28.8
2024-05-30T18:00,25.9,0.00,0.00,0.00,29.2,12.8,130,23.0
2024-05-30T19:00,24.2,2.80,0.00,2.80,26.9,15.5,103,27.0
2024-05-30T20:00,23.3,1.50,0.00,1.50,26.1,18.6,195,34.9
2024-05-30T21:00,23.1,0.20,0.00,0.20,26.1,12.9,162,31.7
2024-05-30T22:00,23.0,0.00,0.00,0.00,26.2,11.8,128,20.9
2024-05-30T23:00,22.8,0.00,0.00,0.00,26.6,7.4,166,19.1
2024-05-31T00:00,23.1,0.00,0.00,0.00,26.4,10.9,146,16.6
2024-05-31T01:00,23.8,0.00,0.00,0.00,26.9,15.3,135,23.8
2024-05-31T02:00,23.9,0.00,0.00,0.00,26.6,18.8,135,29.9
2024-05-31T03:00,23.6,0.00,0.00,0.00,26.1,18.8,144,30.6
2024-05-31T04:00,23.5,0.00,0.00,0.00,26.3,16.0,144,30.2
2024-05-31T05:00,23.9,0.00,0.00,0.00,26.8,16.8,157,28.1
2024-05-31T06:00,24.3,0.00,0.00,0.00,28.4,10.2,170,26.3
2024-05-31T07:00,24.6,0.00,0.00,0.00,30.1,1.5,45,15.5
2024-05-31T08:00,21.5,0.00,0.00,0.00,23.8,10.1,182,24.1
2024-05-31T09:00,21.5,0.00,0.00,0.00,24.1,7.2,127,18.4
2024-05-31T10:00,21.8,0.00,0.00,0.00,23.2,16.2,201,28.1
2024-05-31T11:00,21.7,0.00,0.00,0.00,23.6,12.3,165,27.0
2024-05-31T12:00,25.1,0.00,0.00,0.00,29.3,8.0,172,28.8
2024-05-31T13:00,27.2,0.00,0.00,0.00,34.2,2.0,225,19.8
2024-05-31T14:00,28.9,0.00,0.00,0.00,36.9,1.6,207,13.3
2024-05-31T15:00,30.1,0.00,0.00,0.00,36.4,5.6,165,15.5
2024-05-31T16:00,29.7,0.20,0.00,0.20,33.3,12.2,161,25.2
2024-05-31T17:00,29.0,0.30,0.00,0.30,33.8,3.5,294,24.1
2024-05-31T18:00,25.4,3.90,0.00,3.90,28.8,11.3,351,23.4
2024-05-31T19:00,25.7,0.00,0.00,0.00,29.4,8.4,7,20.5
2024-05-31T20:00,24.9,0.40,0.00,0.40,28.6,8.8,282,17.3
2024-05-31T21:00,24.7,0.20,0.00,0.20,29.2,2.4,207,12.6
2024-05-31T22:00,23.7,0.00,0.00,0.00,27.8,5.7,215,8.3
2024-05-31T23:00,22.9,0.00,0.00,0.00,26.8,5.9,191,15.8
2024-06-01T00:00,22.7,0.00,0.00,0.00,26.1,10.0,26,16.2
2024-06-01T01:00,22.5,0.00,0.00,0.00,26.2,7.1,49,15.5
2024-06-01T02:00,22.5,0.00,0.00,0.00,26.0,9.3,77,14.4
2024-06-01T03:00,22.2,0.00,0.00,0.00,25.6,8.7,107,14.4
2024-06-01T04:00,21.7,0.00,0.00,0.00,24.9,8.0,126,14.0
2024-06-01T05:00,21.2,0.00,0.00,0.00,24.4,6.6,135,13.0
2024-06-01T06:00,20.6,0.00,0.00,0.00,23.7,5.9,133,10.4
2024-06-01T07:00,20.8,0.00,0.00,0.00,24.1,5.2,146,9.4
2024-06-01T08:00,23.3,0.20,0.00,0.20,27.8,1.8,53,11.2
2024-06-01T09:00,24.9,0.00,0.00,0.00,28.7,10.2,23,20.2
2024-06-01T10:00,27.0,0.00,0.00,0.00,31.2,7.6,109,20.5
2024-06-01T11:00,28.3,0.00,0.00,0.00,32.9,9.6,124,21.6
2024-06-01T12:00,29.7,0.00,0.00,0.00,34.6,10.8,143,23.4
2024-06-01T13:00,30.5,0.00,0.00,0.00,35.6,8.0,144,22.7
2024-06-01T14:00,29.4,0.20,0.00,0.20,33.3,17.1,158,31.0
2024-06-01T15:00,28.5,0.40,0.00,0.40,33.4,10.5,149,32.4
2024-06-01T16:00,28.9,0.20,0.00,0.20,34.4,6.6,112,23.8
2024-06-01T17:00,29.5,0.20,0.00,0.20,34.9,5.8,97,17.6
2024-06-01T18:00,29.7,0.00,0.00,0.00,34.5,8.0,126,16.2
2024-06-01T19:00,29.1,0.00,0.00,0.00,32.9,12.8,101,21.2
2024-06-01T20:00,23.7,0.00,0.00,0.00,27.3,9.8,262,20.2
2024-06-01T21:00,23.8,0.00,0.00,0.00,28.1,6.7,54,16.6
2024-06-01T22:00,23.8,0.00,0.00,0.00,28.7,3.7,119,11.2
2024-06-01T23:00,23.7,0.00,0.00,0.00,28.5,5.2,34,7.6
2024-06-02T00:00,23.8,0.00,0.00,0.00,28.6,5.2,74,9.0
2024-06-02T01:00,23.9,0.00,0.00,0.00,28.7,6.4,74,10.1
2024-06-02T02:00,24.0,0.10,0.00,0.10,29.0,6.2,80,10.4
2024-06-02T03:00,24.4,0.00,0.00,0.00,28.9,10.9,107,16.2
2024-06-02T04:00,24.3,0.00,0.00,0.00,28.7,11.9,119,19.8
2024-06-02T05:00,24.4,0.00,0.00,0.00,29.0,10.5,128,18.4
2024-06-02T06:00,24.6,0.00,0.00,0.00,29.2,11.2,138,18.4
2024-06-02T07:00,24.5,0.00,0.00,0.00,29.0,11.3,127,17.6
2024-06-02T08:00,24.9,0.50,0.00,0.50,29.4,9.2,159,20.2
2024-06-02T09:00,26.2,0.40,0.00,0.40,30.6,11.9,166,20.9
2024-06-02T10:00,26.8,0.50,0.00,0.50,30.8,15.9,167,30.2
2024-06-02T11:00,28.3,0.30,0.00,0.30,32.2,18.5,172,33.8
2024-06-02T12:00,29.8,0.40,0.00,0.40,35.2,16.2,163,37.1
2024-06-02T13:00,29.6,0.50,0.00,0.50,36.1,14.2,153,37.1
2024-06-02T14:00,27.7,1.80,0.00,1.80,30.4,28.1,140,48.2
2024-06-02T15:00,26.9,0.30,0.00,0.30,30.3,13.7,153,47.9
2024-06-02T16:00,27.9,0.10,0.00,0.10,31.8,12.8,130,25.6
2024-06-02T17:00,27.9,0.00,0.00,0.00,32.4,9.7,149,24.1
2024-06-02T18:00,26.1,0.60,0.00,0.60,30.0,13.7,95,25.6
2024-06-02T19:00,27.1,0.00,0.00,0.00,32.0,8.4,47,23.4
2024-06-02T20:00,25.3,0.00,0.00,0.00,29.4,8.1,201,19.1
2024-06-02T21:00,25.3,0.00,0.00,0.00,29.9,4.7,86,14.0
2024-06-02T22:00,24.7,0.00,0.00,0.00,28.2,11.1,77,17.6
2024-06-02T23:00,25.3,0.00,0.00,0.00,27.9,16.1,129,23.8
2024-06-03T00:00,25.3,0.00,0.00,0.00,27.3,20.4,154,32.8
2024-06-03T01:00,25.0,0.00,0.00,0.00,27.5,17.5,161,32.8
2024-06-03T02:00,24.8,0.00,0.00,0.00,28.5,11.5,160,28.1
2024-06-03T03:00,24.7,0.00,0.00,0.00,28.4,13.6,163,21.2
2024-06-03T04:00,24.5,0.00,0.00,0.00,28.4,13.4,175,22.0
2024-06-03T05:00,24.6,0.00,0.00,0.00,28.7,13.0,180,21.6
2024-06-03T06:00,24.8,0.00,0.00,0.00,29.4,10.9,172,20.5
2024-06-03T07:00,25.5,0.00,0.00,0.00,30.0,13.0,166,20.5
2024-06-03T08:00,26.0,0.40,0.00,0.40,29.8,18.4,154,32.8
2024-06-03T09:00,27.6,0.10,0.00,0.10,30.8,23.6,173,37.1
2024-06-03T10:00,28.2,0.20,0.00,0.20,30.3,29.9,179,49.0
2024-06-03T11:00,29.9,0.10,0.00,0.10,32.6,26.9,188,48.6
2024-06-03T12:00,30.9,0.00,0.00,0.00,33.1,28.2,191,46.8
2024-06-03T13:00,32.4,0.00,0.00,0.00,35.5,26.6,193,46.8
2024-06-03T14:00,33.1,0.00,0.00,0.00,36.3,26.1,192,44.6
2024-06-03T15:00,33.7,0.00,0.00,0.00,37.3,24.7,193,43.6
2024-06-03T16:00,34.0,0.00,0.00,0.00,36.8,23.4,190,41.4
2024-06-03T17:00,34.1,0.00,0.00,0.00,36.8,24.4,189,41.0
2024-06-03T18:00,32.8,0.00,0.00,0.00,35.7,24.5,180,40.7
2024-06-03T19:00,31.2,0.00,0.00,0.00,34.1,24.7,167,40.7
2024-06-03T20:00,27.8,0.00,0.00,0.00,31.3,21.5,171,33.1
2024-06-03T21:00,26.2,0.00,0.00,0.00,28.7,23.8,162,41.4
2024-06-03T22:00,25.8,1.30,0.00,1.30,29.9,10.9,146,37.4
2024-06-03T23:00,22.5,8.40,0.00,8.40,23.7,22.1,66,33.5
2024-06-04T00:00,22.7,0.10,0.00,0.10,24.3,20.9,139,36.0
2024-06-04T01:00,23.6,0.00,0.00,0.00,25.3,23.0,163,36.7
2024-06-04T02:00,24.0,0.00,0.00,0.00,27.4,13.9,155,36.7
2024-06-04T03:00,24.3,0.00,0.00,0.00,27.8,15.7,160,24.8
2024-06-04T04:00,25.0,0.00,0.00,0.00,28.7,16.3,166,27.0
2024-06-04T05:00,25.2,0.00,0.00,0.00,28.3,21.7,186,34.2
2024-06-04T06:00,25.5,0.00,0.00,0.00,28.5,22.4,185,37.1
2024-06-04T07:00,25.4,0.00,0.00,0.00,28.8,20.5,179,36.0
2024-06-04T08:00,26.1,0.00,0.00,0.00,30.1,17.9,170,31.3
2024-06-04T09:00,27.2,0.00,0.00,0.00,31.4,19.2,174,32.8
2024-06-04T10:00,29.0,0.10,0.00,0.10,32.2,25.2,183,41.4
2024-06-04T11:00,30.6,0.20,0.00,0.20,33.4,29.7,187,49.7
2024-06-04T12:00,31.4,0.00,0.00,0.00,34.6,27.4,190,49.7
2024-06-04T13:00,32.4,0.00,0.00,0.00,35.4,25.6,190,45.7
2024-06-04T14:00,33.7,0.00,0.00,0.00,38.1,22.4,186,42.1
2024-06-04T15:00,34.5,0.00,0.00,0.00,40.6,20.2,179,38.5
2024-06-04T16:00,35.4,0.00,0.00,0.00,40.9,20.9,180,35.3
2024-06-04T17:00,35.6,0.00,0.00,0.00,39.9,21.4,188,36.4
2024-06-04T18:00,29.4,3.40,0.00,3.40,33.3,14.1,218,35.3
2024-06-04T19:00,24.9,11.30,0.00,11.30,28.3,12.3,328,36.4
2024-06-04T20:00,30.8,0.00,0.00,0.00,36.1,14.5,187,23.8
2024-06-04T21:00,29.4,0.00,0.00,0.00,32.9,23.4,181,34.2
2024-06-04T22:00,26.5,0.10,0.00,0.10,29.7,18.7,150,43.6
2024-06-04T23:00,26.6,0.00,0.00,0.00,29.1,16.7,166,29.2
2024-06-05T00:00,25.5,0.00,0.00,0.00,27.9,21.8,146,34.9
2024-06-05T01:00,25.5,0.00,0.00,0.00,29.1,16.3,174,33.8
2024-06-05T02:00,24.9,0.00,0.00,0.00,29.3,11.5,176,26.6
2024-06-05T03:00,25.4,0.00,0.00,0.00,29.4,14.5,199,22.3
2024-06-05T04:00,25.4,0.00,0.00,0.00,29.4,16.2,192,27.0
2024-06-05T05:00,26.2,0.00,0.00,0.00,30.6,15.5,183,26.3
2024-06-05T06:00,26.5,0.00,0.00,0.00,31.3,14.5,174,24.8
2024-06-05T07:00,25.7,0.00,0.00,0.00,31.6,5.9,166,22.7
2024-06-05T08:00,26.6,0.00,0.00,0.00,31.5,14.1,184,22.7
2024-06-05T09:00,26.8,1.40,0.00,1.40,31.7,14.8,72,22.0
2024-06-05T10:00,21.8,17.10,0.00,17.10,23.9,16.6,30,52.2
2024-06-05T11:00,23.3,4.50,0.00,4.50,27.1,7.7,139,27.4
2024-06-05T12:00,25.9,0.00,0.00,0.00,30.7,9.6,103,21.6
2024-06-05T13:00,27.3,0.00,0.00,0.00,32.8,6.6,221,16.2
2024-06-05T14:00,29.1,0.00,0.00,0.00,34.7,7.3,123,15.8
2024-06-05T15:00,30.8,0.00,0.00,0.00,36.8,8.5,126,20.2
2024-06-05T16:00,31.6,0.00,0.00,0.00,38.5,6.5,93,19.1
2024-06-05T17:00,32.0,0.00,0.00,0.00,37.4,7.3,110,16.6
2024-06-05T18:00,32.1,0.00,0.00,0.00,37.4,7.0,145,15.8
2024-06-05T19:00,31.8,0.00,0.00,0.00,37.5,4.3,180,14.0
2024-06-05T20:00,28.8,0.00,0.00,0.00,34.0,5.2,106,13.3
2024-06-05T21:00,27.1,0.00,0.00,0.00,32.3,5.4,86,8.3
2024-06-05T22:00,25.8,0.00,0.00,0.00,30.9,7.3,110,8.3
2024-06-05T23:00,25.1,0.00,0.00,0.00,30.0,7.4,157,8.6
2024-06-06T00:00,25.3,0.00,0.00,0.00,29.9,6.1,135,9.0
2024-06-06T01:00,25.6,0.00,0.00,0.00,30.6,2.9,30,6.8
2024-06-06T02:00,25.5,0.00,0.00,0.00,30.6,1.3,304,3.2
2024-06-06T03:00,25.3,0.00,0.00,0.00,30.2,1.8,259,2.2
2024-06-06T04:00,22.9,0.00,0.00,0.00,26.9,5.2,254,6.1
2024-06-06T05:00,22.3,0.00,0.00,0.00,26.0,5.4,270,6.8
2024-06-06T06:00,21.9,0.00,0.00,0.00,25.6,4.2,301,6.8
2024-06-06T07:00,22.7,0.00,0.00,0.00,26.7,3.9,304,6.5
2024-06-06T08:00,24.7,0.00,0.00,0.00,29.2,5.9,322,12.2
2024-06-06T09:00,26.9,0.00,0.00,0.00,32.2,4.5,346,12.2
2024-06-06T10:00,28.5,0.00,0.00,0.00,34.1,3.3,41,12.2
2024-06-06T11:00,29.7,0.00,0.00,0.00,36.1,5.4,90,15.5
2024-06-06T12:00,30.6,0.00,0.00,0.00,37.8,7.0,111,18.0
2024-06-06T13:00,31.6,0.00,0.00,0.00,38.8,8.9,111,20.5
2024-06-06T14:00,32.0,0.00,0.00,0.00,38.7,10.1,96,22.3
2024-06-06T15:00,32.2,0.00,0.00,0.00,38.8,10.8,90,23.0
2024-06-06T16:00,32.4,0.00,0.00,0.00,38.0,10.1,90,23.0
2024-06-06T17:00,32.5,0.00,0.00,0.00,37.0,8.3,95,20.9
2024-06-06T18:00,32.4,0.00,0.00,0.00,35.8,6.8,87,17.6
2024-06-06T19:00,31.7,0.00,0.00,0.00,35.7,7.6,85,14.0
2024-06-06T20:00,29.8,0.00,0.00,0.00,33.8,10.2,80,16.6
2024-06-06T21:00,27.6,0.00,0.00,0.00,31.8,8.0,80,16.2
2024-06-06T22:00,25.8,0.00,0.00,0.00,30.3,6.5,87,12.6
2024-06-06T23:00,24.4,0.00,0.00,0.00,28.4,8.2,75,10.4
2024-06-07T00:00,23.6,0.00,0.00,0.00,27.0,9.1,99,11.2
2024-06-07T01:00,22.7,0.00,0.00,0.00,25.7,10.2,108,11.9
2024-06-07T02:00,22.8,0.00,0.00,0.00,25.9,7.9,156,11.9
2024-06-07T03:00,23.7,0.00,0.00,0.00,27.2,6.1,135,9.7
2024-06-07T04:00,23.2,0.00,0.00,0.00,26.9,4.3,66,7.2
2024-06-07T05:00,22.9,0.00,0.00,0.00,26.5,4.9,163,5.8
2024-06-07T06:00,21.9,0.00,0.00,0.00,24.9,6.8,148,8.6
2024-06-07T07:00,22.2,0.00,0.00,0.00,25.4,4.7,157,7.9
2024-06-07T08:00,23.6,0.00,0.00,0.00,27.8,1.8,259,6.8
2024-06-07T09:00,25.8,0.00,0.00,0.00,30.2,2.3,198,9.7
2024-06-07T10:00,27.9,0.00,0.00,0.00,32.9,4.0,190,13.0
2024-06-07T11:00,29.5,0.00,0.00,0.00,35.5,6.5,180,16.9
2024-06-07T12:00,30.5,0.00,0.00,0.00,37.0,8.8,161,20.2
2024-06-07T13:00,31.3,0.00,0.00,0.00,38.1,9.0,151,21.2
2024-06-07T14:00,31.9,0.00,0.00,0.00,38.8,9.4,137,21.6
2024-06-07T15:00,32.3,0.00,0.00,0.00,39.1,9.4,122,21.6
2024-06-07T16:00,32.6,0.00,0.00,0.00,38.1,11.6,116,22.7
2024-06-07T17:00,32.6,0.00,0.00,0.00,36.9,13.3,128,24.8
2024-06-07T18:00,32.4,0.00,0.00,0.00,35.8,14.0,132,24.5
2024-06-07T19:00,31.6,0.00,0.00,0.00,35.6,11.8,130,24.5
2024-06-07T20:00,30.2,0.00,0.00,0.00,33.4,12.4,126,21.2
2024-06-07T21:00,29.0,0.00,0.00,0.00,31.6,13.6,130,21.6
2024-06-07T22:00,28.2,0.00,0.00,0.00,30.9,12.7,137,21.6
2024-06-07T23:00,27.4,0.00,0.00,0.00,30.5,11.2,147,20.2
2024-06-08T00:00,26.7,0.00,0.00,0.00,29.8,11.3,153,17.6
2024-06-08T01:00,26.6,0.00,0.00,0.00,28.7,15.1,181,23.8
2024-06-08T02:00,26.0,0.00,0.00,0.00,27.8,15.2,194,25.2
2024-06-08T03:00,25.2,0.00,0.00,0.00,27.4,12.4,197,24.1
2024-06-08T04:00,24.5,0.00,0.00,0.00,26.9,10.9,197,19.8
2024-06-08T05:00,23.8,0.00,0.00,0.00,26.5,8.3,198,17.3
2024-06-08T06:00,22.8,0.00,0.00,0.00,25.9,6.2,187,13.3
2024-06-08T07:00,22.9,0.00,0.00,0.00,26.3,5.5,157,9.4
2024-06-08T08:00,24.5,0.00,0.00,0.00,28.4,5.8,176,12.2
2024-06-08T09:00,26.2,0.00,0.00,0.00,30.2,8.7,187,18.0
2024-06-08T10:00,28.0,0.00,0.00,0.00,30.9,16.2,184,29.2
2024-06-08T11:00,29.1,0.00,0.00,0.00,33.1,14.2,173,29.5
2024-06-08T12:00,30.2,0.00,0.00,0.00,35.0,14.7,163,28.4
2024-06-08T13:00,31.3,0.00,0.00,0.00,36.5,16.5,160,31.0
2024-06-08T14:00,32.3,0.00,0.00,0.00,37.2,17.7,160,32.8
2024-06-08T15:00,33.1,0.00,0.00,0.00,37.7,18.2,153,33.1
2024-06-08T16:00,33.5,0.00,0.00,0.00,37.3,18.8,148,33.5
2024-06-08T17:00,33.6,0.00,0.00,0.00,36.5,19.3,147,33.5
2024-06-08T18:00,33.5,0.00,0.00,0.00,35.3,18.7,146,33.1
2024-06-08T19:00,32.3,0.00,0.00,0.00,34.4,16.8,145,30.6
2024-06-08T20:00,29.8,0.00,0.00,0.00,32.0,15.5,136,25.6
2024-06-08T21:00,28.4,0.00,0.00,0.00,30.1,14.6,140,24.8
2024-06-08T22:00,27.2,0.00,0.00,0.00,28.7,14.1,142,23.4
2024-06-08T23:00,26.1,0.00,0.00,0.00,27.7,13.6,140,22.7
2024-06-09T00:00,25.3,0.00,0.00,0.00,27.6,12.8,148,21.6
2024-06-09T01:00,24.6,0.00,0.00,0.00,27.6,10.7,160,20.2
2024-06-09T02:00,24.0,0.00,0.00,0.00,27.2,9.8,174,16.9
2024-06-09T03:00,23.6,0.00,0.00,0.00,26.6,10.1,182,16.2
2024-06-09T04:00,23.2,0.00,0.00,0.00,26.4,9.0,180,15.8
2024-06-09T05:00,22.7,0.00,0.00,0.00,26.2,7.3,169,14.0
2024-06-09T06:00,23.7,0.00,0.00,0.00,27.1,9.0,157,14.4
2024-06-09T07:00,24.3,0.00,0.00,0.00,27.8,10.0,150,15.5
2024-06-09T08:00,24.8,0.00,0.00,0.00,29.5,4.0,180,9.4
2024-06-09T09:00,26.3,0.00,0.00,0.00,30.6,8.3,180,15.5
2024-06-09T10:00,28.0,0.00,0.00,0.00,31.2,13.8,189,26.3
2024-06-09T11:00,29.3,0.00,0.00,0.00,33.0,13.4,188,27.0
2024-06-09T12:00,30.6,0.00,0.00,0.00,35.1,12.4,172,26.6
2024-06-09T13:00,31.5,0.00,0.00,0.00,37.0,11.3,158,25.6
2024-06-09T14:00,32.3,0.00,0.00,0.00,37.7,10.7,147,24.8
2024-06-09T15:00,32.8,0.00,0.00,0.00,38.1,10.2,132,23.4
2024-06-09T16:00,33.1,0.00,0.00,0.00,37.7,10.8,120,22.7
2024-06-09T17:00,33.1,0.00,0.00,0.00,36.5,11.8,117,22.7
2024-06-09T18:00,33.0,0.00,0.00,0.00,35.4,12.2,118,22.7
2024-06-09T19:00,32.3,0.00,0.00,0.00,35.3,10.3,102,22.0
2024-06-09T20:00,30.8,0.00,0.00,0.00,34.3,10.4,88,16.6
2024-06-09T21:00,29.5,0.00,0.00,0.00,32.5,12.4,107,20.5
2024-06-09T22:00,28.5,0.00,0.00,0.00,31.4,12.9,120,19.8
2024-06-09T23:00,28.1,0.00,0.00,0.00,30.5,15.2,144,24.5
2024-06-10T00:00,27.5,0.00,0.00,0.00,30.2,12.4,158,24.1
2024-06-10T01:00,26.8,0.00,0.00,0.00,29.9,10.5,176,19.4
2024-06-10T02:00,26.1,0.00,0.00,0.00,29.8,7.9,180,16.2
2024-06-10T03:00,25.7,0.00,0.00,0.00,29.5,7.6,183,12.6
2024-06-10T04:00,24.7,0.00,0.00,0.00,29.0,6.4,164,11.5
2024-06-10T05:00,24.3,0.00,0.00,0.00,28.8,4.6,135,8.3
2024-06-10T06:00,23.8,0.00,0.00,0.00,28.4,4.6,135,7.6
2024-06-10T07:00,24.0,0.00,0.00,0.00,28.5,4.8,103,6.8
2024-06-10T08:00,24.0,2.10,0.00,2.10,25.7,20.7,293,33.1
2024-06-10T09:00,23.9,0.40,0.00,0.40,28.2,3.1,216,32.8
2024-06-10T10:00,24.5,0.00,0.00,0.00,28.4,8.1,167,18.7
2024-06-10T11:00,25.6,0.00,0.00,0.00,30.2,4.0,185,20.2
2024-06-10T12:00,27.9,0.00,0.00,0.00,33.2,5.5,32,15.1
2024-06-10T13:00,28.8,0.00,0.00,0.00,33.4,7.2,360,16.9
2024-06-10T14:00,30.7,0.00,0.00,0.00,37.8,4.7,9,20.2
2024-06-10T15:00,31.4,0.00,0.00,0.00,37.5,6.2,83,17.3
2024-06-10T16:00,31.7,0.00,0.00,0.00,36.6,8.3,88,19.8
2024-06-10T17:00,31.6,0.00,0.00,0.00,35.5,8.3,95,19.8
2024-06-10T18:00,31.3,0.00,0.00,0.00,34.4,9.1,83,18.4
2024-06-10T19:00,30.9,0.00,0.00,0.00,34.1,7.9,66,18.0
2024-06-10T20:00,26.6,0.20,0.00,0.20,30.8,10.6,336,20.9
2024-06-10T21:00,26.1,0.00,0.00,0.00,31.1,7.1,30,18.0
2024-06-10T22:00,26.0,0.00,0.00,0.00,30.4,9.2,11,14.4
2024-06-10T23:00,25.3,0.00,0.00,0.00,28.8,9.3,13,15.1
2024-06-11T00:00,25.1,0.00,0.00,0.00,28.4,10.6,35,16.2
2024-06-11T01:00,24.9,0.00,0.00,0.00,28.0,12.3,58,19.4
2024-06-11T02:00,24.4,0.00,0.00,0.00,27.9,8.2,49,19.4
2024-06-11T03:00,23.8,0.00,0.00,0.00,27.4,7.1,49,13.0
2024-06-11T04:00,23.4,0.00,0.00,0.00,27.1,6.4,47,11.5
2024-06-11T05:00,22.9,0.00,0.00,0.00,26.8,5.6,45,10.4
2024-06-11T06:00,22.6,0.00,0.00,0.00,26.4,5.9,52,9.4
2024-06-11T07:00,22.7,0.00,0.00,0.00,26.3,7.9,60,11.2
2024-06-11T08:00,24.4,0.00,0.00,0.00,29.1,5.5,79,11.9
2024-06-11T09:00,26.1,0.00,0.00,0.00,30.8,6.6,139,15.8
2024-06-11T10:00,27.4,0.00,0.00,0.00,32.0,6.2,173,17.6
2024-06-11T11:00,29.2,0.10,0.00,0.10,34.0,7.8,202,19.1
2024-06-11T12:00,30.4,0.00,0.00,0.00,36.1,6.2,173,19.4
2024-06-11T13:00,31.2,0.00,0.00,0.00,37.7,4.8,117,18.4
2024-06-11T14:00,31.7,0.00,0.00,0.00,38.7,4.3,95,18.0
2024-06-11T15:00,32.0,0.00,0.00,0.00,38.9,4.4,99,18.0
2024-06-11T16:00,32.5,0.00,0.00,0.00,38.3,7.2,93,18.0
2024-06-11T17:00,30.4,2.00,0.00,2.00,35.3,7.7,37,20.9
2024-06-11T18:00,26.4,4.00,0.00,4.00,30.7,6.9,62,40.0
2024-06-11T19:00,26.5,0.80,0.00,0.80,30.6,10.1,27,19.4
2024-06-11T20:00,25.5,0.10,0.00,0.10,29.2,12.5,49,21.6
2024-06-11T21:00,24.6,0.00,0.00,0.00,28.4,9.6,56,20.2
2024-06-11T22:00,24.2,0.00,0.00,0.00,27.7,9.6,56,15.5
2024-06-11T23:00,23.9,0.00,0.00,0.00,27.3,9.0,61,15.5
2024-06-12T00:00,23.7,0.00,0.00,0.00,27.3,7.4,47,14.4
2024-06-12T01:00,23.5,0.00,0.00,0.00,27.1,7.7,37,12.6
2024-06-12T02:00,23.3,0.00,0.00,0.00,27.2,5.8,30,12.2
2024-06-12T03:00,23.2,0.00,0.00,0.00,27.2,5.7,55,9.0
2024-06-12T04:00,22.9,0.10,0.00,0.10,27.0,5.4,48,9.0
2024-06-12T05:00,22.8,0.10,0.00,0.10,27.1,4.0,27,8.3
2024-06-12T06:00,22.8,0.00,0.00,0.00,27.1,3.8,343,6.1
2024-06-12T07:00,22.4,1.80,0.00,1.80,25.1,13.4,14,23.0
2024-06-12T08:00,22.9,12.40,0.00,12.40,25.8,12.6,37,28.8
2024-06-12T09:00,22.7,1.70,0.00,1.70,25.7,11.5,70,29.2
2024-06-12T10:00,23.0,4.50,0.00,4.50,26.7,5.9,38,31.7
2024-06-12T11:00,24.1,0.80,0.00,0.80,27.7,7.2,93,15.1
2024-06-12T12:00,25.3,0.30,0.00,0.30,29.1,5.9,52,19.4
2024-06-12T13:00,26.2,0.00,0.00,0.00,30.3,4.7,266,16.2
2024-06-12T14:00,28.7,0.00,0.00,0.00,36.0,2.3,231,15.8
2024-06-12T15:00,29.8,0.00,0.00,0.00,37.3,0.5,45,13.0
2024-06-12T16:00,30.3,0.00,0.00,0.00,36.9,2.2,99,13.7
2024-06-12T17:00,30.7,0.00,0.00,0.00,36.2,3.7,119,13.7
2024-06-12T18:00,30.5,0.00,0.00,0.00,34.7,5.7,125,13.7
2024-06-12T19:00,30.0,0.00,0.00,0.00,33.8,7.2,127,13.7
2024-06-12T20:00,28.7,0.00,0.00,0.00,33.1,8.6,92,13.7
2024-06-12T21:00,27.2,0.00,0.00,0.00,31.0,10.9,99,17.3
2024-06-12T22:00,26.3,0.00,0.00,0.00,30.0,8.8,99,17.3
2024-06-12T23:00,25.8,0.00,0.00,0.00,29.8,6.8,93,13.7
2024-06-13T00:00,25.2,0.00,0.00,0.00,29.6,5.8,94,10.8
2024-06-13T01:00,24.7,0.00,0.00,0.00,29.1,6.2,97,9.4
2024-06-13T02:00,24.4,0.00,0.00,0.00,28.8,6.6,119,10.4
2024-06-13T03:00,23.8,0.00,0.00,0.00,28.1,6.5,146,10.1
2024-06-13T04:00,23.4,0.00,0.00,0.00,27.6,6.8,162,8.6
2024-06-13T05:00,23.3,0.00,0.00,0.00,27.5,6.5,180,8.6
2024-06-13T06:00,23.0,0.00,0.00,0.00,27.0,7.1,210,8.3
2024-06-13T07:00,23.6,0.00,0.00,0.00,28.5,2.9,240,8.6
2024-06-13T08:00,25.3,0.00,0.00,0.00,30.4,3.5,66,9.0
2024-06-13T09:00,26.7,0.00,0.00,0.00,32.2,3.2,90,11.5
2024-06-13T10:00,27.5,0.10,0.00,0.10,33.4,2.1,121,11.9
2024-06-13T11:00,28.4,0.30,0.00,0.30,34.3,4.5,119,14.8
2024-06-13T12:00,29.6,0.00,0.00,0.00,36.2,4.2,121,15.1
2024-06-13T13:00,30.4,0.10,0.00,0.10,37.5,4.8,117,16.2
2024-06-13T14:00,31.0,0.00,0.00,0.00,37.9,6.8,108,18.4
2024-06-13T15:00,31.6,0.00,0.00,0.00,38.5,7.6,109,19.4
2024-06-13T16:00,31.9,0.00,0.00,0.00,37.9,8.0,98,19.4
2024-06-13T17:00,32.1,0.00,0.00,0.00,36.9,9.4,94,19.8
2024-06-13T18:00,31.9,0.00,0.00,0.00,35.9,10.1,96,20.5
2024-06-13T19:00,31.4,0.00,0.00,0.00,35.1,11.2,92,19.8
2024-06-13T20:00,30.5,0.00,0.00,0.00,34.7,9.3,77,20.2
2024-06-13T21:00,28.4,0.00,0.00,0.00,33.0,6.6,68,14.8
2024-06-13T22:00,27.5,0.00,0.00,0.00,31.9,8.4,65,12.6
2024-06-13T23:00,27.1,0.00,0.00,0.00,30.9,9.1,83,14.4
2024-06-14T00:00,26.4,0.00,0.00,0.00,30.1,7.6,95,14.4
2024-06-14T01:00,25.7,0.00,0.00,0.00,29.2,7.9,114,11.9
2024-06-14T02:00,25.2,0.00,0.00,0.00,28.9,7.1,120,12.2
2024-06-14T03:00,24.7,0.00,0.00,0.00,28.6,6.5,146,10.8
2024-06-14T04:00,24.4,0.00,0.00,0.00,28.3,6.4,164,10.1
2024-06-14T05:00,23.7,0.00,0.00,0.00,27.6,6.9,171,9.7
2024-06-14T06:00,23.5,0.00,0.00,0.00,27.3,7.6,188,9.7
2024-06-14T07:00,24.0,0.00,0.00,0.00,28.6,3.8,229,9.4
2024-06-14T08:00,25.9,0.00,0.00,0.00,31.0,1.5,284,6.8
2024-06-14T09:00,27.5,0.00,0.00,0.00,32.6,3.0,194,10.8
2024-06-14T10:00,28.8,0.00,0.00,0.00,33.7,5.9,166,15.5
2024-06-14T11:00,30.0,0.00,0.00,0.00,35.1,6.3,156,17.3
2024-06-14T12:00,31.0,0.00,0.00,0.00,36.6,5.8,120,16.9
2024-06-14T13:00,31.9,0.00,0.00,0.00,37.4,7.2,108,19.1
2024-06-14T14:00,32.5,0.00,0.00,0.00,38.1,7.4,104,19.4
2024-06-14T15:00,32.9,0.00,0.00,0.00,38.5,6.5,96,19.4
2024-06-14T16:00,33.2,0.00,0.00,0.00,38.2,6.5,90,17.6
2024-06-14T17:00,33.2,0.00,0.00,0.00,36.8,9.9,80,20.2
2024-06-14T18:00,32.9,0.00,0.00,0.00,35.2,11.7,81,22.0
2024-06-14T19:00,32.3,0.00,0.00,0.00,34.8,10.5,82,21.6
2024-06-14T20:00,30.7,0.00,0.00,0.00,33.8,11.2,88,17.6
2024-06-14T21:00,29.2,0.00,0.00,0.00,31.9,10.8,86,18.0
2024-06-14T22:00,27.9,0.00,0.00,0.00,30.8,10.4,92,17.3
2024-06-14T23:00,27.0,0.00,0.00,0.00,29.7,9.7,94,16.2
2024-06-15T00:00,26.2,0.00,0.00,0.00,28.3,8.6,90,15.1
2024-06-15T01:00,25.2,0.00,0.00,0.00,27.4,7.9,93,13.3
2024-06-15T02:00,24.9,0.00,0.00,0.00,27.0,9.3,126,13.7
2024-06-15T03:00,24.0,0.00,0.00,0.00,26.4,6.8,177,14.8
2024-06-15T04:00,23.7,0.00,0.00,0.00,26.4,6.5,177,10.8
2024-06-15T05:00,23.2,0.00,0.00,0.00,26.5,6.6,189,9.4
2024-06-15T06:00,23.0,0.00,0.00,0.00,26.6,6.7,196,9.0
2024-06-15T07:00,23.5,0.00,0.00,0.00,27.8,4.6,219,9.0
2024-06-15T08:00,25.4,0.00,0.00,0.00,30.5,2.7,293,8.6
2024-06-15T09:00,27.2,0.00,0.00,0.00,32.6,2.8,230,10.8
2024-06-15T10:00,28.7,0.00,0.00,0.00,33.4,6.2,187,15.8
2024-06-15T11:00,29.9,0.00,0.00,0.00,34.2,8.0,153,19.4
2024-06-15T12:00,30.8,0.00,0.00,0.00,35.5,8.2,139,20.5
2024-06-15T13:00,31.5,0.00,0.00,0.00,36.4,9.4,133,21.6
2024-06-15T14:00,32.1,0.00,0.00,0.00,36.9,11.2,135,24.1
2024-06-15T15:00,32.6,0.00,0.00,0.00,37.0,10.0,128,24.1
2024-06-15T16:00,33.2,0.00,0.00,0.00,36.9,11.0,128,22.7
2024-06-15T17:00,33.4,0.00,0.00,0.00,36.1,12.1,120,23.8
2024-06-15T18:00,33.2,0.00,0.00,0.00,34.9,13.1,127,23.8
2024-06-15T19:00,32.5,0.00,0.00,0.00,34.0,13.6,127,24.5
2024-06-15T20:00,30.8,0.00,0.00,0.00,32.3,16.0,126,28.1
2024-06-15T21:00,29.8,0.00,0.00,0.00,30.5,19.4,125,30.6
2024-06-15T22:00,29.1,0.00,0.00,0.00,30.1,16.8,133,30.6
2024-06-15T23:00,28.4,0.00,0.00,0.00,29.8,14.2,150,26.6
2024-06-16T00:00,27.7,0.00,0.00,0.00,29.2,15.1,155,23.8
2024-06-16T01:00,26.9,0.00,0.00,0.00,28.7,15.5,158,25.2
2024-06-16T02:00,26.1,0.00,0.00,0.00,28.5,13.7,166,24.8
2024-06-16T03:00,25.5,0.00,0.00,0.00,28.3,12.8,164,21.6
2024-06-16T04:00,24.9,0.00,0.00,0.00,28.4,9.3,164,20.5
2024-06-16T05:00,24.3,0.00,0.00,0.00,28.2,7.6,155,14.8
2024-06-16T06:00,24.0,0.00,0.00,0.00,27.4,11.3,143,18.4
2024-06-16T07:00,24.0,0.00,0.00,0.00,27.8,9.2,138,18.4
2024-06-16T08:00,26.1,0.10,0.00,0.10,30.3,10.3,168,17.6
2024-06-16T09:00,27.4,0.10,0.00,0.10,31.0,15.1,162,27.0
2024-06-16T10:00,28.8,0.00,0.00,0.00,32.3,14.3,162,27.7
2024-06-16T11:00,30.4,0.00,0.00,0.00,34.0,14.6,164,28.4
2024-06-16T12:00,31.8,0.00,0.00,0.00,35.6,16.2,159,31.0
2024-06-16T13:00,32.9,0.00,0.00,0.00,37.2,15.0,159,31.0
2024-06-16T14:00,33.8,0.00,0.00,0.00,37.9,13.5,151,29.9
2024-06-16T15:00,34.2,0.00,0.00,0.00,37.9,12.8,142,27.4
2024-06-16T16:00,34.6,0.00,0.00,0.00,37.1,14.5,136,26.6
2024-06-16T17:00,34.4,0.00,0.00,0.00,35.7,16.8,133,29.5
2024-06-16T18:00,34.2,0.00,0.00,0.00,34.7,20.1,137,34.2
2024-06-16T19:00,33.5,0.00,0.00,0.00,34.9,15.4,111,33.8
2024-06-16T20:00,31.4,0.00,0.00,0.00,32.9,18.2,120,33.8
2024-06-16T21:00,30.6,0.00,0.00,0.00,31.6,19.4,121,31.0
2024-06-16T22:00,29.4,0.00,0.00,0.00,30.3,23.3,141,38.5
2024-06-16T23:00,28.6,0.00,0.00,0.00,30.4,18.9,145,37.1
2024-06-17T00:00,28.1,0.00,0.00,0.00,30.3,16.4,147,30.2
2024-06-17T01:00,27.4,0.00,0.00,0.00,30.0,14.5,157,26.3
2024-06-17T02:00,26.6,0.00,0.00,0.00,29.7,12.7,155,23.0
2024-06-17T03:00,26.1,0.20,0.00,0.20,29.1,15.5,155,24.5
2024-06-17T04:00,25.8,0.00,0.00,0.00,28.8,16.3,155,27.4
2024-06-17T05:00,25.4,0.00,0.00,0.00,28.6,15.0,153,25.9
2024-06-17T06:00,25.1,0.00,0.00,0.00,28.7,12.1,150,23.8
2024-06-17T07:00,24.9,0.00,0.00,0.00,28.5,11.9,145,19.4
2024-06-17T08:00,26.5,0.00,0.00,0.00,29.5,16.3,158,25.9
2024-06-17T09:00,27.8,0.10,0.00,0.10,30.8,17.2,154,29.2
2024-06-17T10:00,29.1,0.30,0.00,0.30,31.4,21.2,159,36.0
2024-06-17T11:00,30.1,0.10,0.00,0.10,32.8,20.9,153,37.8
2024-06-17T12:00,31.5,0.10,0.00,0.10,34.6,18.8,148,37.4
2024-06-17T13:00,32.9,0.00,0.00,0.00,36.8,17.1,150,34.2
2024-06-17T14:00,34.1,0.00,0.00,0.00,38.1,18.2,146,33.5
2024-06-17T15:00,33.7,0.00,0.00,0.00,36.3,22.8,141,40.3
2024-06-17T16:00,33.6,0.00,0.00,0.00,36.3,22.0,130,42.8
2024-06-17T17:00,29.1,2.00,0.00,2.00,31.6,22.1,136,57.2
2024-06-17T18:00,29.1,0.00,0.00,0.00,30.6,24.1,122,40.7
2024-06-17T19:00,30.1,0.00,0.00,0.00,31.2,26.6,131,42.1
2024-06-17T20:00,29.8,0.00,0.00,0.00,31.5,22.8,128,40.0
2024-06-17T21:00,28.2,0.00,0.00,0.00,29.5,26.4,129,42.5
2024-06-17T22:00,27.5,0.00,0.00,0.00,28.1,29.0,143,46.4
2024-06-17T23:00,26.5,0.00,0.00,0.00,27.4,24.5,147,46.4
2024-06-18T00:00,25.7,0.00,0.00,0.00,27.2,20.1,147,39.2
2024-06-18T01:00,25.2,0.00,0.00,0.00,27.2,15.9,152,32.0
2024-06-18T02:00,24.9,0.00,0.00,0.00,27.1,14.2,153,25.2
2024-06-18T03:00,24.8,0.00,0.00,0.00,26.9,15.0,145,23.8
2024-06-18T04:00,24.8,0.00,0.00,0.00,27.0,15.1,140,25.2
2024-06-18T05:00,24.5,0.00,0.00,0.00,27.1,13.8,141,24.1
2024-06-18T06:00,24.2,0.00,0.00,0.00,27.2,11.7,135,22.0
2024-06-18T07:00,24.2,0.00,0.00,0.00,27.5,9.9,123,18.7
2024-06-18T08:00,25.8,0.00,0.00,0.00,28.4,15.3,139,27.0
2024-06-18T09:00,27.4,0.00,0.00,0.00,29.8,17.4,142,29.9
2024-06-18T10:00,28.2,0.30,0.00,0.30,30.4,19.5,146,34.6
2024-06-18T11:00,29.3,0.20,0.00,0.20,31.8,18.0,143,34.9
2024-06-18T12:00,30.3,0.20,0.00,0.20,33.7,16.1,130,34.9
2024-06-18T13:00,31.4,0.10,0.00,0.10,35.3,17.1,118,33.8
2024-06-18T14:00,32.6,0.10,0.00,0.10,36.2,19.5,118,37.1
2024-06-18T15:00,33.6,0.10,0.00,0.10,36.5,20.9,119,38.5
2024-06-18T16:00,34.0,0.00,0.00,0.00,36.1,23.8,117,40.7
2024-06-18T17:00,31.9,0.10,0.00,0.10,33.0,24.7,119,46.8
2024-06-18T18:00,32.4,0.00,0.00,0.00,33.4,22.2,115,42.5
2024-06-18T19:00,31.6,0.00,0.00,0.00,32.2,24.0,116,40.3
2024-06-18T20:00,29.6,0.00,0.00,0.00,30.3,22.4,116,39.2
2024-06-18T21:00,28.5,0.00,0.00,0.00,29.1,22.9,120,37.8
2024-06-18T22:00,27.1,0.00,0.00,0.00,28.6,20.2,121,36.7
2024-06-18T23:00,26.1,0.00,0.00,0.00,28.1,17.9,112,32.4
2024-06-19T00:00,25.7,0.00,0.00,0.00,27.8,16.1,110,29.2
2024-06-19T01:00,25.3,0.00,0.00,0.00,27.7,14.2,106,25.9
2024-06-19T02:00,25.0,0.00,0.00,0.00,27.5,11.2,92,22.7
2024-06-19T03:00,24.6,0.00,0.00,0.00,27.2,10.6,72,17.6
2024-06-19T04:00,24.2,0.00,0.00,0.00,26.7,11.4,62,17.6
2024-06-19T05:00,24.0,0.00,0.00,0.00,26.4,12.4,54,19.8
2024-06-19T06:00,24.0,0.00,0.00,0.00,26.0,14.8,47,23.4
2024-06-19T07:00,24.3,0.00,0.00,0.00,25.7,18.2,56,28.4
2024-06-19T08:00,24.6,0.00,0.00,0.00,26.3,17.0,54,28.1
2024-06-19T09:00,25.8,0.00,0.00,0.00,27.0,21.6,64,36.4
2024-06-19T10:00,27.3,0.00,0.00,0.00,28.7,22.2,63,38.5
2024-06-19T11:00,28.1,0.00,0.00,0.00,29.2,24.9,70,43.2
2024-06-19T12:00,27.3,0.10,0.00,0.10,28.4,25.3,64,43.2
2024-06-19T13:00,26.7,0.30,0.00,0.30,28.1,24.8,62,42.1
2024-06-19T14:00,25.6,1.80,0.00,1.80,27.7,25.6,64,44.6
2024-06-19T15:00,24.9,3.60,0.00,3.60,27.8,20.8,60,41.4
2024-06-19T16:00,24.8,2.70,0.00,2.70,27.9,19.3,53,34.9
2024-06-19T17:00,24.7,1.70,0.00,1.70,27.7,19.1,47,31.3
2024-06-19T18:00,24.6,0.60,0.00,0.60,27.4,19.7,38,32.0
2024-06-19T19:00,24.6,0.80,0.00,0.80,26.9,22.7,41,37.1
2024-06-19T20:00,23.3,6.00,0.00,6.00,25.4,19.0,29,34.2
2024-06-19T21:00,23.2,8.80,0.00,8.80,25.6,17.2,29,33.1
2024-06-19T22:00,23.4,7.30,0.00,7.30,26.1,16.4,29,33.5
2024-06-19T23:00,23.8,3.60,0.00,3.60,26.9,15.6,50,32.8
2024-06-20T00:00,23.7,2.00,0.00,2.00,26.8,15.3,45,31.0
2024-06-20T01:00,23.7,0.30,0.00,0.30,26.3,17.4,40,27.4
2024-06-20T02:00,23.7,0.00,0.00,0.00,26.2,17.1,41,27.7
2024-06-20T03:00,23.7,0.00,0.00,0.00,26.3,16.3,47,27.0
2024-06-20T04:00,23.5,0.00,0.00,0.00,26.2,15.3,47,25.6
2024-06-20T05:00,23.4,0.00,0.00,0.00,25.9,15.6,52,24.8
2024-06-20T06:00,23.4,0.00,0.00,0.00,25.8,16.5,54,26.3
2024-06-20T07:00,23.8,0.00,0.00,0.00,25.9,18.6,54,28.8
2024-06-20T08:00,24.1,0.20,0.00,0.20,27.0,17.9,60,28.4
2024-06-20T09:00,25.3,0.80,0.00,0.80,27.5,21.1,65,36.4
2024-06-20T10:00,25.9,1.20,0.00,1.20,28.3,21.9,76,41.0
2024-06-20T11:00,27.2,0.20,0.00,0.20,29.9,21.6,79,40.3
2024-06-20T12:00,29.4,0.10,0.00,0.10,32.5,24.0,81,43.6
2024-06-20T13:00,30.4,0.10,0.00,0.10,33.3,23.7,81,42.5
2024-06-20T14:00,28.9,0.80,0.00,0.80,31.5,21.1,65,42.1
2024-06-20T15:00,30.8,0.10,0.00,0.10,35.1,20.4,81,42.1
2024-06-20T16:00,30.2,0.00,0.00,0.00,33.6,22.7,90,41.4
2024-06-20T17:00,26.5,10.20,0.00,10.20,31.4,6.4,74,42.5
2024-06-20T18:00,27.5,0.00,0.00,0.00,31.8,11.2,45,20.9
2024-06-20T19:00,28.7,0.00,0.00,0.00,33.0,11.6,97,28.1
2024-06-20T20:00,26.8,0.10,0.00,0.10,30.7,12.8,79,22.0
2024-06-20T21:00,26.5,0.00,0.00,0.00,30.5,13.0,96,20.5
2024-06-20T22:00,25.7,0.00,0.00,0.00,29.6,11.6,126,20.5
2024-06-20T23:00,25.2,0.00,0.00,0.00,29.2,9.7,121,18.4
2024-06-21T00:00,24.8,0.00,0.00,0.00,29.0,8.1,111,15.1
2024-06-21T01:00,24.2,0.00,0.00,0.00,28.4,7.9,106,12.6
2024-06-21T02:00,23.6,0.00,0.00,0.00,28.0,6.2,100,12.6
2024-06-21T03:00,23.2,0.00,0.00,0.00,27.6,5.4,98,10.1
2024-06-21T04:00,23.0,0.00,0.00,0.00,27.4,5.5,67,8.6
2024-06-21T05:00,23.0,0.00,0.00,0.00,27.1,7.9,60,11.9
2024-06-21T06:00,23.3,0.00,0.00,0.00,27.3,9.0,67,14.8
2024-06-21T07:00,23.6,0.00,0.00,0.00,27.4,10.4,70,16.2
2024-06-21T08:00,24.6,0.00,0.00,0.00,28.6,11.6,74,19.8
2024-06-21T09:00,25.5,0.40,0.00,0.40,29.5,12.6,85,24.5
2024-06-21T10:00,26.9,0.00,0.00,0.00,31.1,13.0,92,24.8
2024-06-21T11:00,28.1,0.10,0.00,0.10,32.4,13.0,92,26.6
2024-06-21T12:00,29.2,0.10,0.00,0.10,34.3,11.9,88,26.6
2024-06-21T13:00,30.2,0.00,0.00,0.00,35.9,13.0,95,27.7
2024-06-21T14:00,30.5,0.00,0.00,0.00,35.2,13.2,101,27.7
2024-06-21T15:00,29.9,0.10,0.00,0.10,33.2,12.8,101,27.0
2024-06-21T16:00,30.6,0.10,0.00,0.10,35.4,11.3,97,26.6
2024-06-21T17:00,30.9,0.00,0.00,0.00,35.1,12.1,100,24.8
2024-06-21T18:00,30.5,0.20,0.00,0.20,33.5,13.7,108,24.8
2024-06-21T19:00,29.4,0.00,0.00,0.00,32.7,14.5,117,25.2
2024-06-21T20:00,28.0,0.00,0.00,0.00,33.9,3.7,61,12.6
2024-06-21T21:00,26.5,0.00,0.00,0.00,32.0,4.8,132,7.6
2024-06-21T22:00,25.9,0.00,0.00,0.00,30.6,7.9,137,11.9
2024-06-21T23:00,25.5,0.00,0.00,0.00,29.6,9.5,143,15.5
2024-06-22T00:00,24.7,0.00,0.00,0.00,29.4,6.4,137,15.1
2024-06-22T01:00,23.8,0.00,0.00,0.00,28.5,5.9,137,10.4
2024-06-22T02:00,23.8,0.00,0.00,0.00,28.7,4.3,95,8.3
2024-06-22T03:00,23.0,0.00,0.00,0.00,27.5,5.1,98,6.5
2024-06-22T04:00,22.7,0.00,0.00,0.00,27.1,5.7,108,7.2
2024-06-22T05:00,22.8,0.00,0.00,0.00,27.4,5.4,127,6.8
2024-06-22T06:00,23.1,0.00,0.00,0.00,27.9,4.7,122,6.5
2024-06-22T07:00,22.5,0.00,0.00,0.00,27.2,3.4,108,6.1
2024-06-22T08:00,23.9,0.00,0.00,0.00,29.0,3.2,117,9.0
2024-06-22T09:00,25.7,0.00,0.00,0.00,30.6,6.6,151,15.1
2024-06-22T10:00,27.5,0.10,0.00,0.10,32.0,6.6,151,16.9
2024-06-22T11:00,28.7,0.10,0.00,0.10,33.3,8.9,137,19.8
2024-06-22T12:00,29.8,0.00,0.00,0.00,34.9,9.4,140,21.2
2024-06-22T13:00,30.9,0.00,0.00,0.00,36.6,7.6,135,21.2
2024-06-22T14:00,31.7,0.00,0.00,0.00,37.3,7.4,129,19.4
2024-06-22T15:00,32.1,0.00,0.00,0.00,37.6,8.2,128,19.4
2024-06-22T16:00,32.1,0.00,0.00,0.00,36.9,9.1,124,20.2
2024-06-22T17:00,32.1,0.00,0.00,0.00,35.9,9.5,127,20.2
2024-06-22T18:00,31.7,0.00,0.00,0.00,34.6,11.1,126,20.5
2024-06-22T19:00,31.0,0.00,0.00,0.00,33.8,11.8,128,21.2
2024-06-22T20:00,29.8,0.00,0.00,0.00,33.9,6.4,117,16.2
2024-06-22T21:00,27.8,0.00,0.00,0.00,32.0,6.9,118,10.1
2024-06-22T22:00,27.0,0.00,0.00,0.00,31.2,7.4,129,9.7
2024-06-22T23:00,26.8,0.00,0.00,0.00,30.3,8.8,145,13.3
2024-06-23T00:00,25.7,0.00,0.00,0.00,29.2,6.8,162,13.3
2024-06-23T01:00,25.0,0.00,0.00,0.00,28.4,6.5,174,10.1
2024-06-23T02:00,24.7,0.00,0.00,0.00,27.8,7.8,193,11.9
2024-06-23T03:00,23.9,0.00,0.00,0.00,27.3,6.4,223,11.9
2024-06-23T04:00,23.1,0.00,0.00,0.00,26.7,6.0,245,9.4
2024-06-23T05:00,22.5,0.00,0.00,0.00,26.0,6.5,251,8.3
2024-06-23T06:00,21.9,0.00,0.00,0.00,25.1,7.6,265,9.0
2024-06-23T07:00,22.3,0.00,0.00,0.00,26.1,4.7,270,9.0
2024-06-23T08:00,24.3,0.00,0.00,0.00,28.4,4.9,287,11.5
2024-06-23T09:00,26.6,0.00,0.00,0.00,31.0,2.9,300,10.8
2024-06-23T10:00,28.1,0.00,0.00,0.00,32.8,0.5,135,10.4
2024-06-23T11:00,29.4,0.00,0.00,0.00,34.7,4.1,105,14.0
2024-06-23T12:00,30.4,0.00,0.00,0.00,36.2,6.8,108,18.0
2024-06-23T13:00,31.2,0.00,0.00,0.00,37.4,7.6,98,19.8
2024-06-23T14:00,31.8,0.00,0.00,0.00,38.1,8.0,98,20.2
2024-06-23T15:00,32.5,0.00,0.00,0.00,38.4,7.2,96,20.2
2024-06-23T16:00,32.7,0.00,0.00,0.00,37.8,7.2,96,19.1
2024-06-23T17:00,32.9,0.00,0.00,0.00,36.9,6.6,99,18.4
2024-06-23T18:00,32.7,0.00,0.00,0.00,35.4,7.9,114,16.2
2024-06-23T19:00,31.9,0.00,0.00,0.00,34.6,8.6,123,17.3
2024-06-23T20:00,30.6,0.00,0.00,0.00,35.0,5.6,50,14.0
2024-06-23T21:00,29.0,0.00,0.00,0.00,32.8,7.3,57,11.2
2024-06-23T22:00,28.1,0.00,0.00,0.00,32.4,7.7,118,12.6
2024-06-23T23:00,27.3,0.00,0.00,0.00,32.4,6.1,140,12.2
2024-06-24T00:00,26.7,0.00,0.00,0.00,31.9,6.2,144,9.7
2024-06-24T01:00,26.2,0.00,0.00,0.00,31.4,6.5,177,9.7
2024-06-24T02:00,25.6,0.00,0.00,0.00,31.0,5.2,205,9.7
2024-06-24T03:00,25.0,0.00,0.00,0.00,30.1,6.5,214,7.9
2024-06-24T04:00,24.8,0.00,0.00,0.00,29.7,6.9,208,8.6
2024-06-24T05:00,24.5,0.00,0.00,0.00,29.6,5.4,200,8.3
2024-06-24T06:00,24.2,0.00,0.00,0.00,29.1,6.3,193,7.9
2024-06-24T07:00,24.6,0.00,0.00,0.00,30.0,4.0,170,8.3
2024-06-24T08:00,25.9,0.00,0.00,0.00,31.6,3.7,209,9.7
2024-06-24T09:00,27.5,0.00,0.00,0.00,33.3,2.9,210,10.8
2024-06-24T10:00,29.0,0.00,0.00,0.00,34.2,5.0,150,14.4
2024-06-24T11:00,30.0,0.00,0.00,0.00,35.3,7.6,135,18.7
2024-06-24T12:00,31.0,0.10,0.00,0.10,36.5,10.7,132,23.4
2024-06-24T13:00,31.9,0.00,0.00,0.00,37.8,10.9,134,24.5
2024-06-24T14:00,32.8,0.00,0.00,0.00,38.8,11.7,137,25.2
2024-06-24T15:00,33.5,0.00,0.00,0.00,39.5,12.0,136,25.2
2024-06-24T16:00,33.0,0.00,0.00,0.00,37.5,15.0,136,28.4
2024-06-24T17:00,32.5,0.20,0.00,0.20,36.8,15.6,140,28.8
2024-06-24T18:00,31.0,0.40,0.00,0.40,35.1,14.5,153,33.8
2024-06-24T19:00,31.2,0.00,0.00,0.00,35.2,14.2,150,25.6
2024-06-24T20:00,29.8,0.00,0.00,0.00,33.9,14.3,135,23.0
2024-06-24T21:00,28.3,0.00,0.00,0.00,32.6,13.0,132,23.4
2024-06-24T22:00,27.5,0.00,0.00,0.00,31.9,10.3,144,20.5
2024-06-24T23:00,27.1,0.00,0.00,0.00,31.7,8.9,148,16.2
2024-06-25T00:00,26.9,0.00,0.00,0.00,31.6,8.1,159,13.7
2024-06-25T01:00,26.8,0.00,0.00,0.00,31.4,9.6,167,15.1
2024-06-25T02:00,26.6,0.00,0.00,0.00,30.9,12.3,175,19.1
2024-06-25T03:00,26.2,0.00,0.00,0.00,30.6,11.5,180,19.4
2024-06-25T04:00,25.7,0.00,0.00,0.00,30.5,10.1,180,18.0
2024-06-25T05:00,25.3,0.00,0.00,0.00,30.1,9.7,178,16.2
2024-06-25T06:00,25.0,0.00,0.00,0.00,29.9,9.0,180,15.5
2024-06-25T07:00,25.2,0.00,0.00,0.00,30.1,9.7,178,14.4
2024-06-25T08:00,26.8,0.00,0.00,0.00,31.2,13.4,194,23.0
2024-06-25T09:00,28.0,0.00,0.00,0.00,32.5,12.0,196,23.4
2024-06-25T10:00,29.4,0.00,0.00,0.00,33.7,11.4,193,23.4
2024-06-25T11:00,30.8,0.00,0.00,0.00,35.3,11.6,187,24.1
2024-06-25T12:00,32.1,0.00,0.00,0.00,37.0,12.6,177,26.3
2024-06-25T13:00,33.2,0.00,0.00,0.00,38.3,13.8,174,27.7
2024-06-25T14:00,34.2,0.00,0.00,0.00,39.0,14.9,173,29.9
2024-06-25T15:00,34.7,0.00,0.00,0.00,39.1,15.7,169,30.6
2024-06-25T16:00,34.7,0.00,0.00,0.00,38.4,16.5,169,30.6
2024-06-25T17:00,34.8,0.00,0.00,0.00,38.2,15.5,177,31.0
2024-06-25T18:00,34.5,0.00,0.00,0.00,36.6,17.7,174,30.2
2024-06-25T19:00,33.0,0.00,0.00,0.00,35.6,18.4,174,33.5
2024-06-25T20:00,31.3,0.00,0.00,0.00,34.9,14.7,155,27.0
2024-06-25T21:00,30.3,0.00,0.00,0.00,33.9,14.8,167,23.4
2024-06-25T22:00,29.1,0.00,0.00,0.00,32.8,16.0,171,25.9
2024-06-25T23:00,28.3,0.00,0.00,0.00,32.2,15.1,162,25.9
2024-06-26T00:00,28.0,0.00,0.00,0.00,32.0,15.5,162,24.5
2024-06-26T01:00,27.6,0.00,0.00,0.00,31.6,15.1,177,25.2
2024-06-26T02:00,27.0,0.00,0.00,0.00,31.2,14.4,180,23.8
2024-06-26T03:00,26.6,0.00,0.00,0.00,30.8,14.0,179,23.4
2024-06-26T04:00,26.2,0.00,0.00,0.00,30.6,13.3,183,22.7
2024-06-26T05:00,26.0,0.00,0.00,0.00,30.6,12.0,187,20.9
2024-06-26T06:00,25.7,0.00,0.00,0.00,30.4,11.4,191,19.4
2024-06-26T07:00,25.7,0.00,0.00,0.00,30.4,11.3,187,18.0
2024-06-26T08:00,27.4,0.00,0.00,0.00,30.9,17.4,210,28.4
2024-06-26T09:00,28.6,0.00,0.00,0.00,32.3,15.5,208,29.9
2024-06-26T10:00,29.9,0.00,0.00,0.00,33.7,14.0,203,27.7
2024-06-26T11:00,31.3,0.00,0.00,0.00,35.4,14.6,200,28.8
2024-06-26T12:00,32.5,0.00,0.00,0.00,37.3,14.1,199,28.8
2024-06-26T13:00,33.5,0.00,0.00,0.00,38.9,11.1,193,28.4
2024-06-26T14:00,34.1,0.00,0.00,0.00,39.7,9.0,180,24.5
2024-06-26T15:00,34.6,0.00,0.00,0.00,40.0,9.8,172,22.3
2024-06-26T16:00,34.9,0.00,0.00,0.00,39.7,10.6,170,23.4
2024-06-26T17:00,35.0,0.00,0.00,0.00,39.1,9.6,160,23.0
2024-06-26T18:00,34.9,0.00,0.00,0.00,37.9,11.4,156,22.0
2024-06-26T19:00,34.5,0.00,0.00,0.00,37.3,11.8,160,22.0
2024-06-26T20:00,32.5,0.00,0.00,0.00,36.5,9.0,151,15.5
2024-06-26T21:00,31.0,0.00,0.00,0.00,35.0,11.1,144,17.3
2024-06-26T22:00,29.9,0.00,0.00,0.00,34.3,10.0,150,17.6
2024-06-26T23:00,29.2,0.00,0.00,0.00,33.7,9.7,178,15.5
2024-06-27T00:00,28.6,0.00,0.00,0.00,33.3,10.0,195,16.2
2024-06-27T01:00,28.0,0.00,0.00,0.00,33.0,9.1,198,15.8
2024-06-27T02:00,27.6,0.00,0.00,0.00,32.5,9.8,197,15.1
2024-06-27T03:00,27.1,0.00,0.00,0.00,31.9,10.3,192,16.2
2024-06-27T04:00,26.6,0.00,0.00,0.00,31.5,9.5,191,16.9
2024-06-27T05:00,26.1,0.00,0.00,0.00,31.1,7.6,199,14.8
2024-06-27T06:00,25.7,0.00,0.00,0.00,30.6,6.9,208,12.2
2024-06-27T07:00,25.6,0.00,0.00,0.00,30.5,7.1,221,10.8
2024-06-27T08:00,26.8,0.00,0.00,0.00,31.6,7.7,217,14.8
2024-06-27T09:00,28.4,0.00,0.00,0.00,33.3,7.1,225,16.6
2024-06-27T10:00,30.2,0.00,0.00,0.00,35.2,7.3,237,18.4
2024-06-27T11:00,32.0,0.00,0.00,0.00,38.1,4.7,247,18.0
2024-06-27T12:00,33.3,0.00,0.00,0.00,40.5,1.4,180,15.8
2024-06-27T13:00,34.3,0.00,0.00,0.00,41.7,3.6,143,15.1
2024-06-27T14:00,34.9,0.00,0.00,0.00,41.9,4.3,138,15.8
2024-06-27T15:00,35.4,0.00,0.00,0.00,41.8,5.6,135,17.3
2024-06-27T16:00,35.8,0.00,0.00,0.00,41.2,7.8,124,19.1
2024-06-27T17:00,35.8,0.00,0.00,0.00,40.2,8.4,133,19.8
2024-06-27T18:00,35.7,0.00,0.00,0.00,39.1,9.2,138,19.1
2024-06-27T19:00,35.1,0.00,0.00,0.00,38.0,11.4,145,19.8
2024-06-27T20:00,32.8,0.00,0.00,0.00,36.9,9.4,148,19.4
2024-06-27T21:00,31.0,0.00,0.00,0.00,35.2,7.8,34,15.1
2024-06-27T22:00,29.4,0.00,0.00,0.00,34.8,4.9,17,18.4
2024-06-27T23:00,29.1,0.00,0.00,0.00,34.2,7.7,118,12.6
2024-06-28T00:00,29.1,0.00,0.00,0.00,32.7,10.9,171,16.6
2024-06-28T01:00,28.4,0.00,0.00,0.00,31.8,14.5,187,22.7
2024-06-28T02:00,27.8,0.00,0.00,0.00,31.2,16.6,193,26.3
2024-06-28T03:00,27.2,0.00,0.00,0.00,31.1,14.8,203,26.3
2024-06-28T04:00,26.8,0.00,0.00,0.00,30.8,13.9,205,23.8
2024-06-28T05:00,26.3,0.00,0.00,0.00,30.4,13.3,199,22.0
2024-06-28T06:00,26.0,0.00,0.00,0.00,30.1,12.1,203,21.6
2024-06-28T07:00,25.7,0.00,0.00,0.00,30.0,10.5,202,19.4
2024-06-28T08:00,27.1,0.00,0.00,0.00,31.4,12.3,201,21.6
2024-06-28T09:00,28.6,0.00,0.00,0.00,33.2,11.0,203,22.7
2024-06-28T10:00,30.1,0.00,0.00,0.00,34.6,10.9,197,23.0
2024-06-28T11:00,31.5,0.00,0.00,0.00,36.3,12.0,189,25.2
2024-06-28T12:00,32.9,0.00,0.00,0.00,37.6,15.8,179,30.6
2024-06-28T13:00,34.3,0.00,0.00,0.00,38.4,18.0,178,34.2
2024-06-28T14:00,35.2,0.00,0.00,0.00,39.3,16.2,176,34.2
2024-06-28T15:00,36.1,0.00,0.00,0.00,39.9,14.3,168,31.7
2024-06-28T16:00,36.3,0.00,0.00,0.00,39.1,16.6,162,30.6
2024-06-28T17:00,35.5,0.00,0.00,0.00,37.6,17.9,165,33.8
2024-06-28T18:00,34.9,0.00,0.00,0.00,36.2,18.7,164,32.4
2024-06-28T19:00,32.4,0.00,0.00,0.00,35.0,18.1,159,36.4
2024-06-28T20:00,31.7,0.00,0.00,0.00,34.4,16.6,138,33.5
2024-06-28T21:00,31.1,0.00,0.00,0.00,33.9,14.2,144,27.0
2024-06-28T22:00,30.3,0.00,0.00,0.00,33.2,15.1,147,24.1
2024-06-28T23:00,29.6,0.00,0.00,0.00,32.5,15.0,156,24.1
2024-06-29T00:00,28.9,0.00,0.00,0.00,31.8,17.7,168,28.1
2024-06-29T01:00,28.3,0.00,0.00,0.00,31.4,19.0,170,30.6
2024-06-29T02:00,27.7,0.00,0.00,0.00,31.2,18.4,174,30.6
2024-06-29T03:00,27.4,0.00,0.00,0.00,31.2,17.7,178,29.5
2024-06-29T04:00,27.3,0.00,0.00,0.00,31.2,16.2,177,28.4
2024-06-29T05:00,27.0,0.00,0.00,0.00,31.1,15.5,177,25.9
2024-06-29T06:00,26.7,0.00,0.00,0.00,30.7,15.8,181,25.2
2024-06-29T07:00,26.7,0.00,0.00,0.00,30.9,15.1,179,25.2
2024-06-29T08:00,26.9,0.40,0.00,0.40,30.5,20.2,182,32.4
2024-06-29T09:00,28.2,0.10,0.00,0.10,31.7,19.9,184,35.3
2024-06-29T10:00,30.2,0.00,0.00,0.00,33.4,19.7,189,34.9
2024-06-29T11:00,32.1,0.00,0.00,0.00,35.5,19.4,191,35.6
2024-06-29T12:00,33.7,0.00,0.00,0.00,37.4,18.8,185,35.3
2024-06-29T13:00,35.0,0.00,0.00,0.00,38.7,17.6,181,34.9
2024-06-29T14:00,36.0,0.00,0.00,0.00,39.6,18.5,172,35.6
2024-06-29T15:00,36.6,0.00,0.00,0.00,40.1,19.1,168,36.0
2024-06-29T16:00,36.8,0.00,0.00,0.00,40.3,18.1,157,35.6
2024-06-29T17:00,34.3,0.10,0.00,0.10,36.8,23.7,167,43.2
2024-06-29T18:00,34.0,0.00,0.00,0.00,36.1,21.9,155,41.4
2024-06-29T19:00,33.6,0.00,0.00,0.00,35.8,20.5,156,37.8
2024-06-29T20:00,33.1,0.00,0.00,0.00,35.5,16.1,141,28.1
2024-06-29T21:00,32.0,0.00,0.00,0.00,34.3,14.3,137,26.3
2024-06-29T22:00,30.9,0.00,0.00,0.00,32.5,19.5,157,30.2
2024-06-29T23:00,29.6,0.00,0.00,0.00,30.6,24.2,169,38.5
2024-06-30T00:00,28.5,0.00,0.00,0.00,29.9,20.4,172,38.9
2024-06-30T01:00,27.5,0.00,0.00,0.00,29.5,15.5,175,32.4
2024-06-30T02:00,26.6,0.00,0.00,0.00,29.8,10.5,172,24.8
2024-06-30T03:00,26.1,0.00,0.00,0.00,30.4,5.8,173,16.9
2024-06-30T04:00,25.6,0.00,0.00,0.00,30.6,5.0,159,9.0
2024-06-30T05:00,25.7,0.00,0.00,0.00,31.1,2.2,81,6.8
2024-06-30T06:00,25.8,0.00,0.00,0.00,30.9,3.7,61,5.8
2024-06-30T07:00,25.9,0.00,0.00,0.00,30.7,6.0,57,9.0
2024-06-30T08:00,26.9,0.00,0.00,0.00,32.6,4.0,100,10.4
2024-06-30T09:00,28.2,0.10,0.00,0.10,33.4,7.2,174,16.2
2024-06-30T10:00,29.6,0.10,0.00,0.10,34.8,6.2,170,17.3
2024-06-30T11:00,30.9,0.10,0.00,0.10,36.0,6.9,152,18.0
2024-06-30T12:00,32.2,0.00,0.00,0.00,37.9,8.4,140,20.9
2024-06-30T13:00,33.4,0.00,0.00,0.00,39.4,8.9,137,22.3
2024-06-30T14:00,34.5,0.00,0.00,0.00,40.1,10.7,135,24.5
2024-06-30T15:00,35.2,0.00,0.00,0.00,40.2,12.0,131,26.3
2024-06-30T16:00,35.6,0.00,0.00,0.00,39.6,14.1,142,28.1
2024-06-30T17:00,35.7,0.00,0.00,0.00,38.9,14.3,141,28.1
2024-06-30T18:00,35.1,0.00,0.00,0.00,37.6,13.3,131,27.7
2024-06-30T19:00,34.8,0.00,0.00,0.00,36.9,15.8,133,26.6
2024-06-30T20:00,33.0,0.00,0.00,0.00,35.5,11.0,142,28.8
2024-06-30T21:00,31.7,0.00,0.00,0.00,34.0,13.2,135,20.2
2024-06-30T22:00,30.9,0.00,0.00,0.00,33.2,13.3,147,22.3
2024-06-30T23:00,30.3,0.00,0.00,0.00,32.3,15.5,162,24.1
2024-07-01T00:00,29.6,0.00,0.00,0.00,31.3,17.7,178,28.4
2024-07-01T01:00,28.6,0.00,0.00,0.00,30.9,15.8,192,28.1
2024-07-01T02:00,27.8,0.00,0.00,0.00,30.9,11.3,202,25.2
2024-07-01T03:00,27.0,0.00,0.00,0.00,30.8,6.9,219,17.6
2024-07-01T04:00,25.8,0.00,0.00,0.00,29.9,6.8,238,10.8
2024-07-01T05:00,25.7,0.00,0.00,0.00,29.9,5.2,214,7.9
2024-07-01T06:00,24.8,0.00,0.00,0.00,29.0,5.4,222,7.6
2024-07-01T07:00,25.0,0.00,0.00,0.00,29.1,5.5,247,7.6
2024-07-01T08:00,26.4,0.00,0.00,0.00,31.0,5.2,258,11.5
2024-07-01T09:00,28.3,0.00,0.00,0.00,32.9,5.1,262,13.7
2024-07-01T10:00,30.1,0.00,0.00,0.00,34.6,4.0,265,14.0
2024-07-01T11:00,31.5,0.00,0.00,0.00,37.1,1.8,233,14.0
2024-07-01T12:00,32.8,0.00,0.00,0.00,38.9,4.0,170,15.1
2024-07-01T13:00,33.9,0.00,0.00,0.00,39.9,6.5,161,19.1
2024-07-01T14:00,34.8,0.00,0.00,0.00,40.3,8.3,162,21.2
2024-07-01T15:00,35.4,0.00,0.00,0.00,40.6,8.5,168,22.3
2024-07-01T16:00,36.0,0.00,0.00,0.00,40.7,8.6,158,22.0
2024-07-01T17:00,36.2,0.00,0.00,0.00,39.5,10.3,144,22.0
2024-07-01T18:00,36.0,0.00,0.00,0.00,38.0,11.6,150,22.7
2024-07-01T19:00,35.7,0.00,0.00,0.00,37.5,11.9,145,22.0
2024-07-01T20:00,33.6,0.00,0.00,0.00,36.1,7.4,151,23.4
2024-07-01T21:00,31.2,0.00,0.00,0.00,34.1,6.9,152,11.9
2024-07-01T22:00,30.6,0.00,0.00,0.00,33.2,7.7,143,11.2
2024-07-01T23:00,30.1,0.00,0.00,0.00,31.8,11.3,149,17.6
2024-07-02T00:00,29.5,0.00,0.00,0.00,31.3,11.5,166,18.7
2024-07-02T01:00,29.1,0.00,0.00,0.00,31.3,11.9,180,18.0
2024-07-02T02:00,28.6,0.00,0.00,0.00,31.2,13.0,185,20.5
2024-07-02T03:00,28.0,0.00,0.00,0.00,30.6,13.2,202,21.2
2024-07-02T04:00,27.3,0.00,0.00,0.00,30.0,13.3,218,21.2
2024-07-02T05:00,26.8,0.00,0.00,0.00,29.8,11.2,225,20.9
2024-07-02T06:00,26.0,0.00,0.00,0.00,29.5,8.4,220,17.6
2024-07-02T07:00,25.5,0.00,0.00,0.00,29.4,6.6,202,13.3
2024-07-02T08:00,26.7,0.00,0.00,0.00,30.8,8.0,198,14.8
2024-07-02T09:00,28.3,0.00,0.00,0.00,32.3,9.3,196,19.1
2024-07-02T10:00,30.2,0.00,0.00,0.00,34.1,10.9,197,22.7
2024-07-02T11:00,32.2,0.00,0.00,0.00,36.1,11.2,195,24.1
2024-07-02T12:00,34.0,0.00,0.00,0.00,37.3,12.3,185,25.6
2024-07-02T13:00,35.3,0.00,0.00,0.00,38.5,13.8,174,28.1
2024-07-02T14:00,36.3,0.00,0.00,0.00,39.3,15.0,169,29.9
2024-07-02T15:00,36.9,0.00,0.00,0.00,39.3,16.8,165,32.0
2024-07-02T16:00,37.3,0.00,0.00,0.00,39.1,16.9,164,32.8
2024-07-02T17:00,37.3,0.00,0.00,0.00,38.5,15.6,165,31.7
2024-07-02T18:00,37.2,0.00,0.00,0.00,37.6,15.2,166,28.8
2024-07-02T19:00,36.5,0.00,0.00,0.00,36.7,15.5,158,27.0
2024-07-02T20:00,34.0,0.00,0.00,0.00,34.5,16.3,131,27.0
2024-07-02T21:00,32.6,0.00,0.00,0.00,32.8,17.1,138,27.4
2024-07-02T22:00,31.7,0.00,0.00,0.00,32.2,16.9,151,28.4
2024-07-02T23:00,31.1,0.00,0.00,0.00,31.9,17.2,170,27.0
2024-07-03T00:00,30.0,0.00,0.00,0.00,30.7,21.4,173,34.6
2024-07-03T01:00,28.9,0.00,0.00,0.00,30.6,17.7,186,34.2
2024-07-03T02:00,28.1,0.00,0.00,0.00,30.5,14.5,194,28.1
2024-07-03T03:00,27.3,0.00,0.00,0.00,29.8,14.8,198,23.8
2024-07-03T04:00,26.6,0.00,0.00,0.00,29.4,14.2,201,23.8
2024-07-03T05:00,26.1,0.00,0.00,0.00,29.1,12.4,202,23.0
2024-07-03T06:00,25.7,0.00,0.00,0.00,28.9,10.8,201,19.8
2024-07-03T07:00,25.6,0.00,0.00,0.00,29.0,8.9,201,17.3
2024-07-03T08:00,26.6,0.00,0.00,0.00,30.3,8.0,190,14.8
2024-07-03T09:00,28.0,0.00,0.00,0.00,31.3,10.3,192,20.5
2024-07-03T10:00,29.7,0.00,0.00,0.00,32.7,11.3,189,23.4
2024-07-03T11:00,31.4,0.00,0.00,0.00,34.6,13.4,185,27.0
2024-07-03T12:00,33.0,0.00,0.00,0.00,36.4,15.5,176,30.6
2024-07-03T13:00,34.3,0.00,0.00,0.00,37.9,16.3,172,32.4
2024-07-03T14:00,35.5,0.00,0.00,0.00,39.1,16.5,169,33.5
2024-07-03T15:00,36.4,0.00,0.00,0.00,39.0,18.3,170,33.8
2024-07-03T16:00,36.6,0.00,0.00,0.00,38.5,18.5,173,34.2
2024-07-03T17:00,36.4,0.00,0.00,0.00,37.1,20.3,163,34.9
2024-07-03T18:00,34.7,0.00,0.00,0.00,35.9,20.6,153,37.8
2024-07-03T19:00,34.3,0.00,0.00,0.00,35.9,17.6,154,35.6
2024-07-03T20:00,32.1,0.00,0.00,0.00,33.1,23.2,156,39.2
2024-07-03T21:00,31.0,0.00,0.00,0.00,32.3,22.3,162,37.1
2024-07-03T22:00,30.5,0.00,0.00,0.00,32.1,20.9,161,36.4
2024-07-03T23:00,29.8,0.00,0.00,0.00,31.6,19.8,161,33.5
2024-07-04T00:00,29.0,0.00,0.00,0.00,31.3,18.6,170,32.0
2024-07-04T01:00,28.4,0.00,0.00,0.00,30.9,18.8,176,30.2
2024-07-04T02:00,27.9,0.00,0.00,0.00,30.5,18.7,180,30.2
2024-07-04T03:00,27.4,0.00,0.00,0.00,30.2,18.1,185,30.2
2024-07-04T04:00,26.9,0.00,0.00,0.00,30.1,17.0,186,29.2
2024-07-04T05:00,26.6,0.00,0.00,0.00,29.8,16.8,189,27.4
2024-07-04T06:00,26.2,0.00,0.00,0.00,29.7,15.6,195,27.0
2024-07-04T07:00,26.2,0.00,0.00,0.00,30.0,13.2,197,24.5
2024-07-04T08:00,26.9,0.00,0.00,0.00,30.3,15.3,195,26.3
2024-07-04T09:00,28.3,0.00,0.00,0.00,31.4,15.4,191,28.1
2024-07-04T10:00,29.8,0.00,0.00,0.00,32.6,15.3,189,29.2
2024-07-04T11:00,31.3,0.00,0.00,0.00,34.7,14.3,190,29.9
2024-07-04T12:00,32.8,0.00,0.00,0.00,36.9,13.1,188,28.8
2024-07-04T13:00,34.1,0.00,0.00,0.00,38.8,13.0,182,27.7
2024-07-04T14:00,35.2,0.00,0.00,0.00,39.9,13.4,174,28.4
2024-07-04T15:00,36.2,0.00,0.00,0.00,40.2,15.0,169,30.2
2024-07-04T16:00,36.7,0.00,0.00,0.00,39.9,15.6,165,30.6
2024-07-04T17:00,37.0,0.00,0.00,0.00,39.0,16.5,164,31.3
2024-07-04T18:00,37.1,0.00,0.00,0.00,38.3,15.7,164,31.0
2024-07-04T19:00,36.8,0.00,0.00,0.00,38.0,16.0,157,27.7
2024-07-04T20:00,34.2,0.00,0.00,0.00,35.5,20.0,146,33.8
2024-07-04T21:00,33.0,0.00,0.00,0.00,35.3,12.9,150,32.0
2024-07-04T22:00,31.9,0.00,0.00,0.00,33.9,17.5,148,27.7
2024-07-04T23:00,30.6,0.00,0.00,0.00,32.6,20.5,156,32.8
2024-07-05T00:00,29.7,0.00,0.00,0.00,31.9,18.5,173,33.1
2024-07-05T01:00,28.8,0.00,0.00,0.00,31.4,15.2,184,29.2
2024-07-05T02:00,28.0,0.00,0.00,0.00,30.9,13.0,183,23.8
2024-07-05T03:00,27.2,0.00,0.00,0.00,30.1,13.0,180,20.5
2024-07-05T04:00,26.4,0.00,0.00,0.00,29.7,12.6,182,20.9
2024-07-05T05:00,25.9,0.00,0.00,0.00,29.8,10.7,192,19.8
2024-07-05T06:00,25.5,0.00,0.00,0.00,29.7,9.6,193,16.9
2024-07-05T07:00,25.4,0.00,0.00,0.00,29.5,10.2,190,15.5
2024-07-05T08:00,27.0,0.00,0.00,0.00,30.2,16.1,200,27.0
2024-07-05T09:00,28.6,0.00,0.00,0.00,31.8,15.6,199,29.2
2024-07-05T10:00,30.3,0.00,0.00,0.00,33.6,13.2,197,28.4
2024-07-05T11:00,31.3,0.00,0.00,0.00,35.2,13.2,191,27.7
2024-07-05T12:00,32.4,0.00,0.00,0.00,37.5,10.7,194,27.7
2024-07-05T13:00,33.7,0.00,0.00,0.00,39.0,8.8,192,24.8
2024-07-05T14:00,34.7,0.00,0.00,0.00,40.2,7.6,177,22.7
2024-07-05T15:00,35.6,0.00,0.00,0.00,40.0,10.0,150,24.1
2024-07-05T16:00,35.8,0.00,0.00,0.00,39.7,8.8,125,23.8
2024-07-05T17:00,36.0,0.00,0.00,0.00,38.5,10.3,102,22.7
2024-07-05T18:00,35.9,0.00,0.00,0.00,37.2,8.8,109,23.0
2024-07-05T19:00,35.2,0.00,0.00,0.00,36.2,11.2,88,19.8
2024-07-05T20:00,30.6,0.10,0.00,0.10,31.6,24.5,10,38.5
2024-07-05T21:00,28.0,0.00,0.00,0.00,30.3,18.8,32,41.4
2024-07-05T22:00,28.3,0.00,0.00,0.00,31.5,14.5,35,29.9
2024-07-05T23:00,27.8,0.00,0.00,0.00,30.4,16.9,27,27.7
2024-07-06T00:00,27.2,0.00,0.00,0.00,30.2,13.9,37,27.4
2024-07-06T01:00,26.8,0.00,0.00,0.00,30.1,10.7,33,22.0
2024-07-06T02:00,26.5,0.00,0.00,0.00,29.5,10.5,22,17.3
2024-07-06T03:00,26.2,0.00,0.00,0.00,29.0,8.9,21,16.6
2024-07-06T04:00,25.9,0.00,0.00,0.00,27.7,10.7,14,16.9
2024-07-06T05:00,25.6,0.00,0.00,0.00,26.8,10.2,8,17.3
2024-07-06T06:00,25.3,0.00,0.00,0.00,26.4,9.4,4,16.2
2024-07-06T07:00,25.2,0.00,0.00,0.00,26.4,9.0,5,14.8
2024-07-06T08:00,24.2,0.00,0.00,0.00,28.2,6.0,335,14.4
2024-07-06T09:00,25.7,0.00,0.00,0.00,29.5,6.1,360,16.2
2024-07-06T10:00,27.7,0.00,0.00,0.00,31.3,9.6,347,20.2
2024-07-06T11:00,29.7,0.00,0.00,0.00,34.5,7.2,357,22.7
2024-07-06T12:00,31.4,0.10,0.00,0.10,37.1,9.4,7,23.4
2024-07-06T13:00,32.6,0.10,0.00,0.10,39.3,7.4,14,23.4
2024-07-06T14:00,33.5,0.10,0.00,0.10,40.3,5.9,38,22.0
2024-07-06T15:00,34.5,0.00,0.00,0.00,41.2,6.9,47,20.5
2024-07-06T16:00,35.2,0.00,0.00,0.00,40.2,11.5,44,24.8
2024-07-06T17:00,35.3,0.00,0.00,0.00,38.5,12.8,50,25.9
2024-07-06T18:00,34.4,0.00,0.00,0.00,36.9,14.3,62,25.9
2024-07-06T19:00,25.2,11.10,0.00,11.10,28.4,16.6,120,47.5
2024-07-06T20:00,25.9,4.20,0.00,4.20,31.1,5.0,291,27.0
2024-07-06T21:00,25.6,3.80,0.00,3.80,30.6,9.1,288,14.4
2024-07-06T22:00,24.9,3.00,0.00,3.00,29.7,8.6,272,18.0
2024-07-06T23:00,25.1,3.60,0.00,3.60,30.1,6.9,321,14.0
2024-07-07T00:00,25.2,1.90,0.00,1.90,30.7,2.2,9,11.9
2024-07-07T01:00,25.1,1.00,0.00,1.00,30.6,1.9,248,4.7
2024-07-07T02:00,24.8,0.10,0.00,0.10,30.1,3.8,311,6.8
2024-07-07T03:00,24.8,0.00,0.00,0.00,30.2,4.4,305,7.6
2024-07-07T04:00,24.8,0.00,0.00,0.00,30.5,2.6,34,7.2
2024-07-07T05:00,24.7,0.00,0.00,0.00,29.9,5.2,78,8.6
2024-07-07T06:00,24.7,0.00,0.00,0.00,29.8,5.1,82,9.0
2024-07-07T07:00,24.8,0.00,0.00,0.00,29.7,6.5,71,9.7
2024-07-07T08:00,24.8,0.00,0.00,0.00,29.7,5.1,39,11.9
2024-07-07T09:00,26.6,0.00,0.00,0.00,31.3,7.3,81,15.8
2024-07-07T10:00,28.7,0.00,0.00,0.00,33.4,8.4,100,23.4
2024-07-07T11:00,29.8,0.10,0.00,0.10,35.5,6.2,111,23.4
2024-07-07T12:00,31.1,0.00,0.00,0.00,37.3,9.2,116,24.1
2024-07-07T13:00,32.3,0.00,0.00,0.00,39.1,7.4,104,24.8
2024-07-07T14:00,33.5,0.00,0.00,0.00,39.7,8.1,69,22.0
2024-07-07T15:00,34.7,0.00,0.00,0.00,39.8,12.5,72,26.6
2024-07-07T16:00,35.1,0.00,0.00,0.00,39.0,16.8,81,31.3
2024-07-07T17:00,33.4,0.10,0.00,0.10,34.5,20.9,92,36.7
2024-07-07T18:00,32.0,0.00,0.00,0.00,33.8,19.8,93,37.1
2024-07-07T19:00,31.0,0.00,0.00,0.00,33.4,19.8,89,34.2
2024-07-07T20:00,29.2,0.00,0.00,0.00,31.2,19.0,63,33.5
2024-07-07T21:00,28.9,0.00,0.00,0.00,31.5,16.3,62,30.6
2024-07-07T22:00,27.8,0.00,0.00,0.00,30.3,18.3,75,29.2
2024-07-07T23:00,26.6,0.00,0.00,0.00,29.5,18.0,78,29.5
2024-07-08T00:00,26.2,0.00,0.00,0.00,29.4,17.7,57,29.2
2024-07-08T01:00,26.1,0.00,0.00,0.00,29.4,17.3,47,28.1
2024-07-08T02:00,25.9,0.00,0.00,0.00,29.1,18.3,36,28.8
2024-07-08T03:00,25.9,0.00,0.00,0.00,29.0,19.0,37,30.6
2024-07-08T04:00,25.7,0.00,0.00,0.00,28.5,20.1,33,32.0
2024-07-08T05:00,25.4,0.00,0.00,0.00,27.8,22.5,32,35.6
2024-07-08T06:00,25.2,0.00,0.00,0.00,27.3,23.3,32,37.4
2024-07-08T07:00,25.4,0.00,0.00,0.00,27.1,24.3,25,39.2
2024-07-08T08:00,25.4,0.00,0.00,0.00,26.7,25.8,19,45.4
2024-07-08T09:00,26.4,0.10,0.00,0.10,27.0,29.9,10,48.2
2024-07-08T10:00,27.6,0.00,0.00,0.00,27.4,30.8,354,52.2
2024-07-08T11:00,29.3,0.00,0.00,0.00,29.4,28.6,345,51.5
2024-07-08T12:00,31.3,0.00,0.00,0.00,31.9,27.3,351,49.0
2024-07-08T13:00,32.6,0.00,0.00,0.00,32.6,28.0,347,49.3
2024-07-08T14:00,33.1,0.00,0.00,0.00,33.1,28.8,344,50.0
2024-07-08T15:00,33.3,0.00,0.00,0.00,34.1,24.2,337,49.3
2024-07-08T16:00,32.9,0.20,0.00,0.20,34.0,22.7,331,42.8
2024-07-08T17:00,33.2,0.30,0.00,0.30,34.3,17.5,341,40.0
2024-07-08T18:00,33.2,0.00,0.00,0.00,34.6,14.3,348,31.3
2024-07-08T19:00,31.6,0.10,0.00,0.10,32.7,17.4,18,29.9
2024-07-08T20:00,30.9,0.00,0.00,0.00,32.5,11.8,50,16.9
2024-07-08T21:00,28.2,0.00,0.00,0.00,30.2,11.9,55,25.6
2024-07-08T22:00,27.4,0.00,0.00,0.00,30.4,5.3,28,18.0
2024-07-08T23:00,26.6,0.00,0.00,0.00,30.1,6.4,63,7.9
2024-07-09T00:00,27.2,0.00,0.00,0.00,30.8,2.3,309,7.6
2024-07-09T01:00,25.8,0.00,0.00,0.00,29.6,3.8,253,4.7
2024-07-09T02:00,25.3,0.00,0.00,0.00,28.9,4.1,255,6.5
2024-07-09T03:00,24.8,0.00,0.00,0.00,28.4,4.5,256,6.8
2024-07-09T04:00,24.5,0.00,0.00,0.00,27.8,5.7,252,7.2
2024-07-09T05:00,24.2,0.00,0.00,0.00,27.7,4.4,305,7.6
2024-07-09T06:00,23.7,0.00,0.00,0.00,27.1,5.6,297,6.8
2024-07-09T07:00,24.0,0.00,0.00,0.00,27.9,3.3,311,7.6
2024-07-09T08:00,26.6,0.00,0.00,0.00,30.1,8.1,328,14.4
2024-07-09T09:00,29.0,0.00,0.00,0.00,32.8,6.6,331,15.8
2024-07-09T10:00,30.8,0.00,0.00,0.00,34.6,6.3,347,17.3
2024-07-09T11:00,32.0,0.00,0.00,0.00,35.6,8.4,353,20.2
2024-07-09T12:00,32.9,0.00,0.00,0.00,37.0,9.9,350,23.4
2024-07-09T13:00,33.7,0.00,0.00,0.00,38.2,9.7,358,23.4
2024-07-09T14:00,34.3,0.00,0.00,0.00,38.8,9.0,360,23.4
2024-07-09T15:00,34.6,0.00,0.00,0.00,37.1,11.0,11,23.0
2024-07-09T16:00,34.1,0.00,0.00,0.00,36.1,9.3,28,23.0
2024-07-09T17:00,35.1,0.00,0.00,0.00,38.3,7.4,47,21.2
2024-07-09T18:00,34.1,0.00,0.00,0.00,36.1,10.1,73,20.5
2024-07-09T19:00,33.0,0.10,0.00,0.10,35.1,8.7,95,20.9
2024-07-09T20:00,31.7,0.00,0.00,0.00,35.4,3.6,96,16.9
2024-07-09T21:00,30.3,0.00,0.00,0.00,32.7,7.2,117,9.4
2024-07-09T22:00,29.9,0.00,0.00,0.00,31.3,14.2,117,22.7
2024-07-09T23:00,29.3,0.00,0.00,0.00,31.0,13.2,116,22.3
2024-07-10T00:00,28.6,0.00,0.00,0.00,30.6,11.6,126,20.9
2024-07-10T01:00,27.5,0.00,0.00,0.00,30.4,7.2,153,18.7
2024-07-10T02:00,26.6,0.00,0.00,0.00,30.2,4.8,193,11.2
2024-07-10T03:00,26.1,0.00,0.00,0.00,30.1,4.3,222,7.9
2024-07-10T04:00,25.2,0.00,0.00,0.00,29.4,4.7,266,6.8
2024-07-10T05:00,25.0,0.00,0.00,0.00,29.3,4.0,297,6.1
2024-07-10T06:00,24.6,0.00,0.00,0.00,28.8,4.9,306,6.5
2024-07-10T07:00,24.8,0.00,0.00,0.00,29.4,3.3,276,7.2
2024-07-10T08:00,26.5,0.00,0.00,0.00,31.6,2.3,198,7.9
2024-07-10T09:00,28.5,0.00,0.00,0.00,33.5,3.1,216,11.2
2024-07-10T10:00,29.9,0.00,0.00,0.00,35.0,2.3,252,13.0
2024-07-10T11:00,31.7,0.00,0.00,0.00,36.6,3.4,32,16.2
2024-07-10T12:00,33.0,0.00,0.00,0.00,36.8,7.4,67,19.1
2024-07-10T13:00,33.9,0.00,0.00,0.00,37.0,11.0,79,24.5
2024-07-10T14:00,34.5,0.00,0.00,0.00,36.9,13.3,87,27.7
2024-07-10T15:00,35.0,0.00,0.00,0.00,37.5,13.4,85,28.4
2024-07-10T16:00,34.9,0.00,0.00,0.00,36.5,13.3,92,28.1
2024-07-10T17:00,35.1,0.00,0.00,0.00,35.6,13.7,93,27.4
2024-07-10T18:00,34.6,0.00,0.00,0.00,34.3,14.8,96,27.4
2024-07-10T19:00,33.9,0.00,0.00,0.00,33.3,15.9,93,27.0
2024-07-10T20:00,32.2,0.00,0.00,0.00,32.3,13.7,120,27.7
2024-07-10T21:00,30.4,0.00,0.00,0.00,31.2,12.0,147,22.3
2024-07-10T22:00,29.3,0.00,0.00,0.00,30.5,9.6,146,19.1
2024-07-10T23:00,28.2,0.00,0.00,0.00,29.7,8.0,172,15.1
2024-07-11T00:00,27.0,0.00,0.00,0.00,28.6,10.4,226,16.6
2024-07-11T01:00,26.0,0.00,0.00,0.00,28.1,8.8,235,16.6
2024-07-11T02:00,25.4,0.00,0.00,0.00,27.4,9.7,225,15.1
2024-07-11T03:00,25.0,0.00,0.00,0.00,27.4,7.5,235,15.1
2024-07-11T04:00,24.3,0.00,0.00,0.00,27.2,5.0,270,11.5
2024-07-11T05:00,23.8,0.00,0.00,0.00,26.9,4.9,324,7.9
2024-07-11T06:00,23.4,0.00,0.00,0.00,26.6,5.2,335,7.6
2024-07-11T07:00,23.4,0.00,0.00,0.00,27.1,4.2,340,7.9
2024-07-11T08:00,25.4,0.00,0.00,0.00,28.7,7.1,345,14.0
2024-07-11T09:00,27.8,0.00,0.00,0.00,31.1,5.8,353,14.4
2024-07-11T10:00,29.9,0.00,0.00,0.00,32.9,5.6,15,15.8
2024-07-11T11:00,31.3,0.00,0.00,0.00,35.0,5.8,68,18.4
2024-07-11T12:00,32.3,0.00,0.00,0.00,36.2,6.8,87,19.1
2024-07-11T13:00,33.3,0.00,0.00,0.00,37.3,8.6,88,22.0
2024-07-11T14:00,34.1,0.00,0.00,0.00,37.6,10.1,86,24.1
2024-07-11T15:00,34.4,0.00,0.00,0.00,37.4,11.2,90,24.5
2024-07-11T16:00,34.5,0.00,0.00,0.00,36.8,10.8,86,24.8
2024-07-11T17:00,34.1,0.00,0.00,0.00,35.6,11.2,94,23.8
2024-07-11T18:00,33.8,0.00,0.00,0.00,34.9,10.8,105,23.0
2024-07-11T19:00,33.5,0.00,0.00,0.00,34.6,11.4,108,21.6
2024-07-11T20:00,30.7,0.00,0.00,0.00,31.4,19.7,130,32.8
2024-07-11T21:00,28.9,0.00,0.00,0.00,31.2,13.4,156,32.0
2024-07-11T22:00,28.1,0.00,0.00,0.00,30.8,12.2,161,20.9
2024-07-11T23:00,27.1,0.00,0.00,0.00,30.4,10.6,162,19.4
2024-07-12T00:00,26.4,0.00,0.00,0.00,30.1,9.2,169,16.9
2024-07-12T01:00,25.8,0.00,0.00,0.00,29.9,7.9,183,14.4
2024-07-12T02:00,25.4,0.00,0.00,0.00,29.8,7.0,192,12.6
2024-07-12T03:00,25.1,0.00,0.00,0.00,29.8,6.0,213,10.8
2024-07-12T04:00,24.7,0.00,0.00,0.00,29.6,4.8,228,9.4
2024-07-12T05:00,24.4,0.00,0.00,0.00,29.1,5.9,194,9.0
2024-07-12T06:00,24.2,0.00,0.00,0.00,29.2,4.3,185,10.1
2024-07-12T07:00,24.2,0.00,0.00,0.00,29.2,4.0,180,7.9
2024-07-12T08:00,25.4,0.40,0.00,0.40,29.6,9.0,151,17.6
2024-07-12T09:00,25.0,1.60,0.00,1.60,29.0,9.3,144,24.1
2024-07-12T10:00,26.4,0.00,0.00,0.00,31.1,4.5,151,19.8
2024-07-12T11:00,28.4,0.10,0.00,0.10,33.4,5.0,150,20.2
2024-07-12T12:00,30.0,0.10,0.00,0.10,35.0,8.4,170,22.3
2024-07-12T13:00,31.2,0.00,0.00,0.00,35.7,12.7,165,27.4
2024-07-12T14:00,31.7,0.00,0.00,0.00,35.8,14.3,162,29.2
2024-07-12T15:00,31.8,0.00,0.00,0.00,36.0,14.6,142,30.2
2024-07-12T16:00,32.0,0.00,0.00,0.00,35.3,15.9,141,31.0
2024-07-12T17:00,29.9,0.80,0.00,0.80,32.6,13.6,143,31.3
2024-07-12T18:00,30.7,0.10,0.00,0.10,33.5,13.7,145,26.3
2024-07-12T19:00,29.0,0.50,0.00,0.50,31.5,17.1,158,30.6
2024-07-12T20:00,26.7,0.00,0.00,0.00,29.8,11.6,164,22.0
2024-07-12T21:00,25.8,0.00,0.00,0.00,29.5,7.6,155,18.7
2024-07-12T22:00,25.3,0.00,0.00,0.00,28.8,8.9,166,13.7
2024-07-12T23:00,24.8,0.00,0.00,0.00,28.5,9.1,187,14.4
2024-07-13T00:00,24.8,0.00,0.00,0.00,29.0,7.6,188,14.8
2024-07-13T01:00,24.5,0.00,0.00,0.00,28.6,7.3,191,12.2
2024-07-13T02:00,24.2,0.00,0.00,0.00,28.2,7.9,180,12.6
2024-07-13T03:00,23.8,0.00,0.00,0.00,28.2,5.4,188,12.6
2024-07-13T04:00,23.5,0.00,0.00,0.00,27.9,4.3,185,8.6
2024-07-13T05:00,23.2,0.00,0.00,0.00,27.6,4.2,200,6.8
2024-07-13T06:00,22.9,0.00,0.00,0.00,27.2,4.6,198,6.5
2024-07-13T07:00,23.1,0.00,0.00,0.00,27.5,4.3,204,6.5
2024-07-13T08:00,23.4,0.30,0.00,0.30,27.5,5.2,214,11.9
2024-07-13T09:00,24.3,0.10,0.00,0.10,27.9,9.4,180,18.4
2024-07-13T10:00,26.0,0.00,0.00,0.00,30.1,7.1,195,19.1
2024-07-13T11:00,27.4,0.00,0.00,0.00,31.8,7.1,165,18.4
2024-07-13T12:00,28.5,0.10,0.00,0.10,32.6,10.5,176,23.8
2024-07-13T13:00,29.8,0.10,0.00,0.10,35.2,13.7,185,29.2
2024-07-13T14:00,30.7,0.10,0.00,0.10,36.6,13.4,188,29.5
2024-07-13T15:00,31.2,0.10,0.00,0.10,36.6,13.7,185,29.5
2024-07-13T16:00,31.7,0.00,0.00,0.00,36.6,14.1,186,28.8
2024-07-13T17:00,31.1,0.10,0.00,0.10,35.0,15.2,187,28.4
2024-07-13T18:00,30.1,0.00,0.00,0.00,33.5,13.9,190,28.8
2024-07-13T19:00,29.1,0.00,0.00,0.00,33.1,9.7,165,25.2
2024-07-13T20:00,25.9,0.10,0.00,0.10,30.8,6.6,139,12.6
2024-07-13T21:00,25.3,0.00,0.00,0.00,30.2,7.8,146,11.9
2024-07-13T22:00,25.2,0.00,0.00,0.00,30.0,8.6,165,13.7
2024-07-13T23:00,25.1,0.00,0.00,0.00,29.4,11.6,175,17.6
2024-07-14T00:00,25.1,0.00,0.00,0.00,29.1,12.7,187,19.8
2024-07-14T01:00,24.7,0.00,0.00,0.00,28.9,10.1,180,19.8
2024-07-14T02:00,24.4,0.00,0.00,0.00,28.6,9.4,178,16.2
2024-07-14T03:00,23.9,0.00,0.00,0.00,28.6,6.5,180,15.1
2024-07-14T04:00,23.8,0.00,0.00,0.00,28.6,5.6,195,10.4
2024-07-14T05:00,23.6,0.00,0.00,0.00,28.3,6.2,201,9.7
2024-07-14T06:00,23.4,0.00,0.00,0.00,28.2,4.8,207,9.7
2024-07-14T07:00,23.6,0.00,0.00,0.00,28.5,4.2,211,7.6
2024-07-14T08:00,25.9,0.00,0.00,0.00,30.2,12.4,210,19.8
2024-07-14T09:00,27.3,0.00,0.00,0.00,31.1,14.7,208,25.6
2024-07-14T10:00,28.2,0.00,0.00,0.00,32.1,13.8,208,25.9
2024-07-14T11:00,29.3,0.00,0.00,0.00,33.2,14.0,203,27.0
2024-07-14T12:00,30.1,0.00,0.00,0.00,34.3,13.4,200,27.4
2024-07-14T13:00,30.4,0.00,0.00,0.00,34.4,14.2,201,27.7
2024-07-14T14:00,30.8,0.00,0.00,0.00,34.6,14.9,200,28.4
2024-07-14T15:00,31.5,0.00,0.00,0.00,35.7,15.3,195,29.5
2024-07-14T16:00,31.9,0.00,0.00,0.00,35.6,15.3,195,29.2
2024-07-14T17:00,31.5,0.00,0.00,0.00,34.0,15.2,194,28.8
2024-07-14T18:00,30.7,0.00,0.00,0.00,33.2,15.5,183,27.4
2024-07-14T19:00,30.5,0.00,0.00,0.00,32.9,16.8,157,27.4
2024-07-14T20:00,29.6,0.00,0.00,0.00,32.7,11.9,177,25.6
2024-07-14T21:00,28.3,0.00,0.00,0.00,31.7,10.7,166,20.5
2024-07-14T22:00,27.5,0.00,0.00,0.00,30.5,15.5,179,24.1
2024-07-14T23:00,26.3,0.00,0.00,0.00,30.1,12.3,173,24.8
2024-07-15T00:00,25.8,0.00,0.00,0.00,30.0,10.8,178,20.2
2024-07-15T01:00,25.5,0.00,0.00,0.00,29.7,10.8,182,17.6
2024-07-15T02:00,25.2,0.00,0.00,0.00,29.7,9.1,189,17.3
2024-07-15T03:00,25.0,0.00,0.00,0.00,29.4,10.1,197,15.8
2024-07-15T04:00,24.9,0.00,0.00,0.00,29.3,9.3,196,16.2
2024-07-15T05:00,24.5,0.00,0.00,0.00,29.0,8.3,198,14.8
2024-07-15T06:00,24.0,0.00,0.00,0.00,28.9,5.2,196,13.3
2024-07-15T07:00,23.9,0.00,0.00,0.00,28.8,5.1,176,8.3
2024-07-15T08:00,25.8,0.00,0.00,0.00,29.8,12.3,187,20.5
2024-07-15T09:00,27.3,0.00,0.00,0.00,31.0,14.2,196,25.6
2024-07-15T10:00,28.9,0.00,0.00,0.00,32.5,14.5,203,28.4
2024-07-15T11:00,30.1,0.00,0.00,0.00,34.3,13.1,196,27.7
2024-07-15T12:00,31.4,0.00,0.00,0.00,35.8,14.1,193,28.1
2024-07-15T13:00,32.5,0.00,0.00,0.00,37.1,15.5,192,30.6
2024-07-15T14:00,33.4,0.00,0.00,0.00,37.8,16.8,190,32.4
2024-07-15T15:00,33.8,0.00,0.00,0.00,38.1,16.6,193,32.4
2024-07-15T16:00,34.2,0.00,0.00,0.00,37.9,16.0,189,31.7
2024-07-15T17:00,34.3,0.00,0.00,0.00,36.8,16.5,191,30.6
2024-07-15T18:00,33.8,0.00,0.00,0.00,35.1,18.2,189,31.7
2024-07-15T19:00,33.2,0.00,0.00,0.00,34.6,16.9,191,31.7
2024-07-15T20:00,32.3,0.00,0.00,0.00,34.1,16.5,191,26.3
2024-07-15T21:00,30.7,0.00,0.00,0.00,33.2,12.0,187,26.3
2024-07-15T22:00,29.6,0.00,0.00,0.00,31.5,14.8,174,23.4
2024-07-15T23:00,28.6,0.00,0.00,0.00,30.4,15.0,163,23.8
2024-07-16T00:00,27.6,0.00,0.00,0.00,29.8,18.7,180,29.9
2024-07-16T01:00,27.3,0.00,0.00,0.00,29.3,18.8,192,29.9
2024-07-16T02:00,26.7,0.00,0.00,0.00,28.5,19.1,196,31.0
2024-07-16T03:00,26.0,0.00,0.00,0.00,27.8,16.6,202,30.6
2024-07-16T04:00,25.1,0.00,0.00,0.00,27.1,13.0,204,26.3
2024-07-16T05:00,24.2,0.00,0.00,0.00,26.1,11.2,201,20.5
2024-07-16T06:00,23.7,0.00,0.00,0.00,25.6,10.5,196,17.6
2024-07-16T07:00,23.4,0.00,0.00,0.00,25.5,11.0,191,16.9
2024-07-16T08:00,25.0,0.00,0.00,0.00,27.5,14.6,200,23.4
2024-07-16T09:00,26.9,0.00,0.00,0.00,29.4,18.3,200,31.7
2024-07-16T10:00,28.9,0.00,0.00,0.00,30.9,20.5,204,36.7
2024-07-16T11:00,30.5,0.00,0.00,0.00,33.4,17.1,205,36.0
2024-07-16T12:00,31.9,0.00,0.00,0.00,35.9,15.0,204,32.4
2024-07-16T13:00,33.1,0.00,0.00,0.00,37.7,13.8,200,29.9
2024-07-16T14:00,34.0,0.00,0.00,0.00,38.6,14.5,194,29.9
2024-07-16T15:00,34.8,0.00,0.00,0.00,38.8,15.3,189,30.6
2024-07-16T16:00,35.2,0.00,0.00,0.00,38.2,16.7,187,32.0
2024-07-16T17:00,35.2,0.00,0.00,0.00,37.9,14.8,198,32.0
2024-07-16T18:00,35.0,0.00,0.00,0.00,34.3,20.9,177,34.9
2024-07-16T19:00,33.0,0.00,0.00,0.00,32.5,26.4,151,37.8
2024-07-16T20:00,33.0,0.00,0.00,0.00,34.3,15.5,158,24.8
2024-07-16T21:00,31.4,0.00,0.00,0.00,32.9,15.8,159,26.6
2024-07-16T22:00,30.3,0.00,0.00,0.00,31.9,18.2,166,28.8
2024-07-16T23:00,29.6,0.00,0.00,0.00,31.3,18.1,173,29.2
2024-07-17T00:00,28.7,0.00,0.00,0.00,30.3,19.8,178,31.3
2024-07-17T01:00,27.8,0.00,0.00,0.00,29.5,20.5,181,32.8
2024-07-17T02:00,27.1,0.00,0.00,0.00,29.6,15.6,188,32.8
2024-07-17T03:00,26.2,0.00,0.00,0.00,29.1,13.4,186,24.5
2024-07-17T04:00,25.6,0.00,0.00,0.00,29.0,11.7,191,21.2
2024-07-17T05:00,25.1,0.00,0.00,0.00,29.2,7.4,203,18.7
2024-07-17T06:00,24.5,0.00,0.00,0.00,29.0,5.6,207,11.9
2024-07-17T07:00,24.3,0.00,0.00,0.00,28.9,5.5,203,9.0
2024-07-17T08:00,25.9,0.00,0.00,0.00,30.8,4.8,222,10.4
2024-07-17T09:00,27.8,0.00,0.00,0.00,32.3,8.2,218,17.6
2024-07-17T10:00,29.7,0.00,0.00,0.00,33.8,11.8,203,23.8
2024-07-17T11:00,31.4,0.00,0.00,0.00,35.6,11.6,206,26.6
2024-07-17T12:00,32.6,0.00,0.00,0.00,37.7,8.7,197,25.2
2024-07-17T13:00,33.8,0.00,0.00,0.00,39.2,6.6,193,22.0
2024-07-17T14:00,34.9,0.00,0.00,0.00,39.7,8.8,189,22.0
2024-07-17T15:00,35.7,0.00,0.00,0.00,39.9,10.3,192,23.8
2024-07-17T16:00,35.6,0.00,0.00,0.00,38.3,14.9,187,29.2
2024-07-17T17:00,34.6,0.00,0.00,0.00,36.1,14.4,183,30.6
2024-07-17T18:00,34.8,0.00,0.00,0.00,37.5,8.0,188,27.0
2024-07-17T19:00,34.5,0.00,0.00,0.00,36.6,10.4,166,18.4
2024-07-17T20:00,32.8,0.00,0.00,0.00,36.1,5.4,340,10.4
2024-07-17T21:00,31.1,0.00,0.00,0.00,34.6,4.2,59,8.6
2024-07-17T22:00,30.5,0.00,0.00,0.00,33.4,8.6,112,13.3
2024-07-17T23:00,30.1,0.00,0.00,0.00,32.7,12.8,158,19.4
2024-07-18T00:00,29.4,0.00,0.00,0.00,32.3,14.8,177,23.4
2024-07-18T01:00,28.3,0.00,0.00,0.00,32.0,12.6,183,23.4
2024-07-18T02:00,27.9,0.00,0.00,0.00,32.2,9.4,198,20.2
2024-07-18T03:00,27.8,0.00,0.00,0.00,32.2,8.0,207,14.8
2024-07-18T04:00,27.6,0.00,0.00,0.00,31.9,8.2,209,13.0
2024-07-18T05:00,27.1,0.00,0.00,0.00,31.6,5.4,233,12.6
2024-07-18T06:00,26.7,0.00,0.00,0.00,31.4,3.8,221,8.3
2024-07-18T07:00,26.1,0.00,0.00,0.00,30.6,4.7,189,7.2
2024-07-18T08:00,24.3,8.10,0.00,8.10,28.8,6.2,7,15.5
2024-07-18T09:00,23.9,3.30,0.00,3.30,28.6,4.3,294,10.4
2024-07-18T10:00,24.6,0.10,0.00,0.10,28.6,9.4,268,18.4
2024-07-18T11:00,27.5,0.00,0.00,0.00,30.8,14.2,277,27.4
2024-07-18T12:00,29.9,0.00,0.00,0.00,35.3,9.7,301,27.0
2024-07-18T13:00,31.5,0.00,0.00,0.00,37.6,6.4,322,22.0
2024-07-18T14:00,32.7,0.00,0.00,0.00,38.5,10.2,321,25.2
2024-07-18T15:00,34.0,0.00,0.00,0.00,38.8,11.9,335,26.3
2024-07-18T16:00,34.2,0.00,0.00,0.00,37.0,13.4,346,27.0
2024-07-18T17:00,34.5,0.00,0.00,0.00,36.7,11.4,349,25.2
2024-07-18T18:00,34.7,0.00,0.00,0.00,36.2,10.0,345,21.6
2024-07-18T19:00,34.1,0.00,0.00,0.00,36.6,7.2,37,17.6
2024-07-18T20:00,29.1,0.20,0.00,0.20,32.0,9.6,214,22.3
2024-07-18T21:00,28.3,0.00,0.00,0.00,31.7,7.7,208,16.9
2024-07-18T22:00,27.7,0.00,0.00,0.00,32.1,3.6,217,11.5
2024-07-18T23:00,27.3,0.00,0.00,0.00,31.3,4.7,189,7.2
2024-07-19T00:00,26.9,0.00,0.00,0.00,31.1,5.0,180,7.6
2024-07-19T01:00,26.4,0.00,0.00,0.00,30.7,4.1,135,6.1
2024-07-19T02:00,26.5,0.00,0.00,0.00,30.6,4.3,175,7.2
2024-07-19T03:00,25.2,0.00,0.00,0.00,29.3,4.6,252,7.2
2024-07-19T04:00,24.6,0.00,0.00,0.00,29.0,2.7,337,7.2
2024-07-19T05:00,24.3,0.00,0.00,0.00,28.9,3.3,49,6.5
2024-07-19T06:00,24.2,0.00,0.00,0.00,28.8,4.0,185,4.7
2024-07-19T07:00,24.2,0.00,0.00,0.00,28.6,4.1,142,7.2
2024-07-19T08:00,24.3,0.10,0.00,0.10,27.0,16.6,355,27.0
2024-07-19T09:00,24.7,1.30,0.00,1.30,28.9,5.2,78,28.1
2024-07-19T10:00,26.0,0.00,0.00,0.00,30.0,5.9,52,15.8
2024-07-19T11:00,28.3,0.00,0.00,0.00,31.7,8.4,43,19.4
2024-07-19T12:00,30.1,0.00,0.00,0.00,35.7,5.4,42,21.6
2024-07-19T13:00,31.2,0.00,0.00,0.00,37.1,6.9,39,22.7
2024-07-19T14:00,32.1,0.00,0.00,0.00,37.5,9.3,36,23.0
2024-07-19T15:00,32.8,0.00,0.00,0.00,37.4,9.3,36,22.7
2024-07-19T16:00,33.5,0.00,0.00,0.00,37.1,11.2,33,24.5
2024-07-19T17:00,33.4,0.00,0.00,0.00,35.6,11.9,35,24.5
2024-07-19T18:00,33.0,0.00,0.00,0.00,34.6,11.8,38,24.1
2024-07-19T19:00,32.4,0.00,0.00,0.00,34.1,11.2,45,23.0
2024-07-19T20:00,31.1,0.00,0.00,0.00,32.8,11.9,61,24.5
2024-07-19T21:00,29.8,0.00,0.00,0.00,31.3,12.9,77,20.9
2024-07-19T22:00,28.7,0.00,0.00,0.00,30.7,10.9,81,20.9
2024-07-19T23:00,27.7,0.00,0.00,0.00,30.0,9.5,79,16.9
2024-07-20T00:00,27.2,0.00,0.00,0.00,29.5,9.4,94,15.5
2024-07-20T01:00,26.6,0.00,0.00,0.00,29.2,7.2,108,14.8
2024-07-20T02:00,25.6,0.00,0.00,0.00,28.5,5.8,112,11.5
2024-07-20T03:00,25.0,0.00,0.00,0.00,27.9,5.4,98,8.6
2024-07-20T04:00,24.3,0.00,0.00,0.00,27.2,5.5,67,8.3
2024-07-20T05:00,23.6,0.00,0.00,0.00,26.5,6.3,77,7.9
2024-07-20T06:00,24.2,0.00,0.00,0.00,27.4,3.8,73,7.9
2024-07-20T07:00,24.1,0.00,0.00,0.00,27.6,1.8,281,4.7
2024-07-20T08:00,24.8,0.10,0.00,0.10,28.9,4.9,36,10.4
2024-07-20T09:00,26.5,0.00,0.00,0.00,30.8,3.3,96,12.2
2024-07-20T10:00,28.2,0.00,0.00,0.00,33.2,0.7,360,11.2
2024-07-20T11:00,30.0,0.00,0.00,0.00,35.5,1.5,45,12.2
2024-07-20T12:00,31.3,0.00,0.00,0.00,37.0,1.8,79,13.3
2024-07-20T13:00,32.4,0.00,0.00,0.00,38.1,2.6,56,14.4
2024-07-20T14:00,33.1,0.00,0.00,0.00,38.7,3.3,13,15.1
2024-07-20T15:00,33.7,0.00,0.00,0.00,38.8,3.2,27,15.1
2024-07-20T16:00,34.3,0.00,0.00,0.00,37.9,7.0,78,17.6
2024-07-20T17:00,34.4,0.00,0.00,0.00,36.4,10.8,88,22.7
2024-07-20T18:00,34.1,0.00,0.00,0.00,34.5,13.3,93,24.8
2024-07-20T19:00,33.3,0.00,0.00,0.00,33.3,13.6,107,24.8
2024-07-20T20:00,31.8,0.00,0.00,0.00,31.9,19.2,96,32.0
2024-07-20T21:00,30.2,0.00,0.00,0.00,31.5,13.0,104,30.6
2024-07-20T22:00,29.2,0.00,0.00,0.00,31.1,9.4,97,20.2
2024-07-20T23:00,28.4,0.00,0.00,0.00,30.0,11.0,101,17.3
2024-07-21T00:00,27.5,0.00,0.00,0.00,29.4,9.5,127,18.0
2024-07-21T01:00,26.5,0.00,0.00,0.00,29.7,8.2,151,15.1
2024-07-21T02:00,26.1,0.00,0.00,0.00,29.6,9.9,161,15.5
2024-07-21T03:00,25.7,0.00,0.00,0.00,29.8,7.6,180,15.5
2024-07-21T04:00,25.3,0.00,0.00,0.00,29.9,5.9,191,12.2
2024-07-21T05:00,24.9,0.00,0.00,0.00,29.7,4.6,198,9.7
2024-07-21T06:00,24.4,0.00,0.00,0.00,29.4,4.3,185,7.2
2024-07-21T07:00,24.5,0.00,0.00,0.00,29.6,4.0,190,6.5
2024-07-21T08:00,26.3,0.00,0.00,0.00,31.0,9.2,219,16.9
2024-07-21T09:00,27.8,0.00,0.00,0.00,32.5,7.1,221,18.7
2024-07-21T10:00,29.4,0.00,0.00,0.00,33.9,5.1,219,16.9
2024-07-21T11:00,31.1,0.00,0.00,0.00,36.3,2.7,203,15.8
2024-07-21T12:00,32.5,0.00,0.00,0.00,38.1,2.2,180,15.1
2024-07-21T13:00,33.6,0.00,0.00,0.00,39.6,0.0,270,15.1
2024-07-21T14:00,34.3,0.00,0.00,0.00,40.0,2.6,56,14.4
2024-07-21T15:00,35.1,0.00,0.00,0.00,39.3,6.2,100,18.0
2024-07-21T16:00,35.5,0.00,0.00,0.00,37.2,11.1,144,23.4
2024-07-21T17:00,28.8,1.30,0.00,1.30,31.8,17.3,48,32.4
2024-07-21T18:00,29.5,0.20,0.00,0.20,32.6,10.1,358,30.2
2024-07-21T19:00,30.9,0.00,0.00,0.00,33.4,8.4,329,20.2
2024-07-21T20:00,26.2,2.80,0.00,2.80,31.6,6.5,180,16.9
2024-07-21T21:00,25.7,0.60,0.00,0.60,30.5,8.4,200,15.5
2024-07-21T22:00,25.6,0.00,0.00,0.00,31.0,3.7,151,13.3
2024-07-21T23:00,25.2,0.00,0.00,0.00,30.8,3.4,148,6.5
2024-07-22T00:00,25.4,0.00,0.00,0.00,31.1,1.0,315,5.0
2024-07-22T01:00,24.7,0.90,0.00,0.90,30.1,2.9,263,5.0
2024-07-22T02:00,24.6,1.30,0.00,1.30,29.6,3.8,49,6.5
2024-07-22T03:00,24.2,0.00,0.00,0.00,29.7,2.3,108,6.8
2024-07-22T04:00,24.0,0.00,0.00,0.00,29.5,2.9,83,5.4
2024-07-22T05:00,23.9,0.00,0.00,0.00,29.4,2.3,51,5.4
2024-07-22T06:00,23.8,0.00,0.00,0.00,29.1,3.1,54,4.7
2024-07-22T07:00,23.8,0.00,0.00,0.00,29.0,3.8,139,5.8
2024-07-22T08:00,26.1,0.00,0.00,0.00,30.7,9.5,205,17.3
2024-07-22T09:00,27.1,0.00,0.00,0.00,32.2,6.2,216,17.3
2024-07-22T10:00,28.3,0.10,0.00,0.10,32.8,9.5,209,19.8
2024-07-22T11:00,29.3,0.30,0.00,0.30,33.9,8.7,204,20.5
2024-07-22T12:00,29.7,0.20,0.00,0.20,34.2,8.1,201,20.5
2024-07-22T13:00,30.0,0.10,0.00,0.10,34.5,6.5,199,18.7
2024-07-22T14:00,30.8,0.00,0.00,0.00,35.5,3.7,241,17.6
2024-07-22T15:00,29.0,1.10,0.00,1.10,32.5,12.4,292,26.3
2024-07-22T16:00,27.6,0.40,0.00,0.40,31.6,11.0,328,29.5
2024-07-22T17:00,29.1,0.30,0.00,0.30,32.9,12.6,149,20.9
2024-07-22T18:00,27.8,1.10,0.00,1.10,31.9,6.3,167,27.0
2024-07-22T19:00,28.2,0.00,0.00,0.00,32.3,3.8,131,14.4
2024-07-22T20:00,24.5,1.00,0.00,1.00,28.6,7.1,15,12.6
2024-07-22T21:00,24.1,1.50,0.00,1.50,28.6,6.1,87,12.6
2024-07-22T22:00,23.9,1.30,0.00,1.30,28.3,6.8,108,14.8
2024-07-22T23:00,24.0,0.10,0.00,0.10,28.3,7.6,155,12.6
2024-07-23T00:00,23.7,0.30,0.00,0.30,28.6,4.2,200,12.2
2024-07-23T01:00,23.7,0.80,0.00,0.80,28.5,5.1,172,8.3
2024-07-23T02:00,23.8,0.10,0.00,0.10,29.0,1.3,146,8.3
2024-07-23T03:00,23.5,0.10,0.00,0.10,28.4,3.7,281,5.0
2024-07-23T04:00,23.0,0.50,0.00,0.50,27.0,9.1,9,15.5
2024-07-23T05:00,22.7,0.00,0.00,0.00,26.7,6.5,354,15.1
2024-07-23T06:00,22.8,0.10,0.00,0.10,26.4,9.0,355,14.4
2024-07-23T07:00,23.0,0.10,0.00,0.10,26.7,8.7,336,17.3
2024-07-23T08:00,23.4,10.60,0.00,10.60,27.4,7.4,113,15.1
2024-07-23T09:00,23.4,2.00,0.00,2.00,27.9,5.6,40,15.5
2024-07-23T10:00,24.2,0.30,0.00,0.30,28.3,8.1,103,19.4
2024-07-23T11:00,25.8,0.30,0.00,0.30,29.8,7.9,74,18.7
2024-07-23T12:00,27.0,0.20,0.00,0.20,31.4,6.8,72,22.3
2024-07-23T13:00,27.8,0.20,0.00,0.20,32.0,8.5,78,22.7
2024-07-23T14:00,28.8,0.10,0.00,0.10,32.7,7.2,84,21.2
2024-07-23T15:00,28.7,0.00,0.00,0.00,32.2,8.0,98,18.0
2024-07-23T16:00,28.9,0.50,0.00,0.50,32.8,7.9,120,19.4
2024-07-23T17:00,29.5,0.00,0.00,0.00,33.6,6.9,96,18.0
2024-07-23T18:00,29.2,0.00,0.00,0.00,33.1,6.5,71,16.2
2024-07-23T19:00,27.6,0.10,0.00,0.10,31.0,11.6,30,18.7
2024-07-23T20:00,23.1,0.60,0.00,0.60,27.3,5.4,180,14.8
2024-07-23T21:00,23.1,0.10,0.00,0.10,27.5,4.9,54,10.8
2024-07-23T22:00,23.1,0.00,0.00,0.00,27.9,3.0,14,8.6
2024-07-23T23:00,23.1,0.00,0.00,0.00,27.7,2.9,7,4.7
2024-07-24T00:00,22.6,0.00,0.00,0.00,27.1,2.1,329,4.7
2024-07-24T01:00,22.3,0.00,0.00,0.00,26.7,3.3,319,5.8
2024-07-24T02:00,22.2,0.00,0.00,0.00,26.4,3.9,326,6.5
2024-07-24T03:00,22.3,0.00,0.00,0.00,26.4,5.0,330,7.9
2024-07-24T04:00,22.1,0.00,0.00,0.00,26.0,5.0,339,7.9
2024-07-24T05:00,22.2,0.00,0.00,0.00,26.1,5.2,348,7.9
2024-07-24T06:00,22.1,0.00,0.00,0.00,26.1,4.4,351,7.9
2024-07-24T07:00,22.2,0.00,0.00,0.00,26.0,6.2,350,10.1
2024-07-24T08:00,22.7,0.30,0.00,0.30,26.3,8.9,27,14.4
2024-07-24T09:00,24.1,0.10,0.00,0.10,28.6,4.2,31,18.0
2024-07-24T10:00,25.9,0.00,0.00,0.00,30.1,7.3,351,16.6
2024-07-24T11:00,27.3,0.00,0.00,0.00,31.4,8.8,12,19.4
2024-07-24T12:00,28.7,0.10,0.00,0.10,34.2,9.3,28,22.7
2024-07-24T13:00,29.4,0.10,0.00,0.10,34.8,9.7,42,21.6
2024-07-24T14:00,30.2,0.00,0.00,0.00,36.0,9.7,45,22.3
2024-07-24T15:00,29.8,0.20,0.00,0.20,34.5,9.8,54,22.0
2024-07-24T16:00,30.0,0.00,0.00,0.00,34.4,9.8,66,21.6
2024-07-24T17:00,29.9,0.00,0.00,0.00,33.2,9.4,72,20.9
2024-07-24T18:00,29.9,0.00,0.00,0.00,33.1,9.5,65,19.4
2024-07-24T19:00,29.4,0.00,0.00,0.00,32.6,10.3,78,17.6
2024-07-24T20:00,25.1,0.10,0.00,0.10,28.7,10.2,129,24.1
2024-07-24T21:00,24.5,0.00,0.00,0.00,29.2,4.0,170,16.6
2024-07-24T22:00,24.1,0.00,0.00,0.00,29.2,2.3,288,6.1
2024-07-24T23:00,23.5,0.00,0.00,0.00,28.5,2.7,337,4.7
2024-07-25T00:00,23.2,0.00,0.00,0.00,27.9,4.3,336,6.8
2024-07-25T01:00,22.7,0.00,0.00,0.00,27.2,4.2,329,7.2
2024-07-25T02:00,22.6,0.00,0.00,0.00,27.1,3.9,304,6.5
2024-07-25T03:00,22.6,0.00,0.00,0.00,26.7,5.4,312,8.3
2024-07-25T04:00,22.1,0.00,0.00,0.00,26.0,6.3,329,8.6
2024-07-25T05:00,22.0,0.90,0.00,0.90,25.8,6.5,93,11.9
2024-07-25T06:00,22.2,0.20,0.00,0.20,25.9,6.4,344,11.5
2024-07-25T07:00,21.9,0.00,0.00,0.00,26.0,3.6,354,10.8
2024-07-25T08:00,22.5,1.40,0.00,1.40,25.9,8.4,340,15.8
2024-07-25T09:00,23.5,3.10,0.00,3.10,26.1,11.6,26,22.3
2024-07-25T10:00,24.1,8.60,0.00,8.60,27.3,9.2,26,20.9
2024-07-25T11:00,26.2,0.20,0.00,0.20,29.3,10.5,41,24.8
2024-07-25T12:00,27.8,0.00,0.00,0.00,32.6,11.0,67,24.1
2024-07-25T13:00,28.6,0.00,0.00,0.00,34.1,8.4,70,23.8
2024-07-25T14:00,29.4,0.00,0.00,0.00,36.1,5.7,55,20.5
2024-07-25T15:00,29.6,0.10,0.00,0.10,36.0,5.9,38,18.0
2024-07-25T16:00,30.1,0.00,0.00,0.00,35.1,9.4,43,20.2
2024-07-25T17:00,27.7,0.90,0.00,0.90,31.3,12.7,29,28.8
2024-07-25T18:00,28.0,0.00,0.00,0.00,32.1,6.9,62,24.8
2024-07-25T19:00,28.0,0.00,0.00,0.00,32.0,6.9,51,15.1
2024-07-25T20:00,26.8,0.00,0.00,0.00,31.2,5.1,98,11.9
2024-07-25T21:00,26.0,0.00,0.00,0.00,30.7,4.0,85,7.9
2024-07-25T22:00,25.1,0.00,0.00,0.00,29.7,5.0,120,6.8
2024-07-25T23:00,24.4,0.00,0.00,0.00,28.9,5.1,129,7.2
2024-07-26T00:00,24.1,0.00,0.00,0.00,28.8,4.0,100,7.2
2024-07-26T01:00,23.3,0.00,0.00,0.00,28.2,2.2,9,4.7
2024-07-26T02:00,22.9,0.00,0.00,0.00,27.4,3.8,107,4.3
2024-07-26T03:00,22.8,0.00,0.00,0.00,27.4,3.8,107,6.1
2024-07-26T04:00,22.5,0.00,0.00,0.00,26.9,3.9,146,6.1
2024-07-26T05:00,22.5,0.00,0.00,0.00,26.5,6.2,190,9.7
2024-07-26T06:00,22.0,0.00,0.00,0.00,26.2,3.4,212,9.7
2024-07-26T07:00,22.0,0.00,0.00,0.00,26.2,3.6,233,5.8
2024-07-26T08:00,23.5,0.00,0.00,0.00,27.7,4.8,333,12.6
2024-07-26T09:00,25.1,0.00,0.00,0.00,29.7,4.3,355,11.9
2024-07-26T10:00,26.8,0.10,0.00,0.10,31.2,6.9,39,16.6
2024-07-26T11:00,27.0,0.10,0.00,0.10,31.2,8.0,100,17.6
2024-07-26T12:00,25.2,2.80,0.00,2.80,28.7,10.6,118,24.5
2024-07-26T13:00,27.1,0.20,0.00,0.20,31.8,5.4,82,22.3
2024-07-26T14:00,27.8,0.10,0.00,0.10,32.6,6.8,108,17.6
2024-07-26T15:00,28.2,0.10,0.00,0.10,32.8,6.4,117,18.0
2024-07-26T16:00,28.3,0.10,0.00,0.10,32.3,6.2,97,16.9
2024-07-26T17:00,28.3,0.00,0.00,0.00,31.8,7.1,105,15.5
2024-07-26T18:00,28.0,0.00,0.00,0.00,31.5,8.1,122,15.1
2024-07-26T19:00,27.0,0.20,0.00,0.20,30.3,10.0,139,19.4
2024-07-26T20:00,24.9,0.00,0.00,0.00,28.6,9.5,191,24.1
2024-07-26T21:00,24.2,0.00,0.00,0.00,28.0,6.9,171,15.8
2024-07-26T22:00,23.9,0.00,0.00,0.00,27.9,5.9,169,10.4
2024-07-26T23:00,23.6,0.00,0.00,0.00,27.8,4.2,149,9.4
2024-07-27T00:00,23.2,0.00,0.00,0.00,27.3,5.2,146,8.3
2024-07-27T01:00,23.1,0.00,0.00,0.00,27.1,5.6,153,9.0
2024-07-27T02:00,22.9,0.00,0.00,0.00,27.0,5.0,180,9.0
2024-07-27T03:00,22.5,0.00,0.00,0.00,26.8,3.8,197,7.9
2024-07-27T04:00,22.3,0.00,0.00,0.00,26.5,5.2,168,6.5
2024-07-27T05:00,22.6,0.00,0.00,0.00,27.1,3.1,144,6.1
2024-07-27T06:00,22.3,0.00,0.00,0.00,26.9,2.6,124,4.3
2024-07-27T07:00,22.8,0.00,0.00,0.00,26.3,11.0,142,16.6
2024-07-27T08:00,22.8,0.00,0.00,0.00,26.2,9.5,151,19.1
2024-07-27T09:00,23.9,0.00,0.00,0.00,27.0,9.8,174,18.7
2024-07-27T10:00,25.5,0.00,0.00,0.00,28.8,9.4,180,21.2
2024-07-27T11:00,26.9,0.10,0.00,0.10,30.4,8.5,168,20.2
2024-07-27T12:00,27.9,0.30,0.00,0.30,31.4,9.4,162,20.5
2024-07-27T13:00,28.4,0.30,0.00,0.30,32.0,13.0,166,25.6
2024-07-27T14:00,28.4,0.60,0.00,0.60,32.3,14.8,167,28.8
2024-07-27T15:00,28.9,0.30,0.00,0.30,31.5,14.6,171,28.8
2024-07-27T16:00,29.6,0.00,0.00,0.00,32.6,12.1,170,27.0
2024-07-27T17:00,29.8,0.00,0.00,0.00,32.6,11.4,167,23.4
2024-07-27T18:00,29.6,0.00,0.00,0.00,32.0,13.7,162,23.4
2024-07-27T19:00,28.1,0.00,0.00,0.00,29.9,22.3,162,35.6
2024-07-27T20:00,26.5,0.00,0.00,0.00,29.0,15.0,153,29.5
2024-07-27T21:00,25.4,0.00,0.00,0.00,28.4,11.1,155,24.1
2024-07-27T22:00,24.7,0.00,0.00,0.00,28.0,9.0,157,18.0
2024-07-27T23:00,24.1,0.00,0.00,0.00,27.5,9.9,161,16.2
2024-07-28T00:00,23.6,0.00,0.00,0.00,27.3,8.8,168,15.8
2024-07-28T01:00,23.2,0.00,0.00,0.00,27.1,8.0,172,14.0
2024-07-28T02:00,23.0,0.00,0.00,0.00,27.1,6.2,170,12.6
2024-07-28T03:00,22.7,0.00,0.00,0.00,27.0,5.0,159,9.7
2024-07-28T04:00,22.8,0.00,0.00,0.00,26.9,7.1,139,11.2
2024-07-28T05:00,23.5,0.00,0.00,0.00,26.7,12.8,148,20.5
2024-07-28T06:00,23.4,0.00,0.00,0.00,26.6,10.9,171,21.2
2024-07-28T07:00,22.8,0.00,0.00,0.00,25.8,11.4,145,17.6
2024-07-28T08:00,22.9,5.50,0.00,5.50,27.0,5.8,263,18.0
2024-07-28T09:00,24.1,0.60,0.00,0.60,28.4,5.9,166,15.1
2024-07-28T10:00,24.8,0.40,0.00,0.40,28.4,12.7,205,22.7
2024-07-28T11:00,26.4,0.30,0.00,0.30,29.1,18.5,193,38.5
2024-07-28T12:00,27.8,0.10,0.00,0.10,31.4,20.6,185,36.7
2024-07-28T13:00,28.6,0.00,0.00,0.00,31.8,21.2,195,38.2
2024-07-28T14:00,30.1,0.00,0.00,0.00,34.9,18.0,192,42.5
2024-07-28T15:00,30.5,0.00,0.00,0.00,35.4,20.5,183,40.3
2024-07-28T16:00,31.2,0.00,0.00,0.00,34.8,20.2,184,40.7
2024-07-28T17:00,30.8,0.00,0.00,0.00,33.9,21.0,186,41.0
2024-07-28T18:00,29.6,0.40,0.00,0.40,33.0,18.0,178,37.4
2024-07-28T19:00,29.3,0.00,0.00,0.00,32.8,16.3,166,30.2
2024-07-28T20:00,28.2,0.00,0.00,0.00,31.9,14.5,145,32.4
2024-07-28T21:00,27.1,0.00,0.00,0.00,30.8,14.2,150,23.4
2024-07-28T22:00,26.5,0.00,0.00,0.00,30.3,13.0,152,22.3
2024-07-28T23:00,26.1,0.00,0.00,0.00,30.1,13.0,156,20.9
2024-07-29T00:00,26.0,0.00,0.00,0.00,29.8,14.8,157,23.4
2024-07-29T01:00,25.8,0.00,0.00,0.00,29.4,16.3,166,25.9
2024-07-29T02:00,25.3,0.00,0.00,0.00,29.1,15.2,175,25.9
2024-07-29T03:00,25.0,0.00,0.00,0.00,28.8,15.2,173,24.5
2024-07-29T04:00,24.8,0.00,0.00,0.00,28.6,16.0,172,25.2
2024-07-29T05:00,24.7,0.00,0.00,0.00,28.7,14.9,172,25.6
2024-07-29T06:00,24.7,0.00,0.00,0.00,28.8,13.5,171,24.1
2024-07-29T07:00,24.9,0.00,0.00,0.00,29.2,13.1,171,21.6
2024-07-29T08:00,26.0,0.20,0.00,0.20,29.5,18.7,181,31.3
2024-07-29T09:00,27.3,0.20,0.00,0.20,30.6,19.5,183,32.0
2024-07-29T10:00,28.6,0.20,0.00,0.20,31.6,20.6,184,35.6
2024-07-29T11:00,29.7,0.10,0.00,0.10,32.7,20.2,182,35.6
2024-07-29T12:00,30.8,0.10,0.00,0.10,34.0,22.1,186,38.5
2024-07-29T13:00,31.7,0.20,0.00,0.20,35.5,21.8,189,39.2
2024-07-29T14:00,32.6,0.00,0.00,0.00,36.4,22.1,186,38.9
2024-07-29T15:00,32.8,0.10,0.00,0.10,36.5,22.0,176,39.2
2024-07-29T16:00,32.7,0.00,0.00,0.00,36.0,21.0,173,38.9
2024-07-29T17:00,32.8,0.00,0.00,0.00,35.6,20.3,174,36.7
2024-07-29T18:00,32.5,0.00,0.00,0.00,35.0,19.9,175,34.9
2024-07-29T19:00,31.9,0.00,0.00,0.00,34.5,19.2,172,33.1
2024-07-29T20:00,29.4,0.00,0.00,0.00,34.5,10.3,119,18.7
2024-07-29T21:00,29.5,0.00,0.00,0.00,32.8,15.6,154,23.4
2024-07-29T22:00,28.7,0.00,0.00,0.00,31.2,17.8,162,28.8
2024-07-29T23:00,27.5,0.00,0.00,0.00,30.2,17.5,171,28.4
2024-07-30T00:00,26.4,0.00,0.00,0.00,29.4,15.9,175,27.7
2024-07-30T01:00,25.6,0.00,0.00,0.00,28.7,15.5,179,25.2
2024-07-30T02:00,25.0,0.00,0.00,0.00,28.4,14.1,184,24.5
2024-07-30T03:00,24.7,0.00,0.00,0.00,28.6,12.6,182,22.3
2024-07-30T04:00,24.6,0.00,0.00,0.00,28.8,11.5,178,20.2
2024-07-30T05:00,25.2,0.00,0.00,0.00,29.4,13.0,175,20.5
2024-07-30T06:00,25.6,0.00,0.00,0.00,29.8,13.7,175,22.3
2024-07-30T07:00,25.6,0.00,0.00,0.00,29.9,13.4,175,22.0
2024-07-30T08:00,26.5,0.10,0.00,0.10,30.1,17.3,184,29.5
2024-07-30T09:00,27.7,0.10,0.00,0.10,30.6,20.8,190,34.9
2024-07-30T10:00,29.0,0.10,0.00,0.10,31.7,21.5,190,36.7
2024-07-30T11:00,30.3,0.00,0.00,0.00,32.8,21.6,191,37.8
2024-07-30T12:00,31.6,0.00,0.00,0.00,34.8,21.8,188,38.5
2024-07-30T13:00,32.8,0.00,0.00,0.00,36.2,22.9,188,40.3
2024-07-30T14:00,33.6,0.00,0.00,0.00,36.6,24.3,188,42.5
2024-07-30T15:00,33.6,0.00,0.00,0.00,36.2,24.1,182,42.5
2024-07-30T16:00,34.1,0.00,0.00,0.00,36.8,23.1,183,41.8
2024-07-30T17:00,33.9,0.00,0.00,0.00,35.8,23.1,177,40.3
2024-07-30T18:00,33.7,0.00,0.00,0.00,35.2,21.5,171,39.2
2024-07-30T19:00,32.3,0.00,0.00,0.00,33.6,24.7,157,39.6
2024-07-30T20:00,30.6,0.00,0.00,0.00,32.8,19.5,161,37.1
2024-07-30T21:00,29.3,0.00,0.00,0.00,31.7,19.6,160,31.3
2024-07-30T22:00,28.4,0.00,0.00,0.00,31.0,20.7,163,33.5
2024-07-30T23:00,27.6,0.00,0.00,0.00,30.5,21.0,167,33.8
2024-07-31T00:00,26.9,0.00,0.00,0.00,29.9,20.4,172,33.8
2024-07-31T01:00,26.5,0.00,0.00,0.00,29.4,20.5,178,33.1
2024-07-31T02:00,26.1,0.00,0.00,0.00,29.0,20.9,181,33.1
2024-07-31T03:00,26.0,0.00,0.00,0.00,29.0,20.2,183,33.5
2024-07-31T04:00,25.8,0.00,0.00,0.00,29.1,18.0,181,32.4
2024-07-31T05:00,25.6,0.00,0.00,0.00,29.0,16.9,178,28.8
2024-07-31T06:00,25.3,0.00,0.00,0.00,28.7,16.3,174,27.4
2024-07-31T07:00,25.0,0.00,0.00,0.00,28.6,15.1,177,26.3
2024-07-31T08:00,26.4,0.00,0.00,0.00,29.5,18.7,182,32.4
2024-07-31T09:00,27.6,0.00,0.00,0.00,29.9,23.1,184,38.5
2024-07-31T10:00,29.0,0.00,0.00,0.00,30.9,23.6,187,40.3
2024-07-31T11:00,30.4,0.00,0.00,0.00,32.7,22.1,186,40.7
2024-07-31T12:00,31.6,0.00,0.00,0.00,34.6,22.7,184,40.7
2024-07-31T13:00,32.7,0.00,0.00,0.00,36.1,22.7,181,40.7
2024-07-31T14:00,33.6,0.00,0.00,0.00,36.9,22.7,177,40.7
2024-07-31T15:00,34.2,0.00,0.00,0.00,37.5,22.6,171,40.7
2024-07-31T16:00,34.5,0.00,0.00,0.00,37.7,22.1,164,40.3
2024-07-31T17:00,34.2,0.00,0.00,0.00,36.2,24.4,161,41.4
2024-07-31T18:00,33.8,0.00,0.00,0.00,34.5,25.3,160,42.1
2024-07-31T19:00,32.6,0.00,0.00,0.00,33.3,24.6,159,42.1
2024-07-31T20:00,30.9,0.00,0.00,0.00,31.7,20.5,162,37.4
2024-07-31T21:00,29.3,0.00,0.00,0.00,30.2,19.7,162,32.8
2024-07-31T22:00,28.0,0.00,0.00,0.00,29.3,18.3,165,31.3
2024-07-31T23:00,26.8,0.00,0.00,0.00,28.6,17.1,173,29.2
2024-08-01T00:00,25.8,0.00,0.00,0.00,27.9,15.9,177,27.0
2024-08-01T01:00,25.1,0.00,0.00,0.00,27.5,14.8,181,25.2
2024-08-01T02:00,24.5,0.00,0.00,0.00,27.5,13.4,185,23.8
2024-08-01T03:00,24.0,0.00,0.00,0.00,27.5,11.6,185,21.6
2024-08-01T04:00,23.6,0.00,0.00,0.00,27.4,10.2,188,18.4
2024-08-01T05:00,23.3,0.00,0.00,0.00,27.3,8.4,187,16.6
2024-08-01T06:00,23.0,0.00,0.00,0.00,27.3,6.5,183,13.3
2024-08-01T07:00,23.6,0.00,0.00,0.00,28.1,6.9,186,12.6
2024-08-01T08:00,25.2,0.10,0.00,0.10,28.6,15.0,197,24.8
2024-08-01T09:00,26.4,0.00,0.00,0.00,29.6,14.5,199,25.9
2024-08-01T10:00,28.1,0.00,0.00,0.00,31.2,13.9,201,28.1
2024-08-01T11:00,29.5,0.00,0.00,0.00,33.6,10.9,189,26.6
2024-08-01T12:00,31.0,0.00,0.00,0.00,36.1,9.4,180,23.8
2024-08-01T13:00,32.4,0.00,0.00,0.00,37.8,9.8,174,23.0
2024-08-01T14:00,33.7,0.00,0.00,0.00,38.4,10.7,168,24.1
2024-08-01T15:00,34.5,0.00,0.00,0.00,38.6,12.0,164,25.2
2024-08-01T16:00,35.0,0.00,0.00,0.00,37.8,15.4,164,28.8
2024-08-01T17:00,34.8,0.00,0.00,0.00,36.5,17.7,167,31.7
2024-08-01T18:00,34.3,0.00,0.00,0.00,35.1,18.5,167,31.7
2024-08-01T19:00,33.4,0.00,0.00,0.00,34.3,18.4,169,32.0
2024-08-01T20:00,31.8,0.00,0.00,0.00,34.7,10.0,159,27.4
2024-08-01T21:00,30.3,0.00,0.00,0.00,33.5,9.0,151,15.5
2024-08-01T22:00,29.9,0.00,0.00,0.00,33.0,12.8,164,21.6
2024-08-01T23:00,29.2,0.00,0.00,0.00,32.3,14.4,167,22.3
2024-08-02T00:00,28.2,0.00,0.00,0.00,31.9,14.4,181,23.8
2024-08-02T01:00,27.6,0.00,0.00,0.00,31.5,13.1,189,23.0
2024-08-02T02:00,26.9,0.00,0.00,0.00,31.1,12.1,197,20.9
2024-08-02T03:00,26.4,0.00,0.00,0.00,30.8,10.5,202,19.1
2024-08-02T04:00,25.9,0.00,0.00,0.00,30.3,10.3,209,16.9
2024-08-02T05:00,25.4,0.00,0.00,0.00,29.9,10.2,212,16.6
2024-08-02T06:00,24.9,0.00,0.00,0.00,29.5,9.2,219,16.2
2024-08-02T07:00,24.5,0.00,0.00,0.00,29.3,6.6,229,14.4
2024-08-02T08:00,25.8,0.00,0.00,0.00,30.8,7.1,225,13.7
2024-08-02T09:00,27.7,0.00,0.00,0.00,32.4,9.2,222,19.1
2024-08-02T10:00,29.3,0.00,0.00,0.00,34.0,8.8,215,20.2
2024-08-02T11:00,30.9,0.00,0.00,0.00,36.3,7.4,219,20.5
2024-08-02T12:00,32.3,0.00,0.00,0.00,39.0,3.9,214,19.1
2024-08-02T13:00,33.3,0.00,0.00,0.00,41.0,1.1,162,15.5
2024-08-02T14:00,34.2,0.00,0.00,0.00,41.6,1.8,53,13.3
2024-08-02T15:00,34.8,0.00,0.00,0.00,41.4,2.6,34,14.4
2024-08-02T16:00,35.3,0.00,0.00,0.00,40.6,2.6,146,14.0
2024-08-02T17:00,35.9,0.00,0.00,0.00,39.5,5.9,169,16.6
2024-08-02T18:00,35.9,0.00,0.00,0.00,39.5,4.0,153,15.8
2024-08-02T19:00,35.5,0.00,0.00,0.00,38.8,6.3,156,11.9
2024-08-02T20:00,32.9,0.00,0.00,0.00,36.1,10.0,167,18.0
2024-08-02T21:00,31.4,0.00,0.00,0.00,34.1,11.2,176,16.9
2024-08-02T22:00,30.6,0.00,0.00,0.00,33.2,12.3,185,19.4
2024-08-02T23:00,29.7,0.00,0.00,0.00,32.9,10.2,190,19.1
2024-08-03T00:00,28.8,0.00,0.00,0.00,32.2,12.7,195,20.2
2024-08-03T01:00,28.0,0.00,0.00,0.00,32.0,10.6,204,20.2
2024-08-03T02:00,27.4,0.00,0.00,0.00,31.7,9.3,208,16.6
2024-08-03T03:00,26.8,0.00,0.00,0.00,31.1,10.0,206,15.5
2024-08-03T04:00,26.4,0.00,0.00,0.00,30.9,9.0,209,15.5
2024-08-03T05:00,26.0,0.00,0.00,0.00,30.7,8.0,216,14.4
2024-08-03T06:00,25.6,0.00,0.00,0.00,30.3,7.9,219,13.0
2024-08-03T07:00,25.1,0.00,0.00,0.00,30.1,5.1,231,12.2
2024-08-03T08:00,26.3,0.00,0.00,0.00,31.7,4.7,270,9.4
2024-08-03T09:00,28.2,0.00,0.00,0.00,33.5,5.6,297,14.0
2024-08-03T10:00,30.4,0.00,0.00,0.00,35.9,4.9,306,14.8
2024-08-03T11:00,32.5,0.00,0.00,0.00,37.8,7.3,351,18.7
2024-08-03T12:00,33.6,0.00,0.00,0.00,39.8,4.8,13,19.1
2024-08-03T13:00,34.8,0.00,0.00,0.00,41.5,4.6,45,19.4
2024-08-03T14:00,35.5,0.00,0.00,0.00,41.2,7.5,55,20.2
2024-08-03T15:00,36.0,0.00,0.00,0.00,41.6,7.6,65,20.9
2024-08-03T16:00,36.3,0.00,0.00,0.00,41.1,7.7,62,20.2
2024-08-03T17:00,36.4,0.00,0.00,0.00,40.0,8.9,69,20.2
2024-08-03T18:00,36.1,0.00,0.00,0.00,38.3,10.4,46,20.9
2024-08-03T19:00,35.5,0.00,0.00,0.00,38.2,7.7,53,20.5
2024-08-03T20:00,28.8,0.00,0.00,0.00,33.0,9.9,350,26.3
2024-08-03T21:00,28.3,0.00,0.00,0.00,33.1,7.1,330,16.9
2024-08-03T22:00,28.2,0.00,0.00,0.00,34.0,2.9,353,11.5
2024-08-03T23:00,28.2,0.00,0.00,0.00,33.8,4.0,360,6.8
2024-08-04T00:00,27.5,0.00,0.00,0.00,33.6,3.5,114,6.5
2024-08-04T01:00,27.7,0.00,0.00,0.00,33.9,0.5,315,4.7
2024-08-04T02:00,27.0,0.00,0.00,0.00,32.9,4.0,355,6.1
2024-08-04T03:00,26.5,0.00,0.00,0.00,32.3,4.5,14,9.0
2024-08-04T04:00,26.3,0.00,0.00,0.00,31.9,4.5,29,7.6
2024-08-04T05:00,25.9,0.80,0.00,0.80,30.8,5.5,67,18.4
2024-08-04T06:00,25.3,3.30,0.00,3.30,29.8,8.8,325,12.6
2024-08-04T07:00,24.7,1.30,0.00,1.30,29.0,7.6,262,14.4
2024-08-04T08:00,25.9,0.50,0.00,0.50,29.7,12.4,287,17.6
2024-08-04T09:00,26.2,0.00,0.00,0.00,30.6,4.8,283,29.5
2024-08-04T10:00,28.5,0.00,0.00,0.00,33.4,1.5,45,12.6
2024-08-04T11:00,29.2,0.40,0.00,0.40,33.6,6.5,183,26.6
2024-08-04T12:00,31.9,0.00,0.00,0.00,37.4,5.6,315,18.4
2024-08-04T13:00,33.7,0.00,0.00,0.00,38.6,8.1,32,20.5
2024-08-04T14:00,34.7,0.00,0.00,0.00,39.2,8.8,55,22.3
2024-08-04T15:00,35.4,0.00,0.00,0.00,39.3,8.5,62,22.0
2024-08-04T16:00,35.8,0.00,0.00,0.00,38.3,11.9,61,24.5
2024-08-04T17:00,35.3,0.00,0.00,0.00,36.7,14.9,58,28.4
2024-08-04T18:00,34.9,0.00,0.00,0.00,35.8,13.5,56,28.1
2024-08-04T19:00,34.4,0.00,0.00,0.00,35.6,10.2,58,24.5
2024-08-04T20:00,30.5,0.00,0.00,0.00,35.2,6.6,248,13.3
2024-08-04T21:00,29.6,0.00,0.00,0.00,35.3,2.9,263,11.5
2024-08-04T22:00,28.8,0.00,0.00,0.00,35.4,0.8,333,5.0
2024-08-04T23:00,28.3,0.00,0.00,0.00,34.6,3.6,53,4.3
2024-08-05T00:00,27.8,0.00,0.00,0.00,33.4,4.9,73,5.4
2024-08-05T01:00,27.2,0.00,0.00,0.00,32.1,6.4,128,7.6
2024-08-05T02:00,27.0,0.00,0.00,0.00,31.5,6.2,201,7.6
2024-08-05T03:00,26.2,0.00,0.00,0.00,30.8,6.2,234,7.9
2024-08-05T04:00,25.7,0.00,0.00,0.00,30.5,5.0,249,7.9
2024-08-05T05:00,25.2,0.00,0.00,0.00,30.1,4.7,274,7.2
2024-08-05T06:00,24.7,0.00,0.00,0.00,29.8,3.9,326,6.5
2024-08-05T07:00,24.4,0.00,0.00,0.00,29.3,4.5,346,6.8
2024-08-05T08:00,26.3,0.00,0.00,0.00,30.0,4.7,9,11.5
2024-08-05T09:00,28.2,0.00,0.00,0.00,32.3,5.5,203,13.3
2024-08-05T10:00,29.6,0.00,0.00,0.00,34.4,2.8,220,15.1
2024-08-05T11:00,30.7,0.10,0.00,0.10,36.2,2.3,72,13.0
2024-08-05T12:00,31.6,0.10,0.00,0.10,37.0,3.1,126,14.0
2024-08-05T13:00,32.7,0.00,0.00,0.00,38.4,4.8,117,16.9
2024-08-05T14:00,33.5,0.00,0.00,0.00,39.1,4.7,99,17.3
2024-08-05T15:00,34.4,0.00,0.00,0.00,39.3,5.1,86,17.3
2024-08-05T16:00,34.7,0.00,0.00,0.00,38.5,5.6,75,17.3
2024-08-05T17:00,35.0,0.00,0.00,0.00,38.0,4.8,77,16.6
2024-08-05T18:00,35.2,0.00,0.00,0.00,37.4,4.7,94,14.8
2024-08-05T19:00,35.0,0.00,0.00,0.00,36.8,5.8,83,13.0
2024-08-05T20:00,32.8,0.00,0.00,0.00,34.8,7.0,78,20.2
2024-08-05T21:00,31.2,0.00,0.00,0.00,33.3,7.6,85,11.5
2024-08-05T22:00,30.3,0.00,0.00,0.00,31.9,10.6,100,16.6
2024-08-05T23:00,29.3,0.00,0.00,0.00,31.1,7.9,133,16.9
2024-08-06T00:00,28.1,0.00,0.00,0.00,30.6,6.4,137,12.2
2024-08-06T01:00,27.9,0.00,0.00,0.00,30.4,7.6,149,11.2
2024-08-06T02:00,27.7,0.00,0.00,0.00,30.0,9.7,158,16.2
2024-08-06T03:00,26.9,0.00,0.00,0.00,30.0,9.1,187,15.5
2024-08-06T04:00,26.4,0.00,0.00,0.00,30.0,7.5,215,14.4
2024-08-06T05:00,25.9,0.00,0.00,0.00,29.4,6.3,239,11.5
2024-08-06T06:00,25.5,0.00,0.00,0.00,28.8,6.5,251,10.1
2024-08-06T07:00,24.9,0.00,0.00,0.00,28.4,5.1,278,9.7
2024-08-06T08:00,26.4,0.00,0.00,0.00,30.4,6.6,283,11.9
2024-08-06T09:00,28.5,0.00,0.00,0.00,32.9,5.8,270,14.0
2024-08-06T10:00,30.6,0.00,0.00,0.00,35.3,3.0,284,14.0
2024-08-06T11:00,32.1,0.00,0.00,0.00,37.7,0.5,315,12.6
2024-08-06T12:00,33.4,0.00,0.00,0.00,39.0,1.6,63,12.6
2024-08-06T13:00,34.5,0.00,0.00,0.00,39.2,4.8,48,16.2
2024-08-06T14:00,35.3,0.00,0.00,0.00,39.7,6.9,39,19.1
2024-08-06T15:00,35.6,0.00,0.00,0.00,39.7,6.1,40,19.4
2024-08-06T16:00,35.9,0.00,0.00,0.00,39.5,6.0,57,18.4
2024-08-06T17:00,36.0,0.00,0.00,0.00,38.6,6.2,69,17.3
2024-08-06T18:00,35.8,0.00,0.00,0.00,37.1,7.6,65,16.6
2024-08-06T19:00,35.1,0.00,0.00,0.00,36.0,8.3,56,16.6
2024-08-06T20:00,33.1,0.00,0.00,0.00,33.8,8.5,102,16.6
2024-08-06T21:00,31.6,0.00,0.00,0.00,32.1,8.3,95,13.3
2024-08-06T22:00,30.5,0.00,0.00,0.00,31.4,7.6,115,12.6
2024-08-06T23:00,30.1,0.00,0.00,0.00,30.9,12.0,129,18.0
2024-08-07T00:00,29.5,0.00,0.00,0.00,30.2,14.4,181,22.7
2024-08-07T01:00,28.6,0.00,0.00,0.00,30.2,9.4,198,22.3
2024-08-07T02:00,28.0,0.00,0.00,0.00,29.7,10.4,200,16.2
2024-08-07T03:00,27.3,0.00,0.00,0.00,29.7,9.0,209,16.2
2024-08-07T04:00,26.6,0.00,0.00,0.00,29.8,6.7,216,14.0
2024-08-07T05:00,26.0,0.00,0.00,0.00,29.8,5.9,223,10.1
2024-08-07T06:00,25.7,0.00,0.00,0.00,29.8,5.7,215,8.3
2024-08-07T07:00,25.5,0.00,0.00,0.00,29.8,5.6,230,9.0
2024-08-07T08:00,26.8,0.00,0.00,0.00,31.5,5.2,245,10.1
2024-08-07T09:00,28.2,0.00,0.00,0.00,33.0,6.1,242,13.3
2024-08-07T10:00,30.0,0.00,0.00,0.00,35.0,6.1,230,15.5
2024-08-07T11:00,32.6,0.00,0.00,0.00,38.2,6.1,220,17.6
2024-08-07T12:00,34.8,0.00,0.00,0.00,40.5,5.1,231,18.0
2024-08-07T13:00,35.9,0.00,0.00,0.00,41.9,1.0,315,16.6
2024-08-07T14:00,36.7,0.00,0.00,0.00,42.4,3.4,32,14.4
2024-08-07T15:00,37.3,0.00,0.00,0.00,42.4,6.2,36,18.0
2024-08-07T16:00,37.6,0.00,0.00,0.00,41.7,7.9,39,19.8
2024-08-07T17:00,37.4,0.00,0.00,0.00,40.5,7.7,49,19.8
2024-08-07T18:00,37.0,0.00,0.00,0.00,39.2,8.2,75,18.4
2024-08-07T19:00,36.2,0.00,0.00,0.00,38.3,9.0,88,17.6
2024-08-07T20:00,34.3,0.00,0.00,0.00,36.0,16.3,135,26.3
2024-08-07T21:00,33.3,0.00,0.00,0.00,35.2,13.3,147,26.3
2024-08-07T22:00,32.0,0.00,0.00,0.00,34.7,8.7,142,20.9
2024-08-07T23:00,30.7,0.00,0.00,0.00,33.8,6.4,142,13.3
2024-08-08T00:00,29.8,0.00,0.00,0.00,32.7,7.1,139,12.2
2024-08-08T01:00,28.5,0.00,0.00,0.00,31.6,7.4,157,11.2
2024-08-08T02:00,28.4,0.00,0.00,0.00,31.2,7.3,169,11.2
2024-08-08T03:00,27.7,0.00,0.00,0.00,30.7,6.5,183,11.2
2024-08-08T04:00,27.1,0.00,0.00,0.00,30.6,6.3,193,10.1
2024-08-08T05:00,26.3,0.00,0.00,0.00,30.2,6.3,204,9.4
2024-08-08T06:00,25.9,0.00,0.00,0.00,30.0,5.8,210,8.3
2024-08-08T07:00,25.4,0.00,0.00,0.00,29.6,6.6,221,8.3
2024-08-08T08:00,26.6,0.00,0.00,0.00,31.3,4.6,231,9.7
2024-08-08T09:00,28.6,0.00,0.00,0.00,33.4,4.1,225,11.9
2024-08-08T10:00,30.7,0.00,0.00,0.00,35.2,5.3,208,15.1
2024-08-08T11:00,32.8,0.00,0.00,0.00,37.3,6.2,190,17.3
2024-08-08T12:00,34.1,0.00,0.00,0.00,39.2,4.7,157,17.3
2024-08-08T13:00,35.1,0.00,0.00,0.00,40.5,5.7,125,18.0
2024-08-08T14:00,35.8,0.00,0.00,0.00,41.4,6.1,118,18.7
2024-08-08T15:00,36.4,0.00,0.00,0.00,41.6,6.7,106,19.1
2024-08-08T16:00,36.7,0.00,0.00,0.00,41.2,6.9,96,19.1
2024-08-08T17:00,36.8,0.00,0.00,0.00,40.2,7.9,74,18.7
2024-08-08T18:00,36.8,0.00,0.00,0.00,38.9,10.7,48,20.5
2024-08-08T19:00,36.0,0.00,0.00,0.00,37.4,13.5,48,23.0
2024-08-08T20:00,34.1,0.00,0.00,0.00,35.9,13.3,87,22.7
2024-08-08T21:00,32.8,0.00,0.00,0.00,34.7,13.4,85,21.6
2024-08-08T22:00,31.7,0.00,0.00,0.00,33.7,12.0,106,22.3
2024-08-08T23:00,30.7,0.00,0.00,0.00,32.9,9.6,110,18.7
2024-08-09T00:00,29.6,0.00,0.00,0.00,32.3,6.5,96,14.8
2024-08-09T01:00,28.4,0.00,0.00,0.00,31.5,8.2,142,9.7
2024-08-09T02:00,28.6,0.00,0.00,0.00,31.2,7.9,204,11.9
2024-08-09T03:00,27.8,0.00,0.00,0.00,31.0,6.3,246,12.2
2024-08-09T04:00,27.1,0.00,0.00,0.00,30.8,4.9,253,9.4
2024-08-09T05:00,26.5,0.00,0.00,0.00,30.4,5.1,262,7.2
2024-08-09T06:00,26.1,0.00,0.00,0.00,30.1,4.5,256,6.8
2024-08-09T07:00,25.7,0.00,0.00,0.00,29.8,4.0,260,6.5
2024-08-09T08:00,26.6,0.00,0.00,0.00,30.9,5.4,270,10.8
2024-08-09T09:00,28.9,0.00,0.00,0.00,33.7,3.3,264,10.8
2024-08-09T10:00,31.1,0.00,0.00,0.00,35.6,4.2,239,13.7
2024-08-09T11:00,32.7,0.00,0.00,0.00,38.1,1.8,11,13.7
2024-08-09T12:00,33.7,0.10,0.00,0.10,38.7,8.1,77,22.3
2024-08-09T13:00,32.8,0.70,0.00,0.70,37.3,12.2,62,26.6
2024-08-09T14:00,32.9,0.10,0.00,0.10,37.2,10.3,65,26.3
2024-08-09T15:00,33.6,0.00,0.00,0.00,38.5,7.0,78,23.4
2024-08-09T16:00,33.8,0.00,0.00,0.00,38.1,7.8,77,22.3
2024-08-09T17:00,33.7,0.20,0.00,0.20,36.4,12.0,57,23.0
2024-08-09T18:00,32.1,0.00,0.00,0.00,34.8,12.3,75,26.3
2024-08-09T19:00,32.6,0.00,0.00,0.00,36.1,6.2,83,22.3
2024-08-09T20:00,26.0,11.10,0.00,11.10,30.1,17.5,58,29.2
2024-08-09T21:00,25.4,2.60,0.00,2.60,30.1,10.7,45,28.1
2024-08-09T22:00,25.9,2.50,0.00,2.50,31.6,7.2,153,17.6
2024-08-09T23:00,26.0,0.50,0.00,0.50,32.5,2.9,30,11.9
2024-08-10T00:00,25.8,0.00,0.00,0.00,31.5,7.0,21,11.9
2024-08-10T01:00,25.5,0.00,0.00,0.00,31.4,4.6,18,11.2
2024-08-10T02:00,26.1,0.00,0.00,0.00,32.3,1.8,307,6.8
2024-08-10T03:00,25.4,0.00,0.00,0.00,31.6,1.5,315,2.5
2024-08-10T04:00,25.2,0.00,0.00,0.00,31.1,3.4,342,5.8
2024-08-10T05:00,24.7,0.00,0.00,0.00,30.3,5.0,360,6.5
2024-08-10T06:00,25.3,0.00,0.00,0.00,31.3,3.3,13,6.5
2024-08-10T07:00,25.0,0.00,0.00,0.00,30.9,2.9,360,4.0
2024-08-10T08:00,26.0,0.00,0.00,0.00,31.8,3.3,6,8.3
2024-08-10T09:00,28.0,0.00,0.00,0.00,33.5,3.8,41,11.9
2024-08-10T10:00,29.9,0.00,0.00,0.00,35.0,5.6,75,15.8
2024-08-10T11:00,31.6,0.00,0.00,0.00,36.7,6.2,80,17.6
2024-08-10T12:00,32.5,0.30,0.00,0.30,37.8,7.1,66,19.4
2024-08-10T13:00,33.0,0.30,0.00,0.30,38.2,7.7,62,20.2
2024-08-10T14:00,33.3,0.10,0.00,0.10,38.5,6.8,72,20.2
2024-08-10T15:00,33.5,0.10,0.00,0.10,38.5,6.5,87,19.1
2024-08-10T16:00,34.0,0.00,0.00,0.00,38.4,7.6,95,20.9
2024-08-10T17:00,34.3,0.00,0.00,0.00,38.3,6.6,99,22.0
2024-08-10T18:00,33.0,0.10,0.00,0.10,36.2,12.2,62,22.7
2024-08-10T19:00,32.4,0.00,0.00,0.00,35.7,10.1,96,24.8
2024-08-10T20:00,32.0,0.00,0.00,0.00,34.2,14.2,106,26.6
2024-08-10T21:00,30.9,0.00,0.00,0.00,33.6,10.6,108,22.7
2024-08-10T22:00,30.5,0.00,0.00,0.00,32.3,13.8,97,21.2
2024-08-10T23:00,29.6,0.00,0.00,0.00,31.0,14.4,93,24.5
2024-08-11T00:00,28.8,0.00,0.00,0.00,30.8,10.7,104,22.7
2024-08-11T01:00,28.1,0.00,0.00,0.00,30.6,7.6,115,16.6
2024-08-11T02:00,27.6,0.00,0.00,0.00,30.2,6.9,129,11.5
2024-08-11T03:00,27.1,0.00,0.00,0.00,29.7,7.1,135,11.2
2024-08-11T04:00,26.6,0.00,0.00,0.00,29.3,6.4,142,11.2
2024-08-11T05:00,26.3,0.00,0.00,0.00,29.1,5.9,169,10.1
2024-08-11T06:00,25.9,0.00,0.00,0.00,29.3,5.0,201,9.0
2024-08-11T07:00,25.5,0.00,0.00,0.00,29.4,4.9,216,7.6
2024-08-11T08:00,26.7,0.00,0.00,0.00,31.3,6.4,196,11.9
2024-08-11T09:00,28.5,0.00,0.00,0.00,33.5,4.8,222,12.6
2024-08-11T10:00,30.2,0.00,0.00,0.00,34.7,7.4,203,18.0
2024-08-11T11:00,31.6,0.00,0.00,0.00,36.2,6.8,198,18.7
2024-08-11T12:00,32.7,0.00,0.00,0.00,38.1,6.2,190,19.1
2024-08-11T13:00,33.6,0.00,0.00,0.00,40.1,4.5,151,18.7
2024-08-11T14:00,34.6,0.00,0.00,0.00,40.8,7.4,113,19.8
2024-08-11T15:00,35.4,0.00,0.00,0.00,40.7,9.7,117,23.0
2024-08-11T16:00,36.0,0.00,0.00,0.00,40.6,9.9,109,23.8
2024-08-11T17:00,36.5,0.00,0.00,0.00,39.8,12.2,118,24.8
2024-08-11T18:00,36.3,0.00,0.00,0.00,37.9,15.4,127,27.7
2024-08-11T19:00,35.5,0.00,0.00,0.00,36.9,15.9,128,27.7
2024-08-11T20:00,32.4,0.00,0.00,0.00,32.8,22.4,143,35.3
2024-08-11T21:00,30.9,0.00,0.00,0.00,32.6,15.0,145,36.0
2024-08-11T22:00,30.5,0.00,0.00,0.00,33.1,9.4,140,23.4
2024-08-11T23:00,30.1,0.00,0.00,0.00,32.5,11.8,149,17.6
2024-08-12T00:00,29.4,0.00,0.00,0.00,31.6,15.9,155,25.6
2024-08-12T01:00,28.5,0.00,0.00,0.00,31.3,13.9,163,25.6
2024-08-12T02:00,27.8,0.00,0.00,0.00,31.0,11.3,173,22.3
2024-08-12T03:00,27.2,0.00,0.00,0.00,30.8,9.4,178,17.6
2024-08-12T04:00,26.7,0.00,0.00,0.00,30.5,9.7,184,15.1
2024-08-12T05:00,26.1,0.00,0.00,0.00,30.5,7.0,192,15.1
2024-08-12T06:00,25.2,0.00,0.00,0.00,30.0,5.9,169,10.8
2024-08-12T07:00,25.1,0.00,0.00,0.00,30.1,4.2,160,7.2
2024-08-12T08:00,26.9,0.30,0.00,0.30,31.2,14.7,191,23.4
2024-08-12T09:00,28.3,0.00,0.00,0.00,32.4,14.5,199,25.9
2024-08-12T10:00,30.0,0.00,0.00,0.00,33.7,15.2,202,28.4
2024-08-12T11:00,31.6,0.00,0.00,0.00,35.1,15.0,201,29.5
2024-08-12T12:00,33.0,0.00,0.00,0.00,37.9,12.0,201,28.8
2024-08-12T13:00,34.2,0.00,0.00,0.00,39.5,10.2,188,25.9
2024-08-12T14:00,35.3,0.00,0.00,0.00,40.8,9.1,171,23.8
2024-08-12T15:00,36.3,0.00,0.00,0.00,41.2,10.2,148,23.4
2024-08-12T16:00,36.6,0.00,0.00,0.00,39.9,13.8,141,27.7
2024-08-12T17:00,36.6,0.00,0.00,0.00,39.1,13.1,143,27.7
2024-08-12T18:00,36.4,0.00,0.00,0.00,37.7,17.4,140,27.4
2024-08-12T19:00,34.7,0.00,0.00,0.00,36.3,16.9,142,37.4
2024-08-12T20:00,34.0,0.00,0.00,0.00,35.7,15.3,139,25.2
2024-08-12T21:00,32.6,0.00,0.00,0.00,34.7,16.0,157,28.1
2024-08-12T22:00,32.0,0.00,0.00,0.00,33.9,17.2,147,27.0
2024-08-12T23:00,30.9,0.00,0.00,0.00,33.3,17.2,143,27.4
2024-08-13T00:00,30.1,0.00,0.00,0.00,32.8,16.3,158,27.7
2024-08-13T01:00,29.3,0.00,0.00,0.00,31.9,17.3,184,27.7
2024-08-13T02:00,28.4,0.00,0.00,0.00,31.2,14.9,188,27.7
2024-08-13T03:00,27.5,0.00,0.00,0.00,30.9,11.5,184,23.4
2024-08-13T04:00,27.0,0.00,0.00,0.00,31.0,9.0,185,18.7
2024-08-13T05:00,26.6,0.00,0.00,0.00,30.9,7.6,177,14.0
2024-08-13T06:00,26.2,0.00,0.00,0.00,31.0,5.9,166,12.2
2024-08-13T07:00,26.0,0.00,0.00,0.00,31.0,4.9,144,9.0
2024-08-13T08:00,27.2,0.00,0.00,0.00,31.4,12.0,189,19.4
2024-08-13T09:00,28.5,0.00,0.00,0.00,32.3,14.2,204,25.2
2024-08-13T10:00,30.0,0.00,0.00,0.00,33.7,13.9,201,27.0
2024-08-13T11:00,31.8,0.00,0.00,0.00,35.5,13.2,197,27.0
2024-08-13T12:00,33.2,0.00,0.00,0.00,36.8,13.2,191,27.4
2024-08-13T13:00,34.3,0.00,0.00,0.00,38.1,13.7,178,29.2
2024-08-13T14:00,35.3,0.00,0.00,0.00,39.0,14.6,171,29.9
2024-08-13T15:00,35.9,0.00,0.00,0.00,39.2,14.3,170,29.9
2024-08-13T16:00,36.6,0.00,0.00,0.00,39.6,13.3,161,29.2
2024-08-13T17:00,36.7,0.00,0.00,0.00,38.8,13.7,157,27.7
2024-08-13T18:00,36.2,0.00,0.00,0.00,37.2,16.3,158,29.5
2024-08-13T19:00,33.0,0.30,0.00,0.30,34.6,18.6,158,33.5
2024-08-13T20:00,31.1,0.00,0.00,0.00,33.9,12.2,118,20.9
2024-08-13T21:00,30.2,0.00,0.00,0.00,33.5,10.2,113,19.8
2024-08-13T22:00,29.9,0.00,0.00,0.00,33.5,8.9,133,16.2
2024-08-13T23:00,30.0,0.00,0.00,0.00,32.4,13.6,158,20.9
2024-08-14T00:00,29.5,0.00,0.00,0.00,31.3,16.9,168,26.6
2024-08-14T01:00,28.7,0.00,0.00,0.00,30.9,16.9,179,27.7
2024-08-14T02:00,28.0,0.00,0.00,0.00,30.9,14.8,184,27.4
2024-08-14T03:00,27.5,0.00,0.00,0.00,30.7,12.1,192,23.8
2024-08-14T04:00,27.0,0.00,0.00,0.00,30.6,10.0,195,19.4
2024-08-14T05:00,26.6,0.00,0.00,0.00,30.6,8.8,189,16.2
2024-08-14T06:00,26.2,0.00,0.00,0.00,30.5,7.7,191,14.0
2024-08-14T07:00,25.8,0.00,0.00,0.00,30.4,7.0,192,12.2
2024-08-14T08:00,27.1,0.00,0.00,0.00,31.6,9.4,203,14.8
2024-08-14T09:00,28.7,0.00,0.00,0.00,33.0,10.9,207,22.3
2024-08-14T10:00,30.3,0.00,0.00,0.00,34.4,10.8,201,23.0
2024-08-14T11:00,32.1,0.00,0.00,0.00,35.9,11.9,194,25.2
2024-08-14T12:00,33.5,0.00,0.00,0.00,37.5,12.8,190,27.4
2024-08-14T13:00,34.7,0.00,0.00,0.00,38.9,12.3,185,27.4
2024-08-14T14:00,35.6,0.00,0.00,0.00,39.9,10.9,171,26.6
2024-08-14T15:00,36.2,0.00,0.00,0.00,40.3,11.2,159,25.2
2024-08-14T16:00,36.4,0.00,0.00,0.00,39.5,12.6,156,25.9
2024-08-14T17:00,36.5,0.00,0.00,0.00,38.5,15.1,155,28.1
2024-08-14T18:00,35.6,0.10,0.00,0.10,37.3,13.9,155,29.5
2024-08-14T19:00,33.9,0.20,0.00,0.20,34.9,20.1,165,32.8
2024-08-14T20:00,33.5,0.00,0.00,0.00,34.9,16.4,165,25.9
2024-08-14T21:00,32.0,0.00,0.00,0.00,34.1,16.6,158,28.8
2024-08-14T22:00,31.7,0.00,0.00,0.00,34.1,14.5,157,26.3
2024-08-14T23:00,30.9,0.00,0.00,0.00,33.0,17.2,160,27.4
2024-08-15T00:00,30.2,0.00,0.00,0.00,32.6,16.4,171,27.7
2024-08-15T01:00,29.4,0.00,0.00,0.00,31.7,18.8,173,30.2
2024-08-15T02:00,28.5,0.00,0.00,0.00,31.3,17.3,185,30.6
2024-08-15T03:00,27.9,0.00,0.00,0.00,31.3,13.8,186,27.4
2024-08-15T04:00,27.4,0.00,0.00,0.00,31.2,12.3,187,22.0
2024-08-15T05:00,26.9,0.00,0.00,0.00,31.1,10.9,186,20.2
2024-08-15T06:00,26.6,0.00,0.00,0.00,31.0,10.1,182,17.6
2024-08-15T07:00,26.3,0.00,0.00,0.00,30.8,9.7,184,16.2
2024-08-15T08:00,27.0,0.00,0.00,0.00,31.0,12.1,203,20.9
2024-08-15T09:00,28.3,0.00,0.00,0.00,32.5,12.2,199,23.0
2024-08-15T10:00,30.2,0.00,0.00,0.00,33.9,13.1,201,25.9
2024-08-15T11:00,32.3,0.00,0.00,0.00,35.7,14.1,199,28.1
2024-08-15T12:00,34.0,0.00,0.00,0.00,37.7,13.5,196,28.4
2024-08-15T13:00,35.4,0.00,0.00,0.00,39.2,13.7,185,29.2
2024-08-15T14:00,36.3,0.00,0.00,0.00,40.2,12.6,178,29.2
2024-08-15T15:00,36.7,0.00,0.00,0.00,39.8,12.4,172,27.4
2024-08-15T16:00,37.1,0.00,0.00,0.00,39.6,12.8,169,26.6
2024-08-15T17:00,37.2,0.00,0.00,0.00,38.5,12.9,162,26.6
2024-08-15T18:00,36.7,0.00,0.00,0.00,37.1,15.9,162,27.7
2024-08-15T19:00,36.0,0.00,0.00,0.00,36.3,15.2,175,28.1
2024-08-15T20:00,33.8,0.00,0.00,0.00,34.5,19.0,161,30.6
2024-08-15T21:00,32.5,0.00,0.00,0.00,34.4,16.1,153,30.6
2024-08-15T22:00,31.3,0.00,0.00,0.00,34.1,15.5,158,27.0
2024-08-15T23:00,30.9,0.00,0.00,0.00,33.4,16.5,157,25.9
2024-08-16T00:00,30.2,0.00,0.00,0.00,32.5,19.0,161,30.2
2024-08-16T01:00,29.5,0.00,0.00,0.00,32.3,17.3,175,31.0
2024-08-16T02:00,28.8,0.00,0.00,0.00,31.6,17.3,185,27.7
2024-08-16T03:00,28.0,0.00,0.00,0.00,31.4,15.0,191,27.7
2024-08-16T04:00,27.5,0.00,0.00,0.00,31.2,13.5,196,24.1
2024-08-16T05:00,27.1,0.00,0.00,0.00,31.1,11.9,194,21.2
2024-08-16T06:00,26.7,0.00,0.00,0.00,31.0,10.7,194,19.1
2024-08-16T07:00,26.3,0.00,0.00,0.00,31.2,7.2,207,16.9
2024-08-16T08:00,27.1,0.00,0.00,0.00,31.3,12.7,215,21.2
2024-08-16T09:00,28.6,0.00,0.00,0.00,33.0,11.2,213,22.0
2024-08-16T10:00,30.5,0.00,0.00,0.00,34.4,9.8,208,22.0
2024-08-16T11:00,32.4,0.00,0.00,0.00,35.9,11.0,203,23.8
2024-08-16T12:00,34.1,0.00,0.00,0.00,37.8,11.5,200,25.6
2024-08-16T13:00,35.5,0.00,0.00,0.00,39.3,11.4,193,25.6
2024-08-16T14:00,36.7,0.00,0.00,0.00,40.3,11.9,182,25.9
2024-08-16T15:00,37.4,0.00,0.00,0.00,40.7,11.2,174,26.6
2024-08-16T16:00,37.6,0.00,0.00,0.00,39.7,12.3,165,25.6
2024-08-16T17:00,37.4,0.00,0.00,0.00,38.4,13.4,160,26.3
2024-08-16T18:00,37.2,0.00,0.00,0.00,37.6,13.4,160,26.3
2024-08-16T19:00,36.4,0.00,0.00,0.00,36.8,13.0,146,24.8
2024-08-16T20:00,34.4,0.00,0.00,0.00,35.7,9.7,149,14.8
2024-08-16T21:00,32.9,0.00,0.00,0.00,33.3,14.6,164,23.4
2024-08-16T22:00,32.0,0.00,0.00,0.00,32.9,13.0,161,23.0
2024-08-16T23:00,31.1,0.00,0.00,0.00,32.6,18.2,171,29.2
2024-08-17T00:00,30.0,0.00,0.00,0.00,32.5,17.3,181,29.2
2024-08-17T01:00,29.4,0.00,0.00,0.00,32.3,15.1,180,27.4
2024-08-17T02:00,28.8,0.00,0.00,0.00,31.9,14.5,186,23.8
2024-08-17T03:00,28.3,0.00,0.00,0.00,31.8,11.7,191,23.4
2024-08-17T04:00,27.8,0.00,0.00,0.00,31.3,12.0,189,18.7
2024-08-17T05:00,27.3,0.00,0.00,0.00,31.0,11.5,194,19.1
2024-08-17T06:00,26.9,0.00,0.00,0.00,30.7,11.3,202,18.4
2024-08-17T07:00,26.5,0.00,0.00,0.00,30.6,9.5,205,17.6
2024-08-17T08:00,26.7,0.00,0.00,0.00,31.3,8.6,213,14.8
2024-08-17T09:00,28.1,0.00,0.00,0.00,32.7,8.9,207,18.4
2024-08-17T10:00,29.9,0.00,0.00,0.00,34.1,9.7,202,21.6
2024-08-17T11:00,31.8,0.00,0.00,0.00,35.9,10.0,193,22.7
2024-08-17T12:00,33.4,0.00,0.00,0.00,38.1,9.1,189,23.0
2024-08-17T13:00,34.6,0.00,0.00,0.00,40.2,6.1,183,22.0
2024-08-17T14:00,35.6,0.00,0.00,0.00,41.3,5.2,164,19.1
2024-08-17T15:00,36.4,0.00,0.00,0.00,41.5,5.9,133,18.7
2024-08-17T16:00,36.9,0.00,0.00,0.00,40.6,7.2,117,19.1
2024-08-17T17:00,36.8,0.00,0.00,0.00,38.8,8.2,119,19.4
2024-08-17T18:00,36.6,0.00,0.00,0.00,38.1,8.7,138,18.4
2024-08-17T19:00,36.0,0.00,0.00,0.00,37.5,10.2,162,17.6
2024-08-17T20:00,33.6,0.00,0.00,0.00,36.7,6.5,146,15.5
2024-08-17T21:00,32.6,0.00,0.00,0.00,35.4,6.5,124,9.4
2024-08-17T22:00,32.5,0.00,0.00,0.00,34.4,9.0,143,14.0
2024-08-17T23:00,31.7,0.00,0.00,0.00,33.1,12.6,160,19.1
2024-08-18T00:00,30.9,0.00,0.00,0.00,32.6,15.5,177,24.1
2024-08-18T01:00,30.3,0.00,0.00,0.00,32.6,13.3,183,24.5
2024-08-18T02:00,29.6,0.00,0.00,0.00,32.5,12.3,187,20.9
2024-08-18T03:00,29.1,0.00,0.00,0.00,32.2,12.8,191,20.9
2024-08-18T04:00,28.6,0.00,0.00,0.00,32.4,9.3,196,20.2
2024-08-18T05:00,28.1,0.00,0.00,0.00,31.9,8.9,201,14.8
2024-08-18T06:00,27.8,0.00,0.00,0.00,31.7,8.9,212,14.8
2024-08-18T07:00,27.4,0.00,0.00,0.00,31.5,7.7,221,14.4
2024-08-18T08:00,27.4,0.00,0.00,0.00,32.0,7.0,249,12.2
2024-08-18T09:00,29.0,0.00,0.00,0.00,33.4,7.8,248,16.9
2024-08-18T10:00,30.7,0.00,0.00,0.00,34.8,6.4,243,17.3
2024-08-18T11:00,32.5,0.00,0.00,0.00,36.5,4.6,219,16.9
2024-08-18T12:00,33.9,0.00,0.00,0.00,38.7,3.7,169,15.5
2024-08-18T13:00,35.1,0.00,0.00,0.00,40.2,4.9,144,16.9
2024-08-18T14:00,36.0,0.00,0.00,0.00,41.2,5.6,130,18.4
2024-08-18T15:00,36.7,0.00,0.00,0.00,41.0,7.3,123,20.2
2024-08-18T16:00,37.0,0.00,0.00,0.00,40.0,8.4,121,20.2
2024-08-18T17:00,37.1,0.00,0.00,0.00,39.3,9.1,124,20.5
2024-08-18T18:00,36.9,0.00,0.00,0.00,38.4,8.4,137,20.2
2024-08-18T19:00,36.4,0.00,0.00,0.00,37.7,9.3,144,17.6
2024-08-18T20:00,34.6,0.00,0.00,0.00,35.8,11.2,140,18.0
2024-08-18T21:00,33.2,0.00,0.00,0.00,34.7,9.4,148,18.0
2024-08-18T22:00,32.3,0.00,0.00,0.00,34.1,8.7,163,14.4
2024-08-18T23:00,31.3,0.00,0.00,0.00,33.2,8.4,160,13.3
2024-08-19T00:00,30.3,0.00,0.00,0.00,32.3,7.6,175,12.6
2024-08-19T01:00,29.9,0.00,0.00,0.00,31.3,12.2,182,18.7
2024-08-19T02:00,29.3,0.00,0.00,0.00,30.7,13.9,201,22.0
2024-08-19T03:00,28.6,0.00,0.00,0.00,30.1,13.1,212,22.3
2024-08-19T04:00,27.8,0.00,0.00,0.00,30.0,10.3,209,20.9
2024-08-19T05:00,27.2,0.00,0.00,0.00,30.0,6.6,209,16.2
2024-08-19T06:00,26.5,0.00,0.00,0.00,29.5,5.9,223,10.4
2024-08-19T07:00,25.9,0.00,0.00,0.00,28.9,6.1,230,9.4
2024-08-19T08:00,26.5,0.00,0.00,0.00,29.9,7.5,235,13.0
2024-08-19T09:00,28.4,0.00,0.00,0.00,32.1,7.0,235,15.8
2024-08-19T10:00,30.6,0.00,0.00,0.00,34.5,6.2,234,16.6
2024-08-19T11:00,32.9,0.00,0.00,0.00,36.7,5.6,230,17.3
2024-08-19T12:00,34.6,0.00,0.00,0.00,38.8,5.6,207,17.3
2024-08-19T13:00,35.9,0.00,0.00,0.00,40.4,5.4,188,18.0
2024-08-19T14:00,36.8,0.00,0.00,0.00,41.4,4.7,157,18.0
2024-08-19T15:00,37.5,0.00,0.00,0.00,41.7,5.4,138,17.3
2024-08-19T16:00,38.0,0.00,0.00,0.00,41.5,6.2,126,17.6
2024-08-19T17:00,38.3,0.00,0.00,0.00,39.9,8.4,137,19.1
2024-08-19T18:00,38.1,0.00,0.00,0.00,38.2,11.4,145,21.2
2024-08-19T19:00,37.3,0.00,0.00,0.00,38.2,8.1,159,21.2
2024-08-19T20:00,34.8,0.00,0.00,0.00,36.3,7.2,177,20.2
2024-08-19T21:00,33.5,0.00,0.00,0.00,35.0,8.0,162,11.5
2024-08-19T22:00,33.0,0.00,0.00,0.00,33.8,13.1,164,22.0
2024-08-19T23:00,31.6,0.00,0.00,0.00,33.2,9.0,182,20.9
2024-08-20T00:00,31.0,0.00,0.00,0.00,32.5,10.7,200,16.2
2024-08-20T01:00,30.4,0.00,0.00,0.00,31.6,13.9,201,21.2
2024-08-20T02:00,29.7,0.00,0.00,0.00,31.0,14.3,214,22.7
2024-08-20T03:00,29.1,0.00,0.00,0.00,30.3,13.8,227,22.7
2024-08-20T04:00,28.6,0.00,0.00,0.00,29.7,13.2,235,21.6
2024-08-20T05:00,28.0,0.00,0.00,0.00,29.0,12.6,239,20.5
2024-08-20T06:00,27.5,0.00,0.00,0.00,28.8,10.6,242,19.8
2024-08-20T07:00,26.8,0.00,0.00,0.00,28.4,8.4,245,16.6
2024-08-20T08:00,27.6,0.00,0.00,0.00,29.3,12.1,247,18.0
2024-08-20T09:00,29.9,0.00,0.00,0.00,31.9,10.9,253,20.2
2024-08-20T10:00,32.5,0.00,0.00,0.00,35.1,8.9,249,20.9
2024-08-20T11:00,34.9,0.00,0.00,0.00,38.2,8.1,238,20.2
2024-08-20T12:00,36.4,0.00,0.00,0.00,41.0,4.1,195,19.8
2024-08-20T13:00,37.6,0.00,0.00,0.00,42.7,3.1,135,15.5
2024-08-20T14:00,38.5,0.00,0.00,0.00,43.5,4.0,95,15.8
2024-08-20T15:00,39.2,0.00,0.00,0.00,43.3,6.8,87,19.1
2024-08-20T16:00,39.4,0.00,0.00,0.00,42.5,8.4,80,20.9
2024-08-20T17:00,39.4,0.00,0.00,0.00,41.4,9.0,67,20.9
2024-08-20T18:00,39.2,0.00,0.00,0.00,40.2,9.3,62,20.5
2024-08-20T19:00,38.4,0.00,0.00,0.00,39.1,10.7,70,18.7
2024-08-20T20:00,36.2,0.00,0.00,0.00,35.6,10.7,147,17.6
2024-08-20T21:00,34.7,0.00,0.00,0.00,34.0,9.3,167,17.3
2024-08-20T22:00,33.0,0.00,0.00,0.00,32.6,7.5,163,14.0
2024-08-20T23:00,32.5,0.00,0.00,0.00,32.3,14.3,168,22.0
2024-08-21T00:00,32.1,0.00,0.00,0.00,32.5,14.0,181,23.4
2024-08-21T01:00,31.6,0.00,0.00,0.00,32.3,16.1,200,25.9
2024-08-21T02:00,30.7,0.00,0.00,0.00,32.3,13.2,202,25.6
2024-08-21T03:00,30.0,0.00,0.00,0.00,31.9,12.6,207,20.9
2024-08-21T04:00,29.2,0.00,0.00,0.00,31.8,8.8,215,19.8
2024-08-21T05:00,28.2,0.00,0.00,0.00,31.3,6.3,204,13.7
2024-08-21T06:00,27.5,0.00,0.00,0.00,30.6,6.9,208,9.4
2024-08-21T07:00,27.1,0.00,0.00,0.00,30.2,6.4,227,9.7
2024-08-21T08:00,28.4,0.00,0.00,0.00,30.8,10.0,244,14.0
2024-08-21T09:00,30.9,0.00,0.00,0.00,33.7,7.6,245,15.5
2024-08-21T10:00,33.1,0.00,0.00,0.00,36.5,3.5,294,16.2
2024-08-21T11:00,34.7,0.00,0.00,0.00,39.0,2.9,90,13.3
2024-08-21T12:00,36.3,0.00,0.00,0.00,41.4,4.0,117,15.8
2024-08-21T13:00,37.8,0.00,0.00,0.00,43.3,4.3,114,16.6
2024-08-21T14:00,39.1,0.00,0.00,0.00,44.2,5.4,127,18.0
2024-08-21T15:00,40.1,0.00,0.00,0.00,44.0,6.4,142,18.7
2024-08-21T16:00,40.5,0.00,0.00,0.00,43.4,5.6,130,18.4
2024-08-21T17:00,40.4,0.00,0.00,0.00,41.6,10.3,65,21.2
2024-08-21T18:00,39.7,0.00,0.00,0.00,40.1,10.8,53,22.3
2024-08-21T19:00,38.3,0.00,0.00,0.00,38.1,15.3,47,25.6
2024-08-21T20:00,37.2,0.00,0.00,0.00,38.1,18.7,88,29.5
2024-08-21T21:00,35.9,0.00,0.00,0.00,36.5,18.3,122,33.5
2024-08-21T22:00,35.0,0.00,0.00,0.00,35.6,16.1,130,28.8
2024-08-21T23:00,34.1,0.00,0.00,0.00,35.4,11.5,131,26.3
2024-08-22T00:00,32.6,0.00,0.00,0.00,34.1,13.2,112,19.8
2024-08-22T01:00,32.0,0.00,0.00,0.00,33.8,16.1,156,25.2
2024-08-22T02:00,31.4,0.00,0.00,0.00,33.8,13.7,166,26.3
2024-08-22T03:00,30.7,0.00,0.00,0.00,33.0,12.1,157,22.0
2024-08-22T04:00,30.0,0.00,0.00,0.00,31.7,13.5,146,22.0
2024-08-22T05:00,29.2,0.00,0.00,0.00,31.1,12.8,158,22.0
2024-08-22T06:00,28.5,0.00,0.00,0.00,31.2,12.3,159,20.9
2024-08-22T07:00,28.0,0.00,0.00,0.00,32.0,8.5,152,19.4
2024-08-22T08:00,28.9,0.00,0.00,0.00,32.0,12.0,171,19.1
2024-08-22T09:00,30.7,0.00,0.00,0.00,34.3,11.5,176,22.3
2024-08-22T10:00,32.5,0.00,0.00,0.00,36.1,10.8,180,22.3
2024-08-22T11:00,34.7,0.00,0.00,0.00,38.2,13.0,183,26.6
2024-08-22T12:00,36.6,0.00,0.00,0.00,40.4,11.9,180,26.6
2024-08-22T13:00,38.4,0.00,0.00,0.00,41.6,16.9,180,32.4
2024-08-22T14:00,37.8,0.10,0.00,0.10,39.9,17.6,215,35.6
2024-08-22T15:00,38.5,0.00,0.00,0.00,40.9,10.5,211,33.8
2024-08-22T16:00,38.7,0.00,0.00,0.00,40.8,8.1,148,23.0
2024-08-22T17:00,37.4,0.10,0.00,0.10,38.4,15.8,179,28.8
2024-08-22T18:00,37.8,0.00,0.00,0.00,38.8,12.9,167,28.8
2024-08-22T19:00,36.0,0.00,0.00,0.00,36.8,21.4,151,34.2
2024-08-22T20:00,32.6,0.00,0.00,0.00,37.0,7.9,219,18.0
2024-08-22T21:00,32.5,0.00,0.00,0.00,36.2,11.2,135,17.6
2024-08-22T22:00,33.0,0.00,0.00,0.00,35.3,14.3,146,22.0
2024-08-22T23:00,32.4,0.00,0.00,0.00,34.5,18.9,166,29.5
2024-08-23T00:00,32.0,0.00,0.00,0.00,34.5,18.7,169,33.1
2024-08-23T01:00,31.5,0.00,0.00,0.00,34.2,18.4,174,29.9
2024-08-23T02:00,30.8,0.00,0.00,0.00,33.2,17.9,171,29.5
2024-08-23T03:00,30.2,0.00,0.00,0.00,32.8,16.6,179,28.4
2024-08-23T04:00,29.8,0.00,0.00,0.00,32.6,14.8,180,26.3
2024-08-23T05:00,29.4,0.00,0.00,0.00,32.4,12.6,177,23.4
2024-08-23T06:00,29.0,0.00,0.00,0.00,32.3,11.2,178,20.5
2024-08-23T07:00,28.7,0.00,0.00,0.00,32.4,9.4,173,17.6
2024-08-23T08:00,29.1,0.00,0.00,0.00,33.0,11.5,182,19.1
2024-08-23T09:00,30.4,0.00,0.00,0.00,33.9,13.2,191,24.8
2024-08-23T10:00,32.0,0.00,0.00,0.00,34.9,15.3,195,28.4
2024-08-23T11:00,33.1,0.00,0.00,0.00,36.1,13.7,180,31.7
2024-08-23T12:00,33.3,0.00,0.00,0.00,35.6,15.2,166,28.1
2024-08-23T13:00,34.4,0.00,0.00,0.00,37.2,13.6,158,29.9
2024-08-23T14:00,34.9,0.00,0.00,0.00,37.8,15.0,145,29.5
2024-08-23T15:00,34.9,0.00,0.00,0.00,37.2,16.6,146,31.3
2024-08-23T16:00,34.8,0.00,0.00,0.00,37.6,15.3,141,32.0
2024-08-23T17:00,33.0,1.00,0.00,1.00,35.5,17.1,139,31.7
2024-08-23T18:00,33.1,0.00,0.00,0.00,35.7,14.8,139,32.0
2024-08-23T19:00,32.5,0.00,0.00,0.00,35.3,14.0,134,26.3
2024-08-23T20:00,28.5,0.10,0.00,0.10,32.7,13.4,126,23.4
2024-08-23T21:00,28.3,0.00,0.00,0.00,33.0,8.4,110,22.7
2024-08-23T22:00,27.9,0.00,0.00,0.00,32.4,9.3,167,17.3
2024-08-23T23:00,27.8,0.00,0.00,0.00,32.3,9.6,146,15.1
2024-08-24T00:00,27.7,0.00,0.00,0.00,31.7,11.6,154,18.4
2024-08-24T01:00,27.8,0.00,0.00,0.00,31.0,16.1,170,24.8
2024-08-24T02:00,28.1,0.00,0.00,0.00,30.7,16.7,173,27.0
2024-08-24T03:00,27.9,0.00,0.00,0.00,30.6,14.4,179,26.3
2024-08-24T04:00,27.5,0.00,0.00,0.00,30.8,10.4,180,23.0
2024-08-24T05:00,27.2,0.00,0.00,0.00,30.9,8.6,178,16.6
2024-08-24T06:00,26.6,0.00,0.00,0.00,30.7,5.9,169,13.3
2024-08-24T07:00,26.3,0.00,0.00,0.00,30.6,4.9,163,9.0
2024-08-24T08:00,26.9,0.00,0.00,0.00,31.4,5.8,176,11.2
2024-08-24T09:00,28.5,0.00,0.00,0.00,32.7,8.3,185,16.6
2024-08-24T10:00,30.1,0.00,0.00,0.00,33.9,9.7,180,21.2
2024-08-24T11:00,31.6,0.00,0.00,0.00,35.4,10.0,154,23.0
2024-08-24T12:00,33.0,0.00,0.00,0.00,37.0,9.9,134,23.8
2024-08-24T13:00,34.2,0.00,0.00,0.00,37.9,11.6,116,25.9
2024-08-24T14:00,35.3,0.00,0.00,0.00,38.6,12.8,101,27.7
2024-08-24T15:00,36.0,0.00,0.00,0.00,38.4,14.7,101,29.9
2024-08-24T16:00,36.0,0.00,0.00,0.00,37.6,15.5,103,30.6
2024-08-24T17:00,35.9,0.00,0.00,0.00,36.2,17.1,105,31.7
2024-08-24T18:00,35.4,0.00,0.00,0.00,35.2,17.8,108,32.0
2024-08-24T19:00,35.0,0.00,0.00,0.00,34.4,19.0,109,31.3
2024-08-24T20:00,33.0,0.00,0.00,0.00,32.6,18.5,97,29.2
2024-08-24T21:00,31.5,0.00,0.00,0.00,31.9,16.3,115,31.7
2024-08-24T22:00,30.7,0.00,0.00,0.00,31.8,13.2,133,25.9
2024-08-24T23:00,29.9,0.00,0.00,0.00,30.9,16.5,148,27.0
2024-08-25T00:00,29.0,0.00,0.00,0.00,30.9,12.9,150,26.3
2024-08-25T01:00,28.3,0.00,0.00,0.00,30.8,10.4,160,20.5
2024-08-25T02:00,27.4,0.00,0.00,0.00,30.5,7.6,172,16.2
2024-08-25T03:00,26.8,0.00,0.00,0.00,30.0,7.6,175,12.6
2024-08-25T04:00,26.2,0.00,0.00,0.00,29.8,5.9,166,11.9
2024-08-25T05:00,25.6,0.00,0.00,0.00,29.5,5.0,150,9.4
2024-08-25T06:00,25.3,0.00,0.00,0.00,29.3,4.9,144,7.9
2024-08-25T07:00,24.9,0.00,0.00,0.00,29.1,4.6,108,7.9
2024-08-25T08:00,25.8,0.00,0.00,0.00,30.4,5.1,86,10.4
2024-08-25T09:00,27.5,0.00,0.00,0.00,32.4,5.1,82,13.7
2024-08-25T10:00,29.1,0.10,0.00,0.10,33.8,6.6,81,19.8
2024-08-25T11:00,30.6,0.20,0.00,0.20,34.7,10.1,107,22.3
2024-08-25T12:00,31.7,0.10,0.00,0.10,36.1,10.5,121,24.8
2024-08-25T13:00,33.2,0.00,0.00,0.00,37.7,10.4,110,24.8
2024-08-25T14:00,34.5,0.00,0.00,0.00,38.2,11.5,104,25.9
2024-08-25T15:00,35.1,0.10,0.00,0.10,37.7,12.3,97,27.7
2024-08-25T16:00,35.5,0.00,0.00,0.00,37.4,12.0,97,27.4
2024-08-25T17:00,35.8,0.00,0.00,0.00,36.7,13.3,87,26.3
2024-08-25T18:00,35.2,0.00,0.00,0.00,35.4,15.5,93,27.7
2024-08-25T19:00,34.4,0.00,0.00,0.00,34.2,16.6,89,29.2
2024-08-25T20:00,32.8,0.00,0.00,0.00,32.5,13.8,96,24.1
2024-08-25T21:00,31.8,0.00,0.00,0.00,30.9,16.9,101,26.6
2024-08-25T22:00,30.8,0.00,0.00,0.00,30.6,13.6,112,26.6
2024-08-25T23:00,29.9,0.00,0.00,0.00,30.5,10.0,131,21.6
2024-08-26T00:00,29.1,0.00,0.00,0.00,29.9,9.5,119,15.5
2024-08-26T01:00,28.3,0.00,0.00,0.00,29.3,9.7,132,15.5
2024-08-26T02:00,27.6,0.00,0.00,0.00,29.0,8.6,147,15.5
2024-08-26T03:00,26.7,0.00,0.00,0.00,28.8,5.2,168,13.7
2024-08-26T04:00,26.5,0.00,0.00,0.00,28.9,5.1,176,8.6
2024-08-26T05:00,26.5,0.00,0.00,0.00,29.3,1.5,76,6.1
2024-08-26T06:00,24.9,0.00,0.00,0.00,28.0,3.3,49,4.7
2024-08-26T07:00,24.6,0.00,0.00,0.00,27.8,3.1,36,5.0
2024-08-26T08:00,25.6,0.20,0.00,0.20,30.1,1.9,292,6.5
2024-08-26T09:00,27.4,0.10,0.00,0.10,31.4,2.2,180,9.7
2024-08-26T10:00,28.9,0.10,0.00,0.10,32.5,1.5,284,13.7
2024-08-26T11:00,29.9,0.10,0.00,0.10,32.9,6.5,71,22.0
2024-08-26T12:00,31.2,0.10,0.00,0.10,35.1,9.7,59,27.7
2024-08-26T13:00,31.8,0.10,0.00,0.10,35.4,11.8,70,29.5
2024-08-26T14:00,29.7,0.90,0.00,0.90,32.5,19.7,81,37.8
2024-08-26T15:00,30.8,0.00,0.00,0.00,32.8,15.0,80,37.4
2024-08-26T16:00,31.2,0.00,0.00,0.00,33.4,13.0,88,31.0
2024-08-26T17:00,26.8,2.10,0.00,2.10,28.0,25.2,100,44.3
2024-08-26T18:00,26.1,0.30,0.00,0.30,30.0,6.7,106,42.8
2024-08-26T19:00,27.6,0.00,0.00,0.00,30.9,11.0,113,18.4
2024-08-26T20:00,28.0,0.00,0.00,0.00,29.3,13.7,88,22.3
2024-08-26T21:00,27.5,0.00,0.00,0.00,28.4,16.1,114,25.2
2024-08-26T22:00,26.0,0.00,0.00,0.00,27.9,12.2,114,26.3
2024-08-26T23:00,25.3,0.00,0.00,0.00,27.7,9.5,101,19.8
2024-08-27T00:00,24.8,0.00,0.00,0.00,27.8,5.8,90,15.8
2024-08-27T01:00,24.4,0.00,0.00,0.00,27.6,5.4,86,9.7
2024-08-27T02:00,24.1,0.00,0.00,0.00,27.4,6.1,87,10.1
2024-08-27T03:00,23.9,0.00,0.00,0.00,27.3,6.2,80,9.7
2024-08-27T04:00,23.8,0.00,0.00,0.00,27.2,6.6,77,11.2
2024-08-27T05:00,23.7,0.00,0.00,0.00,27.3,5.8,68,10.8
2024-08-27T06:00,23.5,0.10,0.00,0.10,27.2,5.6,75,9.0
2024-08-27T07:00,23.4,0.00,0.00,0.00,27.1,6.6,103,10.8
2024-08-27T08:00,22.7,0.40,0.00,0.40,26.8,5.8,338,12.6
2024-08-27T09:00,23.6,1.30,0.00,1.30,27.2,7.8,77,17.6
2024-08-27T10:00,24.0,1.30,0.00,1.30,27.6,7.1,60,21.2
2024-08-27T11:00,24.5,0.30,0.00,0.30,28.3,4.7,122,18.0
2024-08-27T12:00,27.3,0.30,0.00,0.30,31.2,10.9,124,24.5
2024-08-27T13:00,29.0,0.10,0.00,0.10,34.3,9.4,122,24.1
2024-08-27T14:00,30.0,0.10,0.00,0.10,35.5,10.0,142,24.8
2024-08-27T15:00,30.7,0.00,0.00,0.00,36.1,9.9,134,25.6
2024-08-27T16:00,31.4,0.00,0.00,0.00,36.3,10.1,125,24.8
2024-08-27T17:00,31.7,0.00,0.00,0.00,35.4,10.0,128,24.5
2024-08-27T18:00,31.7,0.00,0.00,0.00,34.7,10.7,132,24.1
2024-08-27T19:00,30.2,0.00,0.00,0.00,32.0,17.7,128,28.8
2024-08-27T20:00,28.0,0.00,0.00,0.00,31.8,5.1,141,12.2
2024-08-27T21:00,27.7,0.00,0.00,0.00,31.4,5.6,140,8.6
2024-08-27T22:00,27.2,0.00,0.00,0.00,31.0,5.5,157,9.0
2024-08-27T23:00,26.8,0.00,0.00,0.00,30.6,5.4,180,8.6
2024-08-28T00:00,26.1,0.00,0.00,0.00,30.1,4.7,184,7.9
2024-08-28T01:00,25.5,0.00,0.00,0.00,29.6,5.6,165,7.6
2024-08-28T02:00,25.3,0.00,0.00,0.00,29.3,5.1,129,7.6
2024-08-28T03:00,25.0,0.00,0.00,0.00,29.0,5.5,122,9.7
2024-08-28T04:00,24.5,0.00,0.00,0.00,28.7,4.3,138,8.6
2024-08-28T05:00,24.0,0.00,0.00,0.00,28.3,4.8,138,6.8
2024-08-28T06:00,24.2,0.00,0.00,0.00,28.8,3.7,101,6.8
2024-08-28T07:00,23.6,0.00,0.00,0.00,28.3,2.5,8,4.3
2024-08-28T08:00,22.8,1.90,0.00,1.90,25.5,14.0,91,22.7
2024-08-28T09:00,22.5,0.10,0.00,0.10,25.0,13.5,138,29.2
2024-08-28T10:00,23.5,0.20,0.00,0.20,27.3,4.5,119,22.0
2024-08-28T11:00,24.6,0.10,0.00,0.10,28.6,3.1,126,16.9
2024-08-28T12:00,26.4,0.00,0.00,0.00,30.6,3.8,131,13.7
2024-08-28T13:00,28.4,0.00,0.00,0.00,33.3,8.0,117,20.5
2024-08-28T14:00,29.8,0.00,0.00,0.00,34.9,8.7,114,22.3
2024-08-28T15:00,30.8,0.00,0.00,0.00,36.0,8.4,115,21.6
2024-08-28T16:00,31.6,0.00,0.00,0.00,35.8,12.9,113,27.4
2024-08-28T17:00,31.4,0.00,0.00,0.00,34.5,15.5,138,29.9
2024-08-28T18:00,31.0,0.00,0.00,0.00,34.1,10.6,156,29.2
2024-08-28T19:00,30.4,0.00,0.00,0.00,33.6,11.2,130,20.5
2024-08-28T20:00,25.2,0.60,0.00,0.60,29.8,5.9,137,27.0
2024-08-28T21:00,25.1,0.10,0.00,0.10,30.3,3.3,131,11.9
2024-08-28T22:00,25.0,0.00,0.00,0.00,30.3,4.6,51,8.3
2024-08-28T23:00,24.3,0.00,0.00,0.00,30.0,2.4,27,7.9
2024-08-29T00:00,24.7,0.00,0.00,0.00,30.3,2.8,50,5.4
2024-08-29T01:00,24.7,0.00,0.00,0.00,30.4,2.5,90,4.0
2024-08-29T02:00,23.9,0.00,0.00,0.00,29.0,4.7,113,5.8
2024-08-29T03:00,23.6,0.00,0.00,0.00,28.5,4.9,107,7.2
2024-08-29T04:00,23.9,0.00,0.00,0.00,29.1,4.0,95,7.6
2024-08-29T05:00,23.5,0.00,0.00,0.00,28.5,4.0,80,5.0
2024-08-29T06:00,23.7,0.00,0.00,0.00,29.1,2.6,74,5.0
2024-08-29T07:00,23.0,0.00,0.00,0.00,27.8,3.6,53,4.7
2024-08-29T08:00,23.9,0.10,0.00,0.10,27.8,9.8,98,17.3
2024-08-29T09:00,24.5,0.00,0.00,0.00,28.4,9.1,108,18.4
2024-08-29T10:00,26.1,0.00,0.00,0.00,30.1,7.6,98,19.1
2024-08-29T11:00,27.6,0.20,0.00,0.20,31.9,5.4,90,18.4
2024-08-29T12:00,29.1,0.00,0.00,0.00,34.2,4.3,90,17.6
2024-08-29T13:00,30.0,0.20,0.00,0.20,36.4,2.3,129,17.6
2024-08-29T14:00,31.1,0.00,0.00,0.00,38.0,1.9,112,15.1
2024-08-29T15:00,31.8,0.00,0.00,0.00,38.1,3.6,84,15.1
2024-08-29T16:00,32.2,0.00,0.00,0.00,36.8,7.2,87,19.1
2024-08-29T17:00,32.3,0.00,0.00,0.00,35.4,9.4,88,20.2
2024-08-29T18:00,32.4,0.00,0.00,0.00,34.8,12.8,101,23.8
2024-08-29T19:00,31.7,0.00,0.00,0.00,33.3,16.3,115,26.3
2024-08-29T20:00,27.9,0.10,0.00,0.10,30.2,18.3,133,29.2
2024-08-29T21:00,26.6,0.10,0.00,0.10,30.1,12.1,157,29.9
2024-08-29T22:00,26.0,0.20,0.00,0.20,29.6,13.1,171,20.5
2024-08-29T23:00,25.7,0.10,0.00,0.10,29.9,8.0,153,20.9
2024-08-30T00:00,25.5,0.00,0.00,0.00,30.4,5.6,130,11.9
2024-08-30T01:00,25.6,0.00,0.00,0.00,30.1,7.9,114,12.6
2024-08-30T02:00,25.2,0.00,0.00,0.00,29.5,8.9,122,13.7
2024-08-30T03:00,24.7,0.00,0.00,0.00,29.3,5.9,128,13.7
2024-08-30T04:00,24.2,0.00,0.00,0.00,28.7,6.2,111,9.7
2024-08-30T05:00,24.0,0.00,0.00,0.00,28.2,7.6,93,11.5
2024-08-30T06:00,23.8,0.00,0.00,0.00,28.0,7.2,96,13.0
2024-08-30T07:00,23.8,0.10,0.00,0.10,28.5,3.3,96,11.5
2024-08-30T08:00,24.6,0.00,0.00,0.00,29.2,7.0,69,13.3
2024-08-30T09:00,25.6,0.00,0.00,0.00,30.4,5.4,42,16.6
2024-08-30T10:00,26.6,0.00,0.00,0.00,31.0,6.5,3,17.6
2024-08-30T11:00,27.6,0.00,0.00,0.00,31.7,7.6,19,19.1
2024-08-30T12:00,28.4,0.20,0.00,0.20,32.0,11.0,32,22.7
2024-08-30T13:00,29.6,0.10,0.00,0.10,33.6,8.7,38,23.8
2024-08-30T14:00,31.1,0.10,0.00,0.10,36.4,9.7,27,23.8
2024-08-30T15:00,31.8,0.10,0.00,0.10,36.3,10.3,36,24.5
2024-08-30T16:00,32.7,0.10,0.00,0.10,36.4,11.3,37,24.1
2024-08-30T17:00,33.1,0.00,0.00,0.00,35.5,12.7,45,24.8
2024-08-30T18:00,32.8,0.00,0.00,0.00,34.5,15.0,48,27.7
2024-08-30T19:00,31.7,0.00,0.00,0.00,33.3,15.0,69,27.4
2024-08-30T20:00,30.5,0.00,0.00,0.00,32.8,11.9,87,19.8
2024-08-30T21:00,29.6,0.00,0.00,0.00,32.2,10.8,88,19.8
2024-08-30T22:00,28.8,0.00,0.00,0.00,31.9,7.9,74,16.9
2024-08-30T23:00,28.2,0.00,0.00,0.00,31.5,7.1,75,12.6
2024-08-31T00:00,27.5,0.00,0.00,0.00,30.8,7.3,70,11.2
2024-08-31T01:00,26.7,0.00,0.00,0.00,30.5,5.2,56,11.2
2024-08-31T02:00,26.1,0.00,0.00,0.00,29.7,6.9,47,10.4
2024-08-31T03:00,25.6,0.00,0.00,0.00,29.2,7.6,45,12.6
2024-08-31T04:00,25.1,0.00,0.00,0.00,28.9,6.6,45,11.9
2024-08-31T05:00,24.8,0.00,0.00,0.00,28.7,6.1,40,10.8
2024-08-31T06:00,24.5,0.00,0.00,0.00,28.5,6.0,25,9.4
2024-08-31T07:00,24.1,0.00,0.00,0.00,28.0,6.7,36,10.4
2024-08-31T08:00,23.8,1.00,0.00,1.00,27.0,12.0,33,24.8
2024-08-31T09:00,24.8,0.20,0.00,0.20,28.7,8.9,14,20.2
2024-08-31T10:00,26.7,0.00,0.00,0.00,30.5,11.2,21,25.9
2024-08-31T11:00,28.7,0.00,0.00,0.00,31.5,15.8,21,33.5
2024-08-31T12:00,29.4,0.10,0.00,0.10,31.9,16.7,25,31.3
2024-08-31T13:00,31.1,0.00,0.00,0.00,34.5,16.3,31,33.1
2024-08-31T14:00,32.4,0.00,0.00,0.00,35.8,15.6,34,31.7
2024-08-31T15:00,33.0,0.00,0.00,0.00,36.1,16.0,36,31.0
2024-08-31T16:00,33.2,0.00,0.00,0.00,35.7,15.6,40,32.4
2024-08-31T17:00,33.4,0.00,0.00,0.00,35.2,16.0,44,31.3
2024-08-31T18:00,33.0,0.00,0.00,0.00,34.5,15.0,42,30.6
2024-08-31T19:00,32.2,0.00,0.00,0.00,33.8,13.8,49,26.6
2024-08-31T20:00,30.4,0.00,0.00,0.00,32.5,9.5,65,21.6
2024-08-31T21:00,29.6,0.00,0.00,0.00,31.7,9.5,65,15.1
2024-08-31T22:00,28.9,0.00,0.00,0.00,30.8,10.2,51,16.2
2024-08-31T23:00,28.4,0.00,0.00,0.00,30.2,10.4,46,16.2
2024-09-01T00:00,27.7,0.00,0.00,0.00,29.6,10.5,82,17.3
2024-09-01T01:00,26.7,0.00,0.00,0.00,29.4,8.0,82,16.6
2024-09-01T02:00,26.0,0.00,0.00,0.00,29.4,5.6,63,12.6
2024-09-01T03:00,25.6,0.00,0.00,0.00,29.1,5.0,30,8.6
2024-09-01T04:00,25.3,0.00,0.00,0.00,28.7,6.0,25,9.4
2024-09-01T05:00,25.0,0.00,0.00,0.00,28.3,6.6,13,10.4
2024-09-01T06:00,24.8,0.00,0.00,0.00,27.9,7.8,13,12.2
2024-09-01T07:00,24.5,0.00,0.00,0.00,27.6,8.2,15,13.0
2024-09-01T08:00,25.2,0.00,0.00,0.00,28.8,9.9,19,16.2
2024-09-01T09:00,26.1,0.00,0.00,0.00,29.9,10.4,20,18.0
2024-09-01T10:00,27.6,0.00,0.00,0.00,31.2,12.6,24,27.0
2024-09-01T11:00,29.2,0.00,0.00,0.00,32.3,14.4,32,30.6
2024-09-01T12:00,30.8,0.00,0.00,0.00,33.9,18.8,32,37.4
2024-09-01T13:00,31.5,0.10,0.00,0.10,34.1,20.7,35,37.4
2024-09-01T14:00,32.4,0.10,0.00,0.10,35.1,21.5,31,39.6
2024-09-01T15:00,32.7,0.10,0.00,0.10,35.1,21.3,28,39.2
2024-09-01T16:00,32.5,0.10,0.00,0.10,34.7,20.3,30,38.5
2024-09-01T17:00,32.6,0.00,0.00,0.00,34.6,18.1,43,37.4
2024-09-01T18:00,33.0,0.00,0.00,0.00,34.2,19.4,47,34.9
2024-09-01T19:00,31.0,0.40,0.00,0.40,32.6,17.2,37,34.9
2024-09-01T20:00,29.5,0.10,0.00,0.10,33.8,6.8,18,19.4
2024-09-01T21:00,28.8,0.00,0.00,0.00,33.3,4.5,29,10.4
2024-09-01T22:00,28.7,0.00,0.00,0.00,31.7,9.7,51,14.8
2024-09-01T23:00,27.8,0.00,0.00,0.00,30.0,14.9,70,23.4
2024-09-02T00:00,26.6,0.00,0.00,0.00,29.0,16.3,65,26.6
2024-09-02T01:00,25.4,0.00,0.00,0.00,28.4,13.0,42,25.9
2024-09-02T02:00,25.1,0.10,0.00,0.10,28.4,11.4,28,20.5
2024-09-02T03:00,24.8,0.00,0.00,0.00,27.9,12.6,27,20.5
2024-09-02T04:00,24.5,0.00,0.00,0.00,27.9,11.2,21,19.4
2024-09-02T05:00,24.6,0.00,0.00,0.00,27.5,14.4,32,23.8
2024-09-02T06:00,24.5,0.00,0.00,0.00,27.5,13.5,42,23.8
2024-09-02T07:00,24.2,0.10,0.00,0.10,27.6,11.5,46,21.2
2024-09-02T08:00,23.4,7.70,0.00,7.70,26.5,16.1,40,29.5
2024-09-02T09:00,23.6,0.80,0.00,0.80,27.0,13.0,56,31.0
2024-09-02T10:00,24.1,0.90,0.00,0.90,27.8,11.0,52,26.6
2024-09-02T11:00,25.7,0.20,0.00,0.20,28.7,16.5,58,28.4
2024-09-02T12:00,27.9,0.10,0.00,0.10,30.5,17.5,53,32.4
2024-09-02T13:00,29.0,0.10,0.00,0.10,32.0,18.3,58,33.5
2024-09-02T14:00,29.6,0.10,0.00,0.10,33.8,16.6,56,34.2
2024-09-02T15:00,30.6,0.10,0.00,0.10,35.0,15.6,50,32.0
2024-09-02T16:00,30.7,0.10,0.00,0.10,33.3,20.9,54,37.1
2024-09-02T17:00,26.9,9.40,0.00,9.40,32.0,7.0,111,37.1
2024-09-02T18:00,27.2,3.10,0.00,3.10,31.0,12.1,73,16.2
2024-09-02T19:00,25.7,0.90,0.00,0.90,29.6,11.0,79,30.2
2024-09-02T20:00,26.2,0.10,0.00,0.10,32.0,4.7,9,9.7
2024-09-02T21:00,25.4,0.80,0.00,0.80,29.5,10.9,8,16.2
2024-09-02T22:00,24.9,0.10,0.00,0.10,28.1,16.9,24,24.5
2024-09-02T23:00,23.9,0.10,0.00,0.10,27.1,12.6,2,28.4
2024-09-03T00:00,24.1,0.10,0.00,0.10,27.7,10.8,4,19.4
2024-09-03T01:00,24.4,0.10,0.00,0.10,28.6,9.7,4,16.6
2024-09-03T02:00,24.5,0.10,0.00,0.10,28.8,9.4,18,15.1
2024-09-03T03:00,24.5,0.00,0.00,0.00,28.6,10.5,27,16.6
2024-09-03T04:00,24.4,0.00,0.00,0.00,28.1,12.3,38,18.7
2024-09-03T05:00,24.2,0.20,0.00,0.20,27.8,11.5,41,19.8
2024-09-03T06:00,24.1,0.00,0.00,0.00,27.5,11.5,46,18.0
2024-09-03T07:00,24.0,0.00,0.00,0.00,27.4,10.9,56,18.0
2024-09-03T08:00,24.4,3.30,0.00,3.30,27.8,15.4,79,28.4
2024-09-03T09:00,25.3,0.20,0.00,0.20,29.3,11.5,76,24.5
2024-09-03T10:00,26.6,0.30,0.00,0.30,30.7,14.3,78,29.9
2024-09-03T11:00,27.5,0.30,0.00,0.30,31.5,15.0,80,31.0
2024-09-03T12:00,28.4,0.30,0.00,0.30,31.8,17.0,84,33.8
2024-09-03T13:00,29.3,0.30,0.00,0.30,32.4,17.0,85,34.9
2024-09-03T14:00,27.1,2.60,0.00,2.60,30.7,13.7,93,32.4
2024-09-03T15:00,27.5,0.20,0.00,0.20,32.3,5.9,76,22.7
2024-09-03T16:00,29.0,0.20,0.00,0.20,32.3,13.0,71,22.3
2024-09-03T17:00,27.9,0.30,0.00,0.30,31.4,12.0,139,26.6
2024-09-03T18:00,26.5,0.70,0.00,0.70,31.2,8.7,156,22.0
2024-09-03T19:00,25.0,5.20,0.00,5.20,29.9,6.5,56,28.4
2024-09-03T20:00,25.0,10.70,0.00,10.70,29.2,12.1,67,21.2
2024-09-03T21:00,24.5,4.30,0.00,4.30,28.8,8.9,14,21.6
2024-09-03T22:00,23.8,2.20,0.00,2.20,27.8,7.7,349,25.2
2024-09-03T23:00,24.3,1.10,0.00,1.10,28.5,8.6,360,13.0
2024-09-04T00:00,24.1,0.00,0.00,0.00,27.5,11.9,25,18.4
2024-09-04T01:00,23.9,0.00,0.00,0.00,27.2,10.7,20,18.4
2024-09-04T02:00,23.8,0.00,0.00,0.00,26.7,12.9,27,19.4
2024-09-04T03:00,23.8,0.00,0.00,0.00,26.3,14.6,20,22.3
2024-09-04T04:00,23.6,0.00,0.00,0.00,26.0,15.1,18,23.4
2024-09-04T05:00,23.5,0.00,0.00,0.00,25.9,14.8,18,23.8
2024-09-04T06:00,23.3,0.00,0.00,0.00,25.8,14.1,15,23.0
2024-09-04T07:00,23.5,0.00,0.00,0.00,25.7,16.3,18,25.2
2024-09-04T08:00,23.2,3.50,0.00,3.50,26.0,16.1,10,29.9
2024-09-04T09:00,23.2,1.60,0.00,1.60,25.1,21.3,24,37.1
2024-09-04T10:00,24.6,0.10,0.00,0.10,27.3,17.3,23,34.9
2024-09-04T11:00,24.4,3.20,0.00,3.20,28.2,10.4,56,30.2
2024-09-04T12:00,24.8,1.60,0.00,1.60,28.6,12.8,32,21.2
2024-09-04T13:00,25.5,0.70,0.00,0.70,28.9,16.9,29,28.4
2024-09-04T14:00,26.4,0.90,0.00,0.90,29.8,16.0,31,28.4
2024-09-04T15:00,28.0,0.40,0.00,0.40,31.1,20.4,44,37.1
2024-09-04T16:00,28.5,0.20,0.00,0.20,31.8,19.6,43,37.1
2024-09-04T17:00,28.8,0.00,0.00,0.00,31.2,19.2,34,34.6
2024-09-04T18:00,28.9,0.00,0.00,0.00,30.6,19.7,38,33.1
2024-09-04T19:00,27.9,0.00,0.00,0.00,30.0,16.4,33,32.8
2024-09-04T20:00,27.1,0.00,0.00,0.00,28.9,19.3,24,31.3
2024-09-04T21:00,26.2,0.00,0.00,0.00,27.8,19.0,19,31.3
2024-09-04T22:00,25.6,0.00,0.00,0.00,27.1,18.7,11,30.6
2024-09-04T23:00,25.0,0.00,0.00,0.00,26.4,18.7,11,29.9
2024-09-05T00:00,24.4,0.00,0.00,0.00,25.7,18.7,11,30.6
2024-09-05T01:00,24.0,0.00,0.00,0.00,25.3,18.2,8,29.9
2024-09-05T02:00,23.7,0.00,0.00,0.00,24.9,18.2,8,29.9
2024-09-05T03:00,23.4,0.00,0.00,0.00,24.4,18.1,6,29.2
2024-09-05T04:00,23.7,0.00,0.00,0.00,24.5,18.5,8,29.9
2024-09-05T05:00,24.1,0.00,0.00,0.00,24.8,19.4,15,30.6
2024-09-05T06:00,23.7,0.00,0.00,0.00,24.6,18.1,13,31.0
2024-09-05T07:00,23.4,0.00,0.00,0.00,24.5,17.4,13,28.4
2024-09-05T08:00,22.5,1.00,0.00,1.00,24.6,16.5,20,30.2
2024-09-05T09:00,23.9,0.30,0.00,0.30,25.9,18.5,8,32.0
2024-09-05T10:00,25.2,0.20,0.00,0.20,26.8,22.2,17,38.5
2024-09-05T11:00,24.6,1.20,0.00,1.20,26.4,21.0,16,38.2
2024-09-05T12:00,23.9,2.80,0.00,2.80,26.5,18.0,1,36.0
2024-09-05T13:00,25.9,1.10,0.00,1.10,28.1,20.5,10,36.4
2024-09-05T14:00,27.4,0.10,0.00,0.10,29.4,21.7,12,35.3
2024-09-05T15:00,28.4,0.00,0.00,0.00,30.0,22.4,24,38.5
2024-09-05T16:00,29.5,0.00,0.00,0.00,30.8,23.2,30,38.9
2024-09-05T17:00,28.5,0.10,0.00,0.10,30.0,24.1,27,44.3
2024-09-05T18:00,28.4,0.40,0.00,0.40,30.7,21.6,30,39.6
2024-09-05T19:00,26.8,0.40,0.00,0.40,29.5,18.2,14,34.6
2024-09-05T20:00,24.6,0.80,0.00,0.80,27.4,18.9,18,28.4
2024-09-05T21:00,23.8,0.40,0.00,0.40,26.1,19.8,10,35.3
2024-09-05T22:00,24.0,0.80,0.00,0.80,27.2,14.4,4,31.0
2024-09-05T23:00,24.3,0.10,0.00,0.10,27.5,13.4,352,23.0
2024-09-06T00:00,24.2,0.00,0.00,0.00,27.5,12.2,358,21.2
2024-09-06T01:00,24.0,0.00,0.00,0.00,26.8,14.8,359,23.4
2024-09-06T02:00,23.7,0.00,0.00,0.00,26.3,15.2,5,24.5
2024-09-06T03:00,23.4,0.00,0.00,0.00,25.9,14.9,8,24.1
2024-09-06T04:00,23.1,0.00,0.00,0.00,25.6,14.5,7,23.4
2024-09-06T05:00,22.8,0.00,0.00,0.00,25.1,15.6,7,24.8
2024-09-06T06:00,22.7,0.00,0.00,0.00,24.7,17.0,4,27.0
2024-09-06T07:00,22.7,0.00,0.00,0.00,24.6,17.5,9,28.1
2024-09-06T08:00,23.3,0.00,0.00,0.00,25.0,19.6,13,31.3
2024-09-06T09:00,24.7,0.00,0.00,0.00,25.3,26.3,17,42.1
2024-09-06T10:00,26.0,0.00,0.00,0.00,26.2,28.2,14,45.7
2024-09-06T11:00,26.9,0.00,0.00,0.00,27.0,28.9,17,46.8
2024-09-06T12:00,27.6,0.10,0.00,0.10,27.9,27.5,22,47.5
2024-09-06T13:00,29.5,0.10,0.00,0.10,30.5,29.8,23,50.8
2024-09-06T14:00,30.3,0.00,0.00,0.00,31.9,27.4,19,51.5
2024-09-06T15:00,31.0,0.00,0.00,0.00,32.5,27.6,17,49.7
2024-09-06T16:00,31.0,0.00,0.00,0.00,31.8,27.9,17,51.1
2024-09-06T17:00,30.7,0.00,0.00,0.00,31.0,27.2,15,50.4
2024-09-06T18:00,30.2,0.00,0.00,0.00,30.6,24.8,9,46.8
2024-09-06T19:00,29.0,0.00,0.00,0.00,29.5,22.7,3,40.3
2024-09-06T20:00,28.3,0.00,0.00,0.00,29.5,14.4,32,24.8
2024-09-06T21:00,27.1,0.00,0.00,0.00,28.6,13.0,39,23.0
2024-09-06T22:00,26.1,0.00,0.00,0.00,27.8,13.0,39,20.9
2024-09-06T23:00,25.7,0.00,0.00,0.00,26.7,16.5,44,25.6
2024-09-07T00:00,24.9,0.00,0.00,0.00,24.9,17.8,48,29.2
2024-09-07T01:00,24.2,0.00,0.00,0.00,24.6,13.9,31,28.1
2024-09-07T02:00,23.3,0.00,0.00,0.00,24.2,10.7,12,22.3
2024-09-07T03:00,22.7,0.00,0.00,0.00,23.8,10.1,2,17.3
2024-09-07T04:00,22.4,0.00,0.00,0.00,23.5,10.4,360,16.6
2024-09-07T05:00,22.2,0.00,0.00,0.00,23.4,10.5,354,16.6
2024-09-07T06:00,22.4,0.00,0.00,0.00,23.4,13.7,357,21.2
2024-09-07T07:00,22.7,0.00,0.00,0.00,23.4,16.6,360,26.3
2024-09-07T08:00,22.5,0.00,0.00,0.00,23.1,18.1,6,28.1
2024-09-07T09:00,24.0,0.00,0.00,0.00,24.9,18.4,3,30.6
2024-09-07T10:00,25.2,0.00,0.00,0.00,24.9,23.4,14,39.6
2024-09-07T11:00,26.3,0.00,0.00,0.00,25.6,23.8,18,41.4
2024-09-07T12:00,27.4,0.00,0.00,0.00,26.7,24.9,18,42.8
2024-09-07T13:00,28.3,0.00,0.00,0.00,27.5,25.3,17,43.6
2024-09-07T14:00,29.0,0.00,0.00,0.00,27.8,26.6,16,45.0
2024-09-07T15:00,29.2,0.00,0.00,0.00,27.6,27.9,17,47.2
2024-09-07T16:00,29.1,0.00,0.00,0.00,27.0,28.9,17,48.2
2024-09-07T17:00,28.8,0.00,0.00,0.00,26.0,29.3,14,48.6
2024-09-07T18:00,27.9,0.00,0.00,0.00,25.1,27.8,10,48.6
2024-09-07T19:00,26.5,0.00,0.00,0.00,24.4,23.3,8,44.6
2024-09-07T20:00,26.4,0.00,0.00,0.00,25.1,16.6,18,30.6
2024-09-07T21:00,25.1,0.00,0.00,0.00,23.9,15.6,15,26.6
2024-09-07T22:00,24.0,0.00,0.00,0.00,23.0,14.3,18,24.8
2024-09-07T23:00,22.7,0.00,0.00,0.00,22.0,12.3,15,23.0
2024-09-08T00:00,21.8,0.00,0.00,0.00,21.0,12.7,8,20.5
2024-09-08T01:00,21.0,0.00,0.00,0.00,20.1,12.3,5,20.2
2024-09-08T02:00,20.3,0.00,0.00,0.00,19.2,11.8,12,19.4
2024-09-08T03:00,19.8,0.00,0.00,0.00,18.4,12.8,10,20.2
2024-09-08T04:00,19.4,0.00,0.00,0.00,17.8,13.2,11,20.9
2024-09-08T05:00,19.0,0.00,0.00,0.00,17.5,12.8,10,20.9
2024-09-08T06:00,18.5,0.00,0.00,0.00,17.0,12.8,11,20.2
2024-09-08T07:00,18.3,0.00,0.00,0.00,16.5,14.4,13,22.7
2024-09-08T08:00,18.3,0.00,0.00,0.00,16.8,14.9,20,22.7
2024-09-08T09:00,20.3,0.00,0.00,0.00,19.1,15.1,18,25.6
2024-09-08T10:00,22.1,0.00,0.00,0.00,20.3,18.2,25,31.7
2024-09-08T11:00,23.8,0.00,0.00,0.00,22.0,20.0,26,35.3
2024-09-08T12:00,25.1,0.00,0.00,0.00,23.1,22.9,26,40.3
2024-09-08T13:00,26.0,0.00,0.00,0.00,24.0,24.3,25,42.8
2024-09-08T14:00,26.7,0.00,0.00,0.00,25.0,24.0,26,43.2
2024-09-08T15:00,27.2,0.00,0.00,0.00,25.4,23.2,28,42.5
2024-09-08T16:00,27.4,0.00,0.00,0.00,25.4,21.6,30,41.0
2024-09-08T17:00,27.3,0.00,0.00,0.00,24.6,20.6,29,37.8
2024-09-08T18:00,26.7,0.00,0.00,0.00,23.8,19.3,27,35.3
2024-09-08T19:00,25.2,0.00,0.00,0.00,23.3,14.2,16,31.7
2024-09-08T20:00,23.7,0.00,0.00,0.00,22.0,10.2,45,18.4
2024-09-08T21:00,22.4,0.00,0.00,0.00,20.6,10.2,45,16.2
2024-09-08T22:00,21.5,0.00,0.00,0.00,19.4,10.7,40,16.6
2024-09-08T23:00,20.7,0.00,0.00,0.00,18.5,10.2,45,16.9
2024-09-09T00:00,19.6,0.00,0.00,0.00,17.5,9.0,37,15.8
2024-09-09T01:00,18.7,0.00,0.00,0.00,16.5,10.6,10,16.2
2024-09-09T02:00,18.2,0.00,0.00,0.00,16.1,10.9,8,16.9
2024-09-09T03:00,17.9,0.00,0.00,0.00,15.8,10.7,12,16.9
2024-09-09T04:00,17.5,0.00,0.00,0.00,15.5,10.1,17,16.9
2024-09-09T05:00,16.9,0.00,0.00,0.00,15.1,9.9,19,15.8
2024-09-09T06:00,16.5,0.00,0.00,0.00,14.7,9.4,18,15.8
2024-09-09T07:00,16.2,0.00,0.00,0.00,14.4,9.8,17,15.8
2024-09-09T08:00,16.8,0.00,0.00,0.00,14.9,12.3,21,18.4
2024-09-09T09:00,19.3,0.00,0.00,0.00,17.9,11.4,13,19.8
2024-09-09T10:00,21.8,0.00,0.00,0.00,20.0,15.4,21,27.4
2024-09-09T11:00,23.8,0.00,0.00,0.00,22.0,17.7,27,32.4
2024-09-09T12:00,25.3,0.00,0.00,0.00,24.4,16.6,27,32.8
2024-09-09T13:00,26.6,0.00,0.00,0.00,26.1,17.4,22,33.1
2024-09-09T14:00,27.5,0.00,0.00,0.00,27.3,17.4,22,33.5
2024-09-09T15:00,28.1,0.00,0.00,0.00,27.8,17.1,18,33.1
2024-09-09T16:00,28.5,0.00,0.00,0.00,27.8,16.2,21,32.4
2024-09-09T17:00,28.5,0.00,0.00,0.00,26.8,16.5,23,30.2
2024-09-09T18:00,28.1,0.00,0.00,0.00,25.8,15.8,21,29.5
2024-09-09T19:00,26.6,0.00,0.00,0.00,25.1,11.1,13,26.6
2024-09-09T20:00,26.4,0.00,0.00,0.00,24.7,11.4,28,17.3
2024-09-09T21:00,25.8,0.00,0.00,0.00,23.4,12.4,30,19.4
2024-09-09T22:00,25.3,0.00,0.00,0.00,22.7,12.3,32,19.8
2024-09-09T23:00,24.3,0.00,0.00,0.00,21.8,11.8,31,19.1
2024-09-10T00:00,24.0,0.00,0.00,0.00,21.5,11.1,29,18.4
2024-09-10T01:00,23.1,0.00,0.00,0.00,20.8,10.6,28,17.3
2024-09-10T02:00,22.0,0.00,0.00,0.00,19.7,11.2,21,16.9
2024-09-10T03:00,21.5,0.00,0.00,0.00,19.6,9.7,27,17.3
2024-09-10T04:00,21.1,0.00,0.00,0.00,19.2,10.2,18,15.8
2024-09-10T05:00,20.2,0.00,0.00,0.00,18.2,11.3,17,16.9
2024-09-10T06:00,19.7,0.00,0.00,0.00,17.6,12.1,10,19.1
2024-09-10T07:00,19.3,0.00,0.00,0.00,17.3,12.3,7,19.1
2024-09-10T08:00,19.7,0.00,0.00,0.00,18.0,13.0,3,19.4
2024-09-10T09:00,21.8,0.00,0.00,0.00,20.7,12.6,357,21.6
2024-09-10T10:00,24.4,0.00,0.00,0.00,23.0,15.3,9,27.4
2024-09-10T11:00,26.6,0.00,0.00,0.00,25.7,16.6,22,30.2
2024-09-10T12:00,28.3,0.00,0.00,0.00,28.5,17.8,21,33.1
2024-09-10T13:00,29.6,0.00,0.00,0.00,30.9,17.4,27,33.5
2024-09-10T14:00,31.0,0.00,0.00,0.00,32.7,17.7,38,33.1
2024-09-10T15:00,30.9,0.00,0.00,0.00,31.5,17.5,37,34.2
2024-09-10T16:00,31.8,0.00,0.00,0.00,32.4,16.4,9,32.0
2024-09-10T17:00,31.9,0.00,0.00,0.00,31.3,17.4,354,31.7
2024-09-10T18:00,31.8,0.00,0.00,0.00,31.9,13.1,9,30.2
2024-09-10T19:00,30.5,0.00,0.00,0.00,30.2,16.4,19,25.2
2024-09-10T20:00,28.1,0.00,0.00,0.00,29.7,9.8,24,15.8
2024-09-10T21:00,27.8,0.00,0.00,0.00,29.0,11.4,35,18.4
2024-09-10T22:00,27.0,0.00,0.00,0.00,28.8,8.3,18,18.0
2024-09-10T23:00,26.7,0.00,0.00,0.00,28.0,11.6,22,18.4
2024-09-11T00:00,25.8,0.00,0.00,0.00,27.8,9.2,31,18.4
2024-09-11T01:00,24.6,0.00,0.00,0.00,27.0,8.6,22,14.4
2024-09-11T02:00,24.1,0.00,0.00,0.00,26.8,8.7,30,14.0
2024-09-11T03:00,23.6,0.00,0.00,0.00,26.5,9.1,34,14.0
2024-09-11T04:00,23.1,0.00,0.00,0.00,25.9,9.7,27,15.5
2024-09-11T05:00,22.4,0.00,0.00,0.00,25.2,9.5,9,15.5
2024-09-11T06:00,21.9,0.00,0.00,0.00,24.6,9.4,7,15.5
2024-09-11T07:00,21.4,0.00,0.00,0.00,24.1,8.7,17,15.1
2024-09-11T08:00,23.8,0.00,0.00,0.00,26.9,10.0,15,17.3
2024-09-11T09:00,24.7,0.00,0.00,0.00,27.3,12.2,2,21.2
2024-09-11T10:00,25.9,0.00,0.00,0.00,28.0,14.4,4,26.6
2024-09-11T11:00,27.3,0.00,0.00,0.00,29.0,15.9,6,29.9
2024-09-11T12:00,29.2,0.00,0.00,0.00,31.3,17.0,13,32.4
2024-09-11T13:00,30.7,0.00,0.00,0.00,32.9,17.4,18,33.1
2024-09-11T14:00,31.3,0.00,0.00,0.00,33.5,17.6,15,33.5
2024-09-11T15:00,31.4,0.00,0.00,0.00,32.7,17.2,11,33.5
2024-09-11T16:00,31.7,0.00,0.00,0.00,32.8,16.0,8,32.4
2024-09-11T17:00,31.8,0.00,0.00,0.00,32.4,14.1,15,29.9
2024-09-11T18:00,31.5,0.00,0.00,0.00,31.8,13.2,17,26.6
2024-09-11T19:00,30.2,0.00,0.00,0.00,31.6,7.4,23,23.0
2024-09-11T20:00,26.4,0.00,0.00,0.00,27.6,9.4,40,11.5
2024-09-11T21:00,26.1,0.00,0.00,0.00,27.3,8.9,27,12.6
2024-09-11T22:00,25.8,0.00,0.00,0.00,27.5,10.6,28,16.6
2024-09-11T23:00,25.0,0.00,0.00,0.00,27.1,9.8,17,16.6
2024-09-12T00:00,24.4,0.00,0.00,0.00,26.5,10.6,24,16.9
2024-09-12T01:00,23.6,0.00,0.00,0.00,25.9,8.9,40,16.9
2024-09-12T02:00,22.8,0.00,0.00,0.00,25.3,8.2,41,13.7
2024-09-12T03:00,21.9,0.00,0.00,0.00,24.8,6.2,36,12.6
2024-09-12T04:00,20.9,0.00,0.00,0.00,23.8,7.0,21,9.4
2024-09-12T05:00,21.2,0.00,0.00,0.00,24.5,4.7,360,8.6
2024-09-12T06:00,20.9,0.00,0.00,0.00,24.1,5.4,360,8.6
2024-09-12T07:00,20.5,0.00,0.00,0.00,23.3,6.9,6,10.8
2024-09-12T08:00,22.3,0.00,0.00,0.00,25.3,8.3,360,15.1
2024-09-12T09:00,23.6,0.00,0.00,0.00,26.5,9.0,2,18.0
2024-09-12T10:00,25.4,0.00,0.00,0.00,28.0,10.2,350,21.6
2024-09-12T11:00,26.8,0.00,0.00,0.00,29.3,9.8,336,22.0
2024-09-12T12:00,28.4,0.00,0.00,0.00,30.6,10.5,333,22.7
2024-09-12T13:00,30.3,0.00,0.00,0.00,33.0,11.1,331,24.5
2024-09-12T14:00,31.4,0.00,0.00,0.00,34.7,10.0,322,24.8
2024-09-12T15:00,32.5,0.00,0.00,0.00,35.6,8.7,330,22.7
2024-09-12T16:00,33.1,0.00,0.00,0.00,34.9,9.7,358,21.2
2024-09-12T17:00,32.5,0.00,0.00,0.00,33.1,13.0,24,24.1
2024-09-12T18:00,31.2,0.00,0.00,0.00,31.1,18.2,38,31.0
2024-09-12T19:00,30.3,0.00,0.00,0.00,31.2,11.2,40,31.3
2024-09-12T20:00,28.5,0.00,0.00,0.00,28.5,18.4,59,27.4
2024-09-12T21:00,26.8,0.00,0.00,0.00,27.1,16.0,59,31.0
2024-09-12T22:00,25.9,0.00,0.00,0.00,26.6,13.2,55,25.2
2024-09-12T23:00,25.1,0.00,0.00,0.00,25.9,12.0,57,20.5
2024-09-13T00:00,24.0,0.00,0.00,0.00,25.5,7.1,66,18.7
2024-09-13T01:00,22.9,0.00,0.00,0.00,24.8,6.0,65,10.8
2024-09-13T02:00,23.1,0.00,0.00,0.00,25.1,5.0,111,8.6
2024-09-13T03:00,21.9,0.00,0.00,0.00,23.9,6.5,180,7.9
2024-09-13T04:00,22.2,0.00,0.00,0.00,24.4,5.2,214,8.3
2024-09-13T05:00,22.6,0.00,0.00,0.00,25.1,1.8,281,5.8
2024-09-13T06:00,21.3,0.00,0.00,0.00,23.8,3.0,14,3.2
2024-09-13T07:00,21.3,0.00,0.00,0.00,23.6,4.3,66,5.4
2024-09-13T08:00,21.8,0.00,0.00,0.00,23.9,6.8,162,10.4
2024-09-13T09:00,24.0,0.00,0.00,0.00,26.5,4.0,153,11.5
2024-09-13T10:00,26.2,0.00,0.00,0.00,29.0,5.4,176,15.1
2024-09-13T11:00,28.4,0.00,0.00,0.00,31.9,7.6,183,18.7
2024-09-13T12:00,30.5,0.00,0.00,0.00,34.8,10.3,192,23.0
2024-09-13T13:00,32.3,0.00,0.00,0.00,36.5,13.0,204,27.4
2024-09-13T14:00,33.5,0.00,0.00,0.00,37.7,13.6,212,28.1
2024-09-13T15:00,34.3,0.00,0.00,0.00,38.3,12.4,210,27.7
2024-09-13T16:00,34.8,0.00,0.00,0.00,38.4,9.7,202,25.6
2024-09-13T17:00,34.8,0.00,0.00,0.00,37.5,8.2,195,21.2
2024-09-13T18:00,34.5,0.00,0.00,0.00,37.1,7.6,188,18.0
2024-09-13T19:00,32.8,0.00,0.00,0.00,37.7,4.0,207,14.4
2024-09-13T20:00,31.3,0.00,0.00,0.00,35.2,6.9,137,7.6
2024-09-13T21:00,29.4,0.00,0.00,0.00,32.8,7.6,135,9.7
2024-09-13T22:00,28.8,0.00,0.00,0.00,32.1,6.5,161,9.7
2024-09-13T23:00,28.6,0.00,0.00,0.00,31.0,9.2,169,14.0
2024-09-14T00:00,28.3,0.00,0.00,0.00,30.0,12.6,185,19.1
2024-09-14T01:00,27.7,0.00,0.00,0.00,30.0,13.3,193,21.6
2024-09-14T02:00,27.1,0.00,0.00,0.00,29.7,13.1,196,20.9
2024-09-14T03:00,26.8,0.00,0.00,0.00,28.9,14.5,207,23.0
2024-09-14T04:00,26.2,0.00,0.00,0.00,28.4,14.2,207,23.0
2024-09-14T05:00,25.7,0.00,0.00,0.00,28.3,13.4,207,22.3
2024-09-14T06:00,25.2,0.00,0.00,0.00,28.2,12.2,204,21.2
2024-09-14T07:00,24.7,0.00,0.00,0.00,27.9,11.8,203,19.4
2024-09-14T08:00,25.1,0.00,0.00,0.00,28.8,11.8,200,16.9
2024-09-14T09:00,26.6,0.00,0.00,0.00,30.5,11.8,200,20.9
2024-09-14T10:00,28.4,0.00,0.00,0.00,31.9,14.9,200,27.0
2024-09-14T11:00,30.2,0.00,0.00,0.00,33.8,14.0,198,28.1
2024-09-14T12:00,32.0,0.00,0.00,0.00,36.4,12.4,197,27.7
2024-09-14T13:00,33.1,0.00,0.00,0.00,36.9,10.4,194,26.3
2024-09-14T14:00,33.9,0.00,0.00,0.00,37.8,7.7,191,22.7
2024-09-14T15:00,34.7,0.00,0.00,0.00,39.4,6.4,164,19.1
2024-09-14T16:00,35.0,0.00,0.00,0.00,38.9,6.0,147,18.0
2024-09-14T17:00,34.9,0.00,0.00,0.00,37.8,6.4,142,16.6
2024-09-14T18:00,34.0,0.00,0.00,0.00,36.7,7.8,158,15.1
2024-09-14T19:00,32.7,0.00,0.00,0.00,37.4,4.3,175,14.0
2024-09-14T20:00,31.2,0.00,0.00,0.00,33.9,6.5,177,9.4
2024-09-14T21:00,31.0,0.00,0.00,0.00,33.8,6.9,174,10.4
2024-09-14T22:00,30.8,0.00,0.00,0.00,32.8,10.9,171,16.2
2024-09-14T23:00,29.8,0.00,0.00,0.00,31.9,8.5,192,17.6
2024-09-15T00:00,29.3,0.00,0.00,0.00,31.1,10.7,194,16.2
2024-09-15T01:00,28.7,0.00,0.00,0.00,30.7,14.3,205,22.3
2024-09-15T02:00,28.0,0.00,0.00,0.00,30.8,13.2,206,23.0
2024-09-15T03:00,27.5,0.00,0.00,0.00,31.1,11.1,209,20.9
2024-09-15T04:00,27.2,0.00,0.00,0.00,31.1,9.7,211,17.3
2024-09-15T05:00,26.5,0.00,0.00,0.00,30.7,7.2,217,15.1
2024-09-15T06:00,26.3,0.00,0.00,0.00,30.6,6.4,218,11.2
2024-09-15T07:00,25.9,0.00,0.00,0.00,30.5,4.6,231,9.7
2024-09-15T08:00,26.0,0.00,0.00,0.00,31.0,2.3,252,7.6
2024-09-15T09:00,26.9,0.00,0.00,0.00,31.9,2.8,220,6.8
2024-09-15T10:00,28.8,0.00,0.00,0.00,33.9,3.1,216,11.9
2024-09-15T11:00,30.5,0.00,0.00,0.00,35.4,3.1,234,13.7
2024-09-15T12:00,31.9,0.00,0.00,0.00,37.5,3.1,216,14.4
2024-09-15T13:00,33.1,0.00,0.00,0.00,38.7,2.5,172,14.4
2024-09-15T14:00,33.9,0.00,0.00,0.00,39.1,2.8,140,14.4
2024-09-15T15:00,34.2,0.00,0.00,0.00,38.2,4.9,144,16.2
2024-09-15T16:00,34.3,0.00,0.00,0.00,37.5,5.2,146,17.3
2024-09-15T17:00,34.2,0.00,0.00,0.00,36.6,2.9,97,15.8
2024-09-15T18:00,34.3,0.00,0.00,0.00,36.3,3.6,360,11.5
2024-09-15T19:00,27.5,0.00,0.00,0.00,28.8,19.7,50,46.1
2024-09-15T20:00,32.1,0.10,0.00,0.10,33.5,13.0,71,16.2
2024-09-15T21:00,30.2,0.10,0.00,0.10,30.1,18.6,99,36.0
2024-09-15T22:00,29.0,0.00,0.00,0.00,30.6,8.9,117,29.5
2024-09-15T23:00,27.9,0.00,0.00,0.00,30.2,5.8,97,13.7
2024-09-16T00:00,26.7,0.00,0.00,0.00,29.3,8.0,108,9.7
2024-09-16T01:00,26.9,0.00,0.00,0.00,29.6,6.3,103,9.4
2024-09-16T02:00,26.8,0.00,0.00,0.00,29.9,3.6,53,7.2
2024-09-16T03:00,25.3,0.00,0.00,0.00,28.4,5.9,47,7.6
2024-09-16T04:00,24.7,0.00,0.00,0.00,27.9,5.6,27,7.9
2024-09-16T05:00,24.5,0.00,0.00,0.00,27.7,4.0,10,7.2
2024-09-16T06:00,24.2,0.00,0.00,0.00,26.9,5.8,360,9.0
2024-09-16T07:00,23.8,0.00,0.00,0.00,26.5,5.8,4,9.4
2024-09-16T08:00,24.1,0.00,0.00,0.00,26.8,8.5,28,13.7
2024-09-16T09:00,25.9,0.00,0.00,0.00,29.1,6.7,36,14.8
2024-09-16T10:00,27.8,0.00,0.00,0.00,31.3,6.6,45,17.3
2024-09-16T11:00,29.5,0.00,0.00,0.00,33.5,6.4,43,18.4
2024-09-16T12:00,31.1,0.00,0.00,0.00,35.9,6.1,50,18.7
2024-09-16T13:00,32.3,0.00,0.00,0.00,37.7,5.2,56,18.7
2024-09-16T14:00,33.3,0.00,0.00,0.00,38.7,5.2,56,17.6
2024-09-16T15:00,33.8,0.00,0.00,0.00,38.2,7.1,66,19.1
2024-09-16T16:00,34.1,0.00,0.00,0.00,37.6,8.3,72,19.8
2024-09-16T17:00,34.0,0.00,0.00,0.00,36.9,8.4,70,20.2
2024-09-16T18:00,33.8,0.00,0.00,0.00,36.4,8.6,68,19.1
2024-09-16T19:00,33.0,0.00,0.00,0.00,35.9,6.7,74,17.3
2024-09-16T20:00,31.2,0.00,0.00,0.00,34.0,5.2,106,15.1
2024-09-16T21:00,30.2,0.00,0.00,0.00,33.0,6.2,83,8.6
2024-09-16T22:00,29.7,0.00,0.00,0.00,31.0,12.2,56,18.4
2024-09-16T23:00,28.5,0.00,0.00,0.00,29.9,9.3,77,19.4
2024-09-17T00:00,27.5,0.00,0.00,0.00,29.1,7.9,74,14.4
2024-09-17T01:00,26.8,0.00,0.00,0.00,28.3,8.2,75,13.7
2024-09-17T02:00,26.2,0.00,0.00,0.00,27.9,7.0,102,13.0
2024-09-17T03:00,25.6,0.00,0.00,0.00,27.5,6.6,103,11.2
2024-09-17T04:00,24.9,0.00,0.00,0.00,26.9,6.3,103,10.1
2024-09-17T05:00,24.4,0.00,0.00,0.00,26.3,6.7,106,9.0
2024-09-17T06:00,23.8,0.00,0.00,0.00,25.8,7.7,118,9.4
2024-09-17T07:00,23.4,0.00,0.00,0.00,25.6,6.6,99,9.4
2024-09-17T08:00,24.6,0.00,0.00,0.00,27.0,7.5,73,11.9
2024-09-17T09:00,26.3,0.00,0.00,0.00,29.1,5.4,90,13.3
2024-09-17T10:00,27.7,0.00,0.00,0.00,31.3,3.7,101,13.7
2024-09-17T11:00,29.4,0.00,0.00,0.00,33.5,2.9,120,13.7
2024-09-17T12:00,30.8,0.00,0.00,0.00,36.1,2.8,130,14.4
2024-09-17T13:00,31.8,0.00,0.00,0.00,36.8,4.3,114,16.2
2024-09-17T14:00,32.9,0.00,0.00,0.00,38.1,6.4,117,18.7
2024-09-17T15:00,33.6,0.00,0.00,0.00,38.7,5.9,104,19.1
2024-09-17T16:00,33.8,0.00,0.00,0.00,37.9,6.3,103,18.4
2024-09-17T17:00,33.9,0.00,0.00,0.00,36.7,7.6,115,18.0
2024-09-17T18:00,33.4,0.00,0.00,0.00,36.0,7.6,109,18.0
2024-09-17T19:00,32.7,0.00,0.00,0.00,35.3,6.6,99,15.8
2024-09-17T20:00,26.5,0.70,0.00,0.70,29.2,13.6,37,21.2
2024-09-17T21:00,27.8,0.50,0.00,0.50,31.8,8.3,56,22.3
2024-09-17T22:00,27.7,0.10,0.00,0.10,31.9,8.1,58,11.9
2024-09-17T23:00,28.1,0.00,0.00,0.00,31.6,9.1,99,12.2
2024-09-18T00:00,27.3,0.00,0.00,0.00,29.5,12.8,80,19.8
2024-09-18T01:00,27.0,0.00,0.00,0.00,27.6,12.0,123,19.4
2024-09-18T02:00,26.6,0.00,0.00,0.00,28.3,11.6,175,18.7
2024-09-18T03:00,26.1,0.00,0.00,0.00,28.9,10.3,192,18.4
2024-09-18T04:00,25.4,0.00,0.00,0.00,28.7,8.3,198,16.2
2024-09-18T05:00,24.9,0.00,0.00,0.00,28.5,8.0,198,13.3
2024-09-18T06:00,24.5,0.00,0.00,0.00,28.4,7.1,204,12.6
2024-09-18T07:00,24.1,0.00,0.00,0.00,28.4,6.2,201,11.2
2024-09-18T08:00,25.2,0.00,0.00,0.00,29.6,9.0,209,13.7
2024-09-18T09:00,26.9,0.00,0.00,0.00,30.6,13.7,203,24.1
2024-09-18T10:00,28.7,0.00,0.00,0.00,32.2,12.6,193,25.2
2024-09-18T11:00,30.3,0.00,0.00,0.00,33.7,11.6,187,24.5
2024-09-18T12:00,31.7,0.00,0.00,0.00,35.2,11.5,184,24.5
2024-09-18T13:00,33.0,0.00,0.00,0.00,37.1,11.9,177,27.0
2024-09-18T14:00,34.1,0.00,0.00,0.00,38.2,11.8,168,27.4
2024-09-18T15:00,35.0,0.00,0.00,0.00,38.7,11.6,158,27.0
2024-09-18T16:00,35.4,0.00,0.00,0.00,37.9,13.4,156,26.6
2024-09-18T17:00,35.2,0.00,0.00,0.00,36.9,12.6,153,26.6
2024-09-18T18:00,35.0,0.00,0.00,0.00,37.0,10.7,140,24.5
2024-09-18T19:00,33.7,0.00,0.00,0.00,35.7,11.2,147,20.2
2024-09-18T20:00,31.6,0.00,0.00,0.00,34.0,10.2,203,22.7
2024-09-18T21:00,31.5,0.00,0.00,0.00,33.5,10.8,176,15.8
2024-09-18T22:00,30.9,0.00,0.00,0.00,32.6,15.6,165,24.1
2024-09-18T23:00,30.1,0.00,0.00,0.00,31.8,17.7,168,27.7
2024-09-19T00:00,28.9,0.00,0.00,0.00,30.9,18.0,179,29.9
2024-09-19T01:00,28.0,0.00,0.00,0.00,30.4,17.1,173,28.8
2024-09-19T02:00,27.2,0.00,0.00,0.00,29.8,16.9,180,27.7
2024-09-19T03:00,26.6,0.00,0.00,0.00,29.7,15.5,184,27.0
2024-09-19T04:00,26.1,0.00,0.00,0.00,29.8,12.4,188,24.5
2024-09-19T05:00,25.7,0.00,0.00,0.00,30.1,9.0,185,19.4
2024-09-19T06:00,25.4,0.00,0.00,0.00,30.0,7.7,191,14.4
2024-09-19T07:00,24.9,0.00,0.00,0.00,29.9,5.8,180,12.2
2024-09-19T08:00,25.7,0.00,0.00,0.00,31.0,5.8,150,9.7
2024-09-19T09:00,27.5,0.00,0.00,0.00,32.3,9.0,185,18.0
2024-09-19T10:00,29.2,0.00,0.00,0.00,33.7,9.0,196,19.8
2024-09-19T11:00,30.8,0.00,0.00,0.00,35.1,8.8,189,20.9
2024-09-19T12:00,31.9,0.00,0.00,0.00,36.6,9.0,175,22.3
2024-09-19T13:00,33.2,0.00,0.00,0.00,38.1,8.6,165,22.0
2024-09-19T14:00,34.2,0.00,0.00,0.00,39.2,8.1,159,22.3
2024-09-19T15:00,35.0,0.00,0.00,0.00,39.6,7.8,146,21.2
2024-09-19T16:00,35.6,0.00,0.00,0.00,39.1,8.4,133,20.2
2024-09-19T17:00,35.6,0.00,0.00,0.00,37.5,9.2,121,20.5
2024-09-19T18:00,35.3,0.00,0.00,0.00,37.1,9.2,116,19.4
2024-09-19T19:00,34.2,0.00,0.00,0.00,36.6,6.5,109,16.9
2024-09-19T20:00,32.3,0.00,0.00,0.00,34.0,9.2,121,16.2
2024-09-19T21:00,31.7,0.00,0.00,0.00,33.2,14.2,159,21.6
2024-09-19T22:00,30.5,0.00,0.00,0.00,32.6,13.6,197,24.8
2024-09-19T23:00,29.4,0.00,0.00,0.00,32.0,15.6,188,25.2
2024-09-20T00:00,28.5,0.00,0.00,0.00,31.8,15.0,190,25.2
2024-09-20T01:00,27.9,0.00,0.00,0.00,31.4,14.2,189,23.8
2024-09-20T02:00,27.3,0.00,0.00,0.00,30.7,13.8,187,22.7
2024-09-20T03:00,26.7,0.00,0.00,0.00,30.6,12.0,187,21.6
2024-09-20T04:00,26.1,0.00,0.00,0.00,30.6,9.5,191,19.1
2024-09-20T05:00,25.6,0.00,0.00,0.00,30.7,6.8,198,14.8
2024-09-20T06:00,25.3,0.00,0.00,0.00,30.6,5.8,210,11.2
2024-09-20T07:00,24.9,0.00,0.00,0.00,30.5,4.8,207,9.4
2024-09-20T08:00,25.2,0.00,0.00,0.00,30.6,3.6,225,7.6
2024-09-20T09:00,26.9,0.00,0.00,0.00,32.5,2.9,187,10.1
2024-09-20T10:00,28.7,0.00,0.00,0.00,34.0,3.8,163,13.7
2024-09-20T11:00,30.6,0.00,0.00,0.00,35.4,5.2,155,16.2
2024-09-20T12:00,31.9,0.00,0.00,0.00,37.1,5.9,137,18.4
2024-09-20T13:00,33.0,0.00,0.00,0.00,38.3,6.2,126,19.8
2024-09-20T14:00,34.3,0.00,0.00,0.00,39.1,7.0,125,20.2
2024-09-20T15:00,35.0,0.00,0.00,0.00,39.1,7.4,129,20.9
2024-09-20T16:00,35.4,0.00,0.00,0.00,38.1,8.5,118,19.8
2024-09-20T17:00,35.5,0.00,0.00,0.00,37.2,9.2,116,20.2
2024-09-20T18:00,35.5,0.00,0.00,0.00,36.9,9.3,118,19.8
2024-09-20T19:00,34.3,0.00,0.00,0.00,35.9,8.9,117,17.3
2024-09-20T20:00,32.3,0.00,0.00,0.00,33.6,11.5,92,18.4
2024-09-20T21:00,31.1,0.00,0.00,0.00,32.8,8.8,109,18.4
2024-09-20T22:00,30.1,0.00,0.00,0.00,32.0,7.6,149,13.7
2024-09-20T23:00,29.8,0.00,0.00,0.00,31.3,12.4,158,18.4
2024-09-21T00:00,28.7,0.00,0.00,0.00,31.0,14.6,170,23.4
2024-09-21T01:00,27.8,0.00,0.00,0.00,30.5,13.4,174,23.4
2024-09-21T02:00,27.0,0.00,0.00,0.00,30.2,9.8,186,21.2
2024-09-21T03:00,26.2,0.00,0.00,0.00,29.7,7.7,191,15.5
2024-09-21T04:00,25.6,0.00,0.00,0.00,29.2,7.6,185,12.2
2024-09-21T05:00,25.0,0.00,0.00,0.00,28.9,7.2,180,12.2
2024-09-21T06:00,24.4,0.00,0.00,0.00,28.7,6.1,177,11.2
2024-09-21T07:00,23.9,0.00,0.00,0.00,28.4,5.4,172,9.7
2024-09-21T08:00,24.6,0.00,0.00,0.00,29.5,6.2,126,9.0
2024-09-21T09:00,26.4,0.00,0.00,0.00,31.1,8.5,168,17.3
2024-09-21T10:00,28.2,0.00,0.00,0.00,32.5,8.0,162,18.7
2024-09-21T11:00,30.3,0.00,0.00,0.00,33.6,10.3,155,22.7
2024-09-21T12:00,32.1,0.00,0.00,0.00,35.1,12.7,155,26.6
2024-09-21T13:00,33.6,0.00,0.00,0.00,36.8,12.6,153,27.0
2024-09-21T14:00,34.7,0.00,0.00,0.00,37.5,12.6,149,27.0
2024-09-21T15:00,35.4,0.00,0.00,0.00,37.9,12.2,146,27.0
2024-09-21T16:00,35.7,0.00,0.00,0.00,36.8,12.6,143,25.9
2024-09-21T17:00,35.7,0.00,0.00,0.00,35.7,14.8,139,27.0
2024-09-21T18:00,35.1,0.00,0.00,0.00,34.3,16.8,138,29.2
2024-09-21T19:00,33.6,0.00,0.00,0.00,33.3,13.6,143,29.2
2024-09-21T20:00,31.7,0.00,0.00,0.00,31.5,14.1,122,25.2
2024-09-21T21:00,30.7,0.00,0.00,0.00,30.5,15.5,132,24.5
2024-09-21T22:00,29.9,0.00,0.00,0.00,29.9,17.7,163,27.7
2024-09-21T23:00,28.6,0.00,0.00,0.00,29.1,19.1,169,31.7
2024-09-22T00:00,27.5,0.00,0.00,0.00,28.8,15.8,168,30.2
2024-09-22T01:00,26.7,0.00,0.00,0.00,28.6,13.5,171,25.2
2024-09-22T02:00,26.0,0.00,0.00,0.00,28.4,12.8,170,21.6
2024-09-22T03:00,25.4,0.00,0.00,0.00,28.2,13.0,166,20.9
2024-09-22T04:00,25.1,0.00,0.00,0.00,28.5,11.0,169,20.5
2024-09-22T05:00,24.8,0.00,0.00,0.00,28.4,9.9,170,17.3
2024-09-22T06:00,24.6,0.00,0.00,0.00,28.5,8.4,170,15.8
2024-09-22T07:00,24.4,0.00,0.00,0.00,28.5,7.7,169,13.3
2024-09-22T08:00,24.5,0.10,0.00,0.10,28.8,8.1,148,12.6
2024-09-22T09:00,25.6,0.30,0.00,0.30,29.3,12.3,173,21.2
2024-09-22T10:00,27.2,0.30,0.00,0.30,30.8,12.6,175,24.8
2024-09-22T11:00,29.0,0.20,0.00,0.20,32.3,12.3,187,25.6
2024-09-22T12:00,30.7,0.10,0.00,0.10,34.3,11.7,191,25.6
2024-09-22T13:00,32.1,0.00,0.00,0.00,36.1,10.9,189,25.6
2024-09-22T14:00,33.2,0.00,0.00,0.00,37.1,10.1,178,24.8
2024-09-22T15:00,34.0,0.00,0.00,0.00,37.3,9.6,160,23.4
2024-09-22T16:00,34.3,0.00,0.00,0.00,36.6,9.4,148,22.3
2024-09-22T17:00,34.1,0.00,0.00,0.00,35.7,10.7,147,20.9
2024-09-22T18:00,33.9,0.00,0.00,0.00,35.4,9.5,169,20.9
2024-09-22T19:00,32.5,0.00,0.00,0.00,36.2,4.7,212,17.3
2024-09-22T20:00,32.0,0.00,0.00,0.00,33.2,11.9,104,19.4
2024-09-22T21:00,32.0,0.00,0.00,0.00,32.8,14.7,126,23.8
2024-09-22T22:00,31.6,0.00,0.00,0.00,32.7,13.9,170,26.3
2024-09-22T23:00,29.8,0.00,0.00,0.00,30.5,21.7,174,34.6
2024-09-23T00:00,28.6,0.00,0.00,0.00,30.4,16.7,173,34.6
2024-09-23T01:00,27.9,0.00,0.00,0.00,29.9,16.3,166,26.6
2024-09-23T02:00,27.4,0.00,0.00,0.00,29.9,15.0,169,25.9
2024-09-23T03:00,27.0,0.00,0.00,0.00,29.8,13.9,170,24.5
2024-09-23T04:00,26.7,0.00,0.00,0.00,29.7,12.6,178,22.3
2024-09-23T05:00,26.4,0.00,0.00,0.00,29.5,12.8,190,20.9
2024-09-23T06:00,26.0,0.00,0.00,0.00,29.5,10.5,196,20.5
2024-09-23T07:00,25.1,0.00,0.00,0.00,29.3,5.5,212,16.6
2024-09-23T08:00,25.5,0.00,0.00,0.00,29.8,4.0,175,7.2
2024-09-23T09:00,26.5,0.00,0.00,0.00,30.8,3.7,259,10.1
2024-09-23T10:00,27.8,0.00,0.00,0.00,31.8,5.4,278,18.0
2024-09-23T11:00,29.0,0.00,0.00,0.00,32.6,6.2,306,19.4
2024-09-23T12:00,29.9,0.00,0.00,0.00,33.6,5.8,338,18.0
2024-09-23T13:00,31.0,0.00,0.00,0.00,35.6,4.8,13,18.4
2024-09-23T14:00,31.7,0.00,0.00,0.00,35.9,4.7,23,17.6
2024-09-23T15:00,32.0,0.00,0.00,0.00,35.4,4.6,39,16.9
2024-09-23T16:00,32.5,0.00,0.00,0.00,35.1,5.2,56,16.2
2024-09-23T17:00,32.6,0.00,0.00,0.00,34.8,6.1,62,16.6
2024-09-23T18:00,32.2,0.00,0.00,0.00,34.4,6.0,73,16.2
2024-09-23T19:00,31.7,0.00,0.00,0.00,33.7,6.9,62,14.0
2024-09-23T20:00,28.0,0.00,0.00,0.00,30.1,12.5,46,31.7
2024-09-23T21:00,27.9,0.00,0.00,0.00,29.8,14.2,30,22.3
2024-09-23T22:00,27.2,0.00,0.00,0.00,29.7,10.9,27,22.3
2024-09-23T23:00,26.6,0.00,0.00,0.00,29.5,9.2,31,17.3
2024-09-24T00:00,26.1,0.00,0.00,0.00,29.3,7.0,55,14.4
2024-09-24T01:00,25.7,0.00,0.00,0.00,28.9,7.6,45,11.9
2024-09-24T02:00,25.2,0.00,0.00,0.00,28.0,9.5,53,14.8
2024-09-24T03:00,24.8,0.00,0.00,0.00,27.9,7.7,79,15.1
2024-09-24T04:00,24.6,0.10,0.00,0.10,28.2,4.9,73,12.6
2024-09-24T05:00,24.3,0.00,0.00,0.00,27.9,4.8,63,7.6
2024-09-24T06:00,23.9,0.00,0.00,0.00,27.0,8.5,12,10.4
2024-09-24T07:00,22.5,2.90,0.00,2.90,25.9,8.1,13,29.2
2024-09-24T08:00,22.9,0.00,0.00,0.00,26.8,4.9,306,16.9
2024-09-24T09:00,24.3,0.00,0.00,0.00,28.0,6.4,52,16.2
2024-09-24T10:00,26.4,0.00,0.00,0.00,30.7,3.4,32,15.1
2024-09-24T11:00,28.5,0.00,0.00,0.00,32.3,6.5,354,19.1
2024-09-24T12:00,29.9,0.00,0.00,0.00,34.6,2.7,67,18.7
2024-09-24T13:00,31.3,0.00,0.00,0.00,36.9,2.2,90,14.8
2024-09-24T14:00,32.5,0.00,0.00,0.00,37.8,3.4,108,15.8
2024-09-24T15:00,32.7,0.00,0.00,0.00,37.1,3.3,139,15.8
2024-09-24T16:00,32.7,0.00,0.00,0.00,36.2,1.9,112,14.8
2024-09-24T17:00,33.0,0.00,0.00,0.00,36.2,2.7,67,12.6
2024-09-24T18:00,32.9,0.00,0.00,0.00,35.5,5.4,82,13.3
2024-09-24T19:00,30.5,0.20,0.00,0.20,32.2,13.7,55,20.5
2024-09-24T20:00,29.2,0.00,0.00,0.00,30.8,19.3,31,30.2
2024-09-24T21:00,24.9,0.00,0.00,0.00,25.7,21.0,43,41.0
2024-09-24T22:00,25.2,0.00,0.00,0.00,28.2,6.2,17,32.4
2024-09-24T23:00,25.4,0.00,0.00,0.00,28.8,4.2,190,9.7
2024-09-25T00:00,25.4,0.00,0.00,0.00,29.2,2.3,231,6.5
2024-09-25T01:00,24.6,0.00,0.00,0.00,28.4,3.9,227,5.4
2024-09-25T02:00,25.0,0.00,0.00,0.00,28.9,2.1,301,6.5
2024-09-25T03:00,24.3,0.00,0.00,0.00,27.8,5.6,239,6.8
2024-09-25T04:00,24.5,0.00,0.00,0.00,27.8,6.0,241,9.4
2024-09-25T05:00,24.3,0.00,0.00,0.00,27.6,5.6,243,9.4
2024-09-25T06:00,23.9,0.00,0.00,0.00,27.2,6.2,253,9.7
2024-09-25T07:00,23.6,0.00,0.00,0.00,26.9,6.4,260,10.1
2024-09-25T08:00,24.1,0.00,0.00,0.00,27.6,7.9,281,9.4
2024-09-25T09:00,26.4,0.00,0.00,0.00,29.9,8.0,286,15.8
2024-09-25T10:00,28.3,0.10,0.00,0.10,30.6,16.1,310,28.8
2024-09-25T11:00,30.2,0.00,0.00,0.00,32.9,13.0,313,29.2
2024-09-25T12:00,32.3,0.00,0.00,0.00,35.1,16.2,337,30.6
2024-09-25T13:00,33.1,0.00,0.00,0.00,34.7,21.5,349,38.5
2024-09-25T14:00,32.5,0.00,0.00,0.00,33.1,25.7,355,45.0
2024-09-25T15:00,32.2,0.00,0.00,0.00,32.5,26.1,359,47.5
2024-09-25T16:00,31.6,0.00,0.00,0.00,31.1,26.8,5,46.8
2024-09-25T17:00,30.2,0.00,0.00,0.00,28.7,27.8,10,47.5
2024-09-25T18:00,28.8,0.00,0.00,0.00,27.2,28.0,12,47.9
2024-09-25T19:00,27.8,0.00,0.00,0.00,26.4,23.6,13,46.4
2024-09-25T20:00,25.6,0.00,0.00,0.00,25.0,19.8,13,35.3
2024-09-25T21:00,24.7,0.00,0.00,0.00,23.8,19.9,6,34.6
2024-09-25T22:00,24.1,0.00,0.00,0.00,23.2,18.5,1,32.0
2024-09-25T23:00,23.6,0.00,0.00,0.00,22.8,17.6,360,29.5
2024-09-26T00:00,23.2,0.00,0.00,0.00,22.5,16.3,6,28.1
2024-09-26T01:00,22.6,0.00,0.00,0.00,21.9,15.2,13,25.9
2024-09-26T02:00,22.2,0.00,0.00,0.00,21.1,16.1,13,25.9
2024-09-26T03:00,21.8,0.00,0.00,0.00,20.8,14.6,10,25.6
2024-09-26T04:00,21.3,0.00,0.00,0.00,20.2,14.0,360,23.4
2024-09-26T05:00,21.0,0.00,0.00,0.00,19.7,14.8,357,23.4
2024-09-26T06:00,20.7,0.00,0.00,0.00,19.3,15.3,357,24.1
2024-09-26T07:00,20.4,0.00,0.00,0.00,18.8,15.3,1,24.5
2024-09-26T08:00,19.9,0.00,0.00,0.00,18.7,15.1,3,22.7
2024-09-26T09:00,22.1,0.00,0.00,0.00,20.8,16.6,5,28.1
2024-09-26T10:00,24.4,0.00,0.00,0.00,23.1,17.8,13,32.0
2024-09-26T11:00,26.1,0.00,0.00,0.00,25.0,17.3,23,33.1
2024-09-26T12:00,27.3,0.00,0.00,0.00,26.8,17.0,20,33.1
2024-09-26T13:00,28.3,0.00,0.00,0.00,27.9,17.9,15,34.6
2024-09-26T14:00,29.2,0.00,0.00,0.00,28.6,18.1,10,34.9
2024-09-26T15:00,29.7,0.00,0.00,0.00,28.6,19.0,7,36.0
2024-09-26T16:00,29.8,0.00,0.00,0.00,28.0,19.9,9,36.4
2024-09-26T17:00,29.5,0.00,0.00,0.00,27.1,19.1,11,36.4
2024-09-26T18:00,28.9,0.00,0.00,0.00,26.5,18.1,13,33.8
2024-09-26T19:00,27.4,0.00,0.00,0.00,25.8,12.9,19,30.6
2024-09-26T20:00,25.7,0.00,0.00,0.00,24.8,8.8,31,17.6
2024-09-26T21:00,24.3,0.00,0.00,0.00,23.7,8.0,14,14.0
2024-09-26T22:00,23.2,0.00,0.00,0.00,22.7,8.3,360,12.6
2024-09-26T23:00,22.5,0.00,0.00,0.00,21.8,9.2,3,14.4
2024-09-27T00:00,21.9,0.00,0.00,0.00,21.2,9.0,5,14.4
2024-09-27T01:00,21.0,0.00,0.00,0.00,20.5,7.6,360,14.0
2024-09-27T02:00,20.0,0.00,0.00,0.00,19.8,6.3,345,11.5
2024-09-27T03:00,19.3,0.00,0.00,0.00,19.3,5.8,326,9.4
2024-09-27T04:00,18.9,0.00,0.00,0.00,19.1,5.3,303,8.3
2024-09-27T05:00,18.7,0.00,0.00,0.00,18.8,6.9,300,10.4
2024-09-27T06:00,18.7,0.00,0.00,0.00,18.6,8.5,299,13.0
2024-09-27T07:00,18.6,0.00,0.00,0.00,18.4,9.7,299,15.1
2024-09-27T08:00,18.1,0.00,0.00,0.00,17.8,11.5,300,16.6
2024-09-27T09:00,21.7,0.00,0.00,0.00,21.5,12.5,305,20.5
2024-09-27T10:00,25.5,0.00,0.00,0.00,25.2,11.6,305,22.7
2024-09-27T11:00,27.8,0.00,0.00,0.00,27.3,10.7,310,23.4
2024-09-27T12:00,29.2,0.00,0.00,0.00,29.5,10.9,331,24.1
2024-09-27T13:00,30.6,0.00,0.00,0.00,31.0,12.8,349,27.0
2024-09-27T14:00,31.5,0.00,0.00,0.00,31.5,15.0,357,29.5
2024-09-27T15:00,31.9,0.00,0.00,0.00,31.4,16.2,1,31.3
2024-09-27T16:00,32.0,0.00,0.00,0.00,31.1,15.7,360,31.3
2024-09-27T17:00,31.8,0.00,0.00,0.00,30.1,14.8,360,29.9
2024-09-27T18:00,31.2,0.00,0.00,0.00,29.8,12.5,353,27.0
2024-09-27T19:00,28.8,0.00,0.00,0.00,28.6,7.0,18,21.2
2024-09-27T20:00,27.5,0.00,0.00,0.00,26.4,11.2,30,17.6
2024-09-27T21:00,25.9,0.00,0.00,0.00,24.9,10.0,39,17.6
2024-09-27T22:00,24.3,0.00,0.00,0.00,23.7,7.2,39,15.5
2024-09-27T23:00,22.8,0.00,0.00,0.00,22.1,8.0,27,10.4
2024-09-28T00:00,21.8,0.00,0.00,0.00,21.2,8.5,7,10.8
2024-09-28T01:00,21.1,0.00,0.00,0.00,20.8,7.1,341,10.8
2024-09-28T02:00,20.5,0.00,0.00,0.00,20.4,5.9,325,9.0
2024-09-28T03:00,19.9,0.00,0.00,0.00,19.9,5.7,316,8.3
2024-09-28T04:00,19.5,0.00,0.00,0.00,19.8,4.8,299,7.9
2024-09-28T05:00,19.0,0.00,0.00,0.00,19.3,5.6,297,8.6
2024-09-28T06:00,18.8,0.00,0.00,0.00,19.2,6.4,306,9.7
2024-09-28T07:00,18.7,0.00,0.00,0.00,19.0,7.7,319,11.9
2024-09-28T08:00,18.7,0.00,0.00,0.00,18.8,10.7,318,15.5
2024-09-28T09:00,22.6,0.00,0.00,0.00,22.7,11.0,308,19.8
2024-09-28T10:00,26.4,0.00,0.00,0.00,26.1,10.2,321,20.5
2024-09-28T11:00,28.9,0.00,0.00,0.00,28.0,11.4,335,23.4
2024-09-28T12:00,30.4,0.00,0.00,0.00,29.9,13.2,357,26.6
2024-09-28T13:00,31.3,0.00,0.00,0.00,31.0,14.9,8,29.9
2024-09-28T14:00,31.9,0.00,0.00,0.00,32.0,13.9,4,29.9
2024-09-28T15:00,32.3,0.00,0.00,0.00,32.4,12.6,2,28.4
2024-09-28T16:00,32.7,0.00,0.00,0.00,32.3,11.9,357,26.3
2024-09-28T17:00,32.8,0.00,0.00,0.00,31.2,13.4,355,24.5
2024-09-28T18:00,32.0,0.00,0.00,0.00,29.9,15.5,358,26.3
2024-09-28T19:00,29.6,0.00,0.00,0.00,28.6,9.4,11,25.9
2024-09-28T20:00,27.6,0.00,0.00,0.00,26.1,10.5,3,16.2
2024-09-28T21:00,26.3,0.00,0.00,0.00,24.4,11.3,2,17.6
2024-09-28T22:00,25.2,0.00,0.00,0.00,23.5,9.9,4,17.6
2024-09-28T23:00,23.5,0.00,0.00,0.00,22.3,7.6,27,15.5
2024-09-29T00:00,21.6,0.00,0.00,0.00,20.7,8.7,6,11.5
2024-09-29T01:00,20.6,0.00,0.00,0.00,20.1,6.7,326,10.8
2024-09-29T02:00,20.0,0.00,0.00,0.00,19.9,4.5,304,8.6
2024-09-29T03:00,19.5,0.00,0.00,0.00,19.5,4.6,296,7.6
2024-09-29T04:00,19.2,0.00,0.00,0.00,19.0,7.1,306,11.2
2024-09-29T05:00,19.0,0.00,0.00,0.00,18.9,7.1,313,11.9
2024-09-29T06:00,18.9,0.00,0.00,0.00,18.8,7.4,309,11.5
2024-09-29T07:00,18.9,0.00,0.00,0.00,18.3,8.6,307,13.3
2024-09-29T08:00,18.6,0.00,0.00,0.00,17.5,9.4,325,14.0
2024-09-29T09:00,21.9,0.00,0.00,0.00,21.0,9.4,325,17.6
2024-09-29T10:00,25.4,0.00,0.00,0.00,24.8,9.4,353,19.4
2024-09-29T11:00,28.1,0.00,0.00,0.00,27.5,10.6,15,22.7
2024-09-29T12:00,30.0,0.00,0.00,0.00,29.8,10.7,16,23.8
2024-09-29T13:00,31.2,0.00,0.00,0.00,30.6,13.3,9,27.4
2024-09-29T14:00,31.8,0.00,0.00,0.00,31.1,14.8,9,29.9
2024-09-29T15:00,32.3,0.00,0.00,0.00,31.4,14.3,12,29.9
2024-09-29T16:00,32.4,0.00,0.00,0.00,30.8,14.6,19,28.8
2024-09-29T17:00,32.1,0.00,0.00,0.00,29.7,13.9,21,28.4
2024-09-29T18:00,31.3,0.00,0.00,0.00,29.5,11.9,25,25.9
2024-09-29T19:00,28.1,0.00,0.00,0.00,27.9,7.3,40,19.8
2024-09-29T20:00,26.3,0.00,0.00,0.00,25.7,8.3,42,12.2
2024-09-29T21:00,25.7,0.00,0.00,0.00,25.2,8.7,42,13.0
2024-09-29T22:00,24.8,0.00,0.00,0.00,24.6,8.3,41,13.3
2024-09-29T23:00,24.4,0.00,0.00,0.00,24.2,9.0,30,13.7
2024-09-30T00:00,23.7,0.00,0.00,0.00,23.7,8.1,37,14.0
2024-09-30T01:00,22.5,0.00,0.00,0.00,22.8,7.4,41,12.2
2024-09-30T02:00,21.6,0.00,0.00,0.00,22.0,7.5,17,10.4
2024-09-30T03:00,20.9,0.00,0.00,0.00,21.4,7.7,360,9.7
2024-09-30T04:00,20.4,0.00,0.00,0.00,21.1,6.4,328,9.7
2024-09-30T05:00,20.1,0.00,0.00,0.00,21.0,5.1,306,8.3
2024-09-30T06:00,19.8,0.00,0.00,0.00,20.7,6.1,313,10.1
2024-09-30T07:00,20.0,0.00,0.00,0.00,21.1,5.3,327,9.7
2024-09-30T08:00,19.4,0.00,0.00,0.00,21.1,3.6,330,5.8
2024-09-30T09:00,23.0,0.00,0.00,0.00,24.7,4.8,333,12.2
2024-09-30T10:00,26.4,0.00,0.00,0.00,28.4,1.8,6,11.9
2024-09-30T11:00,28.8,0.00,0.00,0.00,30.7,2.9,137,12.6
2024-09-30T12:00,30.5,0.00,0.00,0.00,32.7,3.6,160,15.8
2024-09-30T13:00,31.4,0.00,0.00,0.00,34.3,1.5,120,15.1
2024-09-30T14:00,32.1,0.00,0.00,0.00,34.9,2.8,72,14.4
2024-09-30T15:00,32.6,0.00,0.00,0.00,34.7,4.8,70,16.6
2024-09-30T16:00,32.9,0.00,0.00,0.00,33.8,6.8,68,18.0
2024-09-30T17:00,32.8,0.00,0.00,0.00,32.4,7.9,70,18.4
2024-09-30T18:00,32.3,0.00,0.00,0.00,31.7,8.3,74,17.6
2024-09-30T19:00,29.8,0.00,0.00,0.00,29.6,7.0,78,15.5
2024-09-30T20:00,30.0,0.00,0.00,0.00,29.6,7.2,122,12.6
2024-09-30T21:00,27.0,0.00,0.00,0.00,26.5,9.7,109,12.6
2024-09-30T22:00,26.6,0.00,0.00,0.00,26.5,9.4,95,15.5
2024-09-30T23:00,24.8,0.00,0.00,0.00,24.8,9.2,116,14.4
2024-10-01T00:00,25.0,0.00,0.00,0.00,25.1,8.3,117,12.6
2024-10-01T01:00,23.8,0.00,0.00,0.00,24.0,7.7,192,11.9
2024-10-01T02:00,23.1,0.00,0.00,0.00,23.7,7.0,212,10.8
2024-10-01T03:00,22.4,0.00,0.00,0.00,23.3,6.6,235,10.4
2024-10-01T04:00,21.5,0.00,0.00,0.00,22.3,8.1,267,9.7
2024-10-01T05:00,21.5,0.00,0.00,0.00,22.8,5.5,308,10.1
2024-10-01T06:00,20.8,0.00,0.00,0.00,22.1,6.2,308,7.2
2024-10-01T07:00,20.0,0.00,0.00,0.00,21.2,7.4,288,8.6
2024-10-01T08:00,20.5,0.00,0.00,0.00,22.5,3.8,267,7.9
2024-10-01T09:00,23.8,0.00,0.00,0.00,25.8,5.4,312,12.2
2024-10-01T10:00,26.9,0.00,0.00,0.00,28.7,6.3,340,16.2
2024-10-01T11:00,29.3,0.00,0.00,0.00,31.3,5.3,8,16.2
2024-10-01T12:00,31.2,0.00,0.00,0.00,33.5,7.2,13,19.1
2024-10-01T13:00,32.8,0.00,0.00,0.00,34.6,11.2,28,24.5
2024-10-01T14:00,33.4,0.00,0.00,0.00,34.2,13.9,34,28.4
2024-10-01T15:00,33.7,0.00,0.00,0.00,33.6,15.7,33,31.0
2024-10-01T16:00,34.0,0.00,0.00,0.00,33.1,15.0,32,31.0
2024-10-01T17:00,33.9,0.00,0.00,0.00,31.8,16.4,33,29.2
2024-10-01T18:00,32.9,0.00,0.00,0.00,30.8,17.2,28,30.2
2024-10-01T19:00,30.9,0.00,0.00,0.00,30.2,9.7,15,28.4
2024-10-01T20:00,30.0,0.00,0.00,0.00,28.4,15.1,28,24.5
2024-10-01T21:00,28.7,0.00,0.00,0.00,27.1,15.3,27,24.1
2024-10-01T22:00,27.6,0.00,0.00,0.00,26.1,13.7,27,24.5
2024-10-01T23:00,26.4,0.00,0.00,0.00,25.2,11.6,32,21.6
2024-10-02T00:00,25.1,0.00,0.00,0.00,24.3,9.5,25,18.4
2024-10-02T01:00,24.7,0.00,0.00,0.00,23.8,11.0,14,16.9
2024-10-02T02:00,24.4,0.00,0.00,0.00,23.5,11.5,17,18.4
2024-10-02T03:00,23.9,0.00,0.00,0.00,23.2,11.4,25,18.0
2024-10-02T04:00,23.3,0.00,0.00,0.00,23.0,9.1,30,18.0
2024-10-02T05:00,22.3,0.00,0.00,0.00,22.5,6.9,20,14.0
2024-10-02T06:00,22.0,0.00,0.00,0.00,22.0,8.6,15,13.0
2024-10-02T07:00,21.5,0.00,0.00,0.00,21.8,7.6,15,13.3
2024-10-02T08:00,20.9,0.00,0.00,0.00,21.3,7.1,9,11.9
2024-10-02T09:00,23.7,0.00,0.00,0.00,24.6,6.3,3,13.3
2024-10-02T10:00,26.4,0.00,0.00,0.00,27.3,7.2,18,17.3
2024-10-02T11:00,28.4,0.00,0.00,0.00,29.7,6.5,32,18.4
2024-10-02T12:00,29.8,0.00,0.00,0.00,32.3,5.4,48,18.4
2024-10-02T13:00,30.8,0.00,0.00,0.00,33.6,5.5,54,18.4
2024-10-02T14:00,31.5,0.00,0.00,0.00,34.3,5.9,59,18.7
2024-10-02T15:00,32.0,0.00,0.00,0.00,34.3,5.7,62,18.7
2024-10-02T16:00,32.2,0.00,0.00,0.00,33.8,5.6,59,18.0
2024-10-02T17:00,32.2,0.00,0.00,0.00,32.9,5.9,67,16.9
2024-10-02T18:00,31.8,0.00,0.00,0.00,32.4,6.0,63,15.5
2024-10-02T19:00,30.4,0.00,0.00,0.00,32.2,3.9,344,13.0
2024-10-02T20:00,28.2,0.00,0.00,0.00,28.8,9.3,99,10.8
2024-10-02T21:00,28.0,0.00,0.00,0.00,28.1,8.3,131,12.2
2024-10-02T22:00,26.4,0.00,0.00,0.00,26.5,8.6,131,13.0
2024-10-02T23:00,25.5,0.00,0.00,0.00,26.0,7.6,76,11.5
2024-10-03T00:00,25.6,0.00,0.00,0.00,26.5,4.7,62,9.0
2024-10-03T01:00,26.0,0.00,0.00,0.00,27.0,3.6,210,5.8
2024-10-03T02:00,23.1,0.00,0.00,0.00,23.5,8.9,186,10.1
2024-10-03T03:00,22.5,0.00,0.00,0.00,22.8,8.3,200,10.8
2024-10-03T04:00,22.0,0.00,0.00,0.00,22.4,6.9,219,10.1
2024-10-03T05:00,21.6,0.00,0.00,0.00,22.1,6.3,231,9.4
2024-10-03T06:00,21.2,0.00,0.00,0.00,21.7,7.1,227,9.4
2024-10-03T07:00,20.7,0.00,0.00,0.00,21.3,8.3,229,10.4
2024-10-03T08:00,20.9,0.00,0.00,0.00,22.9,3.9,248,8.6
2024-10-03T09:00,23.7,0.00,0.00,0.00,25.8,2.6,258,9.4
2024-10-03T10:00,26.4,0.00,0.00,0.00,28.9,3.0,245,12.2
2024-10-03T11:00,28.6,0.00,0.00,0.00,31.1,3.2,196,14.0
2024-10-03T12:00,30.1,0.00,0.00,0.00,33.3,2.9,133,14.4
2024-10-03T13:00,31.2,0.00,0.00,0.00,34.4,5.6,90,18.0
2024-10-03T14:00,32.0,0.00,0.00,0.00,34.5,8.2,82,21.2
2024-10-03T15:00,32.4,0.00,0.00,0.00,34.2,9.0,80,22.0
2024-10-03T16:00,32.8,0.00,0.00,0.00,33.8,8.2,81,22.0
2024-10-03T17:00,33.1,0.00,0.00,0.00,33.3,7.4,67,19.8
2024-10-03T18:00,32.7,0.00,0.00,0.00,32.2,11.4,62,19.8
2024-10-03T19:00,30.9,0.00,0.00,0.00,30.2,12.9,48,22.3
2024-10-03T20:00,29.3,0.00,0.00,0.00,28.9,11.3,103,19.4
2024-10-03T21:00,28.5,0.00,0.00,0.00,28.0,12.3,102,19.4
2024-10-03T22:00,27.6,0.00,0.00,0.00,27.5,11.0,108,19.4
2024-10-03T23:00,26.0,0.00,0.00,0.00,26.6,7.0,111,17.3
2024-10-04T00:00,24.5,0.00,0.00,0.00,25.2,6.9,75,10.4
2024-10-04T01:00,23.9,0.00,0.00,0.00,24.5,6.5,67,9.4
2024-10-04T02:00,22.9,0.00,0.00,0.00,23.2,9.0,105,11.5
2024-10-04T03:00,23.5,0.00,0.00,0.00,24.2,4.0,21,10.4
2024-10-04T04:00,21.6,0.00,0.00,0.00,22.2,5.6,17,6.8
2024-10-04T05:00,21.2,0.00,0.00,0.00,21.7,5.5,11,7.9
2024-10-04T06:00,20.7,0.00,0.00,0.00,21.0,6.0,17,9.0
2024-10-04T07:00,20.6,0.00,0.00,0.00,20.5,7.6,15,11.5
2024-10-04T08:00,20.3,0.00,0.00,0.00,19.6,9.9,16,14.4
2024-10-04T09:00,23.5,0.00,0.00,0.00,22.7,11.9,10,20.5
2024-10-04T10:00,26.5,0.00,0.00,0.00,25.4,13.2,30,24.8
2024-10-04T11:00,28.6,0.00,0.00,0.00,27.5,15.5,35,29.5
2024-10-04T12:00,30.1,0.00,0.00,0.00,29.1,17.7,44,33.8
2024-10-04T13:00,31.2,0.00,0.00,0.00,30.1,19.0,40,36.0
2024-10-04T14:00,32.2,0.00,0.00,0.00,31.0,19.6,44,36.7
2024-10-04T15:00,32.7,0.00,0.00,0.00,31.4,18.5,43,36.7
2024-10-04T16:00,32.9,0.00,0.00,0.00,31.1,18.6,41,34.9
2024-10-04T17:00,32.8,0.00,0.00,0.00,30.1,18.6,41,34.2
2024-10-04T18:00,32.2,0.00,0.00,0.00,29.4,17.9,41,32.8
2024-10-04T19:00,29.9,0.00,0.00,0.00,28.2,11.4,25,29.5
2024-10-04T20:00,28.3,0.00,0.00,0.00,28.0,8.0,48,15.8
2024-10-04T21:00,27.4,0.00,0.00,0.00,26.8,9.4,30,14.8
2024-10-04T22:00,27.1,0.00,0.00,0.00,26.1,11.9,32,18.4
2024-10-04T23:00,26.5,0.00,0.00,0.00,25.6,12.2,38,19.8
2024-10-05T00:00,25.5,0.00,0.00,0.00,25.4,8.9,66,19.1
2024-10-05T01:00,24.1,0.00,0.00,0.00,24.6,6.5,58,13.7
2024-10-05T02:00,23.5,0.00,0.00,0.00,24.3,4.4,12,8.6
2024-10-05T03:00,23.1,0.00,0.00,0.00,23.3,7.1,9,11.5
2024-10-05T04:00,22.6,0.00,0.00,0.00,22.8,5.6,2,11.2
2024-10-05T05:00,22.3,0.00,0.00,0.00,22.3,6.1,3,9.7
2024-10-05T06:00,22.0,0.00,0.00,0.00,22.1,5.8,4,9.4
2024-10-05T07:00,21.8,0.00,0.00,0.00,22.1,5.9,11,9.0
2024-10-05T08:00,22.2,0.00,0.00,0.00,23.2,7.0,10,9.4
2024-10-05T09:00,24.8,0.00,0.00,0.00,26.2,6.9,20,14.4
2024-10-05T10:00,27.3,0.00,0.00,0.00,29.2,9.4,38,20.2
2024-10-05T11:00,29.2,0.00,0.00,0.00,30.9,12.2,53,25.2
2024-10-05T12:00,30.6,0.00,0.00,0.00,32.1,14.6,57,29.5
2024-10-05T13:00,31.7,0.00,0.00,0.00,33.6,13.7,58,29.9
2024-10-05T14:00,32.1,0.00,0.00,0.00,34.0,12.0,57,28.8
2024-10-05T15:00,32.8,0.00,0.00,0.00,34.6,10.7,59,26.3
2024-10-05T16:00,33.1,0.00,0.00,0.00,34.1,10.9,52,24.1
2024-10-05T17:00,33.1,0.00,0.00,0.00,33.6,10.8,47,23.4
2024-10-05T18:00,32.5,0.00,0.00,0.00,32.6,11.4,35,22.0
2024-10-05T19:00,30.7,0.00,0.00,0.00,31.3,7.7,3,20.5
2024-10-05T20:00,29.0,0.00,0.00,0.00,30.6,5.6,25,9.0
2024-10-05T21:00,28.4,0.00,0.00,0.00,29.2,9.1,75,13.7
2024-10-05T22:00,27.7,0.00,0.00,0.00,28.9,8.0,106,15.1
2024-10-05T23:00,26.8,0.00,0.00,0.00,28.2,7.7,87,12.6
2024-10-06T00:00,26.0,0.00,0.00,0.00,27.5,7.3,99,13.0
2024-10-06T01:00,24.5,0.00,0.00,0.00,26.3,7.1,131,11.5
2024-10-06T02:00,24.5,0.00,0.00,0.00,26.4,6.3,143,10.1
2024-10-06T03:00,24.7,0.00,0.00,0.00,26.9,4.2,140,7.2
2024-10-06T04:00,24.1,0.00,0.00,0.00,26.8,1.5,30,5.0
2024-10-06T05:00,22.4,0.00,0.00,0.00,24.9,3.2,16,3.6
2024-10-06T06:00,21.5,0.00,0.00,0.00,23.8,4.7,16,6.1
2024-10-06T07:00,21.1,0.00,0.00,0.00,23.4,5.0,15,6.8
2024-10-06T08:00,21.2,0.00,0.00,0.00,23.9,4.7,4,6.8
2024-10-06T09:00,24.2,0.00,0.00,0.00,26.8,6.1,14,13.3
2024-10-06T10:00,26.7,0.00,0.00,0.00,29.5,6.1,12,16.2
2024-10-06T11:00,28.5,0.00,0.00,0.00,30.9,8.1,21,19.8
2024-10-06T12:00,30.2,0.00,0.00,0.00,32.5,11.9,32,25.6
2024-10-06T13:00,31.6,0.00,0.00,0.00,33.4,14.8,36,30.2
2024-10-06T14:00,32.5,0.00,0.00,0.00,33.8,15.7,41,31.7
2024-10-06T15:00,32.9,0.00,0.00,0.00,33.6,15.7,40,31.7
2024-10-06T16:00,32.8,0.00,0.00,0.00,32.8,15.7,39,31.0
2024-10-06T17:00,32.7,0.00,0.00,0.00,32.2,15.4,44,30.2
2024-10-06T18:00,32.1,0.00,0.00,0.00,31.4,16.3,47,28.4
2024-10-06T19:00,30.4,0.00,0.00,0.00,30.4,11.6,35,28.1
2024-10-06T20:00,29.0,0.00,0.00,0.00,29.7,8.3,46,19.4
2024-10-06T21:00,28.1,0.00,0.00,0.00,28.1,12.1,38,18.4
2024-10-06T22:00,27.6,0.00,0.00,0.00,27.0,13.3,48,21.2
2024-10-06T23:00,26.8,0.00,0.00,0.00,26.1,12.4,48,20.9
2024-10-07T00:00,25.8,0.00,0.00,0.00,25.3,10.6,40,19.8
2024-10-07T01:00,25.1,0.00,0.00,0.00,24.5,10.7,33,16.9
2024-10-07T02:00,24.4,0.00,0.00,0.00,24.0,9.6,26,16.9
2024-10-07T03:00,23.7,0.00,0.00,0.00,23.5,8.8,23,14.8
2024-10-07T04:00,23.0,0.00,0.00,0.00,23.0,7.9,16,14.0
2024-10-07T05:00,22.3,0.00,0.00,0.00,22.5,7.1,6,12.2
2024-10-07T06:00,21.9,0.00,0.00,0.00,22.1,7.2,357,11.2
2024-10-07T07:00,21.4,0.00,0.00,0.00,21.6,6.5,352,11.2
2024-10-07T08:00,21.1,0.00,0.00,0.00,21.5,8.1,348,11.9
2024-10-07T09:00,24.6,0.00,0.00,0.00,25.0,9.3,342,16.9
2024-10-07T10:00,27.9,0.00,0.00,0.00,28.0,11.8,8,22.3
2024-10-07T11:00,30.0,0.00,0.00,0.00,29.4,13.6,29,27.0
2024-10-07T12:00,31.2,0.00,0.00,0.00,31.1,14.4,40,28.8
2024-10-07T13:00,32.4,0.00,0.00,0.00,32.1,17.1,47,32.8
2024-10-07T14:00,33.0,0.00,0.00,0.00,32.2,16.9,45,33.1
2024-10-07T15:00,33.4,0.00,0.00,0.00,32.8,17.7,35,33.8
2024-10-07T16:00,33.4,0.00,0.00,0.00,32.4,17.1,35,33.8
2024-10-07T17:00,32.9,0.00,0.00,0.00,31.7,15.6,36,32.0
2024-10-07T18:00,32.2,0.00,0.00,0.00,31.0,15.1,31,28.8
2024-10-07T19:00,30.7,0.00,0.00,0.00,30.4,8.2,19,25.6
2024-10-07T20:00,28.8,0.00,0.00,0.00,29.1,6.3,37,13.3
2024-10-07T21:00,29.1,0.00,0.00,0.00,29.1,7.6,25,11.9
2024-10-07T22:00,28.1,0.00,0.00,0.00,28.4,5.9,45,11.9
2024-10-07T23:00,25.6,0.00,0.00,0.00,25.8,8.6,59,10.4
2024-10-08T00:00,25.0,0.00,0.00,0.00,25.3,6.6,9,10.1
2024-10-08T01:00,24.3,0.00,0.00,0.00,24.5,6.8,360,12.2
2024-10-08T02:00,24.0,0.00,0.00,0.00,24.2,7.3,349,11.2
2024-10-08T03:00,23.8,0.00,0.00,0.00,24.0,8.3,5,12.6
2024-10-08T04:00,23.2,0.00,0.00,0.00,23.5,7.9,12,13.0
2024-10-08T05:00,22.7,0.00,0.00,0.00,22.9,8.1,17,12.6
2024-10-08T06:00,22.2,0.00,0.00,0.00,22.4,7.5,20,13.0
2024-10-08T07:00,21.5,0.00,0.00,0.00,21.8,6.4,22,11.5
2024-10-08T08:00,20.8,0.00,0.00,0.00,21.3,7.7,33,10.8
2024-10-08T09:00,23.6,0.00,0.00,0.00,23.8,9.6,38,18.0
2024-10-08T10:00,26.0,0.00,0.00,0.00,26.2,10.0,52,21.2
2024-10-08T11:00,28.0,0.00,0.00,0.00,28.4,9.4,52,22.3
2024-10-08T12:00,29.6,0.00,0.00,0.00,30.9,8.1,45,22.0
2024-10-08T13:00,31.1,0.00,0.00,0.00,32.2,10.4,32,23.8
2024-10-08T14:00,32.0,0.00,0.00,0.00,32.5,14.0,29,28.8
2024-10-08T15:00,32.4,0.00,0.00,0.00,32.1,16.1,29,31.7
2024-10-08T16:00,32.5,0.00,0.00,0.00,31.4,16.2,30,31.7
2024-10-08T17:00,32.2,0.00,0.00,0.00,30.3,17.0,31,31.0
2024-10-08T18:00,31.4,0.00,0.00,0.00,29.6,16.2,27,31.0
2024-10-08T19:00,29.6,0.00,0.00,0.00,28.8,9.9,27,27.4
2024-10-08T20:00,27.6,0.00,0.00,0.00,26.7,8.9,42,15.1
2024-10-08T21:00,26.3,0.00,0.00,0.00,25.4,8.7,45,14.0
2024-10-08T22:00,25.1,0.00,0.00,0.00,24.1,8.5,46,13.3
2024-10-08T23:00,24.0,0.00,0.00,0.00,22.9,8.4,48,13.3
2024-10-09T00:00,22.9,0.00,0.00,0.00,21.6,7.0,46,13.0
2024-10-09T01:00,21.8,0.00,0.00,0.00,20.4,7.2,37,10.4
2024-10-09T02:00,20.9,0.00,0.00,0.00,19.4,8.0,34,10.4
2024-10-09T03:00,20.6,0.00,0.00,0.00,19.2,6.4,47,10.1
2024-10-09T04:00,19.7,0.00,0.00,0.00,18.1,6.6,49,9.7
2024-10-09T05:00,19.0,0.00,0.00,0.00,17.4,6.8,37,9.4
2024-10-09T06:00,18.5,0.00,0.00,0.00,16.8,7.2,28,9.4
2024-10-09T07:00,18.0,0.00,0.00,0.00,16.3,7.5,30,9.7
2024-10-09T08:00,17.3,0.00,0.00,0.00,16.6,4.2,20,6.8
2024-10-09T09:00,20.6,0.00,0.00,0.00,19.3,3.8,19,10.1
2024-10-09T10:00,23.2,0.00,0.00,0.00,21.8,3.7,51,13.3
2024-10-09T11:00,25.5,0.00,0.00,0.00,24.2,3.6,70,14.8
2024-10-09T12:00,27.4,0.00,0.00,0.00,26.8,4.8,61,16.9
2024-10-09T13:00,29.1,0.00,0.00,0.00,28.8,5.9,47,18.4
2024-10-09T14:00,30.5,0.00,0.00,0.00,30.0,8.3,42,21.6
2024-10-09T15:00,31.5,0.00,0.00,0.00,30.7,8.7,45,22.0
2024-10-09T16:00,31.9,0.00,0.00,0.00,30.7,8.7,52,21.6
2024-10-09T17:00,31.9,0.00,0.00,0.00,30.2,8.2,61,20.5
2024-10-09T18:00,31.3,0.00,0.00,0.00,29.8,7.6,62,18.4
2024-10-09T19:00,28.1,0.00,0.00,0.00,27.1,7.0,50,14.4
2024-10-09T20:00,26.7,0.00,0.00,0.00,25.8,7.1,49,10.4
2024-10-09T21:00,25.3,0.00,0.00,0.00,24.4,8.0,52,10.1
2024-10-09T22:00,24.2,0.00,0.00,0.00,23.3,8.3,74,11.2
2024-10-09T23:00,23.3,0.00,0.00,0.00,22.4,8.5,96,10.4
2024-10-10T00:00,23.4,0.00,0.00,0.00,22.7,7.3,118,11.5
2024-10-10T01:00,24.3,0.00,0.00,0.00,24.2,1.8,294,8.6
2024-10-10T02:00,21.7,0.00,0.00,0.00,21.3,5.3,288,6.1
2024-10-10T03:00,20.7,0.00,0.00,0.00,19.8,7.6,278,9.0
2024-10-10T04:00,20.4,0.00,0.00,0.00,19.4,7.3,281,9.7
2024-10-10T05:00,22.1,0.00,0.00,0.00,21.8,1.9,326,8.6
2024-10-10T06:00,20.4,0.00,0.00,0.00,20.1,4.0,30,4.7
2024-10-10T07:00,21.5,0.00,0.00,0.00,21.4,3.4,18,5.8
2024-10-10T08:00,19.2,0.00,0.00,0.00,18.5,7.2,55,9.7
2024-10-10T09:00,21.7,0.00,0.00,0.00,21.6,2.6,78,8.3
2024-10-10T10:00,24.9,0.00,0.00,0.00,24.5,3.8,101,12.2
2024-10-10T11:00,27.9,0.00,0.00,0.00,27.0,5.7,122,16.6
2024-10-10T12:00,30.2,0.00,0.00,0.00,30.1,5.5,126,18.0
2024-10-10T13:00,31.8,0.00,0.00,0.00,32.5,4.1,131,17.6
2024-10-10T14:00,32.9,0.00,0.00,0.00,33.9,2.7,113,16.2
2024-10-10T15:00,33.5,0.00,0.00,0.00,34.0,4.4,78,15.8
2024-10-10T16:00,33.7,0.00,0.00,0.00,33.2,6.7,74,18.0
2024-10-10T17:00,33.5,0.00,0.00,0.00,32.4,7.1,81,18.0
2024-10-10T18:00,32.9,0.00,0.00,0.00,31.9,6.9,76,16.6
2024-10-10T19:00,29.4,0.00,0.00,0.00,28.8,8.7,63,12.6
2024-10-10T20:00,28.7,0.00,0.00,0.00,27.8,8.8,91,13.0
2024-10-10T21:00,27.6,0.00,0.00,0.00,26.4,10.1,107,16.2
2024-10-10T22:00,26.6,0.00,0.00,0.00,25.4,9.8,125,15.8
2024-10-10T23:00,25.8,0.00,0.00,0.00,24.5,9.6,123,15.5
2024-10-11T00:00,25.1,0.00,0.00,0.00,23.2,10.9,123,16.9
2024-10-11T01:00,24.2,0.00,0.00,0.00,21.9,10.9,144,18.7
2024-10-11T02:00,22.8,0.00,0.00,0.00,21.3,8.4,165,17.3
2024-10-11T03:00,21.8,0.00,0.00,0.00,21.1,8.1,174,13.0
2024-10-11T04:00,21.0,0.00,0.00,0.00,21.1,7.4,180,12.6
2024-10-11T05:00,20.2,0.00,0.00,0.00,20.8,6.7,188,11.5
2024-10-11T06:00,19.6,0.00,0.00,0.00,20.5,6.7,196,10.1
2024-10-11T07:00,19.0,0.00,0.00,0.00,19.9,7.2,198,10.1
2024-10-11T08:00,18.1,0.00,0.00,0.00,19.5,6.1,208,11.9
2024-10-11T09:00,21.3,0.00,0.00,0.00,23.1,5.1,190,11.9
2024-10-11T10:00,24.5,0.00,0.00,0.00,25.9,7.0,177,16.6
2024-10-11T11:00,27.4,0.00,0.00,0.00,27.3,11.4,173,23.8
2024-10-11T12:00,29.6,0.00,0.00,0.00,29.3,12.5,174,27.0
2024-10-11T13:00,31.1,0.00,0.00,0.00,31.4,11.3,173,26.6
2024-10-11T14:00,32.2,0.00,0.00,0.00,32.7,9.3,165,25.6
2024-10-11T15:00,32.9,0.00,0.00,0.00,33.0,8.2,154,22.7
2024-10-11T16:00,33.3,0.00,0.00,0.00,32.4,8.8,149,20.9
2024-10-11T17:00,33.4,0.00,0.00,0.00,31.4,9.7,151,20.5
2024-10-11T18:00,32.7,0.00,0.00,0.00,30.3,11.2,156,19.8
2024-10-11T19:00,29.5,0.00,0.00,0.00,27.7,7.5,169,18.7
2024-10-11T20:00,27.6,0.00,0.00,0.00,25.4,8.5,159,12.6
2024-10-11T21:00,26.9,0.00,0.00,0.00,24.4,11.2,154,17.6
2024-10-11T22:00,25.9,0.00,0.00,0.00,23.9,10.9,168,17.6
2024-10-11T23:00,25.3,0.00,0.00,0.00,23.5,12.4,182,19.1
2024-10-12T00:00,24.5,0.00,0.00,0.00,22.8,16.3,197,25.6
2024-10-12T01:00,23.6,0.00,0.00,0.00,22.9,14.4,202,25.9
2024-10-12T02:00,22.9,0.00,0.00,0.00,22.3,15.0,198,23.8
2024-10-12T03:00,22.3,0.00,0.00,0.00,21.9,13.9,199,23.8
2024-10-12T04:00,21.6,0.00,0.00,0.00,21.3,12.2,205,22.0
2024-10-12T05:00,21.0,0.00,0.00,0.00,20.8,11.9,211,19.4
2024-10-12T06:00,20.3,0.00,0.00,0.00,20.7,8.9,220,18.7
2024-10-12T07:00,19.5,0.00,0.00,0.00,20.2,7.6,218,14.0
2024-10-12T08:00,18.3,0.00,0.00,0.00,19.4,7.5,215,11.5
2024-10-12T09:00,21.1,0.00,0.00,0.00,22.0,9.7,211,18.0
2024-10-12T10:00,24.2,0.00,0.00,0.00,24.7,11.7,214,23.4
2024-10-12T11:00,27.3,0.00,0.00,0.00,27.3,13.7,210,27.4
2024-10-12T12:00,29.9,0.00,0.00,0.00,29.5,16.4,204,31.7
2024-10-12T13:00,31.8,0.00,0.00,0.00,31.1,16.9,201,33.1
2024-10-12T14:00,33.3,0.00,0.00,0.00,32.3,16.5,202,33.1
2024-10-12T15:00,34.3,0.00,0.00,0.00,32.7,16.3,201,32.4
2024-10-12T16:00,34.7,0.00,0.00,0.00,32.4,16.5,200,31.7
2024-10-12T17:00,34.5,0.00,0.00,0.00,31.6,17.0,198,30.6
2024-10-12T18:00,33.6,0.00,0.00,0.00,30.6,17.6,193,30.2
2024-10-12T19:00,31.1,0.00,0.00,0.00,28.3,17.1,182,28.8
2024-10-12T20:00,29.5,0.00,0.00,0.00,27.3,15.9,183,25.2
2024-10-12T21:00,28.6,0.00,0.00,0.00,26.8,15.1,192,25.2
2024-10-12T22:00,28.0,0.00,0.00,0.00,26.3,16.6,197,25.9
2024-10-12T23:00,27.0,0.00,0.00,0.00,25.3,17.0,187,27.4
2024-10-13T00:00,25.4,0.00,0.00,0.00,24.2,18.4,188,29.2
2024-10-13T01:00,24.4,0.00,0.00,0.00,24.0,18.6,195,29.9
2024-10-13T02:00,23.7,0.00,0.00,0.00,23.6,18.0,201,29.5
2024-10-13T03:00,23.2,0.00,0.00,0.00,23.2,18.0,203,28.8
2024-10-13T04:00,22.7,0.00,0.00,0.00,22.7,18.1,203,28.8
2024-10-13T05:00,22.3,0.00,0.00,0.00,22.6,17.1,206,28.8
2024-10-13T06:00,21.9,0.00,0.00,0.00,22.7,13.8,211,27.0
2024-10-13T07:00,21.5,0.00,0.00,0.00,22.6,10.5,215,22.0
2024-10-13T08:00,20.9,0.00,0.00,0.00,21.8,9.6,217,15.8
2024-10-13T09:00,23.8,0.00,0.00,0.00,24.2,10.6,210,18.4
2024-10-13T10:00,26.6,0.00,0.00,0.00,26.6,12.3,209,23.8
2024-10-13T11:00,29.5,0.00,0.00,0.00,29.0,15.1,211,29.2
2024-10-13T12:00,32.5,0.00,0.00,0.00,31.8,17.0,216,32.4
2024-10-13T13:00,34.8,0.00,0.00,0.00,33.6,18.3,223,34.6
2024-10-13T14:00,36.3,0.00,0.00,0.00,34.7,17.4,232,34.6
2024-10-13T15:00,37.1,0.00,0.00,0.00,35.3,15.2,234,33.1
2024-10-13T16:00,37.4,0.00,0.00,0.00,35.0,13.3,230,29.5
2024-10-13T17:00,37.2,0.00,0.00,0.00,34.4,11.7,223,25.6
2024-10-13T18:00,36.2,0.00,0.00,0.00,33.5,11.2,212,21.6
2024-10-13T19:00,32.9,0.00,0.00,0.00,30.1,11.5,202,18.4
2024-10-13T20:00,30.6,0.00,0.00,0.00,28.1,14.3,186,22.3
2024-10-13T21:00,29.7,0.00,0.00,0.00,27.2,16.1,202,25.6
2024-10-13T22:00,29.0,0.00,0.00,0.00,26.4,16.8,208,26.6
2024-10-13T23:00,28.2,0.00,0.00,0.00,25.6,15.7,212,26.6
2024-10-14T00:00,27.1,0.00,0.00,0.00,24.7,14.0,216,24.8
2024-10-14T01:00,26.0,0.00,0.00,0.00,23.8,11.9,219,22.3
2024-10-14T02:00,25.4,0.00,0.00,0.00,22.8,13.8,220,22.0
2024-10-14T03:00,24.9,0.00,0.00,0.00,22.3,13.4,222,22.3
2024-10-14T04:00,23.9,0.00,0.00,0.00,21.9,8.5,243,21.2
2024-10-14T05:00,21.9,0.00,0.00,0.00,19.8,9.6,264,12.6
2024-10-14T06:00,21.6,0.00,0.00,0.00,19.7,7.9,249,12.2
2024-10-14T07:00,21.3,0.00,0.00,0.00,19.5,7.3,259,11.2
2024-10-14T08:00,20.6,0.00,0.00,0.00,19.0,7.8,279,13.3
2024-10-14T09:00,24.1,0.00,0.00,0.00,22.8,6.1,282,12.6
2024-10-14T10:00,26.4,0.00,0.00,0.00,24.8,7.8,328,17.3
2024-10-14T11:00,28.4,0.00,0.00,0.00,26.7,11.7,350,24.1
2024-10-14T12:00,30.3,0.00,0.00,0.00,29.0,14.1,354,28.8
2024-10-14T13:00,32.1,0.00,0.00,0.00,30.7,14.3,356,29.5
2024-10-14T14:00,33.4,0.00,0.00,0.00,31.9,14.4,359,29.5
2024-10-14T15:00,34.2,0.00,0.00,0.00,32.3,14.1,6,29.5
2024-10-14T16:00,34.4,0.00,0.00,0.00,32.0,13.8,13,28.8
2024-10-14T17:00,33.9,0.00,0.00,0.00,31.0,14.2,21,27.4
2024-10-14T18:00,32.7,0.00,0.00,0.00,30.1,13.6,32,26.3
2024-10-14T19:00,29.5,0.00,0.00,0.00,27.9,8.5,48,22.7
2024-10-14T20:00,28.1,0.00,0.00,0.00,25.8,12.2,53,19.1
2024-10-14T21:00,26.8,0.00,0.00,0.00,24.6,12.3,50,19.8
2024-10-14T22:00,25.6,0.00,0.00,0.00,23.7,11.2,52,19.4
2024-10-14T23:00,24.3,0.00,0.00,0.00,22.9,8.2,58,18.0
2024-10-15T00:00,22.8,0.00,0.00,0.00,21.6,7.5,57,12.6
2024-10-15T01:00,21.8,0.00,0.00,0.00,20.8,7.1,41,11.2
2024-10-15T02:00,21.6,0.00,0.00,0.00,20.9,6.4,40,9.7
2024-10-15T03:00,20.4,0.00,0.00,0.00,19.5,8.1,215,9.4
2024-10-15T04:00,22.1,0.00,0.00,0.00,22.0,0.8,333,9.7
2024-10-15T05:00,19.9,0.00,0.00,0.00,19.7,3.5,24,4.0
2024-10-15T06:00,21.2,0.00,0.00,0.00,21.1,2.7,53,4.0
2024-10-15T07:00,20.8,0.00,0.00,0.00,20.9,1.7,13,3.6
2024-10-15T08:00,19.7,0.00,0.00,0.00,19.7,1.8,53,5.4
2024-10-15T09:00,21.8,0.00,0.00,0.00,21.8,4.0,10,9.4
2024-10-15T10:00,26.2,0.00,0.00,0.00,25.6,4.2,355,12.6
2024-10-15T11:00,29.5,0.00,0.00,0.00,28.5,4.6,339,15.1
2024-10-15T12:00,32.1,0.00,0.00,0.00,32.4,2.3,288,15.1
2024-10-15T13:00,34.2,0.00,0.00,0.00,34.4,4.9,197,16.2
2024-10-15T14:00,35.4,0.00,0.00,0.00,34.8,8.8,197,21.2
2024-10-15T15:00,35.7,0.00,0.00,0.00,34.4,11.1,202,24.5
2024-10-15T16:00,35.8,0.00,0.00,0.00,33.8,10.0,201,24.5
2024-10-15T17:00,35.5,0.00,0.00,0.00,33.3,7.9,191,21.6
2024-10-15T18:00,34.7,0.00,0.00,0.00,32.6,7.0,179,16.9
2024-10-15T19:00,30.7,0.00,0.00,0.00,28.4,8.3,184,11.5
2024-10-15T20:00,28.7,0.00,0.00,0.00,26.4,8.1,183,11.9
2024-10-15T21:00,27.5,0.00,0.00,0.00,25.2,8.4,195,11.9
2024-10-15T22:00,26.9,0.00,0.00,0.00,24.7,8.2,229,13.0
2024-10-15T23:00,27.5,0.00,0.00,0.00,25.7,5.8,277,12.6
2024-10-16T00:00,24.7,0.00,0.00,0.00,23.1,6.9,76,7.2
2024-10-16T01:00,25.8,0.00,0.00,0.00,24.5,4.7,108,10.4
2024-10-16T02:00,24.0,0.00,0.00,0.00,19.8,26.0,46,38.2
2024-10-16T03:00,23.8,0.00,0.00,0.00,19.8,27.6,55,45.4
2024-10-16T04:00,23.0,0.00,0.00,0.00,19.0,26.7,61,46.4
2024-10-16T05:00,22.0,0.00,0.00,0.00,17.8,26.2,55,43.2
2024-10-16T06:00,20.4,0.00,0.00,0.00,15.4,27.5,50,44.3
2024-10-16T07:00,18.2,0.00,0.00,0.00,13.1,26.0,49,44.3
2024-10-16T08:00,17.2,0.00,0.00,0.00,12.4,24.4,49,40.7
2024-10-16T09:00,17.2,0.00,0.00,0.00,11.8,26.3,49,44.3
2024-10-16T10:00,17.8,0.00,0.00,0.00,12.3,25.0,49,44.3
2024-10-16T11:00,19.0,0.00,0.00,0.00,14.0,21.8,49,43.6
2024-10-16T12:00,20.3,0.00,0.00,0.00,15.6,21.3,46,40.0
2024-10-16T13:00,21.7,0.00,0.00,0.00,17.5,21.7,50,40.7
2024-10-16T14:00,22.8,0.00,0.00,0.00,18.8,20.3,54,40.7
2024-10-16T15:00,23.6,0.00,0.00,0.00,19.3,19.8,53,38.9
2024-10-16T16:00,23.9,0.00,0.00,0.00,18.9,19.9,53,37.8
2024-10-16T17:00,23.7,0.00,0.00,0.00,18.3,19.5,55,36.7
2024-10-16T18:00,23.0,0.00,0.00,0.00,17.6,19.1,61,34.9
2024-10-16T19:00,21.7,0.00,0.00,0.00,17.0,14.1,60,32.4
2024-10-16T20:00,18.7,0.00,0.00,0.00,14.7,11.1,46,20.2
2024-10-16T21:00,18.1,0.00,0.00,0.00,14.2,10.4,53,18.0
2024-10-16T22:00,17.3,0.00,0.00,0.00,13.8,7.6,72,16.9
2024-10-16T23:00,16.5,0.00,0.00,0.00,13.3,6.0,87,12.2
2024-10-17T00:00,15.7,0.00,0.00,0.00,12.7,5.4,75,9.4
2024-10-17T01:00,15.3,0.00,0.00,0.00,12.2,5.8,60,9.4
2024-10-17T02:00,15.0,0.00,0.00,0.00,11.5,8.1,66,12.6
2024-10-17T03:00,14.9,0.00,0.00,0.00,11.2,9.5,89,15.5
2024-10-17T04:00,14.5,0.00,0.00,0.00,11.0,8.5,91,15.1
2024-10-17T05:00,13.9,0.00,0.00,0.00,10.6,8.0,82,13.7
2024-10-17T06:00,13.5,0.00,0.00,0.00,10.2,7.8,77,13.0
2024-10-17T07:00,13.1,0.00,0.00,0.00,9.9,7.2,72,12.6
2024-10-17T08:00,12.1,0.00,0.00,0.00,9.1,7.2,65,12.2
2024-10-17T09:00,14.0,0.00,0.00,0.00,10.4,10.0,75,18.7
2024-10-17T10:00,16.0,0.00,0.00,0.00,12.3,10.7,83,22.7
2024-10-17T11:00,18.3,0.00,0.00,0.00,14.5,10.8,87,24.5
2024-10-17T12:00,20.3,0.00,0.00,0.00,17.3,10.1,95,24.8
2024-10-17T13:00,21.9,0.00,0.00,0.00,19.5,9.7,100,24.5
2024-10-17T14:00,23.2,0.00,0.00,0.00,20.9,10.2,107,24.8
2024-10-17T15:00,24.3,0.00,0.00,0.00,21.6,11.0,105,25.2
2024-10-17T16:00,24.8,0.00,0.00,0.00,21.4,12.2,103,25.9
2024-10-17T17:00,24.9,0.00,0.00,0.00,20.9,13.2,105,25.9
2024-10-17T18:00,24.3,0.00,0.00,0.00,20.2,14.5,111,25.9
2024-10-17T19:00,22.6,0.00,0.00,0.00,19.3,10.1,117,24.8
2024-10-17T20:00,21.1,0.00,0.00,0.00,17.9,10.8,108,16.6
2024-10-17T21:00,20.3,0.00,0.00,0.00,17.1,10.9,106,17.3
2024-10-17T22:00,19.7,0.00,0.00,0.00,16.2,13.5,115,21.2
2024-10-17T23:00,19.2,0.00,0.00,0.00,15.7,16.6,126,25.9
2024-10-18T00:00,18.3,0.00,0.00,0.00,15.1,19.0,139,30.6
2024-10-18T01:00,17.6,0.00,0.00,0.00,15.2,15.6,149,30.6
2024-10-18T02:00,16.8,0.00,0.00,0.00,14.8,11.9,148,24.8
2024-10-18T03:00,16.0,0.00,0.00,0.00,14.0,7.8,134,19.1
2024-10-18T04:00,15.2,0.00,0.00,0.00,13.3,6.0,115,12.6
2024-10-18T05:00,14.6,0.00,0.00,0.00,12.7,5.8,97,9.4
2024-10-18T06:00,14.0,0.00,0.00,0.00,12.2,6.1,90,9.4
2024-10-18T07:00,14.1,0.00,0.00,0.00,12.4,6.7,84,10.4
2024-10-18T08:00,14.2,0.00,0.00,0.00,12.8,8.3,85,12.2
2024-10-18T09:00,16.6,0.00,0.00,0.00,15.2,8.8,89,16.9
2024-10-18T10:00,19.3,0.00,0.00,0.00,17.7,10.7,98,22.0
2024-10-18T11:00,22.1,0.00,0.00,0.00,20.5,13.0,108,26.3
2024-10-18T12:00,24.4,0.00,0.00,0.00,22.7,17.7,125,33.1
2024-10-18T13:00,25.9,0.00,0.00,0.00,24.5,20.4,152,37.4
2024-10-18T14:00,26.8,0.10,0.00,0.10,25.0,18.5,149,37.4
2024-10-18T15:00,27.3,0.00,0.00,0.00,25.5,17.7,151,33.5
2024-10-18T16:00,28.1,0.00,0.00,0.00,25.5,21.5,142,36.7
2024-10-18T17:00,27.8,0.00,0.00,0.00,25.4,19.9,140,37.4
2024-10-18T18:00,27.4,0.00,0.00,0.00,25.1,19.0,133,33.8
2024-10-18T19:00,25.8,0.00,0.00,0.00,24.3,12.1,128,31.7
2024-10-18T20:00,23.5,0.00,0.00,0.00,23.1,13.1,155,30.6
2024-10-18T21:00,23.2,0.00,0.00,0.00,21.8,19.7,117,30.2
2024-10-18T22:00,22.2,0.00,0.00,0.00,20.9,20.8,125,34.9
2024-10-18T23:00,21.3,0.00,0.00,0.00,20.3,18.6,125,33.5
2024-10-19T00:00,20.4,0.00,0.00,0.00,19.6,16.7,125,29.9
2024-10-19T01:00,19.5,0.00,0.00,0.00,19.2,14.2,125,27.0
2024-10-19T02:00,18.9,0.00,0.00,0.00,19.0,11.9,120,22.7
2024-10-19T03:00,18.6,0.00,0.00,0.00,19.0,9.5,111,19.1
2024-10-19T04:00,18.3,0.00,0.00,0.00,18.9,8.4,99,15.1
2024-10-19T05:00,17.9,0.00,0.00,0.00,18.5,6.8,87,13.7
2024-10-19T06:00,17.4,0.00,0.00,0.00,18.0,6.8,73,10.8
2024-10-19T07:00,17.1,0.00,0.00,0.00,17.4,7.3,62,11.5
2024-10-19T08:00,17.1,0.00,0.00,0.00,16.9,8.8,59,13.0
2024-10-19T09:00,18.8,0.00,0.00,0.00,18.1,10.7,73,19.4
2024-10-19T10:00,20.9,0.00,0.00,0.00,19.9,11.4,78,23.0
2024-10-19T11:00,23.3,0.00,0.00,0.00,22.2,13.4,86,27.4
2024-10-19T12:00,25.3,0.00,0.00,0.00,25.0,13.5,92,28.4
2024-10-19T13:00,27.0,0.00,0.00,0.00,27.1,13.9,89,29.2
2024-10-19T14:00,28.0,0.00,0.00,0.00,28.1,14.1,84,29.5
2024-10-19T15:00,28.6,0.00,0.00,0.00,28.2,14.4,81,29.9
2024-10-19T16:00,29.0,0.00,0.00,0.00,27.9,14.5,83,29.5
2024-10-19T17:00,28.7,0.00,0.00,0.00,26.9,15.8,78,29.2
2024-10-19T18:00,27.8,0.00,0.00,0.00,25.6,16.8,78,29.2
2024-10-19T19:00,26.0,0.00,0.00,0.00,24.3,13.1,71,28.1
2024-10-19T20:00,25.0,0.00,0.00,0.00,23.4,12.9,82,21.2
2024-10-19T21:00,23.8,0.00,0.00,0.00,22.0,12.8,89,20.5
2024-10-19T22:00,22.8,0.00,0.00,0.00,20.9,11.9,100,20.2
2024-10-19T23:00,22.1,0.00,0.00,0.00,20.2,13.1,113,20.2
2024-10-20T00:00,21.6,0.00,0.00,0.00,20.8,11.5,129,22.3
2024-10-20T01:00,20.6,0.00,0.00,0.00,20.9,7.8,127,18.4
2024-10-20T02:00,19.4,0.00,0.00,0.00,20.2,6.4,119,12.2
2024-10-20T03:00,18.4,0.00,0.00,0.00,18.9,8.0,98,9.7
2024-10-20T04:00,17.8,0.00,0.00,0.00,18.5,6.5,67,9.7
2024-10-20T05:00,17.4,0.00,0.00,0.00,18.2,5.7,53,8.3
2024-10-20T06:00,17.1,0.00,0.00,0.00,17.9,5.6,50,8.3
2024-10-20T07:00,16.8,0.00,0.00,0.00,17.5,6.2,49,9.7
2024-10-20T08:00,16.1,0.00,0.00,0.00,16.7,6.4,50,11.2
2024-10-20T09:00,18.4,0.00,0.00,0.00,18.8,7.5,50,15.1
2024-10-20T10:00,21.1,0.00,0.00,0.00,20.9,8.5,61,19.4
2024-10-20T11:00,23.8,0.00,0.00,0.00,23.5,9.4,86,21.6
2024-10-20T12:00,25.7,0.00,0.00,0.00,25.5,11.4,97,25.6
2024-10-20T13:00,27.2,0.00,0.00,0.00,27.1,11.9,87,26.6
2024-10-20T14:00,28.1,0.00,0.00,0.00,27.8,12.4,82,27.4
2024-10-20T15:00,28.7,0.00,0.00,0.00,27.8,11.9,80,27.4
2024-10-20T16:00,28.9,0.00,0.00,0.00,27.1,11.9,79,26.3
2024-10-20T17:00,28.7,0.00,0.00,0.00,26.5,12.0,82,25.2
2024-10-20T18:00,27.9,0.00,0.00,0.00,25.7,12.0,81,23.4
2024-10-20T19:00,25.0,0.00,0.00,0.00,23.6,7.6,65,20.2
2024-10-20T20:00,24.4,0.00,0.00,0.00,22.8,10.0,77,15.1
2024-10-20T21:00,23.7,0.00,0.00,0.00,21.9,10.4,88,16.2
2024-10-20T22:00,22.8,0.00,0.00,0.00,20.8,10.2,107,16.2
2024-10-20T23:00,21.4,0.00,0.00,0.00,19.4,8.8,121,15.8
2024-10-21T00:00,20.3,0.00,0.00,0.00,18.4,8.6,131,13.7
2024-10-21T01:00,19.1,0.00,0.00,0.00,17.6,7.5,136,13.3
2024-10-21T02:00,17.7,0.00,0.00,0.00,16.2,10.3,153,12.2
2024-10-21T03:00,17.4,0.00,0.00,0.00,16.4,8.9,189,12.2
2024-10-21T04:00,16.6,0.00,0.00,0.00,15.8,9.2,203,11.5
2024-10-21T05:00,16.1,0.00,0.00,0.00,15.6,8.9,201,11.5
2024-10-21T06:00,15.5,0.00,0.00,0.00,14.9,9.9,201,11.5
2024-10-21T07:00,16.2,0.00,0.00,0.00,16.1,6.7,224,11.5
2024-10-21T08:00,16.0,0.00,0.00,0.00,16.7,2.3,299,5.4
2024-10-21T09:00,17.8,0.00,0.00,0.00,18.7,1.9,229,7.6
2024-10-21T10:00,20.6,0.00,0.00,0.00,21.3,5.2,146,14.4
2024-10-21T11:00,23.1,0.00,0.00,0.00,23.4,10.5,160,22.0
2024-10-21T12:00,24.6,0.00,0.00,0.00,25.2,10.8,165,24.8
2024-10-21T13:00,26.4,0.00,0.00,0.00,27.2,10.3,167,24.8
2024-10-21T14:00,27.9,0.00,0.00,0.00,28.5,10.3,167,24.5
2024-10-21T15:00,29.0,0.00,0.00,0.00,29.0,10.9,167,24.8
2024-10-21T16:00,29.7,0.00,0.00,0.00,28.3,12.7,165,25.6
2024-10-21T17:00,29.6,0.00,0.00,0.00,27.8,14.3,165,26.6
2024-10-21T18:00,28.8,0.00,0.00,0.00,27.3,14.1,166,26.3
2024-10-21T19:00,26.2,0.00,0.00,0.00,25.8,8.1,163,22.7
2024-10-21T20:00,24.5,0.00,0.00,0.00,24.3,8.6,195,10.8
2024-10-21T21:00,24.2,0.00,0.00,0.00,24.3,8.0,162,11.2
2024-10-21T22:00,23.9,0.00,0.00,0.00,23.9,9.2,163,14.8
2024-10-21T23:00,23.5,0.00,0.00,0.00,22.9,13.7,178,20.5
2024-10-22T00:00,22.6,0.00,0.00,0.00,22.3,15.5,185,24.8
2024-10-22T01:00,21.6,0.00,0.00,0.00,21.9,14.4,182,24.8
2024-10-22T02:00,21.0,0.00,0.00,0.00,21.5,13.9,178,23.0
2024-10-22T03:00,20.4,0.00,0.00,0.00,21.3,12.6,178,22.3
2024-10-22T04:00,19.9,0.00,0.00,0.00,21.2,10.6,176,20.2
2024-10-22T05:00,19.5,0.00,0.00,0.00,21.0,9.0,178,16.9
2024-10-22T06:00,19.1,0.00,0.00,0.00,21.0,7.0,181,14.4
2024-10-22T07:00,18.6,0.00,0.00,0.00,20.7,5.2,178,11.2
2024-10-22T08:00,20.5,0.00,0.00,0.00,22.8,8.3,156,14.0
2024-10-22T09:00,21.4,0.00,0.00,0.00,23.7,9.1,170,16.6
2024-10-22T10:00,22.6,0.00,0.00,0.00,24.9,10.2,188,19.1
2024-10-22T11:00,24.1,0.10,0.00,0.10,25.9,12.4,211,23.0
2024-10-22T12:00,26.2,0.10,0.00,0.10,27.9,10.4,206,23.8
2024-10-22T13:00,28.0,0.00,0.00,0.00,29.5,10.0,197,22.7
2024-10-22T14:00,29.3,0.00,0.00,0.00,30.6,9.6,192,22.7
2024-10-22T15:00,30.5,0.00,0.00,0.00,31.7,10.1,186,23.0
2024-10-22T16:00,30.7,0.00,0.00,0.00,31.1,11.9,190,24.1
2024-10-22T17:00,30.7,0.00,0.00,0.00,30.8,13.2,183,24.8
2024-10-22T18:00,29.9,0.00,0.00,0.00,29.9,13.1,167,24.8
2024-10-22T19:00,27.7,0.00,0.00,0.00,28.0,10.6,146,22.0
2024-10-22T20:00,26.2,0.00,0.00,0.00,27.6,6.9,194,12.2
2024-10-22T21:00,25.0,0.00,0.00,0.00,26.6,6.4,172,10.4
2024-10-22T22:00,24.7,0.00,0.00,0.00,25.8,8.6,170,13.3
2024-10-22T23:00,24.5,0.00,0.00,0.00,24.7,13.8,173,21.2
2024-10-23T00:00,23.6,0.00,0.00,0.00,24.1,15.0,185,23.8
2024-10-23T01:00,22.8,0.00,0.00,0.00,23.9,12.4,193,23.8
2024-10-23T02:00,22.1,0.00,0.00,0.00,23.5,11.1,196,19.8
2024-10-23T03:00,21.5,0.00,0.00,0.00,23.2,9.8,204,17.6
2024-10-23T04:00,20.9,0.00,0.00,0.00,22.8,8.3,200,15.5
2024-10-23T05:00,20.3,0.00,0.00,0.00,22.4,7.5,190,13.3
2024-10-23T06:00,19.7,0.00,0.00,0.00,21.9,5.8,187,11.5
2024-10-23T07:00,19.0,0.00,0.00,0.00,21.1,6.5,193,8.6
2024-10-23T08:00,18.2,0.00,0.00,0.00,20.1,6.5,208,9.7
2024-10-23T09:00,20.9,0.00,0.00,0.00,23.4,4.8,207,11.5
2024-10-23T10:00,23.4,0.00,0.00,0.00,25.7,6.6,196,16.2
2024-10-23T11:00,25.9,0.00,0.00,0.00,27.9,8.2,194,20.5
2024-10-23T12:00,27.9,0.00,0.00,0.00,30.0,8.6,190,22.0
2024-10-23T13:00,29.3,0.00,0.00,0.00,31.6,9.0,177,22.7
2024-10-23T14:00,30.4,0.00,0.00,0.00,32.4,10.3,168,24.5
2024-10-23T15:00,31.0,0.00,0.00,0.00,32.3,11.4,162,25.2
2024-10-23T16:00,31.2,0.00,0.00,0.00,31.5,12.1,162,25.2
2024-10-23T17:00,30.9,0.00,0.00,0.00,30.7,12.8,164,25.2
2024-10-23T18:00,30.1,0.00,0.00,0.00,29.8,12.4,167,24.5
2024-10-23T19:00,27.2,0.00,0.00,0.00,28.1,6.9,165,20.5
2024-10-23T20:00,26.0,0.00,0.00,0.00,26.0,7.6,153,11.2
2024-10-23T21:00,25.0,0.00,0.00,0.00,25.1,7.6,153,11.5
2024-10-23T22:00,24.3,0.00,0.00,0.00,24.6,7.7,155,11.5
2024-10-23T23:00,24.3,0.00,0.00,0.00,24.5,12.3,172,19.8
2024-10-24T00:00,23.3,0.00,0.00,0.00,24.8,10.8,184,19.4
2024-10-24T01:00,22.7,0.00,0.00,0.00,24.4,10.8,198,17.6
2024-10-24T02:00,22.1,0.00,0.00,0.00,24.0,10.5,197,16.9
2024-10-24T03:00,21.5,0.00,0.00,0.00,23.6,9.9,196,16.9
2024-10-24T04:00,21.0,0.00,0.00,0.00,23.2,9.3,196,15.8
2024-10-24T05:00,20.5,0.00,0.00,0.00,22.9,8.5,193,14.8
2024-10-24T06:00,20.2,0.00,0.00,0.00,22.6,8.0,190,13.3
2024-10-24T07:00,20.1,0.00,0.00,0.00,22.5,8.3,186,13.3
2024-10-24T08:00,21.3,0.00,0.00,0.00,23.2,15.1,205,24.1
2024-10-24T09:00,22.0,0.10,0.00,0.10,23.8,15.2,210,26.3
2024-10-24T10:00,23.6,0.10,0.00,0.10,25.4,14.1,207,25.6
2024-10-24T11:00,25.9,0.10,0.00,0.10,27.5,13.6,195,27.0
2024-10-24T12:00,27.7,0.00,0.00,0.00,29.0,13.3,179,27.7
2024-10-24T13:00,29.1,0.00,0.00,0.00,30.5,14.1,174,29.2
2024-10-24T14:00,29.9,0.00,0.00,0.00,31.3,14.6,177,29.9
2024-10-24T15:00,30.5,0.00,0.00,0.00,31.2,14.5,175,29.9
2024-10-24T16:00,30.9,0.00,0.00,0.00,30.6,15.4,174,29.5
2024-10-24T17:00,31.0,0.00,0.00,0.00,30.3,16.2,179,29.9
2024-10-24T18:00,30.4,0.00,0.00,0.00,29.5,16.6,181,29.2
2024-10-24T19:00,28.3,0.00,0.00,0.00,27.9,13.5,164,27.0
2024-10-24T20:00,26.9,0.00,0.00,0.00,26.2,11.7,151,17.6
2024-10-24T21:00,26.3,0.00,0.00,0.00,24.9,13.8,166,22.3
2024-10-24T22:00,25.4,0.00,0.00,0.00,23.5,18.6,165,28.4
2024-10-24T23:00,24.0,0.00,0.00,0.00,22.7,18.9,173,31.0
2024-10-25T00:00,22.8,0.00,0.00,0.00,22.6,17.1,179,30.2
2024-10-25T01:00,22.0,0.00,0.00,0.00,22.6,15.8,182,27.4
2024-10-25T02:00,21.3,0.00,0.00,0.00,22.5,15.0,183,25.6
2024-10-25T03:00,20.8,0.00,0.00,0.00,22.3,13.9,184,24.1
2024-10-25T04:00,20.5,0.00,0.00,0.00,22.2,13.1,187,22.3
2024-10-25T05:00,20.4,0.00,0.00,0.00,22.3,12.1,185,20.5
2024-10-25T06:00,21.7,0.00,0.00,0.00,23.2,16.4,188,29.9
2024-10-25T07:00,21.8,0.00,0.00,0.00,23.3,17.6,194,29.2
2024-10-25T08:00,22.1,0.00,0.00,0.00,24.9,10.2,188,16.2
2024-10-25T09:00,22.7,0.10,0.00,0.10,24.7,13.8,196,23.8
2024-10-25T10:00,24.5,0.00,0.00,0.00,26.8,9.6,194,24.1
2024-10-25T11:00,26.3,0.00,0.00,0.00,28.4,8.5,204,20.2
2024-10-25T12:00,28.1,0.00,0.00,0.00,29.9,10.0,200,23.4
2024-10-25T13:00,29.7,0.00,0.00,0.00,31.7,10.1,197,23.8
2024-10-25T14:00,30.5,0.00,0.00,0.00,32.0,11.5,188,25.6
2024-10-25T15:00,31.3,0.00,0.00,0.00,31.8,13.7,185,28.4
2024-10-25T16:00,31.7,0.00,0.00,0.00,31.5,12.4,183,28.4
2024-10-25T17:00,31.7,0.00,0.00,0.00,31.3,11.3,180,25.6
2024-10-25T18:00,31.1,0.00,0.00,0.00,30.7,10.1,178,22.3
2024-10-25T19:00,27.7,0.00,0.00,0.00,27.9,8.4,170,16.2
2024-10-25T20:00,27.3,0.00,0.00,0.00,27.8,6.6,169,7.6
2024-10-25T21:00,27.6,0.00,0.00,0.00,28.0,6.1,208,7.9
2024-10-25T22:00,25.0,0.00,0.00,0.00,25.0,9.0,165,9.4
2024-10-25T23:00,24.3,0.00,0.00,0.00,24.5,7.6,180,12.2
2024-10-26T00:00,24.1,0.00,0.00,0.00,24.2,9.9,180,14.4
2024-10-26T01:00,23.8,0.00,0.00,0.00,24.0,12.9,198,20.2
2024-10-26T02:00,23.1,0.00,0.00,0.00,23.6,11.4,199,20.2
2024-10-26T03:00,22.3,0.00,0.00,0.00,23.3,8.4,199,18.0
2024-10-26T04:00,21.1,0.00,0.00,0.00,22.3,7.1,210,13.0
2024-10-26T05:00,20.3,0.00,0.00,0.00,21.3,8.2,209,10.1
2024-10-26T06:00,20.3,0.00,0.00,0.00,21.4,6.6,213,10.1
2024-10-26T07:00,20.0,0.00,0.00,0.00,21.3,5.7,224,7.9
2024-10-26T08:00,19.2,0.00,0.00,0.00,21.0,4.6,244,6.8
2024-10-26T09:00,21.6,0.00,0.00,0.00,23.6,3.6,264,10.1
2024-10-26T10:00,24.3,0.00,0.00,0.00,26.3,3.3,257,12.6
2024-10-26T11:00,26.6,0.00,0.00,0.00,28.3,3.6,261,14.4
2024-10-26T12:00,28.6,0.00,0.00,0.00,30.4,4.0,260,16.2
2024-10-26T13:00,30.0,0.00,0.00,0.00,32.4,3.3,234,16.2
2024-10-26T14:00,31.1,0.00,0.00,0.00,33.6,2.3,198,15.8
2024-10-26T15:00,31.8,0.00,0.00,0.00,34.1,0.8,135,14.4
2024-10-26T16:00,32.2,0.00,0.00,0.00,33.2,3.0,17,13.0
2024-10-26T17:00,32.0,0.00,0.00,0.00,32.5,5.7,11,14.4
2024-10-26T18:00,31.4,0.00,0.00,0.00,31.7,7.2,19,14.4
2024-10-26T19:00,29.3,0.00,0.00,0.00,29.9,6.6,33,13.3
2024-10-26T20:00,27.5,0.00,0.00,0.00,28.5,7.8,85,9.4
2024-10-26T21:00,26.9,0.00,0.00,0.00,28.0,6.5,114,9.7
2024-10-26T22:00,26.2,0.00,0.00,0.00,27.3,7.9,145,9.4
2024-10-26T23:00,27.1,0.00,0.00,0.00,28.5,4.9,141,9.7
2024-10-27T00:00,24.9,0.00,0.00,0.00,26.1,7.5,145,7.9
2024-10-27T01:00,24.5,0.00,0.00,0.00,25.8,6.3,193,10.4
2024-10-27T02:00,23.5,0.00,0.00,0.00,25.0,6.3,217,9.4
2024-10-27T03:00,22.5,0.00,0.00,0.00,24.0,7.4,214,9.4
2024-10-27T04:00,22.2,0.00,0.00,0.00,24.1,5.7,204,9.4
2024-10-27T05:00,21.7,0.00,0.00,0.00,23.8,5.8,200,9.4
2024-10-27T06:00,21.1,0.00,0.00,0.00,23.2,5.5,193,9.0
2024-10-27T07:00,20.7,0.00,0.00,0.00,22.8,5.9,207,9.0
2024-10-27T08:00,19.9,0.00,0.00,0.00,22.0,5.7,221,11.5
2024-10-27T09:00,22.2,0.00,0.00,0.00,24.4,5.0,232,11.9
2024-10-27T10:00,24.5,0.00,0.00,0.00,26.7,4.9,237,14.4
2024-10-27T11:00,27.1,0.00,0.00,0.00,29.0,6.5,212,17.6
2024-10-27T12:00,29.6,0.00,0.00,0.00,31.2,8.9,201,22.0
2024-10-27T13:00,31.2,0.00,0.00,0.00,32.9,10.0,187,24.1
2024-10-27T14:00,32.1,0.00,0.00,0.00,33.4,11.2,178,25.2
2024-10-27T15:00,32.6,0.00,0.00,0.00,33.1,11.5,171,25.6
2024-10-27T16:00,32.5,0.00,0.00,0.00,32.0,13.2,168,26.3
2024-10-27T17:00,31.9,0.00,0.00,0.00,31.2,13.7,169,26.3
2024-10-27T18:00,31.2,0.00,0.00,0.00,30.6,12.4,171,25.2
2024-10-27T19:00,28.9,0.00,0.00,0.00,28.9,8.5,159,20.5
2024-10-27T20:00,27.8,0.00,0.00,0.00,28.3,6.7,182,10.1
2024-10-27T21:00,27.0,0.00,0.00,0.00,27.3,8.1,159,11.9
2024-10-27T22:00,26.8,0.00,0.00,0.00,26.2,13.6,157,20.5
2024-10-27T23:00,26.2,0.00,0.00,0.00,24.9,19.0,173,29.9
2024-10-28T00:00,24.9,0.00,0.00,0.00,24.1,18.5,180,30.2
2024-10-28T01:00,23.7,0.00,0.00,0.00,23.1,17.5,184,29.5
2024-10-28T02:00,22.9,0.00,0.00,0.00,21.9,15.9,186,27.7
2024-10-28T03:00,22.2,0.00,0.00,0.00,21.2,12.8,181,25.2
2024-10-28T04:00,21.4,0.00,0.00,0.00,20.9,11.0,178,20.2
2024-10-28T05:00,20.6,0.00,0.00,0.00,20.7,9.5,180,17.3
2024-10-28T06:00,19.9,0.00,0.00,0.00,20.5,9.2,177,15.5
2024-10-28T07:00,19.3,0.00,0.00,0.00,20.6,8.0,175,14.8
2024-10-28T08:00,20.6,0.00,0.00,0.00,21.7,15.4,190,24.8
2024-10-28T09:00,21.2,0.00,0.00,0.00,22.2,17.7,193,29.2
2024-10-28T10:00,23.3,0.10,0.00,0.10,24.0,18.0,188,31.3
2024-10-28T11:00,25.0,0.10,0.00,0.10,25.2,19.9,187,34.2
2024-10-28T12:00,27.0,0.10,0.00,0.10,26.8,21.5,184,37.8
2024-10-28T13:00,29.3,0.00,0.00,0.00,29.1,20.8,184,38.9
2024-10-28T14:00,30.8,0.00,0.00,0.00,30.0,21.8,180,39.2
2024-10-28T15:00,31.5,0.00,0.00,0.00,30.3,21.9,173,39.6
2024-10-28T16:00,31.2,0.00,0.00,0.00,29.5,23.0,173,40.0
2024-10-28T17:00,30.8,0.00,0.00,0.00,28.9,24.6,169,41.0
2024-10-28T18:00,29.9,0.00,0.00,0.00,28.4,23.1,165,41.8
2024-10-28T19:00,28.5,0.00,0.00,0.00,27.9,17.5,165,37.4
2024-10-28T20:00,28.1,0.00,0.00,0.00,26.6,28.2,156,45.0
2024-10-28T21:00,26.6,0.00,0.00,0.00,25.7,26.1,156,45.7
2024-10-28T22:00,25.6,0.00,0.00,0.00,25.1,24.4,161,42.1
2024-10-28T23:00,24.6,0.00,0.00,0.00,24.6,22.5,162,39.2
2024-10-29T00:00,23.9,0.00,0.00,0.00,24.2,21.5,161,36.4
2024-10-29T01:00,23.3,0.00,0.00,0.00,24.1,20.2,163,34.6
2024-10-29T02:00,22.9,0.00,0.00,0.00,23.9,20.2,163,32.4
2024-10-29T03:00,22.8,0.00,0.00,0.00,23.9,20.3,166,33.1
2024-10-29T04:00,22.7,0.10,0.00,0.10,23.9,18.5,165,32.4
2024-10-29T05:00,22.6,0.00,0.00,0.00,23.8,18.0,162,29.5
2024-10-29T06:00,22.5,0.00,0.00,0.00,23.6,18.1,161,29.2
2024-10-29T07:00,22.4,0.00,0.00,0.00,23.5,18.3,156,29.5
2024-10-29T08:00,22.4,0.10,0.00,0.10,23.3,21.5,160,34.2
2024-10-29T09:00,23.7,0.10,0.00,0.10,24.1,25.2,162,40.3
2024-10-29T10:00,25.6,0.00,0.00,0.00,25.1,28.9,165,47.2
2024-10-29T11:00,27.5,0.10,0.00,0.10,26.4,31.0,166,52.2
2024-10-29T12:00,28.4,0.20,0.00,0.20,26.9,31.9,165,54.4
2024-10-29T13:00,30.0,0.00,0.00,0.00,28.1,32.5,167,55.8
2024-10-29T14:00,30.9,0.00,0.00,0.00,29.0,31.4,167,55.1
2024-10-29T15:00,31.3,0.00,0.00,0.00,29.1,31.8,168,54.7
2024-10-29T16:00,30.9,0.30,0.00,0.30,28.8,30.6,168,54.7
2024-10-29T17:00,30.7,0.10,0.00,0.10,28.5,30.6,162,53.3
2024-10-29T18:00,29.7,0.00,0.00,0.00,27.5,30.1,156,51.5
2024-10-29T19:00,28.5,0.00,0.00,0.00,26.9,26.1,155,50.4
2024-10-29T20:00,26.6,0.00,0.00,0.00,25.7,27.2,149,47.2
2024-10-29T21:00,25.9,0.00,0.00,0.00,25.5,25.7,151,43.9
2024-10-29T22:00,25.0,0.00,0.00,0.00,24.8,25.8,155,42.1
2024-10-29T23:00,24.5,0.00,0.00,0.00,24.5,25.6,156,41.8
2024-10-30T00:00,24.0,0.00,0.00,0.00,24.2,24.7,159,41.4
2024-10-30T01:00,23.8,0.00,0.00,0.00,24.1,23.7,160,39.6
2024-10-30T02:00,23.6,0.00,0.00,0.00,24.0,22.8,163,38.5
2024-10-30T03:00,23.5,0.00,0.00,0.00,24.3,20.7,164,36.7
2024-10-30T04:00,23.6,0.10,0.00,0.10,24.7,19.4,167,33.1
2024-10-30T05:00,23.5,0.10,0.00,0.10,24.6,20.1,165,32.0
2024-10-30T06:00,23.1,0.10,0.00,0.10,24.5,18.3,167,32.4
2024-10-30T07:00,22.9,0.00,0.00,0.00,24.6,16.6,167,29.2
2024-10-30T08:00,23.2,0.30,0.00,0.30,24.9,22.0,172,34.2
2024-10-30T09:00,24.1,0.10,0.00,0.10,25.8,21.9,173,36.7
2024-10-30T10:00,25.8,0.10,0.00,0.10,26.8,24.3,178,38.2
2024-10-30T11:00,28.0,0.00,0.00,0.00,28.7,23.3,176,42.5
2024-10-30T12:00,30.1,0.00,0.00,0.00,30.2,25.1,174,43.6
2024-10-30T13:00,31.0,0.00,0.00,0.00,30.4,28.8,178,49.7
2024-10-30T14:00,31.0,0.00,0.00,0.00,30.1,28.3,177,50.0
2024-10-30T15:00,31.6,0.00,0.00,0.00,30.9,26.5,181,48.2
2024-10-30T16:00,31.0,0.20,0.00,0.20,30.6,26.6,179,45.4
2024-10-30T17:00,30.7,0.20,0.00,0.20,30.9,23.1,177,44.6
2024-10-30T18:00,29.6,0.20,0.00,0.20,30.3,21.4,179,39.2
2024-10-30T19:00,28.3,0.00,0.00,0.00,29.7,14.8,182,33.8
2024-10-30T20:00,26.5,0.00,0.00,0.00,29.5,10.9,173,18.4
2024-10-30T21:00,26.2,0.00,0.00,0.00,28.6,12.4,158,18.4
2024-10-30T22:00,26.3,0.00,0.00,0.00,26.8,20.7,161,33.5
2024-10-30T23:00,25.8,0.00,0.00,0.00,26.4,20.3,167,33.1
2024-10-31T00:00,25.1,0.00,0.00,0.00,25.8,19.4,172,32.8
2024-10-31T01:00,24.3,0.00,0.00,0.00,25.1,18.7,167,31.3
2024-10-31T02:00,23.7,0.00,0.00,0.00,25.1,16.6,174,29.9
2024-10-31T03:00,23.4,0.00,0.00,0.00,25.3,15.7,181,26.6
2024-10-31T04:00,23.0,0.00,0.00,0.00,25.1,15.1,188,25.2
2024-10-31T05:00,22.7,0.00,0.00,0.00,25.1,13.2,183,24.1
2024-10-31T06:00,22.3,0.00,0.00,0.00,25.8,6.2,188,20.9
2024-10-31T07:00,21.6,0.00,0.00,0.00,25.1,5.9,223,9.4
2024-10-31T08:00,22.6,0.40,0.00,0.40,25.2,11.8,283,15.5
2024-10-31T09:00,23.4,0.00,0.00,0.00,25.5,11.9,288,23.8
2024-10-31T10:00,24.7,0.00,0.00,0.00,26.4,14.1,312,25.2
2024-10-31T11:00,25.2,0.10,0.00,0.10,26.4,16.2,341,31.3
2024-10-31T12:00,25.8,0.00,0.00,0.00,26.5,19.1,16,35.3
2024-10-31T13:00,26.0,0.00,0.00,0.00,26.1,17.9,10,36.0
2024-10-31T14:00,27.6,0.00,0.00,0.00,27.3,17.1,21,34.6
2024-10-31T15:00,28.1,0.00,0.00,0.00,27.1,17.8,23,34.6
2024-10-31T16:00,28.1,0.00,0.00,0.00,26.2,17.8,26,34.2
2024-10-31T17:00,27.7,0.00,0.00,0.00,25.3,18.8,38,33.5
2024-10-31T18:00,26.6,0.00,0.00,0.00,24.4,17.7,39,33.5
2024-10-31T19:00,25.1,0.00,0.00,0.00,23.7,12.0,39,29.2
2024-10-31T20:00,24.1,0.00,0.00,0.00,22.8,13.9,36,22.7
2024-10-31T21:00,23.5,0.00,0.00,0.00,22.0,14.8,33,23.4
2024-10-31T22:00,22.8,0.00,0.00,0.00,21.4,13.6,35,23.4
2024-10-31T23:00,22.1,0.00,0.00,0.00,20.7,13.4,29,21.6
2024-11-01T00:00,21.5,0.00,0.00,0.00,20.1,14.0,30,22.7
2024-11-01T01:00,20.8,0.00,0.00,0.00,19.6,13.0,26,22.0
2024-11-01T02:00,20.2,0.00,0.00,0.00,19.4,10.7,20,20.5
2024-11-01T03:00,20.1,0.00,0.00,0.00,19.5,10.0,20,17.3
2024-11-01T04:00,20.2,0.00,0.00,0.00,19.5,10.7,22,16.9
2024-11-01T05:00,20.1,0.00,0.00,0.00,19.6,10.5,25,16.9
2024-11-01T06:00,20.3,0.00,0.00,0.00,20.3,9.3,32,16.6
2024-11-01T07:00,20.8,0.00,0.00,0.00,21.2,7.8,8,14.8
2024-11-01T08:00,20.9,0.00,0.00,0.00,21.6,9.0,30,19.1
2024-11-01T09:00,22.1,0.00,0.00,0.00,23.2,11.9,61,20.9
2024-11-01T10:00,23.5,0.00,0.00,0.00,25.2,11.9,87,20.9
2024-11-01T11:00,24.7,0.00,0.00,0.00,26.5,12.8,96,24.5
2024-11-01T12:00,25.7,0.10,0.00,0.10,27.9,11.7,103,23.8
2024-11-01T13:00,27.3,0.00,0.00,0.00,29.5,11.7,103,24.1
2024-11-01T14:00,28.5,0.00,0.00,0.00,30.3,11.5,117,24.5
2024-11-01T15:00,28.6,0.00,0.00,0.00,29.9,12.3,111,24.1
2024-11-01T16:00,26.7,0.00,0.00,0.00,27.6,18.4,85,32.8
2024-11-01T17:00,27.2,0.00,0.00,0.00,28.2,17.3,88,33.5
2024-11-01T18:00,27.0,0.10,0.00,0.10,28.2,15.5,95,30.2
2024-11-01T19:00,25.6,0.10,0.00,0.10,27.5,11.5,92,25.9
2024-11-01T20:00,21.7,0.00,0.00,0.00,24.9,4.4,63,10.8
2024-11-01T21:00,21.2,0.00,0.00,0.00,23.9,8.2,54,13.3
2024-11-01T22:00,21.4,0.00,0.00,0.00,24.2,8.3,66,13.3
2024-11-01T23:00,22.3,0.00,0.00,0.00,24.8,11.2,84,17.3
2024-11-02T00:00,22.4,0.00,0.00,0.00,24.9,11.4,93,18.0
2024-11-02T01:00,22.5,0.00,0.00,0.00,24.6,12.4,98,19.4
2024-11-02T02:00,22.2,0.00,0.00,0.00,23.8,14.1,101,21.6
2024-11-02T03:00,21.6,0.00,0.00,0.00,23.1,13.3,99,22.3
2024-11-02T04:00,21.4,0.00,0.00,0.00,23.0,12.6,92,20.9
2024-11-02T05:00,21.5,0.00,0.00,0.00,23.1,12.3,93,20.2
2024-11-02T06:00,21.5,0.00,0.00,0.00,23.3,11.8,99,19.4
2024-11-02T07:00,21.3,0.00,0.00,0.00,22.9,12.9,99,20.2
2024-11-02T08:00,20.5,0.00,0.00,0.00,22.6,10.5,86,18.4
2024-11-02T09:00,21.5,0.00,0.00,0.00,23.0,13.6,101,23.0
2024-11-02T10:00,22.9,0.00,0.00,0.00,24.5,13.2,116,24.5
2024-11-02T11:00,24.3,0.00,0.00,0.00,25.4,17.2,127,29.2
2024-11-02T12:00,25.9,0.10,0.00,0.10,27.0,17.2,135,31.3
2024-11-02T13:00,27.6,0.20,0.00,0.20,27.8,22.6,161,39.2
2024-11-02T14:00,27.5,0.30,0.00,0.30,28.3,21.7,167,40.0
2024-11-02T15:00,28.4,0.10,0.00,0.10,29.5,16.5,172,39.6
2024-11-02T16:00,29.4,0.00,0.00,0.00,29.9,20.4,161,37.1
2024-11-02T17:00,29.2,0.10,0.00,0.10,29.4,22.3,162,37.8
2024-11-02T18:00,28.5,0.00,0.00,0.00,28.9,20.4,159,37.4
2024-11-02T19:00,27.2,0.00,0.00,0.00,27.7,19.9,150,32.8
2024-11-02T20:00,23.2,0.00,0.00,0.00,25.4,10.8,133,22.7
2024-11-02T21:00,23.9,0.00,0.00,0.00,25.2,19.6,138,29.9
2024-11-02T22:00,23.9,0.00,0.00,0.00,24.5,25.4,138,39.6
2024-11-02T23:00,23.3,0.00,0.00,0.00,24.1,25.7,150,42.8
2024-11-03T00:00,23.1,0.00,0.00,0.00,24.2,24.3,158,41.4
2024-11-03T01:00,23.0,0.00,0.00,0.00,24.4,21.5,161,38.9
2024-11-03T02:00,22.8,0.00,0.00,0.00,24.3,19.7,160,34.6
2024-11-03T03:00,22.7,0.00,0.00,0.00,24.0,18.8,161,31.7
2024-11-03T04:00,22.4,0.00,0.00,0.00,23.9,18.0,160,30.2
2024-11-03T05:00,22.3,0.10,0.00,0.10,24.0,17.5,161,28.8
2024-11-03T06:00,22.2,0.10,0.00,0.10,24.1,16.9,165,28.1
2024-11-03T07:00,22.2,0.10,0.00,0.10,24.3,15.6,168,27.4
2024-11-03T08:00,23.1,0.00,0.00,0.00,24.9,19.1,161,31.3
2024-11-03T09:00,24.1,0.00,0.00,0.00,25.4,21.2,160,34.9
2024-11-03T10:00,26.1,0.00,0.00,0.00,26.5,24.4,171,40.3
2024-11-03T11:00,27.6,0.00,0.00,0.00,26.9,29.4,170,48.2
2024-11-03T12:00,28.2,0.10,0.00,0.10,27.2,30.9,175,52.6
2024-11-03T13:00,28.5,0.00,0.00,0.00,27.6,29.5,173,51.5
2024-11-03T14:00,29.0,0.00,0.00,0.00,28.0,30.3,172,52.2
2024-11-03T15:00,30.5,0.00,0.00,0.00,29.2,30.5,175,55.1
2024-11-03T16:00,30.8,0.20,0.00,0.20,28.9,33.5,183,58.0
2024-11-03T17:00,30.5,0.00,0.00,0.00,28.3,33.7,179,55.4
2024-11-03T18:00,29.6,0.00,0.00,0.00,27.9,29.0,173,54.7
2024-11-03T19:00,27.8,0.00,0.00,0.00,26.1,28.1,161,46.8
2024-11-03T20:00,27.0,0.00,0.00,0.00,26.0,25.7,156,42.1
2024-11-03T21:00,26.1,0.00,0.00,0.00,25.6,26.6,156,42.5
2024-11-03T22:00,25.1,0.00,0.00,0.00,25.2,25.9,160,43.9
2024-11-03T23:00,24.5,0.00,0.00,0.00,24.9,24.1,165,41.8
2024-11-04T00:00,23.9,0.00,0.00,0.00,24.1,24.1,168,38.9
2024-11-04T01:00,23.6,0.00,0.00,0.00,23.8,23.2,168,38.5
2024-11-04T02:00,23.6,0.10,0.00,0.10,24.1,21.9,166,37.4
2024-11-04T03:00,24.3,0.00,0.00,0.00,24.7,23.1,165,36.7
2024-11-04T04:00,24.4,0.00,0.00,0.00,25.0,23.2,170,37.8
2024-11-04T05:00,24.4,0.10,0.00,0.10,25.1,23.6,170,38.2
2024-11-04T06:00,24.3,0.00,0.00,0.00,25.1,23.0,168,38.2
2024-11-04T07:00,24.2,0.00,0.00,0.00,25.0,23.6,161,37.4
2024-11-04T08:00,24.0,0.00,0.00,0.00,24.7,23.9,157,39.2
2024-11-04T09:00,24.4,0.20,0.00,0.20,25.2,25.8,168,40.7
2024-11-04T10:00,25.7,0.30,0.00,0.30,26.2,28.7,166,52.9
2024-11-04T11:00,26.6,0.20,0.00,0.20,26.6,33.0,169,58.3
2024-11-04T12:00,27.0,0.20,0.00,0.20,26.2,35.8,175,62.3
2024-11-04T13:00,28.9,0.30,0.00,0.30,28.1,36.8,176,61.6
2024-11-04T14:00,29.7,0.10,0.00,0.10,29.0,34.8,177,63.7
2024-11-04T15:00,28.9,0.00,0.00,0.00,28.8,28.9,175,65.2
2024-11-04T16:00,30.8,0.00,0.00,0.00,29.5,36.0,179,58.7
2024-11-04T17:00,30.1,0.10,0.00,0.10,28.9,33.1,178,59.4
2024-11-04T18:00,28.0,0.00,0.00,0.00,28.5,25.3,167,54.4
2024-11-04T19:00,25.1,0.00,0.00,0.00,24.7,28.9,161,45.4
2024-11-04T20:00,25.2,0.10,0.00,0.10,27.8,14.7,155,23.0
2024-11-04T21:00,22.8,1.90,0.00,1.90,25.0,14.1,260,30.2
2024-11-04T22:00,19.9,2.20,0.00,2.20,21.0,18.2,298,41.8
2024-11-04T23:00,20.5,6.00,0.00,6.00,22.5,11.0,334,41.0
2024-11-05T00:00,20.9,6.50,0.00,6.50,22.4,15.9,357,24.5
2024-11-05T01:00,18.5,4.70,0.00,4.70,17.4,23.6,346,40.0
2024-11-05T02:00,17.5,0.70,0.00,0.70,15.6,23.4,350,38.5
2024-11-05T03:00,17.6,0.30,0.00,0.30,16.2,17.6,359,36.4
2024-11-05T04:00,17.6,1.40,0.00,1.40,16.1,18.5,354,27.7
2024-11-05T05:00,17.1,0.00,0.00,0.00,16.6,11.2,6,29.2
2024-11-05T06:00,18.0,0.00,0.00,0.00,17.5,12.3,335,18.7
2024-11-05T07:00,18.6,0.00,0.00,0.00,17.8,11.2,314,19.8
2024-11-05T08:00,17.3,0.00,0.00,0.00,16.1,7.8,334,22.0
2024-11-05T09:00,18.3,0.00,0.00,0.00,16.8,9.8,334,17.3
2024-11-05T10:00,18.7,0.00,0.00,0.00,16.5,14.0,311,20.5
2024-11-05T11:00,19.0,0.00,0.00,0.00,15.9,17.5,320,31.3
2024-11-05T12:00,19.4,0.00,0.00,0.00,16.8,14.6,321,30.2
2024-11-05T13:00,19.5,0.00,0.00,0.00,17.0,13.7,316,27.4
2024-11-05T14:00,19.2,0.00,0.00,0.00,16.7,13.4,313,26.3
2024-11-05T15:00,20.1,0.00,0.00,0.00,17.9,11.7,315,25.9
2024-11-05T16:00,21.1,0.00,0.00,0.00,19.2,10.4,314,23.8
2024-11-05T17:00,21.3,0.00,0.00,0.00,19.5,9.1,309,20.9
2024-11-05T18:00,20.2,0.00,0.00,0.00,19.4,5.3,305,17.3
2024-11-05T19:00,17.1,0.00,0.00,0.00,15.8,8.3,304,11.2
2024-11-05T20:00,17.9,0.00,0.00,0.00,17.0,5.2,22,6.5
2024-11-05T21:00,15.4,0.00,0.00,0.00,14.4,7.2,35,8.3
2024-11-05T22:00,14.2,0.00,0.00,0.00,13.2,7.5,48,10.8
2024-11-05T23:00,13.2,0.00,0.00,0.00,11.7,10.0,73,11.5
2024-11-06T00:00,14.7,0.00,0.00,0.00,13.6,6.4,108,11.5
2024-11-06T01:00,14.4,0.00,0.00,0.00,14.1,0.6,288,7.2
2024-11-06T02:00,14.2,0.00,0.00,0.00,13.8,1.3,286,2.2
2024-11-06T03:00,11.5,0.00,0.00,0.00,10.7,4.1,308,5.0
2024-11-06T04:00,11.0,0.00,0.00,0.00,10.0,4.9,327,6.5
2024-11-06T05:00,11.3,0.00,0.00,0.00,10.2,5.1,354,6.5
2024-11-06T06:00,11.3,0.00,0.00,0.00,10.0,5.9,12,6.8
2024-11-06T07:00,10.9,0.00,0.00,0.00,9.4,7.1,24,8.3
2024-11-06T08:00,9.7,0.00,0.00,0.00,8.0,7.5,10,8.6
2024-11-06T09:00,13.2,0.00,0.00,0.00,12.0,7.6,12,12.6
2024-11-06T10:00,16.3,0.00,0.00,0.00,15.4,6.8,48,15.1
2024-11-06T11:00,18.8,0.00,0.00,0.00,17.8,8.4,59,18.7
2024-11-06T12:00,20.7,0.00,0.00,0.00,19.9,8.8,59,20.2
2024-11-06T13:00,22.2,0.00,0.00,0.00,21.8,8.7,58,20.5
2024-11-06T14:00,23.2,0.00,0.00,0.00,22.8,9.0,59,20.5
2024-11-06T15:00,24.0,0.00,0.00,0.00,23.3,9.8,64,20.9
2024-11-06T16:00,24.4,0.00,0.00,0.00,22.9,11.3,70,21.6
2024-11-06T17:00,24.3,0.00,0.00,0.00,22.7,11.7,77,21.6
2024-11-06T18:00,22.6,0.00,0.00,0.00,22.2,7.1,80,19.8
2024-11-06T19:00,19.3,0.00,0.00,0.00,18.6,8.7,82,11.9
2024-11-06T20:00,20.3,0.00,0.00,0.00,19.5,8.8,70,13.7
2024-11-06T21:00,19.8,0.00,0.00,0.00,18.8,9.7,71,15.5
2024-11-06T22:00,20.9,0.00,0.00,0.00,19.9,9.9,74,17.3
2024-11-06T23:00,21.3,0.00,0.00,0.00,20.5,9.1,68,16.2
2024-11-07T00:00,21.2,0.00,0.00,0.00,20.8,7.4,68,14.4
2024-11-07T01:00,20.3,0.00,0.00,0.00,20.4,5.4,60,11.2
2024-11-07T02:00,20.7,0.00,0.00,0.00,20.8,7.1,38,10.8
2024-11-07T03:00,20.6,0.00,0.00,0.00,20.9,7.1,36,11.9
2024-11-07T04:00,20.7,0.00,0.00,0.00,20.9,8.5,29,13.0
2024-11-07T05:00,20.5,0.00,0.00,0.00,20.5,11.1,34,16.9
2024-11-07T06:00,20.0,0.10,0.00,0.10,20.0,12.9,42,20.5
2024-11-07T07:00,19.7,0.00,0.00,0.00,20.4,10.3,44,20.2
2024-11-07T08:00,20.5,0.40,0.00,0.40,22.6,9.7,63,18.7
2024-11-07T09:00,21.3,0.00,0.00,0.00,23.2,13.7,71,22.0
2024-11-07T10:00,21.7,0.40,0.00,0.40,24.3,11.3,72,22.3
2024-11-07T11:00,23.3,0.60,0.00,0.60,26.6,11.2,114,20.9
2024-11-07T12:00,24.9,0.20,0.00,0.20,27.7,15.4,127,32.4
2024-11-07T13:00,26.3,0.00,0.00,0.00,28.8,15.8,145,32.4
2024-11-07T14:00,26.9,0.10,0.00,0.10,29.6,13.0,143,32.8
2024-11-07T15:00,28.1,0.00,0.00,0.00,30.6,15.2,136,33.1
2024-11-07T16:00,27.9,0.00,0.00,0.00,30.0,15.5,138,32.8
2024-11-07T17:00,27.3,0.00,0.00,0.00,29.8,12.1,133,29.5
2024-11-07T18:00,26.0,0.60,0.00,0.60,29.2,8.5,134,24.5
2024-11-07T19:00,22.5,2.40,0.00,2.40,25.5,11.0,1,19.8
2024-11-07T20:00,22.3,1.80,0.00,1.80,24.6,9.8,354,22.3
2024-11-07T21:00,20.4,1.70,0.00,1.70,22.1,14.1,40,28.1
2024-11-07T22:00,21.6,0.20,0.00,0.20,24.3,9.5,126,22.0
2024-11-07T23:00,22.4,0.30,0.00,0.30,24.8,14.4,131,23.0
2024-11-08T00:00,22.5,0.00,0.00,0.00,24.9,16.0,146,25.2
2024-11-08T01:00,22.1,0.00,0.00,0.00,25.2,10.9,151,25.2
2024-11-08T02:00,22.3,0.10,0.00,0.10,25.2,12.1,150,19.1
2024-11-08T03:00,22.3,0.00,0.00,0.00,24.9,13.2,148,20.5
2024-11-08T04:00,22.3,0.00,0.00,0.00,25.0,13.0,146,22.0
2024-11-08T05:00,22.2,0.10,0.00,0.10,25.2,11.2,130,20.5
2024-11-08T06:00,22.1,0.40,0.00,0.40,24.7,14.0,113,22.0
2024-11-08T07:00,22.1,0.40,0.00,0.40,24.7,14.5,118,24.8
2024-11-08T08:00,21.7,0.80,0.00,0.80,25.2,5.9,128,13.0
2024-11-08T09:00,22.0,0.50,0.00,0.50,25.9,6.0,117,10.8
2024-11-08T10:00,22.9,0.40,0.00,0.40,26.0,11.1,146,18.4
2024-11-08T11:00,24.4,0.10,0.00,0.10,27.2,13.1,139,24.5
2024-11-08T12:00,26.5,0.10,0.00,0.10,28.7,16.5,153,29.5
2024-11-08T13:00,27.7,0.00,0.00,0.00,29.4,17.6,162,32.8
2024-11-08T14:00,28.6,0.00,0.00,0.00,30.5,15.7,182,31.7
2024-11-08T15:00,28.9,0.00,0.00,0.00,29.9,16.4,193,29.2
2024-11-08T16:00,28.9,0.00,0.00,0.00,29.2,17.2,173,30.2
2024-11-08T17:00,28.5,0.00,0.00,0.00,29.8,12.2,189,29.5
2024-11-08T18:00,25.9,0.00,0.00,0.00,25.7,22.7,281,31.0
2024-11-08T19:00,21.2,0.20,0.00,0.20,21.6,20.1,307,49.0
2024-11-08T20:00,18.5,0.00,0.00,0.00,16.5,21.2,324,40.3
2024-11-08T21:00,18.3,0.00,0.00,0.00,16.5,19.1,336,33.5
2024-11-08T22:00,18.0,0.00,0.00,0.00,16.3,18.5,330,31.0
2024-11-08T23:00,18.0,0.00,0.00,0.00,16.3,17.9,336,30.2
2024-11-09T00:00,18.1,0.00,0.00,0.00,16.3,16.7,336,28.1
2024-11-09T01:00,17.8,0.00,0.00,0.00,15.5,16.6,342,27.4
2024-11-09T02:00,17.5,0.00,0.00,0.00,14.8,15.5,342,26.6
2024-11-09T03:00,17.2,0.00,0.00,0.00,14.4,15.8,345,25.2
2024-11-09T04:00,16.6,0.00,0.00,0.00,13.4,16.5,349,26.3
2024-11-09T05:00,16.2,0.00,0.00,0.00,13.0,15.1,348,25.9
2024-11-09T06:00,15.5,0.00,0.00,0.00,12.3,14.6,350,24.1
2024-11-09T07:00,14.6,0.00,0.00,0.00,11.3,14.9,351,23.8
2024-11-09T08:00,14.9,0.00,0.00,0.00,11.7,14.8,354,28.1
2024-11-09T09:00,15.4,0.00,0.00,0.00,12.4,14.8,357,24.1
2024-11-09T10:00,16.6,0.00,0.00,0.00,13.6,15.1,358,27.0
2024-11-09T11:00,18.1,0.00,0.00,0.00,15.2,16.0,1,29.5
2024-11-09T12:00,19.8,0.00,0.00,0.00,17.2,15.1,1,29.9
2024-11-09T13:00,21.1,0.00,0.00,0.00,19.3,13.2,5,29.2
2024-11-09T14:00,22.2,0.00,0.00,0.00,20.6,12.3,14,26.6
2024-11-09T15:00,22.9,0.00,0.00,0.00,21.1,11.6,21,25.2
2024-11-09T16:00,23.2,0.00,0.00,0.00,21.0,10.4,10,23.4
2024-11-09T17:00,23.0,0.00,0.00,0.00,20.9,10.2,17,20.9
2024-11-09T18:00,21.6,0.00,0.00,0.00,20.7,6.0,25,18.4
2024-11-09T19:00,19.0,0.00,0.00,0.00,18.0,7.2,35,10.1
2024-11-09T20:00,19.5,0.00,0.00,0.00,18.3,6.9,41,10.8
2024-11-09T21:00,18.8,0.00,0.00,0.00,17.4,6.9,37,10.4
2024-11-09T22:00,18.1,0.00,0.00,0.00,16.7,6.8,27,10.4
2024-11-09T23:00,17.6,0.00,0.00,0.00,16.2,6.8,25,10.4
2024-11-10T00:00,16.9,0.00,0.00,0.00,15.6,6.6,22,10.1
2024-11-10T01:00,16.8,0.00,0.00,0.00,15.6,5.9,14,9.0
2024-11-10T02:00,16.6,0.00,0.00,0.00,15.5,6.4,10,8.6
2024-11-10T03:00,16.6,0.00,0.00,0.00,15.7,5.2,356,8.3
2024-11-10T04:00,17.1,0.00,0.00,0.00,16.3,4.6,342,7.2
2024-11-10T05:00,16.9,0.00,0.00,0.00,15.9,5.8,324,9.0
2024-11-10T06:00,17.3,0.00,0.00,0.00,16.0,7.7,321,11.9
2024-11-10T07:00,17.7,0.00,0.00,0.00,16.5,8.7,313,13.3
2024-11-10T08:00,17.5,0.00,0.00,0.00,16.4,9.3,311,14.0
2024-11-10T09:00,17.8,0.00,0.00,0.00,16.5,11.1,317,18.0
2024-11-10T10:00,20.0,0.00,0.00,0.00,19.1,9.5,324,18.7
2024-11-10T11:00,22.6,0.00,0.00,0.00,21.8,8.9,346,19.4
2024-11-10T12:00,24.7,0.00,0.00,0.00,23.9,9.3,352,20.2
2024-11-10T13:00,26.0,0.00,0.00,0.00,25.9,8.7,354,20.5
2024-11-10T14:00,26.8,0.00,0.00,0.00,27.4,7.9,349,20.2
2024-11-10T15:00,27.3,0.00,0.00,0.00,28.0,7.2,357,19.1
2024-11-10T16:00,27.5,0.00,0.00,0.00,28.1,6.5,3,17.3
2024-11-10T17:00,27.3,0.00,0.00,0.00,28.2,5.6,360,15.5
2024-11-10T18:00,25.7,0.00,0.00,0.00,28.7,4.0,352,11.9
2024-11-10T19:00,24.6,0.00,0.00,0.00,26.0,4.7,358,5.4
2024-11-10T20:00,22.2,0.00,0.00,0.00,22.5,7.7,53,11.5
2024-11-10T21:00,20.8,0.00,0.00,0.00,20.4,9.3,53,11.2
2024-11-10T22:00,19.9,0.00,0.00,0.00,18.9,9.8,52,12.2
2024-11-10T23:00,22.2,0.00,0.00,0.00,21.3,6.2,46,11.9
2024-11-11T00:00,18.9,0.00,0.00,0.00,18.2,5.9,340,9.4
2024-11-11T01:00,17.7,0.00,0.00,0.00,17.5,6.7,324,11.2
2024-11-11T02:00,17.2,0.00,0.00,0.00,17.2,7.4,319,11.5
2024-11-11T03:00,16.4,0.00,0.00,0.00,16.2,6.8,323,12.2
2024-11-11T04:00,16.0,0.00,0.00,0.00,15.3,7.8,323,12.2
2024-11-11T05:00,15.8,0.00,0.00,0.00,15.1,8.2,328,13.3
2024-11-11T06:00,15.6,0.00,0.00,0.00,15.1,8.1,329,13.0
2024-11-11T07:00,15.5,0.00,0.00,0.00,14.8,8.4,329,13.3
2024-11-11T08:00,15.2,0.00,0.00,0.00,14.5,8.3,319,14.0
2024-11-11T09:00,16.8,0.00,0.00,0.00,15.9,10.5,309,16.9
2024-11-11T10:00,19.3,0.00,0.00,0.00,18.6,9.5,323,19.1
2024-11-11T11:00,21.7,0.00,0.00,0.00,20.9,9.1,338,20.2
2024-11-11T12:00,23.4,0.00,0.00,0.00,23.0,8.2,350,20.2
2024-11-11T13:00,24.5,0.00,0.00,0.00,24.9,7.6,353,19.8
2024-11-11T14:00,25.3,0.00,0.00,0.00,26.2,7.6,360,19.4
2024-11-11T15:00,25.8,0.00,0.00,0.00,26.5,7.6,8,19.1
2024-11-11T16:00,26.0,0.00,0.00,0.00,26.2,7.5,11,18.7
2024-11-11T17:00,25.7,0.00,0.00,0.00,25.9,7.1,19,17.3
2024-11-11T18:00,24.2,0.00,0.00,0.00,25.2,4.8,25,14.8
2024-11-11T19:00,21.2,0.00,0.00,0.00,21.6,6.9,25,10.8
2024-11-11T20:00,21.8,0.00,0.00,0.00,21.4,9.8,49,14.8
2024-11-11T21:00,20.8,0.00,0.00,0.00,20.1,9.5,51,15.5
2024-11-11T22:00,20.0,0.00,0.00,0.00,19.1,9.6,50,15.1
2024-11-11T23:00,19.0,0.00,0.00,0.00,18.2,8.8,51,14.8
2024-11-12T00:00,18.1,0.00,0.00,0.00,17.5,8.0,52,13.7
2024-11-12T01:00,17.2,0.00,0.00,0.00,16.7,6.9,47,12.2
2024-11-12T02:00,16.6,0.00,0.00,0.00,16.1,6.4,40,10.1
2024-11-12T03:00,15.9,0.00,0.00,0.00,15.3,6.6,41,9.4
2024-11-12T04:00,15.5,0.00,0.00,0.00,14.8,6.5,34,9.4
2024-11-12T05:00,14.9,0.00,0.00,0.00,14.2,6.8,40,9.0
2024-11-12T06:00,14.7,0.00,0.00,0.00,14.1,6.0,44,9.0
2024-11-12T07:00,14.4,0.00,0.00,0.00,13.9,5.5,36,8.6
2024-11-12T08:00,13.4,0.00,0.00,0.00,13.1,4.0,10,7.6
2024-11-12T09:00,14.9,0.00,0.00,0.00,14.5,5.8,30,12.2
2024-11-12T10:00,17.5,0.00,0.00,0.00,17.6,3.7,51,12.2
2024-11-12T11:00,19.9,0.00,0.00,0.00,20.5,2.7,62,12.2
2024-11-12T12:00,22.1,0.00,0.00,0.00,23.4,2.0,80,11.9
2024-11-12T13:00,23.9,0.00,0.00,0.00,26.1,2.0,135,11.9
2024-11-12T14:00,25.2,0.00,0.00,0.00,27.4,3.3,158,13.3
2024-11-12T15:00,26.2,0.00,0.00,0.00,27.9,4.3,147,14.4
2024-11-12T16:00,26.7,0.00,0.00,0.00,27.8,5.9,137,15.5
2024-11-12T17:00,26.6,0.00,0.00,0.00,27.5,6.7,126,15.5
2024-11-12T18:00,25.1,0.00,0.00,0.00,26.2,7.1,109,15.1
2024-11-12T19:00,23.3,0.00,0.00,0.00,23.2,10.9,112,20.2
2024-11-12T20:00,23.0,0.00,0.00,0.00,22.6,12.6,114,23.0
2024-11-12T21:00,21.7,0.00,0.00,0.00,20.7,14.1,109,28.4
2024-11-12T22:00,20.6,0.00,0.00,0.00,19.9,11.2,106,27.4
2024-11-12T23:00,19.6,0.00,0.00,0.00,19.4,8.3,138,21.2
2024-11-13T00:00,18.7,0.00,0.00,0.00,19.1,5.9,160,15.1
2024-11-13T01:00,18.3,0.00,0.00,0.00,19.2,3.1,173,10.1
2024-11-13T02:00,17.8,0.00,0.00,0.00,18.3,5.1,176,7.9
2024-11-13T03:00,17.6,0.00,0.00,0.00,17.7,6.3,156,11.2
2024-11-13T04:00,17.2,0.00,0.00,0.00,17.2,7.0,170,12.2
2024-11-13T05:00,17.0,0.00,0.00,0.00,17.1,7.4,179,13.3
2024-11-13T06:00,16.8,0.00,0.00,0.00,17.4,5.1,190,13.3
2024-11-13T07:00,16.6,0.00,0.00,0.00,17.4,4.7,198,8.6
2024-11-13T08:00,15.7,0.00,0.00,0.00,16.5,4.6,198,7.6
2024-11-13T09:00,17.2,0.00,0.00,0.00,18.1,6.8,220,12.2
2024-11-13T10:00,19.8,0.00,0.00,0.00,21.1,6.0,226,15.1
2024-11-13T11:00,22.0,0.00,0.00,0.00,23.4,7.2,238,18.7
2024-11-13T12:00,23.8,0.00,0.00,0.00,25.5,6.9,263,19.4
2024-11-13T13:00,25.7,0.00,0.00,0.00,26.2,16.8,301,38.5
2024-11-13T14:00,27.2,0.00,0.00,0.00,27.7,14.3,298,37.1
2024-11-13T15:00,27.8,0.00,0.00,0.00,27.0,15.2,314,34.2
2024-11-13T16:00,28.1,0.00,0.00,0.00,25.4,14.5,321,32.8
2024-11-13T17:00,27.0,0.00,0.00,0.00,24.2,12.7,324,30.6
2024-11-13T18:00,24.0,0.00,0.00,0.00,21.7,9.9,333,26.3
2024-11-13T19:00,20.6,0.00,0.00,0.00,18.5,9.9,339,19.4
2024-11-13T20:00,19.7,0.00,0.00,0.00,16.8,11.9,340,22.0
2024-11-13T21:00,19.1,0.00,0.00,0.00,15.6,14.3,343,26.6
2024-11-13T22:00,18.7,0.00,0.00,0.00,14.9,16.7,342,31.3
2024-11-13T23:00,17.9,0.00,0.00,0.00,14.1,17.0,338,32.8
2024-11-14T00:00,16.9,0.00,0.00,0.00,13.2,16.6,340,32.4
2024-11-14T01:00,16.1,0.00,0.00,0.00,12.7,15.4,344,31.7
2024-11-14T02:00,15.6,0.00,0.00,0.00,12.5,13.8,346,29.2
2024-11-14T03:00,14.9,0.00,0.00,0.00,12.2,12.2,341,25.9
2024-11-14T04:00,14.3,0.00,0.00,0.00,11.7,11.6,336,23.0
2024-11-14T05:00,13.8,0.00,0.00,0.00,11.2,11.4,339,21.6
2024-11-14T06:00,13.4,0.00,0.00,0.00,10.9,10.5,341,21.2
2024-11-14T07:00,12.8,0.00,0.00,0.00,10.5,9.3,341,19.1
2024-11-14T08:00,10.7,0.00,0.00,0.00,8.4,8.5,331,17.3
2024-11-14T09:00,11.9,0.00,0.00,0.00,9.7,8.8,325,16.2
2024-11-14T10:00,14.6,0.00,0.00,0.00,12.7,7.2,335,16.9
2024-11-14T11:00,17.2,0.00,0.00,0.00,15.3,7.6,355,19.8
2024-11-14T12:00,19.2,0.00,0.00,0.00,17.1,9.0,16,22.7
2024-11-14T13:00,20.5,0.00,0.00,0.00,18.4,10.0,21,25.2
2024-11-14T14:00,21.5,0.00,0.00,0.00,19.3,9.9,21,25.2
2024-11-14T15:00,22.0,0.00,0.00,0.00,19.6,8.8,26,24.5
2024-11-14T16:00,22.2,0.00,0.00,0.00,19.4,7.2,25,22.3
2024-11-14T17:00,21.8,0.00,0.00,0.00,19.4,5.4,26,17.6
2024-11-14T18:00,20.0,0.00,0.00,0.00,19.3,3.5,21,12.6
2024-11-14T19:00,17.8,0.00,0.00,0.00,16.5,4.0,27,5.8
2024-11-14T20:00,17.4,0.00,0.00,0.00,16.0,4.5,40,6.1
2024-11-14T21:00,16.3,0.00,0.00,0.00,13.9,7.6,65,13.3
2024-11-14T22:00,14.9,0.00,0.00,0.00,12.6,6.5,71,13.7
2024-11-14T23:00,14.0,0.00,0.00,0.00,11.9,5.7,72,10.8
2024-11-15T00:00,13.9,0.00,0.00,0.00,12.1,3.3,81,8.3
2024-11-15T01:00,13.4,0.00,0.00,0.00,11.6,2.8,101,5.0
2024-11-15T02:00,12.7,0.00,0.00,0.00,11.0,2.3,122,4.3
2024-11-15T03:00,12.0,0.00,0.00,0.00,10.2,2.3,122,4.0
2024-11-15T04:00,11.4,0.00,0.00,0.00,9.7,1.8,135,3.6
2024-11-15T05:00,11.1,0.00,0.00,0.00,9.5,1.1,162,3.2
2024-11-15T06:00,10.8,0.00,0.00,0.00,9.2,0.5,270,2.2
2024-11-15T07:00,10.2,0.00,0.00,0.00,8.8,0.2,270,1.4
2024-11-15T08:00,7.2,0.00,0.00,0.00,5.6,0.3,315,1.4
2024-11-15T09:00,9.2,0.00,0.00,0.00,7.6,2.1,340,5.4
2024-11-15T10:00,12.7,0.00,0.00,0.00,11.2,1.9,17,8.6
2024-11-15T11:00,15.7,0.00,0.00,0.00,14.2,1.9,56,10.8
2024-11-15T12:00,18.1,0.00,0.00,0.00,16.8,2.9,90,13.3
2024-11-15T13:00,19.8,0.00,0.00,0.00,18.8,3.7,104,14.8
2024-11-15T14:00,21.3,0.00,0.00,0.00,20.2,4.3,107,15.8
2024-11-15T15:00,22.5,0.00,0.00,0.00,20.7,6.1,114,18.0
2024-11-15T16:00,23.2,0.00,0.00,0.00,20.5,7.4,124,18.7
2024-11-15T17:00,23.0,0.00,0.00,0.00,20.2,8.8,133,19.1
2024-11-15T18:00,21.1,0.00,0.00,0.00,18.8,7.1,139,19.1
2024-11-15T19:00,18.4,0.00,0.00,0.00,16.0,7.7,131,13.7
2024-11-15T20:00,18.9,0.00,0.00,0.00,16.2,9.0,125,16.2
2024-11-15T21:00,17.9,0.00,0.00,0.00,15.1,9.5,129,17.3
2024-11-15T22:00,17.1,0.00,0.00,0.00,14.3,10.4,135,19.1
2024-11-15T23:00,16.7,0.00,0.00,0.00,14.2,12.8,145,23.0
2024-11-16T00:00,16.2,0.00,0.00,0.00,14.2,14.4,147,27.7
2024-11-16T01:00,15.9,0.00,0.00,0.00,14.5,13.5,151,27.7
2024-11-16T02:00,15.4,0.00,0.00,0.00,14.5,11.6,154,26.3
2024-11-16T03:00,14.7,0.00,0.00,0.00,14.1,9.3,156,22.0
2024-11-16T04:00,14.2,0.00,0.00,0.00,13.9,7.1,153,17.3
2024-11-16T05:00,13.9,0.00,0.00,0.00,13.6,7.1,146,13.0
2024-11-16T06:00,13.6,0.00,0.00,0.00,13.3,6.6,145,13.0
2024-11-16T07:00,13.3,0.00,0.00,0.00,13.0,6.5,148,12.2
2024-11-16T08:00,12.1,0.00,0.00,0.00,12.0,2.4,171,9.4
2024-11-16T09:00,13.8,0.00,0.00,0.00,13.8,4.5,230,7.9
2024-11-16T10:00,16.5,0.00,0.00,0.00,17.1,2.1,165,9.4
2024-11-16T11:00,19.8,0.00,0.00,0.00,20.3,5.0,154,15.5
2024-11-16T12:00,23.1,0.00,0.00,0.00,22.7,11.8,174,26.3
2024-11-16T13:00,24.8,0.00,0.00,0.00,23.6,18.4,179,41.0
2024-11-16T14:00,25.9,0.00,0.00,0.00,24.7,17.5,181,41.0
2024-11-16T15:00,26.6,0.00,0.00,0.00,25.4,16.3,175,39.2
2024-11-16T16:00,27.0,0.00,0.00,0.00,25.6,16.9,164,36.7
2024-11-16T17:00,26.4,0.00,0.00,0.00,24.7,18.0,158,38.9
2024-11-16T18:00,25.7,0.00,0.00,0.00,25.3,11.7,155,37.1
2024-11-16T19:00,23.9,0.00,0.00,0.00,23.2,14.6,135,27.7
2024-11-16T20:00,23.1,0.00,0.00,0.00,22.3,17.3,138,34.6
2024-11-16T21:00,22.6,0.00,0.00,0.00,22.1,15.9,143,34.2
2024-11-16T22:00,21.8,0.00,0.00,0.00,21.2,15.7,146,31.7
2024-11-16T23:00,21.2,0.00,0.00,0.00,20.7,15.3,153,31.3
2024-11-17T00:00,20.5,0.00,0.00,0.00,20.4,13.1,157,29.9
2024-11-17T01:00,19.6,0.00,0.00,0.00,19.9,10.5,153,25.2
2024-11-17T02:00,18.9,0.00,0.00,0.00,19.5,9.2,149,19.8
2024-11-17T03:00,18.4,0.00,0.00,0.00,19.5,7.5,159,16.9
2024-11-17T04:00,18.3,0.00,0.00,0.00,19.6,6.8,155,13.7
2024-11-17T05:00,18.1,0.00,0.00,0.00,19.7,5.9,149,12.2
2024-11-17T06:00,17.5,0.00,0.00,0.00,19.3,4.4,171,10.4
2024-11-17T07:00,17.5,0.00,0.00,0.00,19.4,3.7,191,7.2
2024-11-17T08:00,17.4,0.00,0.00,0.00,19.1,4.8,239,9.7
2024-11-17T09:00,18.4,0.00,0.00,0.00,20.1,5.4,195,10.4
2024-11-17T10:00,20.6,0.00,0.00,0.00,22.7,4.5,166,13.3
2024-11-17T11:00,23.0,0.00,0.00,0.00,24.7,6.7,177,18.7
2024-11-17T12:00,25.4,0.00,0.00,0.00,26.3,10.8,179,26.6
2024-11-17T13:00,27.5,0.00,0.00,0.00,27.9,13.9,184,32.0
2024-11-17T14:00,29.2,0.00,0.00,0.00,28.1,22.9,184,46.8
2024-11-17T15:00,29.1,0.00,0.00,0.00,28.4,23.6,180,51.1
2024-11-17T16:00,29.0,0.00,0.00,0.00,29.2,21.0,170,48.2
2024-11-17T17:00,28.0,0.00,0.00,0.00,29.2,17.1,161,44.3
2024-11-17T18:00,27.3,0.20,0.00,0.20,29.3,13.6,154,34.9
2024-11-17T19:00,26.7,0.00,0.00,0.00,28.1,16.6,157,35.6
2024-11-17T20:00,23.7,0.70,0.00,0.70,26.6,10.7,117,28.4
2024-11-17T21:00,24.5,0.00,0.00,0.00,26.2,19.8,142,37.8
2024-11-17T22:00,23.8,0.10,0.00,0.10,25.2,23.0,151,45.4
2024-11-17T23:00,22.9,0.60,0.00,0.60,24.2,25.1,157,51.8
2024-11-18T00:00,22.4,0.60,0.00,0.60,23.9,23.6,153,50.0
2024-11-18T01:00,22.6,0.50,0.00,0.50,23.2,27.6,153,52.6
2024-11-18T02:00,22.5,0.20,0.00,0.20,23.3,24.7,150,52.2
2024-11-18T03:00,22.3,0.30,0.00,0.30,22.9,25.0,154,49.3
2024-11-18T04:00,22.4,0.20,0.00,0.20,22.8,26.2,162,52.6
2024-11-18T05:00,22.5,0.30,0.00,0.30,23.2,26.8,163,55.4
2024-11-18T06:00,22.3,0.20,0.00,0.20,23.2,25.0,162,56.2
2024-11-18T07:00,22.6,0.40,0.00,0.40,23.0,27.8,170,60.8
2024-11-18T08:00,23.5,0.20,0.00,0.20,23.8,27.7,174,57.2
2024-11-18T09:00,23.1,0.80,0.00,0.80,23.9,25.1,185,61.2
2024-11-18T10:00,22.5,0.80,0.00,0.80,23.0,25.7,191,55.1
2024-11-18T11:00,21.1,8.10,0.00,8.10,21.9,23.1,266,52.9
2024-11-18T12:00,17.3,5.30,0.00,5.30,16.5,13.0,290,47.9
2024-11-18T13:00,20.6,0.00,0.00,0.00,21.3,1.6,186,23.0
2024-11-18T14:00,24.3,0.00,0.00,0.00,22.7,9.0,265,20.9
2024-11-18T15:00,24.6,0.00,0.00,0.00,21.3,13.1,279,28.1
2024-11-18T16:00,24.8,0.00,0.00,0.00,22.3,10.1,270,29.2
2024-11-18T17:00,24.5,0.00,0.00,0.00,21.8,10.4,262,23.0
2024-11-18T18:00,22.1,0.00,0.00,0.00,19.8,8.6,259,21.6
2024-11-18T19:00,19.3,0.00,0.00,0.00,17.7,6.9,256,16.9
2024-11-18T20:00,17.8,0.00,0.00,0.00,16.7,5.5,283,14.4
2024-11-18T21:00,16.8,0.00,0.00,0.00,14.9,8.4,289,14.4
2024-11-18T22:00,16.2,0.00,0.00,0.00,14.2,8.3,284,16.2
2024-11-18T23:00,15.7,0.00,0.00,0.00,13.9,7.6,271,15.1
2024-11-19T00:00,15.6,0.00,0.00,0.00,13.8,7.6,266,14.8
2024-11-19T01:00,14.9,0.00,0.00,0.00,13.4,6.5,267,13.7
2024-11-19T02:00,14.1,0.00,0.00,0.00,12.7,5.8,266,11.5
2024-11-19T03:00,13.8,0.00,0.00,0.00,12.2,6.9,287,11.9
2024-11-19T04:00,13.6,0.00,0.00,0.00,11.7,9.0,296,16.2
2024-11-19T05:00,13.4,0.00,0.00,0.00,11.4,9.0,292,16.9
2024-11-19T06:00,13.0,0.00,0.00,0.00,11.0,8.4,286,16.6
2024-11-19T07:00,12.6,0.00,0.00,0.00,10.5,8.9,278,15.8
2024-11-19T08:00,10.8,0.00,0.00,0.00,8.2,11.5,284,20.9
2024-11-19T09:00,12.6,0.00,0.00,0.00,9.7,13.4,292,25.2
2024-11-19T10:00,15.4,0.00,0.00,0.00,13.0,11.2,296,25.9
2024-11-19T11:00,17.8,0.00,0.00,0.00,15.7,9.3,299,24.1
2024-11-19T12:00,20.2,0.00,0.00,0.00,18.5,8.5,295,21.6
2024-11-19T13:00,22.3,0.00,0.00,0.00,21.0,8.8,289,22.0
2024-11-19T14:00,23.9,0.00,0.00,0.00,22.7,8.8,285,22.0
2024-11-19T15:00,25.0,0.00,0.00,0.00,23.3,9.2,286,21.6
2024-11-19T16:00,25.4,0.00,0.00,0.00,22.9,10.0,296,22.3
2024-11-19T17:00,24.5,0.00,0.00,0.00,22.6,8.7,312,22.3
2024-11-19T18:00,22.2,0.00,0.00,0.00,20.7,8.2,319,18.4
2024-11-19T19:00,19.8,0.00,0.00,0.00,18.2,8.9,320,15.8
2024-11-19T20:00,20.1,0.00,0.00,0.00,18.4,9.4,325,19.1
2024-11-19T21:00,19.7,0.00,0.00,0.00,17.3,11.6,323,21.2
2024-11-19T22:00,18.2,0.00,0.00,0.00,15.6,12.0,315,22.3
2024-11-19T23:00,17.5,0.00,0.00,0.00,14.7,12.2,315,23.0
2024-11-20T00:00,16.7,0.00,0.00,0.00,13.9,12.2,311,22.7
2024-11-20T01:00,15.9,0.00,0.00,0.00,13.2,12.5,306,23.4
2024-11-20T02:00,15.4,0.00,0.00,0.00,12.4,14.5,319,27.0
2024-11-20T03:00,15.3,0.00,0.00,0.00,12.1,15.0,346,28.4
2024-11-20T04:00,14.9,0.00,0.00,0.00,11.6,16.3,355,31.3
2024-11-20T05:00,14.2,0.00,0.00,0.00,10.5,19.4,359,37.8
2024-11-20T06:00,13.3,0.00,0.00,0.00,9.5,19.1,358,38.9
2024-11-20T07:00,12.4,0.00,0.00,0.00,8.5,17.3,355,37.8
2024-11-20T08:00,10.6,0.00,0.00,0.00,6.7,16.8,350,34.2
2024-11-20T09:00,11.0,0.00,0.00,0.00,7.3,15.0,346,33.1
2024-11-20T10:00,12.3,0.00,0.00,0.00,8.6,14.5,343,31.3
2024-11-20T11:00,13.8,0.00,0.00,0.00,9.7,15.7,355,35.3
2024-11-20T12:00,15.4,0.00,0.00,0.00,11.1,16.4,3,37.1
2024-11-20T13:00,16.7,0.00,0.00,0.00,12.4,17.3,10,39.2
2024-11-20T14:00,17.6,0.00,0.00,0.00,13.2,18.0,14,40.3
2024-11-20T15:00,18.0,0.00,0.00,0.00,13.4,16.8,16,40.3
2024-11-20T16:00,18.0,0.00,0.00,0.00,13.3,14.7,14,37.4
2024-11-20T17:00,17.6,0.00,0.00,0.00,13.1,12.9,13,32.4
2024-11-20T18:00,16.0,0.00,0.00,0.00,12.6,7.9,12,27.4
2024-11-20T19:00,13.9,0.00,0.00,0.00,10.8,7.3,20,15.5
2024-11-20T20:00,13.6,0.00,0.00,0.00,10.5,7.5,35,14.8
2024-11-20T21:00,12.4,0.00,0.00,0.00,9.8,5.6,29,13.3
2024-11-20T22:00,11.7,0.00,0.00,0.00,9.3,4.7,2,9.0
2024-11-20T23:00,10.9,0.00,0.00,0.00,8.4,4.9,352,7.9
2024-11-21T00:00,10.1,0.00,0.00,0.00,7.6,4.8,340,8.3
2024-11-21T01:00,9.4,0.00,0.00,0.00,6.9,5.0,325,8.6
2024-11-21T02:00,9.0,0.00,0.00,0.00,6.4,5.5,328,10.1
2024-11-21T03:00,8.3,0.00,0.00,0.00,5.8,5.0,325,9.7
2024-11-21T04:00,7.9,0.00,0.00,0.00,5.6,4.2,313,8.3
2024-11-21T05:00,7.4,0.00,0.00,0.00,5.3,4.0,309,6.8
2024-11-21T06:00,6.9,0.00,0.00,0.00,4.9,3.8,311,6.5
2024-11-21T07:00,6.5,0.00,0.00,0.00,4.7,3.1,298,6.5
2024-11-21T08:00,4.2,0.00,0.00,0.00,1.7,5.8,304,10.4
2024-11-21T09:00,5.6,0.00,0.00,0.00,2.9,7.8,307,14.4
2024-11-21T10:00,9.7,0.00,0.00,0.00,7.5,6.1,315,15.1
2024-11-21T11:00,13.7,0.00,0.00,0.00,11.3,3.2,317,14.0
2024-11-21T12:00,16.1,0.00,0.00,0.00,13.6,2.4,222,12.2
2024-11-21T13:00,17.9,0.00,0.00,0.00,15.4,5.3,204,17.6
2024-11-21T14:00,19.2,0.00,0.00,0.00,17.3,3.3,193,17.3
2024-11-21T15:00,20.0,0.00,0.00,0.00,17.9,2.9,176,13.7
2024-11-21T16:00,20.4,0.00,0.00,0.00,18.0,2.3,148,12.6
2024-11-21T17:00,20.1,0.00,0.00,0.00,17.6,3.8,121,10.4
2024-11-21T18:00,18.0,0.00,0.00,0.00,16.5,4.0,122,10.1
2024-11-21T19:00,16.0,0.00,0.00,0.00,14.1,4.0,120,6.5
2024-11-21T20:00,16.1,0.00,0.00,0.00,14.2,3.0,155,8.3
2024-11-21T21:00,14.8,0.00,0.00,0.00,12.7,4.8,202,7.2
2024-11-21T22:00,13.7,0.00,0.00,0.00,11.1,7.2,233,12.6
2024-11-21T23:00,13.0,0.00,0.00,0.00,10.3,7.4,247,13.7
2024-11-22T00:00,12.3,0.00,0.00,0.00,9.8,6.3,257,13.0
2024-11-22T01:00,11.6,0.00,0.00,0.00,9.2,6.0,263,10.4
2024-11-22T02:00,10.9,0.00,0.00,0.00,8.7,5.7,281,9.7
2024-11-22T03:00,10.4,0.00,0.00,0.00,8.2,5.4,296,9.0
2024-11-22T04:00,10.3,0.00,0.00,0.00,7.8,6.1,298,9.7
2024-11-22T05:00,10.4,0.00,0.00,0.00,7.6,7.8,296,13.7
2024-11-22T06:00,10.2,0.00,0.00,0.00,7.3,8.1,298,15.1
2024-11-22T07:00,9.7,0.00,0.00,0.00,7.1,6.5,289,14.8
2024-11-22T08:00,7.0,0.00,0.00,0.00,4.5,6.1,310,10.4
2024-11-22T09:00,8.4,0.00,0.00,0.00,5.7,8.6,307,15.5
2024-11-22T10:00,11.4,0.00,0.00,0.00,9.4,5.7,314,16.2
2024-11-22T11:00,14.8,0.00,0.00,0.00,13.0,5.2,331,15.8
2024-11-22T12:00,17.7,0.00,0.00,0.00,16.1,3.8,352,15.8
2024-11-22T13:00,19.7,0.00,0.00,0.00,18.8,2.3,18,14.4
2024-11-22T14:00,21.1,0.00,0.00,0.00,20.2,1.9,56,12.6
2024-11-22T15:00,21.8,0.00,0.00,0.00,20.6,2.2,85,12.2
2024-11-22T16:00,22.1,0.00,0.00,0.00,20.4,2.5,111,11.9
2024-11-22T17:00,21.8,0.00,0.00,0.00,20.0,3.1,103,10.8
2024-11-22T18:00,19.7,0.00,0.00,0.00,18.9,3.8,85,8.6
2024-11-22T19:00,17.6,0.00,0.00,0.00,16.2,4.1,75,6.5
2024-11-22T20:00,17.4,0.00,0.00,0.00,15.6,5.5,73,9.7
2024-11-22T21:00,16.6,0.00,0.00,0.00,14.6,5.9,88,9.4
2024-11-22T22:00,15.2,0.00,0.00,0.00,13.4,4.6,141,8.6
2024-11-22T23:00,14.0,0.00,0.00,0.00,12.5,2.9,173,6.8
2024-11-23T00:00,13.2,0.00,0.00,0.00,11.5,3.4,115,4.7
2024-11-23T01:00,12.4,0.00,0.00,0.00,10.5,3.6,143,6.8
2024-11-23T02:00,11.4,0.00,0.00,0.00,9.2,4.7,152,6.5
2024-11-23T03:00,11.0,0.00,0.00,0.00,8.8,3.6,153,7.9
2024-11-23T04:00,10.5,0.00,0.00,0.00,8.4,2.9,180,5.8
2024-11-23T05:00,10.1,0.00,0.00,0.00,8.1,1.7,193,4.7
2024-11-23T06:00,9.6,0.00,0.00,0.00,7.8,1.3,172,3.2
2024-11-23T07:00,9.2,0.00,0.00,0.00,7.2,2.0,185,3.6
2024-11-23T08:00,6.8,0.00,0.00,0.00,4.8,2.3,176,4.3
2024-11-23T09:00,8.5,0.00,0.00,0.00,6.5,3.9,167,5.4
2024-11-23T10:00,12.0,0.00,0.00,0.00,10.3,3.1,144,9.7
2024-11-23T11:00,15.5,0.00,0.00,0.00,14.0,3.8,161,13.0
2024-11-23T12:00,18.5,0.00,0.00,0.00,16.8,7.7,171,20.5
2024-11-23T13:00,20.7,0.00,0.00,0.00,19.4,11.2,179,27.4
2024-11-23T14:00,22.3,0.00,0.00,0.00,20.5,13.7,185,32.4
2024-11-23T15:00,23.1,0.00,0.00,0.00,20.9,14.0,188,32.8
2024-11-23T16:00,23.6,0.00,0.00,0.00,21.1,13.5,184,32.4
2024-11-23T17:00,23.5,0.00,0.00,0.00,21.1,12.6,178,29.9
2024-11-23T18:00,21.7,0.00,0.00,0.00,20.3,8.1,156,26.3
2024-11-23T19:00,19.3,0.00,0.00,0.00,17.9,8.6,154,15.5
2024-11-23T20:00,19.6,0.00,0.00,0.00,17.9,11.5,150,20.5
2024-11-23T21:00,19.2,0.00,0.00,0.00,17.4,12.9,157,23.8
2024-11-23T22:00,18.6,0.00,0.00,0.00,17.0,13.3,157,24.5
2024-11-23T23:00,18.3,0.00,0.00,0.00,16.5,15.6,173,29.9
2024-11-24T00:00,17.8,0.00,0.00,0.00,16.3,14.9,179,30.2
2024-11-24T01:00,17.4,0.00,0.00,0.00,16.3,14.1,187,28.8
2024-11-24T02:00,17.1,0.00,0.00,0.00,16.3,13.8,187,27.0
2024-11-24T03:00,16.8,0.00,0.00,0.00,16.2,13.6,188,26.3
2024-11-24T04:00,16.7,0.00,0.00,0.00,16.2,13.8,191,26.3
2024-11-24T05:00,16.7,0.00,0.00,0.00,16.3,13.7,191,26.3
2024-11-24T06:00,16.6,0.00,0.00,0.00,16.3,13.8,198,26.6
2024-11-24T07:00,16.5,0.00,0.00,0.00,16.2,13.7,201,26.3
2024-11-24T08:00,15.4,0.00,0.00,0.00,14.6,14.6,200,27.4
2024-11-24T09:00,16.2,0.00,0.00,0.00,15.3,15.6,199,29.5
2024-11-24T10:00,18.3,0.00,0.00,0.00,18.0,12.8,196,31.0
2024-11-24T11:00,20.5,0.00,0.00,0.00,19.8,16.4,197,35.3
2024-11-24T12:00,22.5,0.00,0.00,0.00,21.6,18.8,201,41.8
2024-11-24T13:00,24.5,0.00,0.00,0.00,23.1,24.1,207,47.2
2024-11-24T14:00,25.6,0.00,0.00,0.00,23.9,23.8,205,56.2
2024-11-24T15:00,26.3,0.00,0.00,0.00,24.7,22.4,203,50.8
2024-11-24T16:00,26.6,0.00,0.00,0.00,25.1,20.8,201,48.2
2024-11-24T17:00,26.4,0.00,0.00,0.00,25.0,19.2,200,44.3
2024-11-24T18:00,25.2,0.00,0.00,0.00,24.5,14.9,192,39.6
2024-11-24T19:00,23.5,0.00,0.00,0.00,22.9,13.7,185,29.5
2024-11-24T20:00,22.6,0.00,0.00,0.00,22.1,12.4,180,23.8
2024-11-24T21:00,21.9,0.00,0.00,0.00,21.0,14.6,175,27.4
2024-11-24T22:00,21.3,0.00,0.00,0.00,20.5,16.6,179,32.0
2024-11-24T23:00,20.5,0.00,0.00,0.00,20.2,15.5,183,32.0
2024-11-25T00:00,19.9,0.00,0.00,0.00,19.8,14.4,188,29.9
2024-11-25T01:00,19.4,0.00,0.00,0.00,19.6,12.6,191,27.4
2024-11-25T02:00,19.1,0.00,0.00,0.00,19.4,12.0,193,23.8
2024-11-25T03:00,18.8,0.00,0.00,0.00,19.1,12.1,200,23.0
2024-11-25T04:00,18.4,0.00,0.00,0.00,18.8,11.6,196,22.7
2024-11-25T05:00,18.1,0.00,0.00,0.00,18.4,11.7,198,21.6
2024-11-25T06:00,17.7,0.00,0.00,0.00,18.0,12.1,200,23.4
2024-11-25T07:00,17.4,0.00,0.00,0.00,17.8,11.4,201,22.7
2024-11-25T08:00,16.7,0.00,0.00,0.00,16.9,11.1,207,22.0
2024-11-25T09:00,17.1,0.00,0.00,0.00,17.4,11.4,209,20.5
2024-11-25T10:00,19.1,0.00,0.00,0.00,19.7,10.4,210,22.3
2024-11-25T11:00,21.4,0.00,0.00,0.00,22.1,10.1,223,24.8
2024-11-25T12:00,23.5,0.00,0.00,0.00,24.7,7.4,256,24.1
2024-11-25T13:00,25.0,0.00,0.00,0.00,26.6,7.4,292,20.5
2024-11-25T14:00,25.8,0.00,0.00,0.00,25.9,10.4,314,26.6
2024-11-25T15:00,26.5,0.00,0.00,0.00,25.9,9.8,337,26.6
2024-11-25T16:00,25.0,0.00,0.00,0.00,22.1,17.3,357,37.4
2024-11-25T17:00,22.8,0.00,0.00,0.00,19.4,18.6,358,40.3
2024-11-25T18:00,20.7,0.00,0.00,0.00,17.4,16.7,2,39.6
2024-11-25T19:00,18.7,0.00,0.00,0.00,15.4,15.4,7,33.8
2024-11-25T20:00,13.4,0.00,0.00,0.00,9.6,18.2,351,43.9
2024-11-25T21:00,12.1,0.00,0.00,0.00,8.2,18.2,352,44.3
2024-11-25T22:00,11.3,0.00,0.00,0.00,7.3,17.9,354,40.3
2024-11-25T23:00,10.5,0.00,0.00,0.00,6.5,17.5,352,38.9
2024-11-26T00:00,10.1,0.00,0.00,0.00,6.1,17.4,353,36.7
2024-11-26T01:00,9.7,0.00,0.00,0.00,5.8,16.6,355,35.6
2024-11-26T02:00,9.5,0.00,0.00,0.00,5.9,14.0,359,32.8
2024-11-26T03:00,9.1,0.00,0.00,0.00,5.8,12.3,3,27.4
2024-11-26T04:00,9.0,0.00,0.00,0.00,5.6,12.2,360,24.1
2024-11-26T05:00,8.8,0.00,0.00,0.00,5.5,11.7,356,23.8
2024-11-26T06:00,8.5,0.00,0.00,0.00,5.6,9.4,8,23.8
2024-11-26T07:00,8.2,0.00,0.00,0.00,5.5,8.1,4,18.0
2024-11-26T08:00,6.7,0.00,0.00,0.00,3.9,8.7,353,16.2
2024-11-26T09:00,7.1,0.00,0.00,0.00,4.3,8.5,354,18.0
2024-11-26T10:00,8.4,0.00,0.00,0.00,5.6,8.9,354,22.0
2024-11-26T11:00,10.2,0.00,0.00,0.00,7.7,7.2,1,21.6
2024-11-26T12:00,12.1,0.00,0.00,0.00,9.8,6.0,3,20.2
2024-11-26T13:00,13.7,0.00,0.00,0.00,12.0,4.1,13,18.7
2024-11-26T14:00,15.3,0.00,0.00,0.00,14.3,2.3,39,16.2
2024-11-26T15:00,16.4,0.00,0.00,0.00,15.4,2.0,85,13.3
2024-11-26T16:00,17.0,0.00,0.00,0.00,15.6,3.6,117,13.7
2024-11-26T17:00,17.2,0.00,0.00,0.00,15.7,4.7,140,13.7
2024-11-26T18:00,16.6,0.00,0.00,0.00,15.5,4.3,152,13.3
2024-11-26T19:00,15.4,0.00,0.00,0.00,14.2,5.8,158,9.7
2024-11-26T20:00,16.4,0.00,0.00,0.00,14.5,9.4,176,18.4
2024-11-26T21:00,16.0,0.00,0.00,0.00,14.2,8.7,176,19.1
2024-11-26T22:00,15.0,0.00,0.00,0.00,13.0,9.4,187,16.9
2024-11-26T23:00,14.4,0.00,0.00,0.00,12.1,11.8,199,22.0
2024-11-27T00:00,14.1,0.00,0.00,0.00,12.0,12.2,209,23.0
2024-11-27T01:00,13.9,0.00,0.00,0.00,11.8,12.8,209,24.5
2024-11-27T02:00,13.8,0.00,0.00,0.00,11.9,12.2,216,24.5
2024-11-27T03:00,13.9,0.00,0.00,0.00,12.0,12.7,215,24.1
2024-11-27T04:00,14.7,0.00,0.00,0.00,12.8,13.6,210,26.3
2024-11-27T05:00,15.5,0.00,0.00,0.00,13.8,13.0,208,26.6
2024-11-27T06:00,15.3,0.00,0.00,0.00,13.6,12.2,204,25.6
2024-11-27T07:00,14.5,0.00,0.00,0.00,13.0,10.4,214,23.4
2024-11-27T08:00,15.6,0.00,0.00,0.00,14.2,11.2,208,20.5
2024-11-27T09:00,17.4,0.00,0.00,0.00,16.2,14.0,211,26.6
2024-11-27T10:00,19.5,0.00,0.00,0.00,18.9,15.0,204,40.7
2024-11-27T11:00,20.8,0.00,0.00,0.00,19.8,18.9,214,40.7
2024-11-27T12:00,22.0,0.00,0.00,0.00,21.5,16.5,214,40.0
2024-11-27T13:00,23.6,0.00,0.00,0.00,23.2,16.2,209,36.0
2024-11-27T14:00,24.6,0.00,0.00,0.00,24.4,16.9,204,37.4
2024-11-27T15:00,25.1,0.00,0.00,0.00,24.7,17.3,203,37.8
2024-11-27T16:00,25.1,0.00,0.00,0.00,24.6,18.1,204,38.5
2024-11-27T17:00,25.1,0.00,0.00,0.00,24.8,17.0,204,38.5
2024-11-27T18:00,23.7,0.00,0.00,0.00,23.8,15.0,206,34.6
2024-11-27T19:00,22.1,0.00,0.00,0.00,22.1,14.9,211,29.2
2024-11-27T20:00,21.3,0.00,0.00,0.00,21.8,12.9,219,25.2
2024-11-27T21:00,20.8,0.00,0.00,0.00,21.6,10.6,226,24.1
2024-11-27T22:00,19.6,0.00,0.00,0.00,20.9,6.1,251,19.1
2024-11-27T23:00,18.9,0.00,0.00,0.00,18.8,14.1,318,21.2
2024-11-28T00:00,18.8,0.00,0.00,0.00,16.0,21.0,10,40.7
2024-11-28T01:00,16.3,0.00,0.00,0.00,12.6,20.0,4,41.0
2024-11-28T02:00,14.4,0.00,0.00,0.00,10.7,18.9,3,40.0
2024-11-28T03:00,13.5,0.00,0.00,0.00,10.0,17.1,1,37.8
2024-11-28T04:00,12.9,0.00,0.00,0.00,9.4,16.4,9,34.2
2024-11-28T05:00,12.3,0.00,0.00,0.00,8.4,17.8,11,35.3
2024-11-28T06:00,11.8,0.00,0.00,0.00,7.7,18.4,8,36.7
2024-11-28T07:00,11.2,0.00,0.00,0.00,6.8,19.4,7,38.9
2024-11-28T08:00,10.7,0.00,0.00,0.00,6.3,19.1,3,38.2
2024-11-28T09:00,10.8,0.00,0.00,0.00,6.5,18.5,1,38.5
2024-11-28T10:00,11.5,0.00,0.00,0.00,7.2,19.0,9,40.3
2024-11-28T11:00,12.4,0.00,0.00,0.00,8.0,19.5,10,41.8
2024-11-28T12:00,12.8,0.00,0.00,0.00,8.2,20.2,3,43.6
2024-11-28T13:00,13.3,0.00,0.00,0.00,8.6,20.1,6,43.9
2024-11-28T14:00,13.4,0.00,0.00,0.00,8.5,19.6,11,43.9
2024-11-28T15:00,13.6,0.00,0.00,0.00,8.6,19.4,10,43.2
2024-11-28T16:00,13.2,0.00,0.00,0.00,8.2,18.6,12,42.5
2024-11-28T17:00,12.5,0.00,0.00,0.00,7.5,18.4,11,40.0
2024-11-28T18:00,11.7,0.00,0.00,0.00,7.2,15.6,11,38.9
2024-11-28T19:00,10.9,0.00,0.00,0.00,6.6,13.8,13,31.3
2024-11-28T20:00,10.1,0.00,0.00,0.00,5.6,14.6,4,31.0
2024-11-28T21:00,9.5,0.00,0.00,0.00,5.0,14.0,8,30.2
2024-11-28T22:00,9.3,0.00,0.00,0.00,4.7,14.3,7,28.1
2024-11-28T23:00,8.8,0.00,0.00,0.00,4.2,14.4,9,29.5
2024-11-29T00:00,8.1,0.00,0.00,0.00,3.6,14.4,8,28.8
2024-11-29T01:00,7.8,0.00,0.00,0.00,3.3,14.1,10,28.4
2024-11-29T02:00,7.4,0.00,0.00,0.00,3.0,14.3,14,28.4
2024-11-29T03:00,7.0,0.00,0.00,0.00,2.6,14.1,14,28.1
2024-11-29T04:00,6.7,0.00,0.00,0.00,2.2,14.0,13,27.7
2024-11-29T05:00,6.3,0.00,0.00,0.00,1.9,13.8,11,27.7
2024-11-29T06:00,5.9,0.00,0.00,0.00,1.5,13.4,12,27.4
2024-11-29T07:00,5.6,0.00,0.00,0.00,1.0,13.6,12,27.0
2024-11-29T08:00,4.3,0.00,0.00,0.00,0.1,12.5,8,26.3
2024-11-29T09:00,4.7,0.00,0.00,0.00,0.5,12.4,8,26.6
2024-11-29T10:00,6.0,0.00,0.00,0.00,1.5,14.8,16,32.4
2024-11-29T11:00,7.7,0.00,0.00,0.00,3.3,14.1,21,32.8
2024-11-29T12:00,9.4,0.00,0.00,0.00,5.2,13.7,25,32.8
2024-11-29T13:00,11.0,0.00,0.00,0.00,7.3,13.1,29,32.8
2024-11-29T14:00,12.3,0.00,0.00,0.00,8.7,12.8,34,32.0
2024-11-29T15:00,13.1,0.00,0.00,0.00,9.2,12.7,38,31.3
2024-11-29T16:00,13.4,0.00,0.00,0.00,9.1,12.6,42,30.2
2024-11-29T17:00,13.1,0.00,0.00,0.00,8.9,12.4,43,29.5
2024-11-29T18:00,12.2,0.00,0.00,0.00,8.6,8.2,38,27.0
2024-11-29T19:00,10.5,0.00,0.00,0.00,7.2,7.4,22,16.6
2024-11-29T20:00,10.4,0.00,0.00,0.00,6.9,8.1,25,15.1
2024-11-29T21:00,9.6,0.00,0.00,0.00,6.3,6.8,37,15.1
2024-11-29T22:00,8.9,0.00,0.00,0.00,5.7,6.2,60,12.6
2024-11-29T23:00,8.1,0.00,0.00,0.00,5.2,5.5,63,11.2
2024-11-30T00:00,7.5,0.00,0.00,0.00,4.7,5.0,75,9.7
2024-11-30T01:00,7.1,0.00,0.00,0.00,4.3,4.9,80,8.3
2024-11-30T02:00,6.7,0.00,0.00,0.00,3.9,4.9,86,8.3
2024-11-30T03:00,6.3,0.00,0.00,0.00,3.5,4.5,92,7.9
2024-11-30T04:00,5.9,0.00,0.00,0.00,3.4,3.6,93,7.6
2024-11-30T05:00,5.5,0.00,0.00,0.00,2.9,4.0,90,6.5
2024-11-30T06:00,5.2,0.00,0.00,0.00,2.5,4.1,61,7.2
2024-11-30T07:00,4.8,0.00,0.00,0.00,2.2,4.0,58,6.8
2024-11-30T08:00,4.6,0.00,0.00,0.00,2.2,3.5,66,7.6
2024-11-30T09:00,5.5,0.00,0.00,0.00,3.0,3.7,55,7.9
2024-11-30T10:00,7.5,0.00,0.00,0.00,5.1,3.1,114,11.5
2024-11-30T11:00,9.7,0.00,0.00,0.00,7.4,1.9,112,11.9
2024-11-30T12:00,12.0,0.00,0.00,0.00,9.7,2.1,110,13.0
2024-11-30T13:00,13.9,0.00,0.00,0.00,11.9,3.0,155,14.4
2024-11-30T14:00,15.4,0.00,0.00,0.00,13.4,5.4,174,18.0
2024-11-30T15:00,16.4,0.00,0.00,0.00,14.1,7.7,177,21.6
2024-11-30T16:00,17.0,0.00,0.00,0.00,14.5,8.3,181,22.0
2024-11-30T17:00,16.9,0.00,0.00,0.00,14.5,8.3,184,21.2
2024-11-30T18:00,15.7,0.00,0.00,0.00,14.0,5.6,174,19.1
2024-11-30T19:00,13.8,0.00,0.00,0.00,12.1,6.1,157,10.8
2024-11-30T20:00,13.6,0.00,0.00,0.00,11.9,6.7,160,11.5
2024-11-30T21:00,12.8,0.00,0.00,0.00,11.1,6.9,160,12.6
2024-11-30T22:00,12.2,0.00,0.00,0.00,10.5,7.3,157,13.3
2024-11-30T23:00,11.7,0.00,0.00,0.00,10.2,6.2,170,12.6
2024-12-01T00:00,11.4,0.00,0.00,0.00,10.2,4.9,176,10.8
2024-12-01T01:00,11.5,0.00,0.00,0.00,10.7,2.6,168,7.2
2024-12-01T02:00,10.9,0.00,0.00,0.00,10.1,2.0,190,4.0
2024-12-01T03:00,10.3,0.00,0.00,0.00,9.5,1.0,239,3.6
2024-12-01T04:00,9.8,0.00,0.00,0.00,9.0,1.3,315,2.2
2024-12-01T05:00,8.8,0.00,0.00,0.00,7.8,2.7,302,4.3
2024-12-01T06:00,8.2,0.00,0.00,0.00,7.0,3.1,294,5.0
2024-12-01T07:00,7.9,0.00,0.00,0.00,6.7,3.3,311,5.4
2024-12-01T08:00,7.6,0.00,0.00,0.00,5.9,5.4,307,10.8
2024-12-01T09:00,8.4,0.00,0.00,0.00,6.6,6.2,322,12.6
2024-12-01T10:00,10.5,0.00,0.00,0.00,9.3,2.6,335,13.0
2024-12-01T11:00,13.3,0.00,0.00,0.00,12.3,1.1,81,10.1
2024-12-01T12:00,15.4,0.00,0.00,0.00,14.3,2.2,95,11.9
2024-12-01T13:00,17.2,0.00,0.00,0.00,16.5,3.4,96,14.8
2024-12-01T14:00,18.1,0.00,0.00,0.00,17.2,4.9,114,16.9
2024-12-01T15:00,18.1,0.00,0.00,0.00,17.1,6.1,118,17.3
2024-12-01T16:00,18.1,0.00,0.00,0.00,17.0,7.2,118,18.0
2024-12-01T17:00,18.3,0.00,0.00,0.00,17.3,6.6,119,19.1
2024-12-01T18:00,17.0,0.00,0.00,0.00,17.2,3.0,128,15.5
2024-12-01T19:00,15.5,0.00,0.00,0.00,15.2,3.3,96,4.7
2024-12-01T20:00,16.3,0.00,0.00,0.00,15.4,7.4,91,13.0
2024-12-01T21:00,15.1,0.00,0.00,0.00,13.7,8.1,65,14.4
2024-12-01T22:00,14.2,0.00,0.00,0.00,12.6,7.4,77,15.8
2024-12-01T23:00,13.3,0.00,0.00,0.00,11.5,7.3,83,13.3
2024-12-02T00:00,12.5,0.00,0.00,0.00,10.8,6.2,75,13.3
2024-12-02T01:00,11.6,0.00,0.00,0.00,10.1,4.8,63,10.8
2024-12-02T02:00,11.1,0.00,0.00,0.00,9.8,2.8,40,7.2
2024-12-02T03:00,10.4,0.00,0.00,0.00,9.1,2.4,13,4.7
2024-12-02T04:00,9.8,0.00,0.00,0.00,8.2,4.3,15,7.2
2024-12-02T05:00,9.6,0.00,0.00,0.00,7.7,5.9,23,10.4
2024-12-02T06:00,9.2,0.00,0.00,0.00,7.3,5.4,15,10.4
2024-12-02T07:00,8.8,0.00,0.00,0.00,6.8,6.0,16,10.4
2024-12-02T08:00,6.8,0.00,0.00,0.00,4.5,6.0,17,10.4
2024-12-02T09:00,7.4,0.00,0.00,0.00,4.9,8.1,21,14.0
2024-12-02T10:00,10.0,0.00,0.00,0.00,8.0,5.8,14,14.8
2024-12-02T11:00,12.7,0.00,0.00,0.00,10.6,6.5,28,17.6
2024-12-02T12:00,15.0,0.00,0.00,0.00,12.7,6.9,39,19.8
2024-12-02T13:00,16.8,0.00,0.00,0.00,14.6,7.7,51,21.2
2024-12-02T14:00,17.8,0.00,0.00,0.00,15.3,9.4,48,24.1
2024-12-02T15:00,18.5,0.00,0.00,0.00,15.6,10.1,49,25.2
2024-12-02T16:00,18.7,0.00,0.00,0.00,15.4,10.7,50,25.2
2024-12-02T17:00,18.3,0.00,0.00,0.00,15.0,10.2,54,25.2
2024-12-02T18:00,16.6,0.00,0.00,0.00,14.3,6.5,51,22.0
2024-12-02T19:00,14.6,0.00,0.00,0.00,12.0,8.2,32,14.4
2024-12-02T20:00,14.2,0.00,0.00,0.00,11.6,8.7,34,15.8
2024-12-02T21:00,13.3,0.00,0.00,0.00,10.8,7.8,42,15.8
2024-12-02T22:00,12.6,0.00,0.00,0.00,10.2,7.2,55,14.0
2024-12-02T23:00,12.8,0.00,0.00,0.00,10.6,5.9,55,14.0
2024-12-03T00:00,11.5,0.00,0.00,0.00,9.6,4.7,40,10.8
2024-12-03T01:00,10.7,0.00,0.00,0.00,8.8,4.7,28,7.9
2024-12-03T02:00,10.4,0.00,0.00,0.00,8.1,5.8,34,9.7
2024-12-03T03:00,11.2,0.00,0.00,0.00,8.8,6.7,44,15.1
2024-12-03T04:00,10.6,0.00,0.00,0.00,8.6,4.4,27,12.6
2024-12-03T05:00,9.7,0.00,0.00,0.00,6.9,8.6,23,15.8
2024-12-03T06:00,10.2,0.00,0.00,0.00,7.4,8.1,25,16.2
2024-12-03T07:00,9.4,0.00,0.00,0.00,6.8,7.5,27,15.5
2024-12-03T08:00,8.2,0.00,0.00,0.00,5.6,7.1,19,15.1
2024-12-03T09:00,8.7,0.00,0.00,0.00,6.0,8.0,14,14.4
2024-12-03T10:00,9.6,0.00,0.00,0.00,7.5,4.7,28,14.4
2024-12-03T11:00,11.4,0.00,0.00,0.00,9.1,6.0,41,16.2
2024-12-03T12:00,13.1,0.00,0.00,0.00,10.6,7.0,50,19.1
2024-12-03T13:00,15.0,0.00,0.00,0.00,12.6,6.7,59,18.7
2024-12-03T14:00,15.7,0.00,0.00,0.00,13.2,6.9,73,20.5
2024-12-03T15:00,16.5,0.00,0.00,0.00,13.9,6.5,93,18.4
2024-12-03T16:00,16.3,0.00,0.00,0.00,14.0,4.9,86,17.3
2024-12-03T17:00,16.5,0.00,0.00,0.00,14.4,3.7,61,10.8
2024-12-03T18:00,16.4,0.00,0.00,0.00,15.3,0.9,90,8.6
2024-12-03T19:00,15.5,0.00,0.00,0.00,14.2,3.0,52,4.0
2024-12-03T20:00,13.4,0.90,0.00,0.90,11.0,10.5,106,15.1
2024-12-03T21:00,12.9,0.00,0.00,0.00,10.6,8.0,134,21.2
2024-12-03T22:00,12.9,0.00,0.00,0.00,10.4,7.9,123,15.5
2024-12-03T23:00,12.7,0.00,0.00,0.00,10.7,5.9,135,15.1
2024-12-04T00:00,12.8,0.00,0.00,0.00,10.7,6.2,154,13.3
2024-12-04T01:00,12.5,0.20,0.00,0.20,10.9,4.9,80,12.2
2024-12-04T02:00,12.5,0.00,0.00,0.00,11.0,4.8,31,9.4
2024-12-04T03:00,12.7,0.00,0.00,0.00,11.2,5.0,38,9.7
2024-12-04T04:00,13.0,0.00,0.00,0.00,11.3,6.0,53,11.5
2024-12-04T05:00,13.2,0.00,0.00,0.00,11.3,7.4,64,14.4
2024-12-04T06:00,13.2,0.00,0.00,0.00,11.5,7.0,58,14.8
2024-12-04T07:00,13.2,0.10,0.00,0.10,11.8,6.1,45,13.7
2024-12-04T08:00,12.0,0.50,0.00,0.50,11.4,6.7,20,11.5
2024-12-04T09:00,12.4,0.50,0.00,0.50,12.1,6.0,335,11.9
2024-12-04T10:00,12.8,0.90,0.00,0.90,12.1,9.6,327,15.8
2024-12-04T11:00,13.5,2.40,0.00,2.40,13.3,8.4,15,29.2
2024-12-04T12:00,14.7,0.00,0.00,0.00,15.0,5.2,358,14.4
2024-12-04T13:00,15.9,0.00,0.00,0.00,16.5,4.7,344,13.3
2024-12-04T14:00,16.4,0.00,0.00,0.00,17.0,5.6,333,13.0
2024-12-04T15:00,16.9,0.00,0.00,0.00,17.5,5.8,340,14.0
2024-12-04T16:00,17.5,0.00,0.00,0.00,18.4,4.9,332,15.5
2024-12-04T17:00,17.7,0.00,0.00,0.00,18.5,5.4,339,13.3
2024-12-04T18:00,17.4,0.00,0.00,0.00,18.1,6.0,3,13.3
2024-12-04T19:00,16.9,0.00,0.00,0.00,17.5,6.6,21,12.2
2024-12-04T20:00,14.7,0.00,0.00,0.00,14.9,6.6,13,12.2
2024-12-04T21:00,14.5,0.10,0.00,0.10,14.7,6.4,47,12.2
2024-12-04T22:00,14.3,0.10,0.00,0.10,14.2,7.3,38,13.3
2024-12-04T23:00,14.0,0.00,0.00,0.00,14.0,6.5,19,13.3
2024-12-05T00:00,14.0,0.00,0.00,0.00,13.9,6.7,8,12.6
2024-12-05T01:00,13.9,0.00,0.00,0.00,13.8,6.9,343,12.6
2024-12-05T02:00,13.8,0.00,0.00,0.00,13.4,8.8,340,16.2
2024-12-05T03:00,13.8,0.00,0.00,0.00,13.2,9.1,338,17.3
2024-12-05T04:00,13.5,0.00,0.00,0.00,12.9,8.9,339,17.3
2024-12-05T05:00,13.5,0.00,0.00,0.00,12.7,10.0,354,19.1
2024-12-05T06:00,13.7,0.00,0.00,0.00,12.6,11.4,5,22.0
2024-12-05T07:00,13.8,0.00,0.00,0.00,12.2,14.0,12,27.4
2024-12-05T08:00,13.4,0.00,0.00,0.00,11.9,14.3,17,27.7
2024-12-05T09:00,13.4,0.00,0.00,0.00,11.6,16.4,19,32.4
2024-12-05T10:00,13.6,0.00,0.00,0.00,11.9,15.0,20,34.6
2024-12-05T11:00,13.8,0.00,0.00,0.00,11.7,17.1,28,35.3
2024-12-05T12:00,14.3,0.00,0.00,0.00,12.1,17.5,32,36.4
2024-12-05T13:00,14.9,0.00,0.00,0.00,12.3,17.3,33,37.8
2024-12-05T14:00,15.4,0.00,0.00,0.00,12.6,16.9,33,36.4
2024-12-05T15:00,16.3,0.00,0.00,0.00,13.0,18.1,37,38.5
2024-12-05T16:00,16.2,0.00,0.00,0.00,12.9,17.6,35,38.2
2024-12-05T17:00,15.8,0.00,0.00,0.00,12.6,15.8,32,36.7
2024-12-05T18:00,15.0,0.00,0.00,0.00,12.0,14.8,26,32.4
2024-12-05T19:00,14.2,0.00,0.00,0.00,11.0,15.1,27,30.2
2024-12-05T20:00,13.2,0.00,0.00,0.00,10.5,13.8,29,27.0
2024-12-05T21:00,12.4,0.00,0.00,0.00,9.2,14.1,25,28.1
2024-12-05T22:00,11.7,0.00,0.00,0.00,8.2,14.3,27,28.4
2024-12-05T23:00,11.0,0.00,0.00,0.00,7.4,14.2,26,28.1
2024-12-06T00:00,10.3,0.00,0.00,0.00,6.6,14.0,26,27.7
2024-12-06T01:00,9.7,0.00,0.00,0.00,5.9,13.9,25,27.7
2024-12-06T02:00,9.2,0.00,0.00,0.00,5.1,14.3,23,28.4
2024-12-06T03:00,8.2,0.00,0.00,0.00,4.1,13.7,23,28.4
2024-12-06T04:00,7.9,0.00,0.00,0.00,3.6,14.1,23,28.1
2024-12-06T05:00,7.2,0.00,0.00,0.00,2.9,13.5,16,28.1
2024-12-06T06:00,6.9,0.00,0.00,0.00,2.7,12.6,17,27.0
2024-12-06T07:00,6.2,0.00,0.00,0.00,2.1,12.2,19,25.2
2024-12-06T08:00,5.6,0.00,0.00,0.00,1.4,12.6,28,25.6
2024-12-06T09:00,5.6,0.00,0.00,0.00,1.6,11.3,20,25.2
2024-12-06T10:00,6.2,0.00,0.00,0.00,2.1,12.6,28,27.4
2024-12-06T11:00,7.1,0.00,0.00,0.00,3.1,12.4,36,28.4
2024-12-06T12:00,7.6,0.00,0.00,0.00,3.9,10.6,21,27.7
2024-12-06T13:00,9.0,0.00,0.00,0.00,5.1,11.5,25,26.6
2024-12-06T14:00,9.8,0.00,0.00,0.00,5.8,12.2,24,27.7
2024-12-06T15:00,9.9,0.00,0.00,0.00,5.7,13.1,23,28.8
2024-12-06T16:00,10.7,0.00,0.00,0.00,6.6,13.0,25,31.0
2024-12-06T17:00,10.3,0.00,0.00,0.00,6.6,10.1,5,29.2
2024-12-06T18:00,9.8,0.40,0.00,0.40,6.5,9.8,8,21.6
2024-12-06T19:00,9.9,0.00,0.00,0.00,7.2,5.8,353,19.1
2024-12-06T20:00,8.3,0.70,0.00,0.70,5.1,12.2,346,21.6
2024-12-06T21:00,8.3,0.30,0.00,0.30,5.0,11.2,6,23.0
2024-12-06T22:00,8.2,0.00,0.00,0.00,5.2,10.5,13,20.5
2024-12-06T23:00,8.7,0.00,0.00,0.00,5.9,9.0,3,19.8
2024-12-07T00:00,8.7,0.00,0.00,0.00,6.0,8.3,11,17.6
2024-12-07T01:00,8.3,0.40,0.00,0.40,5.3,9.9,15,20.5
2024-12-07T02:00,7.5,0.70,0.00,0.70,5.3,7.7,16,18.0
2024-12-07T03:00,7.3,1.30,0.00,1.30,5.0,8.6,30,18.0
2024-12-07T04:00,7.3,0.30,0.00,0.30,4.4,11.6,32,21.6
2024-12-07T05:00,7.3,0.00,0.00,0.00,4.8,8.9,28,22.0
2024-12-07T06:00,7.2,0.00,0.00,0.00,4.5,9.7,29,19.8
2024-12-07T07:00,7.4,0.00,0.00,0.00,5.0,6.6,21,19.4
2024-12-07T08:00,6.9,0.50,0.00,0.50,4.4,7.5,35,16.9
2024-12-07T09:00,6.5,4.10,0.00,4.10,3.7,10.8,46,19.4
2024-12-07T10:00,7.0,1.50,0.00,1.50,4.2,10.5,41,23.0
2024-12-07T11:00,7.7,0.00,0.00,0.00,4.8,10.8,54,24.8
2024-12-07T12:00,7.7,2.00,0.00,2.00,5.2,8.5,62,27.7
2024-12-07T13:00,8.1,0.00,0.00,0.00,5.9,6.6,26,20.2
2024-12-07T14:00,8.0,0.30,0.00,0.30,5.9,5.6,42,17.3
2024-12-07T15:00,8.6,0.10,0.00,0.10,6.4,6.8,32,16.9
2024-12-07T16:00,8.9,0.30,0.00,0.30,7.0,5.2,4,17.3
2024-12-07T17:00,8.8,0.10,0.00,0.10,6.9,6.3,15,15.1
2024-12-07T18:00,8.9,0.10,0.00,0.10,6.9,7.1,16,15.1
2024-12-07T19:00,8.7,0.20,0.00,0.20,6.8,7.4,13,14.8
2024-12-07T20:00,7.6,0.00,0.00,0.00,5.7,6.3,353,16.6
2024-12-07T21:00,7.7,0.10,0.00,0.10,5.8,6.6,22,13.7
2024-12-07T22:00,7.9,0.00,0.00,0.00,6.2,5.6,42,13.7
2024-12-07T23:00,8.2,0.00,0.00,0.00,6.9,3.6,33,11.5
2024-12-08T00:00,8.3,0.00,0.00,0.00,7.0,3.3,351,7.9
2024-12-08T01:00,8.5,0.10,0.00,0.10,7.2,3.6,333,8.6
2024-12-08T02:00,8.7,0.00,0.00,0.00,7.6,2.5,352,7.9
2024-12-08T03:00,8.8,0.00,0.00,0.00,8.1,1.0,315,5.8
2024-12-08T04:00,9.1,0.00,0.00,0.00,8.2,1.8,307,7.2
2024-12-08T05:00,9.3,0.00,0.00,0.00,8.5,1.5,306,4.7
2024-12-08T06:00,9.5,0.10,0.00,0.10,8.9,0.3,135,4.3
2024-12-08T07:00,9.6,0.10,0.00,0.10,8.8,2.2,171,5.4
2024-12-08T08:00,8.9,0.20,0.00,0.20,8.2,0.4,90,2.9
2024-12-08T09:00,9.0,0.20,0.00,0.20,7.9,4.9,147,9.4
2024-12-08T10:00,9.6,0.10,0.00,0.10,8.2,7.3,164,14.4
2024-12-08T11:00,10.8,0.00,0.00,0.00,9.4,8.8,184,19.4
2024-12-08T12:00,11.6,0.00,0.00,0.00,10.8,5.6,178,18.7
2024-12-08T13:00,14.2,0.00,0.00,0.00,13.7,6.4,172,16.2
2024-12-08T14:00,16.4,0.00,0.00,0.00,15.3,11.5,190,25.2
2024-12-08T15:00,17.1,0.00,0.00,0.00,15.7,13.8,202,30.2
2024-12-08T16:00,17.3,0.00,0.00,0.00,15.9,13.4,202,29.9
2024-12-08T17:00,17.0,0.00,0.00,0.00,15.4,14.3,191,29.5
2024-12-08T18:00,15.9,0.00,0.00,0.00,14.6,12.2,193,29.5
2024-12-08T19:00,14.5,0.00,0.00,0.00,12.8,13.7,193,25.9
2024-12-08T20:00,13.0,0.00,0.00,0.00,11.8,10.7,203,24.5
2024-12-08T21:00,12.2,0.00,0.00,0.00,10.8,11.7,198,21.2
2024-12-08T22:00,12.0,0.00,0.00,0.00,10.5,12.0,198,24.1
2024-12-08T23:00,11.7,0.00,0.00,0.00,10.3,10.9,196,22.3
2024-12-09T00:00,11.5,0.00,0.00,0.00,10.0,11.2,201,21.2
2024-12-09T01:00,11.4,0.00,0.00,0.00,9.9,11.3,200,20.9
2024-12-09T02:00,11.3,0.00,0.00,0.00,9.6,11.8,200,22.0
2024-12-09T03:00,11.2,0.00,0.00,0.00,9.8,10.1,211,22.0
2024-12-09T04:00,11.3,0.00,0.00,0.00,10.0,9.6,210,18.4
2024-12-09T05:00,11.5,0.00,0.00,0.00,10.0,10.5,197,18.7
2024-12-09T06:00,11.5,0.00,0.00,0.00,9.9,11.7,197,21.2
2024-12-09T07:00,11.7,0.00,0.00,0.00,10.1,11.2,204,21.6
2024-12-09T08:00,9.0,0.00,0.00,0.00,7.9,4.8,193,9.0
2024-12-09T09:00,10.1,0.00,0.00,0.00,9.0,6.4,190,10.8
2024-12-09T10:00,12.8,0.00,0.00,0.00,12.3,4.5,180,13.0
2024-12-09T11:00,16.3,0.00,0.00,0.00,16.5,2.4,138,11.9
2024-12-09T12:00,20.0,0.00,0.00,0.00,19.7,7.5,134,18.7
2024-12-09T13:00,22.5,0.00,0.00,0.00,22.5,8.9,156,21.6
2024-12-09T14:00,24.9,0.00,0.00,0.00,24.6,9.3,199,22.0
2024-12-09T15:00,26.6,0.00,0.00,0.00,24.2,11.2,235,24.5
2024-12-09T16:00,26.4,0.00,0.00,0.00,24.2,9.7,239,24.8
2024-12-09T17:00,25.1,0.00,0.00,0.00,24.1,5.7,242,20.2
2024-12-09T18:00,21.6,0.00,0.00,0.00,20.8,5.9,239,11.2
2024-12-09T19:00,18.2,0.00,0.00,0.00,16.4,7.3,263,11.2
2024-12-09T20:00,18.9,0.00,0.00,0.00,18.4,9.7,204,17.3
2024-12-09T21:00,17.3,0.00,0.00,0.00,16.8,8.4,235,17.6
2024-12-09T22:00,15.5,0.00,0.00,0.00,14.4,7.9,253,15.1
2024-12-09T23:00,14.0,0.00,0.00,0.00,12.3,7.1,286,14.0
2024-12-10T00:00,13.3,0.00,0.00,0.00,10.5,12.0,338,18.0
2024-12-10T01:00,13.2,0.00,0.00,0.00,10.1,14.8,6,29.9
2024-12-10T02:00,11.9,0.00,0.00,0.00,9.3,12.8,355,28.1
2024-12-10T03:00,11.1,0.00,0.00,0.00,8.6,13.1,351,26.6
2024-12-10T04:00,10.5,0.00,0.00,0.00,8.0,13.3,347,26.3
2024-12-10T05:00,10.0,0.00,0.00,0.00,7.5,13.3,351,26.6
2024-12-10T06:00,9.6,0.00,0.00,0.00,7.3,11.5,343,25.2
2024-12-10T07:00,9.5,0.00,0.00,0.00,6.9,13.6,342,25.9
2024-12-10T08:00,10.7,0.00,0.00,0.00,8.2,14.4,347,29.2
2024-12-10T09:00,11.0,0.00,0.00,0.00,8.2,17.2,350,32.0
2024-12-10T10:00,11.6,0.00,0.00,0.00,8.5,19.0,347,41.8
2024-12-10T11:00,11.9,0.00,0.00,0.00,8.5,19.7,346,41.0
2024-12-10T12:00,12.3,0.00,0.00,0.00,8.5,20.6,344,43.6
2024-12-10T13:00,12.5,0.00,0.00,0.00,8.4,19.9,343,45.0
2024-12-10T14:00,13.6,0.00,0.00,0.00,9.2,20.5,345,45.0
2024-12-10T15:00,14.1,0.00,0.00,0.00,9.2,22.7,345,48.6
2024-12-10T16:00,14.2,0.00,0.00,0.00,8.8,24.4,346,51.1
2024-12-10T17:00,13.6,0.00,0.00,0.00,8.1,24.1,345,51.8
2024-12-10T18:00,12.5,0.00,0.00,0.00,7.3,21.1,341,49.7
2024-12-10T19:00,10.8,0.00,0.00,0.00,5.8,19.3,336,42.8
2024-12-10T20:00,9.5,0.00,0.00,0.00,4.3,19.4,337,41.0
2024-12-10T21:00,8.3,0.00,0.00,0.00,2.9,20.5,335,41.0
2024-12-10T22:00,7.5,0.00,0.00,0.00,2.4,18.0,336,41.0
2024-12-10T23:00,7.0,0.00,0.00,0.00,2.2,15.8,330,35.6
2024-12-11T00:00,6.5,0.00,0.00,0.00,2.2,12.6,323,31.0
2024-12-11T01:00,5.9,0.00,0.00,0.00,2.0,10.3,311,24.5
2024-12-11T02:00,5.3,0.00,0.00,0.00,1.6,9.9,295,19.8
2024-12-11T03:00,5.1,0.00,0.00,0.00,1.2,10.8,298,20.2
2024-12-11T04:00,5.0,0.00,0.00,0.00,1.0,11.1,301,20.5
2024-12-11T05:00,4.8,0.00,0.00,0.00,0.7,11.5,305,22.0
2024-12-11T06:00,4.4,0.00,0.00,0.00,0.5,11.0,304,21.6
2024-12-11T07:00,4.2,0.00,0.00,0.00,0.2,11.9,297,22.0
2024-12-11T08:00,2.6,0.00,0.00,0.00,-1.7,14.3,295,27.4
2024-12-11T09:00,3.3,0.00,0.00,0.00,-1.2,15.1,297,28.8
2024-12-11T10:00,5.6,0.00,0.00,0.00,1.7,11.7,297,29.9
2024-12-11T11:00,8.4,0.00,0.00,0.00,4.8,10.9,297,25.6
2024-12-11T12:00,11.3,0.00,0.00,0.00,8.0,9.3,292,24.8
2024-12-11T13:00,13.7,0.00,0.00,0.00,10.6,9.2,296,23.0
2024-12-11T14:00,14.9,0.00,0.00,0.00,11.8,8.2,303,23.4
2024-12-11T15:00,15.5,0.00,0.00,0.00,12.6,5.2,304,20.9
2024-12-11T16:00,15.8,0.00,0.00,0.00,12.7,3.1,298,15.1
2024-12-11T17:00,15.6,0.00,0.00,0.00,12.8,1.1,279,10.1
2024-12-11T18:00,13.5,0.00,0.00,0.00,11.5,2.8,135,4.7
2024-12-11T19:00,11.2,0.00,0.00,0.00,8.2,6.5,136,10.8
2024-12-11T20:00,10.6,0.00,0.00,0.00,7.4,7.0,136,13.0
2024-12-11T21:00,9.9,0.00,0.00,0.00,6.4,7.6,152,13.3
2024-12-11T22:00,9.2,0.00,0.00,0.00,5.5,8.3,176,14.0
2024-12-11T23:00,8.3,0.00,0.00,0.00,4.3,9.8,194,17.6
2024-12-12T00:00,7.9,0.00,0.00,0.00,3.9,10.6,199,19.4
2024-12-12T01:00,7.3,0.00,0.00,0.00,3.6,9.1,201,19.4
2024-12-12T02:00,6.5,0.00,0.00,0.00,3.1,7.9,204,16.6
2024-12-12T03:00,5.9,0.00,0.00,0.00,2.7,6.5,204,14.0
2024-12-12T04:00,5.2,0.00,0.00,0.00,2.1,5.9,203,11.2
2024-12-12T05:00,4.9,0.00,0.00,0.00,1.7,6.4,202,10.4
2024-12-12T06:00,4.6,0.00,0.00,0.00,1.4,6.5,203,11.5
2024-12-12T07:00,4.3,0.00,0.00,0.00,1.1,6.6,201,11.9
2024-12-12T08:00,2.0,0.00,0.00,0.00,-1.5,7.1,199,11.9
2024-12-12T09:00,3.0,0.00,0.00,0.00,-0.8,9.3,205,16.2
2024-12-12T10:00,6.1,0.00,0.00,0.00,2.5,9.0,196,17.6
2024-12-12T11:00,9.3,0.00,0.00,0.00,6.5,5.2,176,16.2
2024-12-12T12:00,11.9,0.00,0.00,0.00,8.6,8.6,169,21.2
2024-12-12T13:00,13.8,0.00,0.00,0.00,10.3,11.7,166,27.7
2024-12-12T14:00,15.6,0.00,0.00,0.00,12.0,15.1,168,33.5
2024-12-12T15:00,16.5,0.00,0.00,0.00,12.6,17.3,169,37.4
2024-12-12T16:00,16.9,0.00,0.00,0.00,13.2,16.7,166,37.8
2024-12-12T17:00,16.5,0.00,0.00,0.00,13.1,15.3,164,35.6
2024-12-12T18:00,15.3,0.00,0.00,0.00,12.6,12.0,150,31.7
2024-12-12T19:00,14.0,0.00,0.00,0.00,12.2,6.8,125,23.8
2024-12-12T20:00,14.1,0.00,0.00,0.00,11.6,10.6,125,19.8
2024-12-12T21:00,14.7,0.00,0.00,0.00,12.3,11.5,157,22.3
2024-12-12T22:00,14.8,0.00,0.00,0.00,12.4,12.3,162,23.8
2024-12-12T23:00,14.8,0.00,0.00,0.00,12.2,13.4,149,26.6
2024-12-13T00:00,14.6,0.00,0.00,0.00,12.4,11.9,150,26.6
2024-12-13T01:00,14.5,0.00,0.00,0.00,12.5,11.2,150,23.4
2024-12-13T02:00,14.3,0.00,0.00,0.00,12.4,11.6,144,23.0
2024-12-13T03:00,14.0,0.00,0.00,0.00,13.2,4.9,144,22.7
2024-12-13T04:00,13.6,0.10,0.00,0.10,12.9,4.8,115,8.6
2024-12-13T05:00,13.4,0.00,0.00,0.00,12.3,7.5,114,13.3
2024-12-13T06:00,13.5,0.00,0.00,0.00,12.2,9.4,133,18.4
2024-12-13T07:00,13.6,0.00,0.00,0.00,12.8,8.3,138,17.6
2024-12-13T08:00,13.2,0.00,0.00,0.00,12.9,7.8,136,19.8
2024-12-13T09:00,13.4,0.00,0.00,0.00,13.3,6.5,134,13.3
2024-12-13T10:00,15.0,0.00,0.00,0.00,14.7,10.7,147,20.9
2024-12-13T11:00,16.7,0.00,0.00,0.00,16.3,13.0,151,27.0
2024-12-13T12:00,17.6,0.00,0.00,0.00,17.0,15.1,152,31.0
2024-12-13T13:00,17.9,0.10,0.00,0.10,17.8,12.8,154,31.0
2024-12-13T14:00,18.5,0.10,0.00,0.10,19.1,9.6,160,24.5
2024-12-13T15:00,19.7,0.00,0.00,0.00,20.2,10.8,148,22.3
2024-12-13T16:00,21.0,0.10,0.00,0.10,20.3,18.8,157,37.8
2024-12-13T17:00,19.7,0.00,0.00,0.00,19.7,16.0,141,38.5
2024-12-13T18:00,18.3,0.50,0.00,0.50,19.0,12.5,131,32.8
2024-12-13T19:00,17.9,0.10,0.00,0.10,18.8,11.9,131,23.0
2024-12-13T20:00,17.8,0.10,0.00,0.10,18.6,12.4,139,22.7
2024-12-13T21:00,17.9,0.20,0.00,0.20,18.9,11.6,134,23.0
2024-12-13T22:00,17.9,1.20,0.00,1.20,18.6,13.6,136,24.5
2024-12-13T23:00,17.9,0.90,0.00,0.90,18.7,13.4,160,25.2
2024-12-14T00:00,18.2,0.20,0.00,0.20,18.9,14.4,165,26.6
2024-12-14T01:00,18.2,0.50,0.00,0.50,18.9,15.0,170,27.4
2024-12-14T02:00,18.4,0.40,0.00,0.40,19.2,14.2,168,27.7
2024-12-14T03:00,18.3,0.30,0.00,0.30,19.3,13.0,169,26.3
2024-12-14T04:00,18.4,0.00,0.00,0.00,19.6,12.5,169,23.8
2024-12-14T05:00,18.4,0.40,0.00,0.40,20.0,9.0,179,22.7
2024-12-14T06:00,18.3,0.00,0.00,0.00,20.1,7.4,167,15.8
2024-12-14T07:00,18.3,0.10,0.00,0.10,20.3,6.1,175,13.7
2024-12-14T08:00,18.5,0.90,0.00,0.90,21.0,4.3,255,9.4
2024-12-14T09:00,19.2,0.10,0.00,0.10,20.9,9.6,240,15.8
2024-12-14T10:00,20.8,0.00,0.00,0.00,22.6,11.7,229,21.6
2024-12-14T11:00,22.3,0.00,0.00,0.00,24.3,11.1,262,26.6
2024-12-14T12:00,23.3,0.10,0.00,0.10,24.5,13.3,257,29.2
2024-12-14T13:00,24.5,0.10,0.00,0.10,25.1,14.7,250,32.8
2024-12-14T14:00,25.5,0.00,0.00,0.00,26.4,11.9,248,32.4
2024-12-14T15:00,25.9,0.10,0.00,0.10,27.1,9.2,231,26.6
2024-12-14T16:00,26.1,0.00,0.00,0.00,27.4,7.7,217,20.9
2024-12-14T17:00,25.7,0.00,0.00,0.00,27.3,5.5,193,16.9
2024-12-14T18:00,23.1,0.10,0.00,0.10,24.7,10.4,152,19.4
2024-12-14T19:00,20.8,0.00,0.00,0.00,23.0,8.1,159,20.2
2024-12-14T20:00,19.3,0.00,0.00,0.00,21.3,7.4,154,14.0
2024-12-14T21:00,18.9,0.00,0.00,0.00,21.1,6.6,163,13.7
2024-12-14T22:00,19.5,0.00,0.00,0.00,21.9,7.8,161,13.7
2024-12-14T23:00,19.6,0.00,0.00,0.00,21.5,11.6,158,22.0
2024-12-15T00:00,19.4,0.00,0.00,0.00,21.3,9.7,182,22.3
2024-12-15T01:00,19.4,0.00,0.00,0.00,21.7,7.1,187,18.4
2024-12-15T02:00,19.4,0.00,0.00,0.00,21.6,7.8,158,14.0
2024-12-15T03:00,19.1,0.00,0.00,0.00,21.1,9.0,143,17.3
2024-12-15T04:00,18.9,0.10,0.00,0.10,20.9,7.8,146,16.9
2024-12-15T05:00,18.7,0.70,0.00,0.70,20.7,7.2,143,14.0
2024-12-15T06:00,18.7,0.40,0.00,0.40,20.3,10.1,158,17.6
2024-12-15T07:00,19.2,0.00,0.00,0.00,20.8,11.7,170,21.2
2024-12-15T08:00,19.9,0.10,0.00,0.10,21.5,14.8,174,25.6
2024-12-15T09:00,20.2,0.00,0.00,0.00,21.8,13.7,183,28.1
2024-12-15T10:00,20.6,0.00,0.00,0.00,22.2,14.6,181,28.1
2024-12-15T11:00,20.7,0.00,0.00,0.00,22.5,13.7,182,29.2
2024-12-15T12:00,22.8,0.10,0.00,0.10,23.3,21.1,187,42.8
2024-12-15T13:00,23.2,0.30,0.00,0.30,23.7,20.5,186,45.4
2024-12-15T14:00,24.6,0.50,0.00,0.50,24.8,22.4,186,46.1
2024-12-15T15:00,25.1,0.10,0.00,0.10,25.4,20.7,187,47.2
2024-12-15T16:00,24.7,0.10,0.00,0.10,25.0,19.8,187,43.2
2024-12-15T17:00,24.3,0.10,0.00,0.10,24.9,18.0,178,42.5
2024-12-15T18:00,23.4,0.10,0.00,0.10,24.4,15.7,177,36.0
2024-12-15T19:00,22.7,0.10,0.00,0.10,24.3,11.6,176,31.0
2024-12-15T20:00,20.9,0.80,0.00,0.80,23.2,10.7,188,18.4
2024-12-15T21:00,20.7,0.60,0.00,0.60,22.3,14.6,179,25.9
2024-12-15T22:00,20.8,0.00,0.00,0.00,22.4,14.6,170,27.7
2024-12-15T23:00,20.3,0.00,0.00,0.00,21.7,13.9,174,26.6
2024-12-16T00:00,20.1,0.00,0.00,0.00,21.3,14.3,176,27.0
2024-12-16T01:00,19.9,0.00,0.00,0.00,20.9,14.8,174,28.4
2024-12-16T02:00,19.6,0.00,0.00,0.00,20.8,13.7,171,28.4
2024-12-16T03:00,19.8,0.00,0.00,0.00,21.1,12.8,170,25.9
2024-12-16T04:00,19.8,0.00,0.00,0.00,21.4,11.5,169,24.5
2024-12-16T05:00,19.8,0.00,0.00,0.00,21.7,9.5,169,22.3
2024-12-16T06:00,19.8,0.10,0.00,0.10,21.9,8.3,167,18.4
2024-12-16T07:00,19.8,0.00,0.00,0.00,21.9,8.8,163,16.6
2024-12-16T08:00,20.2,0.60,0.00,0.60,22.4,10.4,179,25.6
2024-12-16T09:00,20.0,0.90,0.00,0.90,22.3,9.9,176,22.3
2024-12-16T10:00,20.3,0.70,0.00,0.70,22.3,12.0,171,21.2
2024-12-16T11:00,21.5,0.20,0.00,0.20,22.8,15.9,183,32.4
2024-12-16T12:00,23.1,0.10,0.00,0.10,23.7,17.9,193,38.5
2024-12-16T13:00,23.9,0.00,0.00,0.00,24.5,17.2,194,38.2
2024-12-16T14:00,24.3,0.00,0.00,0.00,25.0,15.8,194,37.4
2024-12-16T15:00,25.0,0.00,0.00,0.00,25.7,14.3,194,34.2
2024-12-16T16:00,25.3,0.00,0.00,0.00,26.0,13.4,192,31.0
2024-12-16T17:00,24.8,0.00,0.00,0.00,25.8,12.0,188,28.8
2024-12-16T18:00,23.7,0.00,0.00,0.00,25.2,9.4,184,24.5
2024-12-16T19:00,22.3,0.00,0.00,0.00,24.0,7.6,195,18.4
2024-12-16T20:00,21.7,0.00,0.00,0.00,23.7,5.4,172,10.1
2024-12-16T21:00,21.3,0.00,0.00,0.00,23.2,5.5,144,9.4
2024-12-16T22:00,20.2,0.00,0.00,0.00,22.2,5.0,136,10.4
2024-12-16T23:00,19.8,0.00,0.00,0.00,21.5,5.2,160,8.3
2024-12-17T00:00,19.4,0.00,0.00,0.00,20.5,7.9,163,13.7
2024-12-17T01:00,19.0,0.00,0.00,0.00,19.9,9.9,177,17.6
2024-12-17T02:00,18.6,0.00,0.00,0.00,19.4,10.3,195,18.7
2024-12-17T03:00,18.2,0.00,0.00,0.00,19.2,9.3,199,18.4
2024-12-17T04:00,18.0,0.00,0.00,0.00,19.2,7.6,194,16.6
2024-12-17T05:00,17.8,0.00,0.00,0.00,19.2,6.1,204,13.3
2024-12-17T06:00,17.3,0.00,0.00,0.00,19.2,1.9,214,10.8
2024-12-17T07:00,17.0,0.00,0.00,0.00,19.1,0.2,360,3.2
2024-12-17T08:00,17.3,0.00,0.00,0.00,19.3,2.0,260,11.5
2024-12-17T09:00,18.0,0.10,0.00,0.10,20.0,3.5,159,4.7
2024-12-17T10:00,19.9,0.00,0.00,0.00,21.6,6.8,198,15.8
2024-12-17T11:00,21.5,0.00,0.00,0.00,22.8,12.1,190,23.8
2024-12-17T12:00,22.7,0.00,0.00,0.00,23.5,15.5,189,33.8
2024-12-17T13:00,23.7,0.00,0.00,0.00,24.4,14.6,184,34.2
2024-12-17T14:00,24.8,0.00,0.00,0.00,25.0,16.6,189,36.7
2024-12-17T15:00,25.4,0.00,0.00,0.00,25.2,17.0,190,36.4
2024-12-17T16:00,25.0,0.00,0.00,0.00,24.8,16.9,181,39.2
2024-12-17T17:00,24.4,0.00,0.00,0.00,24.7,14.5,175,35.6
2024-12-17T18:00,23.5,0.00,0.00,0.00,24.4,11.6,174,30.2
2024-12-17T19:00,22.0,0.00,0.00,0.00,23.1,10.1,169,23.0
2024-12-17T20:00,21.9,0.00,0.00,0.00,23.0,10.1,155,19.4
2024-12-17T21:00,21.1,0.00,0.00,0.00,22.3,9.3,153,18.7
2024-12-17T22:00,20.5,0.00,0.00,0.00,21.4,11.1,163,20.2
2024-12-17T23:00,20.1,0.00,0.00,0.00,20.9,11.7,176,22.0
2024-12-18T00:00,19.5,0.00,0.00,0.00,20.4,12.1,183,22.7
2024-12-18T01:00,19.0,0.00,0.00,0.00,20.0,12.0,192,23.0
2024-12-18T02:00,18.6,0.00,0.00,0.00,19.7,11.1,196,22.7
2024-12-18T03:00,18.2,0.00,0.00,0.00,19.5,8.9,204,20.9
2024-12-18T04:00,17.8,0.00,0.00,0.00,19.3,6.9,200,15.8
2024-12-18T05:00,17.3,0.00,0.00,0.00,18.7,6.4,207,12.2
2024-12-18T06:00,16.6,0.00,0.00,0.00,18.0,4.8,255,11.5
2024-12-18T07:00,16.4,0.00,0.00,0.00,17.7,4.9,268,8.3
2024-12-18T08:00,18.9,0.40,0.00,0.40,21.2,5.8,296,10.4
2024-12-18T09:00,19.1,0.10,0.00,0.10,21.1,7.1,276,10.8
2024-12-18T10:00,18.1,1.90,0.00,1.90,17.7,20.3,349,35.3
2024-12-18T11:00,16.2,0.40,0.00,0.40,14.4,20.6,4,43.6
2024-12-18T12:00,16.6,0.00,0.00,0.00,13.4,19.5,356,43.2
2024-12-18T13:00,16.3,0.00,0.00,0.00,12.1,20.5,353,43.9
2024-12-18T14:00,16.5,0.00,0.00,0.00,12.5,18.8,356,43.9
2024-12-18T15:00,17.4,0.00,0.00,0.00,13.2,19.8,358,42.8
2024-12-18T16:00,17.5,0.00,0.00,0.00,13.4,19.3,1,43.2
2024-12-18T17:00,17.0,0.00,0.00,0.00,13.1,17.6,8,41.4
2024-12-18T18:00,15.7,0.00,0.00,0.00,12.5,13.7,10,37.1
2024-12-18T19:00,14.0,0.00,0.00,0.00,11.0,12.0,7,27.4
2024-12-18T20:00,13.9,0.00,0.00,0.00,10.8,12.3,3,24.8
2024-12-18T21:00,12.8,0.00,0.00,0.00,9.6,12.4,3,24.1
2024-12-18T22:00,11.9,0.00,0.00,0.00,8.5,12.8,3,24.8
2024-12-18T23:00,10.9,0.00,0.00,0.00,7.5,12.2,359,24.8
2024-12-19T00:00,10.1,0.00,0.00,0.00,6.7,12.3,355,23.8
2024-12-19T01:00,9.4,0.00,0.00,0.00,6.0,11.4,353,23.8
2024-12-19T02:00,8.7,0.00,0.00,0.00,5.6,9.6,352,21.6
2024-12-19T03:00,8.1,0.00,0.00,0.00,5.2,8.4,351,18.0
2024-12-19T04:00,7.6,0.00,0.00,0.00,4.7,8.1,355,15.5
2024-12-19T05:00,7.2,0.00,0.00,0.00,4.6,6.2,350,15.1
2024-12-19T06:00,6.8,0.00,0.00,0.00,4.2,6.3,333,11.2
2024-12-19T07:00,6.5,0.00,0.00,0.00,3.7,7.1,341,12.6
2024-12-19T08:00,5.0,0.00,0.00,0.00,2.0,7.6,326,14.0
2024-12-19T09:00,5.3,0.00,0.00,0.00,2.3,7.7,324,14.4
2024-12-19T10:00,7.4,0.00,0.00,0.00,4.8,5.8,324,14.8
2024-12-19T11:00,9.9,0.00,0.00,0.00,7.6,4.6,342,15.8
2024-12-19T12:00,12.0,0.00,0.00,0.00,10.1,2.9,47,14.8
2024-12-19T13:00,13.7,0.00,0.00,0.00,12.2,2.8,40,13.7
2024-12-19T14:00,15.2,0.00,0.00,0.00,13.9,2.4,73,13.7
2024-12-19T15:00,16.3,0.00,0.00,0.00,14.7,3.2,142,13.3
2024-12-19T16:00,16.9,0.00,0.00,0.00,15.0,4.7,152,14.4
2024-12-19T17:00,17.1,0.00,0.00,0.00,15.1,5.1,163,14.4
2024-12-19T18:00,16.0,0.00,0.00,0.00,14.7,4.0,170,13.0
2024-12-19T19:00,14.3,0.00,0.00,0.00,12.5,6.0,171,9.7
2024-12-19T20:00,15.0,0.00,0.00,0.00,13.1,7.8,188,15.8
2024-12-19T21:00,14.2,0.00,0.00,0.00,12.6,6.0,190,14.0
2024-12-19T22:00,13.1,0.00,0.00,0.00,11.7,5.6,202,13.7
2024-12-19T23:00,12.9,0.00,0.00,0.00,12.1,0.4,27,8.6
2024-12-20T00:00,11.5,0.00,0.00,0.00,10.3,3.6,57,5.8
2024-12-20T01:00,10.8,0.00,0.00,0.00,9.8,2.4,117,6.1
2024-12-20T02:00,10.3,0.00,0.00,0.00,9.5,1.0,31,3.6
2024-12-20T03:00,9.9,0.00,0.00,0.00,8.5,5.0,360,8.6
2024-12-20T04:00,9.8,0.00,0.00,0.00,8.3,5.6,4,10.4
2024-12-20T05:00,9.6,0.00,0.00,0.00,7.7,8.3,11,14.4
2024-12-20T06:00,9.3,0.00,0.00,0.00,7.4,8.1,4,15.1
2024-12-20T07:00,9.2,0.00,0.00,0.00,7.2,8.0,352,14.4
2024-12-20T08:00,7.7,0.00,0.00,0.00,5.0,10.5,340,18.0
2024-12-20T09:00,8.3,0.00,0.00,0.00,5.4,11.9,349,22.0
2024-12-20T10:00,10.4,0.00,0.00,0.00,7.7,10.8,349,23.0
2024-12-20T11:00,12.8,0.00,0.00,0.00,10.2,10.3,356,23.8
2024-12-20T12:00,14.8,0.00,0.00,0.00,11.6,13.3,10,29.9
2024-12-20T13:00,16.1,0.00,0.00,0.00,12.7,13.9,21,32.4
2024-12-20T14:00,17.0,0.00,0.00,0.00,13.8,13.2,24,32.0
2024-12-20T15:00,17.3,0.00,0.00,0.00,13.8,13.7,25,31.3
2024-12-20T16:00,17.2,0.00,0.00,0.00,13.3,14.8,26,32.4
2024-12-20T17:00,16.3,0.00,0.00,0.00,12.4,14.8,29,32.8
2024-12-20T18:00,14.9,0.00,0.00,0.00,11.5,11.9,29,31.7
2024-12-20T19:00,12.7,0.00,0.00,0.00,9.8,9.0,29,23.8
2024-12-20T20:00,12.6,0.00,0.00,0.00,9.8,8.0,23,16.9
2024-12-20T21:00,11.4,0.00,0.00,0.00,8.7,7.5,33,14.8
2024-12-20T22:00,10.3,0.00,0.00,0.00,7.7,6.4,36,13.3
2024-12-20T23:00,9.4,0.00,0.00,0.00,6.7,6.3,35,11.2
2024-12-21T00:00,8.5,0.00,0.00,0.00,5.8,5.8,22,11.2
2024-12-21T01:00,7.5,0.00,0.00,0.00,5.0,4.9,360,9.7
2024-12-21T02:00,6.9,0.00,0.00,0.00,4.4,4.9,360,7.9
2024-12-21T03:00,6.6,0.00,0.00,0.00,3.9,5.9,12,10.1
2024-12-21T04:00,6.2,0.00,0.00,0.00,3.1,7.4,26,12.6
2024-12-21T05:00,5.7,0.00,0.00,0.00,2.3,8.5,36,15.1
2024-12-21T06:00,5.1,0.00,0.00,0.00,1.7,8.6,39,15.8
2024-12-21T07:00,4.6,0.00,0.00,0.00,1.4,7.0,40,15.5
2024-12-21T08:00,2.5,0.00,0.00,0.00,-0.6,5.6,31,9.7
2024-12-21T09:00,2.8,0.00,0.00,0.00,-0.6,7.9,33,13.7
2024-12-21T10:00,4.8,0.00,0.00,0.00,1.8,5.5,41,15.1
2024-12-21T11:00,7.3,0.00,0.00,0.00,4.4,5.2,59,16.2
2024-12-21T12:00,9.5,0.00,0.00,0.00,6.8,4.5,76,16.6
2024-12-21T13:00,11.5,0.00,0.00,0.00,9.0,5.2,68,17.6
2024-12-21T14:00,13.1,0.00,0.00,0.00,10.6,5.9,79,19.1
2024-12-21T15:00,14.2,0.00,0.00,0.00,11.5,6.1,87,18.7
2024-12-21T16:00,14.9,0.00,0.00,0.00,12.1,6.0,106,18.7
2024-12-21T17:00,15.2,0.00,0.00,0.00,12.4,5.8,124,16.9
2024-12-21T18:00,14.1,0.00,0.00,0.00,12.0,4.0,122,14.0
2024-12-21T19:00,12.3,0.00,0.00,0.00,9.5,7.3,126,12.2
2024-12-21T20:00,12.5,0.00,0.00,0.00,9.4,9.2,125,16.9
2024-12-21T21:00,11.5,0.00,0.00,0.00,8.7,8.0,126,16.9
2024-12-21T22:00,10.7,0.00,0.00,0.00,8.0,7.2,127,14.4
2024-12-21T23:00,10.0,0.00,0.00,0.00,7.4,7.1,131,13.0
2024-12-22T00:00,9.3,0.00,0.00,0.00,6.8,6.2,131,13.0
2024-12-22T01:00,8.6,0.00,0.00,0.00,6.1,5.7,134,11.2
2024-12-22T02:00,8.1,0.00,0.00,0.00,5.6,5.3,135,10.1
2024-12-22T03:00,7.6,0.00,0.00,0.00,5.2,4.8,132,9.4
2024-12-22T04:00,7.3,0.00,0.00,0.00,4.9,5.0,150,8.6
2024-12-22T05:00,6.9,0.00,0.00,0.00,4.5,4.6,159,8.6
2024-12-22T06:00,6.5,0.00,0.00,0.00,4.2,4.4,161,8.3
2024-12-22T07:00,6.1,0.00,0.00,0.00,3.7,4.4,150,7.6
2024-12-22T08:00,6.9,0.00,0.00,0.00,4.6,4.8,158,10.8
2024-12-22T09:00,7.0,0.00,0.00,0.00,4.6,5.6,155,9.4
2024-12-22T10:00,8.8,0.00,0.00,0.00,6.7,4.5,146,12.2
2024-12-22T11:00,10.6,0.00,0.00,0.00,8.4,5.6,153,15.5
2024-12-22T12:00,13.1,0.00,0.00,0.00,11.0,6.4,158,18.4
2024-12-22T13:00,15.7,0.00,0.00,0.00,13.7,8.2,165,22.3
2024-12-22T14:00,17.8,0.00,0.00,0.00,16.1,10.7,171,26.6
2024-12-22T15:00,19.0,0.00,0.00,0.00,16.9,13.3,177,31.0
2024-12-22T16:00,19.7,0.00,0.00,0.00,17.5,14.2,179,32.4
2024-12-22T17:00,19.9,0.00,0.00,0.00,17.2,18.5,188,38.5
2024-12-22T18:00,19.3,0.00,0.00,0.00,17.6,12.2,172,38.5
2024-12-22T19:00,18.4,0.00,0.00,0.00,16.9,11.0,152,24.5
2024-12-22T20:00,17.8,0.00,0.00,0.00,16.2,12.8,141,24.1
2024-12-22T21:00,17.7,0.00,0.00,0.00,15.6,16.2,145,31.7
2024-12-22T22:00,17.0,0.00,0.00,0.00,14.9,17.5,156,34.9
2024-12-22T23:00,16.0,0.00,0.00,0.00,14.0,17.0,163,34.9
2024-12-23T00:00,15.1,0.00,0.00,0.00,13.3,15.1,160,33.5
2024-12-23T01:00,14.2,0.00,0.00,0.00,12.7,11.9,158,29.2
2024-12-23T02:00,13.8,0.00,0.00,0.00,12.4,10.9,153,22.7
2024-12-23T03:00,13.6,0.00,0.00,0.00,12.2,11.0,159,21.6
2024-12-23T04:00,13.8,0.00,0.00,0.00,12.5,10.5,164,21.6
2024-12-23T05:00,13.4,0.00,0.00,0.00,12.2,9.8,163,20.5
2024-12-23T06:00,12.9,0.00,0.00,0.00,12.1,7.7,155,18.4
2024-12-23T07:00,13.4,0.00,0.00,0.00,12.8,6.9,150,14.8
2024-12-23T08:00,13.8,0.10,0.00,0.10,13.3,8.6,151,15.8
2024-12-23T09:00,14.0,0.10,0.00,0.10,13.6,8.3,153,15.1
2024-12-23T10:00,15.7,0.00,0.00,0.00,15.8,6.7,153,16.2
2024-12-23T11:00,18.0,0.00,0.00,0.00,17.9,8.6,157,20.5
2024-12-23T12:00,20.3,0.00,0.00,0.00,19.7,12.6,175,28.1
2024-12-23T13:00,22.4,0.00,0.00,0.00,20.1,23.6,187,48.2
2024-12-23T14:00,22.8,0.00,0.00,0.00,20.8,22.7,187,51.1
2024-12-23T15:00,23.9,0.00,0.00,0.00,21.5,22.7,187,49.7
2024-12-23T16:00,24.1,0.00,0.00,0.00,21.9,21.3,191,47.9
2024-12-23T17:00,24.3,0.00,0.00,0.00,22.6,17.7,192,43.6
2024-12-23T18:00,23.5,0.00,0.00,0.00,22.5,13.0,182,35.6
2024-12-23T19:00,21.6,0.00,0.00,0.00,20.5,14.7,156,28.1
2024-12-23T20:00,20.9,0.00,0.00,0.00,20.4,16.6,140,32.0
2024-12-23T21:00,19.9,0.00,0.00,0.00,19.4,18.9,150,37.1
2024-12-23T22:00,19.2,0.00,0.00,0.00,18.8,18.2,154,37.1
2024-12-23T23:00,18.5,0.00,0.00,0.00,18.5,16.5,153,36.0
2024-12-24T00:00,17.9,0.00,0.00,0.00,18.1,15.0,156,32.4
2024-12-24T01:00,17.4,0.00,0.00,0.00,17.6,14.4,158,29.5
2024-12-24T02:00,17.6,0.00,0.00,0.00,18.1,12.9,162,28.4
2024-12-24T03:00,17.7,0.00,0.00,0.00,18.4,11.8,168,25.6
2024-12-24T04:00,17.9,0.00,0.00,0.00,18.8,10.8,165,23.0
2024-12-24T05:00,17.8,0.00,0.00,0.00,18.8,10.2,166,21.2
2024-12-24T06:00,17.8,0.00,0.00,0.00,19.0,8.6,164,19.8
2024-12-24T07:00,17.7,0.00,0.00,0.00,18.9,8.9,159,17.3
2024-12-24T08:00,18.5,0.00,0.00,0.00,19.7,11.7,167,23.0
2024-12-24T09:00,18.5,0.00,0.00,0.00,19.4,12.4,171,24.5
2024-12-24T10:00,19.1,0.00,0.00,0.00,19.8,12.8,179,28.1
2024-12-24T11:00,20.3,0.00,0.00,0.00,20.7,13.5,196,29.2
2024-12-24T12:00,21.8,0.00,0.00,0.00,21.3,17.2,198,36.7
2024-12-24T13:00,23.4,0.00,0.00,0.00,22.4,19.1,204,40.7
2024-12-24T14:00,23.7,0.00,0.00,0.00,22.8,17.8,210,41.4
2024-12-24T15:00,25.0,0.00,0.00,0.00,23.9,17.7,210,39.6
2024-12-24T16:00,25.4,0.00,0.00,0.00,24.0,17.9,205,39.6
2024-12-24T17:00,25.3,0.00,0.00,0.00,24.1,14.7,215,38.5
2024-12-24T18:00,24.6,0.00,0.00,0.00,24.2,9.7,236,32.8
2024-12-24T19:00,22.8,0.00,0.00,0.00,23.2,6.0,275,19.4
2024-12-24T20:00,15.8,5.40,0.00,5.40,15.3,14.2,27,36.7
2024-12-24T21:00,15.7,4.40,0.00,4.40,16.0,7.3,115,27.7
2024-12-24T22:00,15.6,1.40,0.00,1.40,15.8,8.5,322,18.0
2024-12-24T23:00,15.1,0.00,0.00,0.00,15.9,4.3,15,16.9
2024-12-25T00:00,15.5,0.00,0.00,0.00,15.7,9.4,23,16.6
2024-12-25T01:00,15.5,0.00,0.00,0.00,15.4,9.9,9,19.1
2024-12-25T02:00,15.0,0.00,0.00,0.00,15.1,7.6,8,18.7
2024-12-25T03:00,14.8,0.00,0.00,0.00,14.3,10.8,358,20.9
2024-12-25T04:00,14.8,0.00,0.00,0.00,14.3,10.5,354,20.9
2024-12-25T05:00,14.7,0.00,0.00,0.00,14.1,10.4,349,21.2
2024-12-25T06:00,14.4,0.00,0.00,0.00,13.8,9.3,351,20.5
2024-12-25T07:00,14.2,0.00,0.00,0.00,13.5,8.4,350,18.0
2024-12-25T08:00,13.6,0.00,0.00,0.00,12.7,9.5,360,19.4
2024-12-25T09:00,13.6,0.00,0.00,0.00,12.7,9.2,354,19.1
2024-12-25T10:00,14.0,0.00,0.00,0.00,13.1,8.8,5,19.4
2024-12-25T11:00,14.6,0.00,0.00,0.00,13.8,8.6,8,19.4
2024-12-25T12:00,15.4,0.00,0.00,0.00,14.6,9.0,355,22.3
2024-12-25T13:00,16.6,0.00,0.00,0.00,16.5,5.8,30,21.2
2024-12-25T14:00,16.9,0.10,0.00,0.10,17.0,4.5,47,17.3
2024-12-25T15:00,17.2,0.00,0.00,0.00,17.2,5.3,57,15.5
2024-12-25T16:00,17.2,0.00,0.00,0.00,17.1,6.2,69,15.8
2024-12-25T17:00,17.4,0.00,0.00,0.00,17.0,7.4,77,18.0
2024-12-25T18:00,16.8,0.00,0.00,0.00,16.3,7.8,75,19.4
2024-12-25T19:00,15.3,0.00,0.00,0.00,14.8,7.9,57,16.9
2024-12-25T20:00,14.2,0.00,0.00,0.00,13.8,7.3,48,15.1
2024-12-25T21:00,14.3,0.00,0.00,0.00,13.7,8.4,83,17.3
2024-12-25T22:00,14.2,0.10,0.00,0.10,13.9,7.5,69,17.3
2024-12-25T23:00,14.2,0.00,0.00,0.00,14.0,6.8,53,15.1
2024-12-26T00:00,14.3,0.00,0.00,0.00,14.4,5.2,44,14.0
2024-12-26T01:00,14.3,0.00,0.00,0.00,14.5,4.9,54,10.4
2024-12-26T02:00,14.3,0.00,0.00,0.00,14.5,5.4,64,11.2
2024-12-26T03:00,14.3,0.00,0.00,0.00,14.6,4.7,67,11.2
2024-12-26T04:00,14.5,0.00,0.00,0.00,14.8,5.2,22,10.8
2024-12-26T05:00,14.7,0.10,0.00,0.10,15.0,5.6,42,12.6
2024-12-26T06:00,14.9,0.00,0.00,0.00,15.4,5.7,49,11.5
2024-12-26T07:00,15.1,0.10,0.00,0.10,15.5,7.0,55,12.6
2024-12-26T08:00,15.3,0.00,0.00,0.00,16.4,3.1,45,8.6
2024-12-26T09:00,15.4,0.50,0.00,0.50,16.9,1.0,31,4.0
2024-12-26T10:00,15.4,7.70,0.00,7.70,16.3,6.1,146,22.3
2024-12-26T11:00,16.8,2.90,0.00,2.90,17.2,9.7,227,23.4
2024-12-26T12:00,18.1,0.50,0.00,0.50,18.9,10.0,236,29.9
2024-12-26T13:00,20.6,0.20,0.00,0.20,19.8,20.5,259,42.1
2024-12-26T14:00,22.2,0.00,0.00,0.00,21.6,13.2,259,42.1
2024-12-26T15:00,23.7,0.00,0.00,0.00,21.8,14.2,279,31.0
2024-12-26T16:00,23.4,0.00,0.00,0.00,21.4,14.9,291,32.8
2024-12-26T17:00,22.8,0.00,0.00,0.00,20.9,11.2,305,31.3
2024-12-26T18:00,20.5,0.00,0.00,0.00,19.1,7.4,313,23.4
2024-12-26T19:00,17.7,0.00,0.00,0.00,16.4,6.4,286,14.4
2024-12-26T20:00,17.9,0.00,0.00,0.00,15.8,10.7,324,21.6
2024-12-26T21:00,15.6,0.00,0.00,0.00,14.2,7.9,1,19.1
2024-12-26T22:00,14.3,0.00,0.00,0.00,13.3,7.2,6,15.5
2024-12-26T23:00,13.2,0.00,0.00,0.00,12.7,4.8,345,13.0
2024-12-27T00:00,12.4,0.00,0.00,0.00,12.0,3.5,309,7.9
2024-12-27T01:00,11.7,0.00,0.00,0.00,11.2,2.9,313,5.8
2024-12-27T02:00,11.1,0.00,0.00,0.00,10.9,0.6,288,4.7
2024-12-27T03:00,10.0,0.00,0.00,0.00,9.5,1.8,294,3.6
2024-12-27T04:00,9.5,0.00,0.00,0.00,8.8,2.9,300,5.8
2024-12-27T05:00,9.3,0.00,0.00,0.00,8.3,4.6,306,8.3
2024-12-27T06:00,9.0,0.00,0.00,0.00,7.9,4.0,288,8.6
2024-12-27T07:00,8.6,0.00,0.00,0.00,7.4,4.1,241,6.8
2024-12-27T08:00,6.8,0.00,0.00,0.00,5.3,3.8,265,6.1
2024-12-27T09:00,8.6,0.00,0.00,0.00,7.4,3.3,264,6.8
2024-12-27T10:00,11.2,0.00,0.00,0.00,10.1,4.8,228,10.4
2024-12-27T11:00,14.7,0.00,0.00,0.00,14.2,4.3,208,13.0
2024-12-27T12:00,17.9,0.00,0.00,0.00,17.4,7.4,177,18.7
2024-12-27T13:00,20.6,0.00,0.00,0.00,20.1,9.5,181,23.0
2024-12-27T14:00,22.9,0.00,0.00,0.00,22.5,10.3,191,24.1
2024-12-27T15:00,24.7,0.00,0.00,0.00,23.5,10.3,207,24.1
2024-12-27T16:00,25.5,0.00,0.00,0.00,23.7,8.3,221,23.0
2024-12-27T17:00,24.6,0.00,0.00,0.00,24.2,5.6,180,18.4
2024-12-27T18:00,21.7,0.00,0.00,0.00,20.6,11.5,157,21.2
2024-12-27T19:00,19.2,0.00,0.00,0.00,17.8,10.5,177,22.3
2024-12-27T20:00,18.9,0.00,0.00,0.00,17.3,12.0,168,22.7
2024-12-27T21:00,17.9,0.00,0.00,0.00,16.7,10.1,178,22.0
2024-12-27T22:00,17.2,0.00,0.00,0.00,16.5,8.8,195,18.4
2024-12-27T23:00,16.7,0.00,0.00,0.00,16.2,9.8,200,17.6
2024-12-28T00:00,16.6,0.00,0.00,0.00,16.7,9.0,203,18.4
2024-12-28T01:00,16.7,0.00,0.00,0.00,17.2,9.2,196,16.6
2024-12-28T02:00,17.0,0.00,0.00,0.00,17.8,9.4,181,18.4
2024-12-28T03:00,17.6,0.00,0.00,0.00,19.3,5.5,193,16.9
2024-12-28T04:00,17.9,0.00,0.00,0.00,19.6,7.8,176,14.4
2024-12-28T05:00,17.8,0.00,0.00,0.00,20.0,3.5,168,14.0
2024-12-28T06:00,18.3,0.10,0.00,0.10,20.0,9.0,154,15.1
2024-12-28T07:00,18.9,0.00,0.00,0.00,20.3,12.6,171,22.0
2024-12-28T08:00,20.2,0.00,0.00,0.00,21.9,15.2,202,32.8
2024-12-28T09:00,20.4,0.20,0.00,0.20,22.4,12.4,206,28.1
2024-12-28T10:00,19.2,0.80,0.00,0.80,20.1,16.2,222,32.4
2024-12-28T11:00,15.9,5.00,0.00,5.00,14.7,19.8,268,45.0
2024-12-28T12:00,17.2,0.00,0.00,0.00,16.9,13.9,230,38.5
2024-12-28T13:00,20.9,0.00,0.00,0.00,21.8,8.7,207,26.6
2024-12-28T14:00,24.6,0.00,0.00,0.00,21.6,15.2,266,29.9
2024-12-28T15:00,23.9,0.00,0.00,0.00,19.9,18.5,301,44.6
2024-12-28T16:00,24.2,0.00,0.00,0.00,20.5,16.4,300,38.5
2024-12-28T17:00,23.5,0.00,0.00,0.00,20.4,13.2,301,33.8
2024-12-28T18:00,21.6,0.00,0.00,0.00,18.0,15.5,297,30.6
2024-12-28T19:00,18.8,0.00,0.00,0.00,16.0,10.6,298,31.0
2024-12-28T20:00,18.6,0.00,0.00,0.00,16.2,9.7,309,22.7
2024-12-28T21:00,17.1,0.00,0.00,0.00,14.8,9.5,331,18.7
2024-12-28T22:00,16.3,0.00,0.00,0.00,13.7,10.7,320,19.1
2024-12-28T23:00,15.2,0.00,0.00,0.00,12.8,9.3,335,20.5
2024-12-29T00:00,14.1,0.00,0.00,0.00,11.9,7.9,311,16.9
2024-12-29T01:00,13.3,0.00,0.00,0.00,10.9,9.5,295,16.9
2024-12-29T02:00,12.9,0.00,0.00,0.00,10.4,10.2,301,18.7
2024-12-29T03:00,12.4,0.00,0.00,0.00,10.0,10.4,302,19.4
2024-12-29T04:00,12.0,0.00,0.00,0.00,9.6,10.6,312,19.4
2024-12-29T05:00,11.7,0.00,0.00,0.00,9.4,10.6,316,19.4
2024-12-29T06:00,11.5,0.00,0.00,0.00,9.1,10.9,333,20.2
2024-12-29T07:00,11.3,0.00,0.00,0.00,9.1,10.7,347,21.2
2024-12-29T08:00,9.2,0.00,0.00,0.00,7.4,4.8,283,18.7
2024-12-29T09:00,9.2,0.00,0.00,0.00,7.2,6.7,256,11.9
2024-12-29T10:00,11.0,0.00,0.00,0.00,9.0,7.5,262,15.1
2024-12-29T11:00,13.7,0.00,0.00,0.00,12.1,5.5,308,15.8
2024-12-29T12:00,16.9,0.00,0.00,0.00,15.8,3.8,335,15.1
2024-12-29T13:00,18.9,0.00,0.00,0.00,18.1,3.4,186,12.6
2024-12-29T14:00,20.0,0.00,0.00,0.00,19.2,5.3,170,15.8
2024-12-29T15:00,20.8,0.00,0.00,0.00,19.6,6.9,171,18.4
2024-12-29T16:00,21.5,0.00,0.00,0.00,20.0,6.9,175,18.4
2024-12-29T17:00,21.4,0.00,0.00,0.00,19.9,7.5,172,16.9
2024-12-29T18:00,19.6,0.00,0.00,0.00,18.5,6.9,163,16.9
2024-12-29T19:00,17.3,0.00,0.00,0.00,15.9,8.0,164,14.0
2024-12-29T20:00,17.4,0.00,0.00,0.00,15.7,9.3,153,16.6
2024-12-29T21:00,16.1,0.00,0.00,0.00,14.6,8.4,160,16.9
2024-12-29T22:00,15.3,0.00,0.00,0.00,13.8,8.3,179,15.1
2024-12-29T23:00,14.7,0.00,0.00,0.00,13.0,9.6,192,16.9
2024-12-30T00:00,14.3,0.00,0.00,0.00,12.1,12.3,192,22.0
2024-12-30T01:00,14.0,0.00,0.00,0.00,11.5,13.3,196,24.8
2024-12-30T02:00,13.4,0.00,0.00,0.00,11.0,11.9,202,24.8
2024-12-30T03:00,12.9,0.00,0.00,0.00,10.2,11.9,198,22.0
2024-12-30T04:00,12.7,0.00,0.00,0.00,9.8,12.7,198,23.4
2024-12-30T05:00,12.7,0.00,0.00,0.00,9.7,13.1,199,24.5
2024-12-30T06:00,12.7,0.00,0.00,0.00,9.6,13.5,199,25.2
2024-12-30T07:00,12.6,0.00,0.00,0.00,9.5,14.3,199,26.6
2024-12-30T08:00,11.1,0.00,0.00,0.00,8.0,14.1,196,26.3
2024-12-30T09:00,11.4,0.00,0.00,0.00,8.3,13.3,198,25.9
2024-12-30T10:00,13.8,0.00,0.00,0.00,10.7,13.8,193,26.3
2024-12-30T11:00,16.7,0.00,0.00,0.00,14.4,11.0,191,23.8
2024-12-30T12:00,19.7,0.00,0.00,0.00,17.5,11.9,195,26.6
2024-12-30T13:00,22.5,0.00,0.00,0.00,20.8,10.9,199,26.3
2024-12-30T14:00,24.5,0.00,0.00,0.00,23.2,11.4,184,25.2
2024-12-30T15:00,25.6,0.00,0.00,0.00,24.3,10.9,189,26.6
2024-12-30T16:00,26.9,0.00,0.00,0.00,26.0,7.0,198,23.4
2024-12-30T17:00,26.2,0.00,0.00,0.00,26.5,4.8,191,16.2
2024-12-30T18:00,23.1,0.00,0.00,0.00,22.9,7.9,181,14.8
2024-12-30T19:00,19.4,0.00,0.00,0.00,18.9,7.1,201,15.5
2024-12-30T20:00,19.7,0.00,0.00,0.00,19.4,6.7,251,15.5
2024-12-30T21:00,17.7,0.00,0.00,0.00,17.0,6.2,311,11.5
2024-12-30T22:00,16.3,0.00,0.00,0.00,14.6,6.7,326,11.5
2024-12-30T23:00,15.3,0.00,0.00,0.00,13.2,6.9,313,10.8
2024-12-31T00:00,14.2,0.00,0.00,0.00,12.0,6.7,308,10.8
2024-12-31T01:00,13.2,0.00,0.00,0.00,11.0,6.7,308,11.9
2024-12-31T02:00,12.2,0.00,0.00,0.00,10.0,6.1,313,11.2
2024-12-31T03:00,11.9,0.00,0.00,0.00,9.0,10.7,287,18.7
2024-12-31T04:00,13.0,0.00,0.00,0.00,9.0,16.1,344,32.0
2024-12-31T05:00,13.1,0.00,0.00,0.00,9.3,15.1,359,30.6
2024-12-31T06:00,12.9,0.00,0.00,0.00,8.8,16.5,7,31.3
2024-12-31T07:00,12.1,0.00,0.00,0.00,7.8,16.3,13,32.4
2024-12-31T08:00,10.4,0.00,0.00,0.00,6.3,14.2,2,32.4
2024-12-31T09:00,10.0,0.00,0.00,0.00,6.2,12.5,352,27.0
2024-12-31T10:00,11.7,0.00,0.00,0.00,8.2,11.7,347,25.6
2024-12-31T11:00,13.3,0.00,0.00,0.00,9.1,16.2,356,33.8
2024-12-31T12:00,14.8,0.00,0.00,0.00,10.3,18.4,3,40.0
2024-12-31T13:00,15.9,0.00,0.00,0.00,11.8,17.1,7,40.0
2024-12-31T14:00,16.7,0.00,0.00,0.00,13.1,16.1,10,37.8
2024-12-31T15:00,17.2,0.00,0.00,0.00,13.7,15.0,14,36.4
2024-12-31T16:00,17.3,0.00,0.00,0.00,13.7,13.5,19,33.8
2024-12-31T17:00,16.7,0.00,0.00,0.00,13.3,13.0,22,29.9
2024-12-31T18:00,15.4,0.00,0.00,0.00,12.4,11.4,26,28.1
2024-12-31T19:00,13.2,0.00,0.00,0.00,10.4,10.0,34,23.0
2024-12-31T20:00,12.7,0.00,0.00,0.00,9.6,11.2,45,20.9
2024-12-31T21:00,11.6,0.00,0.00,0.00,8.4,11.4,41,22.0
2024-12-31T22:00,10.7,0.00,0.00,0.00,7.7,10.7,30,21.2
2024-12-31T23:00,10.0,0.00,0.00,0.00,6.9,11.2,28,20.5
