latitude,longitude,elevation,utc_offset_seconds,timezone,timezone_abbreviation
35.676624,139.69112,40.0,32400,Asia/Tokyo,GMT+9

time,temperature_2m (°C),precipitation (mm),snowfall (cm),rain (mm),apparent_temperature (°C),wind_speed_10m (km/h),wind_direction_10m (°),wind_gusts_10m (km/h)
2024-01-01T00:00,10.3,0.00,0.00,0.00,4.3,31.1,317,42.5
2024-01-01T01:00,10.3,0.00,0.00,0.00,2.7,40.1,320,55.8
2024-01-01T02:00,10.2,0.00,0.00,0.00,2.6,40.0,316,61.9
2024-01-01T03:00,9.8,0.00,0.00,0.00,2.1,39.7,314,58.3
2024-01-01T04:00,9.0,0.00,0.00,0.00,0.5,44.4,320,63.7
2024-01-01T05:00,8.3,0.00,0.00,0.00,-1.4,51.3,324,73.8
2024-01-01T06:00,7.8,0.00,0.00,0.00,-1.3,46.7,331,73.8
2024-01-01T07:00,7.3,0.00,0.00,0.00,-1.1,41.6,337,67.3
2024-01-01T08:00,7.6,0.00,0.00,0.00,-0.4,38.6,339,59.8
2024-01-01T09:00,8.7,0.00,0.00,0.00,0.5,39.5,335,60.1
2024-01-01T10:00,9.8,0.00,0.00,0.00,0.3,47.1,330,69.1
2024-01-01T11:00,9.9,0.00,0.00,0.00,0.5,45.9,331,70.2
2024-01-01T12:00,10.5,0.00,0.00,0.00,1.3,45.1,334,68.4
2024-01-01T13:00,10.7,0.00,0.00,0.00,2.0,40.6,341,67.3
2024-01-01T14:00,10.4,0.00,0.00,0.00,2.2,36.8,344,60.8
2024-01-01T15:00,9.8,0.00,0.00,0.00,1.8,34.7,345,54.7
2024-01-01T16:00,8.3,0.00,0.00,0.00,1.0,30.6,345,50.8
2024-01-01T17:00,6.1,0.00,0.00,0.00,-0.6,27.2,342,44.3
2024-01-01T18:00,5.0,0.00,0.00,0.00,-0.5,19.6,343,39.2
2024-01-01T19:00,4.2,0.00,0.00,0.00,0.1,11.0,341,27.7
2024-01-01T20:00,3.6,0.00,0.00,0.00,-0.4,10.8,345,14.8
2024-01-01T21:00,2.8,0.00,0.00,0.00,-1.0,9.1,351,14.0
2024-01-01T22:00,2.5,0.00,0.00,0.00,-1.5,10.2,321,19.4
2024-01-01T23:00,2.0,0.00,0.00,0.00,-2.2,11.9,305,16.2
2024-01-02T00:00,1.6,0.00,0.00,0.00,-2.7,12.3,320,16.9
2024-01-02T01:00,1.1,0.00,0.00,0.00,-3.3,12.3,328,17.6
2024-01-02T02:00,1.2,0.00,0.00,0.00,-3.1,12.1,333,17.6
2024-01-02T03:00,0.8,0.00,0.00,0.00,-3.5,12.1,330,17.6
2024-01-02T04:00,0.2,0.00,0.00,0.00,-4.1,12.2,336,17.6
2024-01-02T05:00,-0.2,0.00,0.00,0.00,-4.6,12.6,329,18.0
2024-01-02T06:00,0.2,0.00,0.00,0.00,-4.2,12.3,339,18.0
2024-01-02T07:00,0.9,0.00,0.00,0.00,-3.1,10.4,340,18.0
2024-01-02T08:00,1.8,0.00,0.00,0.00,-1.8,7.7,332,15.8
2024-01-02T09:00,3.2,0.00,0.00,0.00,-0.4,8.4,353,15.5
2024-01-02T10:00,5.1,0.00,0.00,0.00,0.7,13.4,355,22.3
2024-01-02T11:00,6.5,0.00,0.00,0.00,2.2,12.6,3,22.7
2024-01-02T12:00,7.8,0.00,0.00,0.00,4.0,10.1,6,22.0
2024-01-02T13:00,7.4,0.00,0.00,0.00,4.1,7.6,360,19.1
2024-01-02T14:00,7.2,0.30,0.00,0.30,4.7,3.1,54,13.7
2024-01-02T15:00,7.2,0.20,0.00,0.20,4.9,3.3,131,8.6
2024-01-02T16:00,7.2,0.00,0.00,0.00,4.9,4.3,156,7.6
2024-01-02T17:00,6.9,0.00,0.00,0.00,4.8,4.7,279,7.6
2024-01-02T18:00,4.9,0.00,0.00,0.00,1.8,10.0,308,16.2
2024-01-02T19:00,4.1,0.00,0.00,0.00,1.1,9.5,323,13.7
2024-01-02T20:00,3.6,0.00,0.00,0.00,0.2,11.3,329,15.1
2024-01-02T21:00,3.5,0.00,0.00,0.00,-0.2,13.1,339,17.3
2024-01-02T22:00,3.8,0.00,0.00,0.00,0.3,10.5,354,19.1
2024-01-02T23:00,3.0,0.00,0.00,0.00,-0.5,10.9,333,14.4
2024-01-03T00:00,2.8,0.00,0.00,0.00,-0.9,11.5,340,15.5
2024-01-03T01:00,2.4,0.00,0.00,0.00,-1.5,12.4,334,17.3
2024-01-03T02:00,2.4,0.00,0.00,0.00,-1.6,13.0,326,18.4
2024-01-03T03:00,2.1,0.00,0.00,0.00,-1.9,12.5,321,18.0
2024-01-03T04:00,1.5,0.00,0.00,0.00,-2.4,11.3,338,17.3
2024-01-03T05:00,1.0,0.00,0.00,0.00,-3.0,11.8,333,15.8
2024-01-03T06:00,1.2,0.00,0.00,0.00,-3.0,12.8,328,17.6
2024-01-03T07:00,1.3,0.00,0.00,0.00,-2.6,11.5,321,18.0
2024-01-03T08:00,2.4,0.00,0.00,0.00,-1.1,8.9,310,15.8
2024-01-03T09:00,4.9,0.00,0.00,0.00,1.8,7.1,330,14.4
2024-01-03T10:00,7.0,0.00,0.00,0.00,3.8,9.3,344,17.6
2024-01-03T11:00,8.8,0.00,0.00,0.00,5.6,9.7,345,18.4
2024-01-03T12:00,10.2,0.00,0.00,0.00,7.0,9.4,360,18.0
2024-01-03T13:00,11.5,0.00,0.00,0.00,8.6,8.2,23,18.4
2024-01-03T14:00,11.8,0.00,0.00,0.00,9.2,6.6,68,16.6
2024-01-03T15:00,11.7,0.00,0.00,0.00,9.3,5.8,86,13.7
2024-01-03T16:00,11.3,0.00,0.00,0.00,9.3,5.8,94,10.4
2024-01-03T17:00,9.8,0.00,0.00,0.00,8.1,4.2,160,7.9
2024-01-03T18:00,9.6,0.00,0.00,0.00,8.1,3.6,186,5.8
2024-01-03T19:00,10.1,0.00,0.00,0.00,8.6,2.9,180,4.3
2024-01-03T20:00,8.9,0.00,0.00,0.00,7.3,5.4,228,6.5
2024-01-03T21:00,9.8,0.00,0.00,0.00,8.5,1.6,333,6.5
2024-01-03T22:00,6.3,0.00,0.00,0.00,3.8,8.7,5,10.8
2024-01-03T23:00,5.9,0.00,0.00,0.00,3.5,9.3,347,12.6
2024-01-04T00:00,5.7,0.00,0.00,0.00,3.2,8.6,2,15.1
2024-01-04T01:00,5.5,0.00,0.00,0.00,3.2,7.0,21,12.2
2024-01-04T02:00,5.5,0.00,0.00,0.00,2.9,8.8,12,13.0
2024-01-04T03:00,5.9,0.00,0.00,0.00,2.9,11.2,356,15.1
2024-01-04T04:00,5.7,0.10,0.00,0.10,2.9,9.0,337,16.9
2024-01-04T05:00,5.7,0.60,0.00,0.60,2.5,12.3,345,16.2
2024-01-04T06:00,5.5,0.20,0.00,0.20,2.2,12.8,350,22.7
2024-01-04T07:00,4.8,0.00,0.00,0.00,1.2,13.9,350,19.8
2024-01-04T08:00,6.5,0.00,0.00,0.00,1.7,22.7,331,33.1
2024-01-04T09:00,7.7,0.10,0.00,0.10,1.4,30.6,342,44.6
2024-01-04T10:00,11.0,0.00,0.00,0.00,5.4,27.8,356,41.8
2024-01-04T11:00,12.7,0.00,0.00,0.00,4.8,39.7,338,57.2
2024-01-04T12:00,12.9,0.00,0.00,0.00,4.3,45.0,328,65.9
2024-01-04T13:00,13.1,0.00,0.00,0.00,3.4,50.8,327,74.2
2024-01-04T14:00,13.0,0.00,0.00,0.00,3.2,50.3,330,74.9
2024-01-04T15:00,11.6,0.00,0.00,0.00,2.4,46.8,325,73.8
2024-01-04T16:00,9.8,0.00,0.00,0.00,0.9,45.0,330,68.0
2024-01-04T17:00,7.9,0.00,0.00,0.00,0.2,36.0,338,65.2
2024-01-04T18:00,7.1,0.00,0.00,0.00,0.4,29.5,340,51.8
2024-01-04T19:00,6.3,0.00,0.00,0.00,0.1,25.7,338,42.5
2024-01-04T20:00,5.5,0.00,0.00,0.00,-0.3,22.9,344,36.7
2024-01-04T21:00,4.7,0.00,0.00,0.00,-0.6,19.8,357,32.8
2024-01-04T22:00,5.4,0.00,0.00,0.00,-0.1,21.0,353,30.6
2024-01-04T23:00,4.9,0.00,0.00,0.00,-0.7,20.9,341,30.2
2024-01-05T00:00,3.9,0.00,0.00,0.00,-1.2,18.5,347,29.9
2024-01-05T01:00,2.5,0.00,0.00,0.00,-1.6,11.8,348,26.3
2024-01-05T02:00,1.3,0.00,0.00,0.00,-2.8,11.6,330,15.8
2024-01-05T03:00,0.7,0.00,0.00,0.00,-3.3,10.9,333,16.2
2024-01-05T04:00,0.3,0.00,0.00,0.00,-3.6,10.5,329,15.1
2024-01-05T05:00,-0.1,0.00,0.00,0.00,-4.0,10.3,324,14.8
2024-01-05T06:00,0.6,0.00,0.00,0.00,-3.1,8.7,322,14.4
2024-01-05T07:00,0.3,0.00,0.00,0.00,-3.3,7.8,326,12.2
2024-01-05T08:00,0.9,0.00,0.00,0.00,-2.8,9.4,337,15.1
2024-01-05T09:00,3.3,0.00,0.00,0.00,-0.1,8.9,339,16.6
2024-01-05T10:00,5.9,0.00,0.00,0.00,2.0,10.2,352,19.8
2024-01-05T11:00,7.8,0.00,0.00,0.00,4.4,7.3,9,20.2
2024-01-05T12:00,9.3,0.00,0.00,0.00,6.3,5.4,48,17.3
2024-01-05T13:00,10.5,0.00,0.00,0.00,8.0,3.7,79,14.8
2024-01-05T14:00,11.3,0.00,0.00,0.00,8.9,4.4,125,13.7
2024-01-05T15:00,11.7,0.00,0.00,0.00,9.4,5.8,97,12.6
2024-01-05T16:00,11.5,0.00,0.00,0.00,8.9,9.7,63,13.3
2024-01-05T17:00,8.8,0.00,0.00,0.00,6.0,11.0,23,15.1
2024-01-05T18:00,7.5,0.00,0.00,0.00,4.0,14.0,359,18.4
2024-01-05T19:00,6.9,0.00,0.00,0.00,3.1,13.7,358,20.9
2024-01-05T20:00,5.9,0.00,0.00,0.00,2.2,12.3,353,18.7
2024-01-05T21:00,4.8,0.00,0.00,0.00,1.2,11.1,347,16.6
2024-01-05T22:00,5.0,0.00,0.00,0.00,2.0,7.3,327,14.0
2024-01-05T23:00,4.1,0.00,0.00,0.00,1.3,5.9,308,8.6
2024-01-06T00:00,3.8,0.00,0.00,0.00,0.7,7.4,299,8.6
2024-01-06T01:00,3.7,0.00,0.00,0.00,0.3,9.0,286,10.8
2024-01-06T02:00,3.5,0.00,0.00,0.00,0.3,7.0,291,10.8
2024-01-06T03:00,5.9,0.00,0.00,0.00,3.1,4.0,297,7.9
2024-01-06T04:00,3.9,0.00,0.00,0.00,0.9,5.3,332,5.8
2024-01-06T05:00,1.5,0.00,0.00,0.00,-1.9,7.6,341,8.6
2024-01-06T06:00,0.9,0.00,0.00,0.00,-2.6,8.7,343,9.7
2024-01-06T07:00,0.4,0.00,0.00,0.00,-3.1,7.9,336,10.4
2024-01-06T08:00,2.6,0.00,0.00,0.00,-0.3,4.8,318,9.4
2024-01-06T09:00,5.5,0.00,0.00,0.00,3.3,2.2,351,8.6
2024-01-06T10:00,7.9,0.00,0.00,0.00,5.2,5.4,360,14.4
2024-01-06T11:00,10.2,0.00,0.00,0.00,7.7,4.6,18,13.7
2024-01-06T12:00,11.8,0.00,0.00,0.00,8.8,8.1,21,17.3
2024-01-06T13:00,13.0,0.00,0.00,0.00,10.1,6.6,29,18.4
2024-01-06T14:00,13.9,0.00,0.00,0.00,11.4,3.8,343,15.8
2024-01-06T15:00,14.1,0.00,0.00,0.00,11.6,5.0,330,11.9
2024-01-06T16:00,13.1,0.00,0.00,0.00,10.9,6.1,28,11.2
2024-01-06T17:00,10.2,0.00,0.00,0.00,7.4,9.4,58,10.8
2024-01-06T18:00,9.3,0.00,0.00,0.00,6.3,9.5,79,11.2
2024-01-06T19:00,9.2,0.00,0.00,0.00,6.7,6.8,115,11.5
2024-01-06T20:00,10.9,0.00,0.00,0.00,8.8,4.4,235,7.9
2024-01-06T21:00,7.1,0.00,0.00,0.00,3.9,10.6,294,11.5
2024-01-06T22:00,6.0,0.00,0.00,0.00,2.1,15.1,3,20.9
2024-01-06T23:00,5.8,0.00,0.00,0.00,3.3,5.1,4,20.5
2024-01-07T00:00,7.2,0.00,0.00,0.00,4.7,4.1,15,6.1
2024-01-07T01:00,6.0,0.00,0.00,0.00,3.3,5.7,162,5.8
2024-01-07T02:00,6.0,0.00,0.00,0.00,3.1,6.4,106,7.2
2024-01-07T03:00,4.6,0.00,0.00,0.00,1.1,9.7,68,10.8
2024-01-07T04:00,3.9,0.00,0.00,0.00,0.3,10.5,38,12.2
2024-01-07T05:00,2.7,0.00,0.00,0.00,-1.3,13.4,354,17.3
2024-01-07T06:00,3.8,0.00,0.00,0.00,-1.1,19.9,338,26.3
2024-01-07T07:00,4.7,0.00,0.00,0.00,-2.4,32.5,339,45.4
2024-01-07T08:00,5.7,0.00,0.00,0.00,-1.2,30.6,340,47.2
2024-01-07T09:00,7.0,0.00,0.00,0.00,0.9,24.1,359,47.5
2024-01-07T10:00,9.5,0.00,0.00,0.00,1.2,36.8,352,55.4
2024-01-07T11:00,10.0,0.00,0.00,0.00,2.8,29.2,357,55.4
2024-01-07T12:00,10.3,0.00,0.00,0.00,4.2,21.8,13,44.6
2024-01-07T13:00,10.8,0.00,0.00,0.00,5.9,14.2,27,34.6
2024-01-07T14:00,10.5,0.00,0.00,0.00,6.6,8.0,54,24.5
2024-01-07T15:00,9.9,0.00,0.00,0.00,6.0,8.9,104,14.8
2024-01-07T16:00,9.1,0.00,0.00,0.00,5.1,11.8,121,18.0
2024-01-07T17:00,8.3,0.00,0.00,0.00,4.5,11.4,101,16.9
2024-01-07T18:00,7.7,0.00,0.00,0.00,3.5,14.4,86,21.2
2024-01-07T19:00,6.1,0.00,0.00,0.00,2.1,14.4,32,20.2
2024-01-07T20:00,4.5,0.30,0.00,0.30,0.9,10.9,17,23.4
2024-01-07T21:00,4.1,0.00,0.00,0.00,-0.0,15.1,342,22.0
2024-01-07T22:00,4.8,0.00,0.00,0.00,0.0,19.0,345,19.8
2024-01-07T23:00,3.2,0.00,0.00,0.00,-1.3,15.2,353,39.6
2024-01-08T00:00,2.2,0.00,0.00,0.00,-2.3,16.3,335,22.0
2024-01-08T01:00,1.4,0.00,0.00,0.00,-3.7,19.4,350,27.4
2024-01-08T02:00,1.9,0.00,0.00,0.00,-3.6,20.3,343,31.3
2024-01-08T03:00,1.2,0.00,0.00,0.00,-3.9,16.5,337,28.8
2024-01-08T04:00,1.7,0.00,0.00,0.00,-5.6,29.8,328,41.4
2024-01-08T05:00,1.8,0.00,0.00,0.00,-5.9,31.8,327,45.7
2024-01-08T06:00,1.6,0.00,0.00,0.00,-5.2,25.8,333,46.4
2024-01-08T07:00,0.7,0.00,0.00,0.00,-4.8,17.6,334,37.1
2024-01-08T08:00,1.7,0.00,0.00,0.00,-3.3,14.0,331,24.5
2024-01-08T09:00,4.4,0.00,0.00,0.00,-0.4,12.4,350,20.5
2024-01-08T10:00,7.1,0.00,0.00,0.00,1.3,18.9,336,27.7
2024-01-08T11:00,8.3,0.00,0.00,0.00,0.9,28.0,316,43.6
2024-01-08T12:00,8.9,0.00,0.00,0.00,1.3,29.0,315,45.0
2024-01-08T13:00,9.4,0.00,0.00,0.00,1.6,29.4,320,46.4
2024-01-08T14:00,9.2,0.00,0.00,0.00,1.8,27.9,330,45.7
2024-01-08T15:00,8.4,0.00,0.00,0.00,1.1,27.6,345,43.2
2024-01-08T16:00,5.7,0.00,0.00,0.00,-1.4,27.4,360,43.2
2024-01-08T17:00,4.0,0.00,0.00,0.00,-1.2,15.2,346,40.3
2024-01-08T18:00,3.3,0.00,0.00,0.00,-1.8,14.2,351,21.2
2024-01-08T19:00,2.6,0.00,0.00,0.00,-2.6,15.3,351,22.0
2024-01-08T20:00,1.6,0.00,0.00,0.00,-3.3,12.6,357,21.6
2024-01-08T21:00,0.6,0.00,0.00,0.00,-4.3,13.6,349,19.4
2024-01-08T22:00,1.4,0.00,0.00,0.00,-4.0,16.5,344,27.0
2024-01-08T23:00,1.1,0.00,0.00,0.00,-4.2,15.9,354,23.4
2024-01-09T00:00,0.4,0.00,0.00,0.00,-4.6,14.4,356,23.0
2024-01-09T01:00,-0.2,0.00,0.00,0.00,-5.2,14.2,353,20.2
2024-01-09T02:00,-0.9,0.00,0.00,0.00,-5.6,12.8,349,20.2
2024-01-09T03:00,-1.5,0.00,0.00,0.00,-6.0,11.4,342,18.0
2024-01-09T04:00,-1.9,0.00,0.00,0.00,-6.4,11.3,333,15.8
2024-01-09T05:00,-2.3,0.00,0.00,0.00,-6.9,11.4,332,15.8
2024-01-09T06:00,-2.8,0.00,0.00,0.00,-7.3,11.1,335,16.2
2024-01-09T07:00,-3.1,0.00,0.00,0.00,-7.6,10.7,327,15.8
2024-01-09T08:00,-1.7,0.00,0.00,0.00,-6.0,9.0,323,15.1
2024-01-09T09:00,0.9,0.00,0.00,0.00,-3.0,6.4,333,15.1
2024-01-09T10:00,4.2,0.00,0.00,0.00,-0.0,8.3,355,19.1
2024-01-09T11:00,5.9,0.00,0.00,0.00,2.1,5.8,7,18.0
2024-01-09T12:00,7.1,0.00,0.00,0.00,4.2,0.5,45,15.8
2024-01-09T13:00,7.8,0.00,0.00,0.00,4.7,3.1,216,13.3
2024-01-09T14:00,8.5,0.00,0.00,0.00,5.5,3.7,119,13.0
2024-01-09T15:00,8.8,0.00,0.00,0.00,5.7,5.4,94,13.3
2024-01-09T16:00,8.5,0.00,0.00,0.00,5.2,7.0,69,13.7
2024-01-09T17:00,6.5,0.00,0.00,0.00,3.4,6.9,43,11.5
2024-01-09T18:00,5.5,0.00,0.00,0.00,2.4,7.0,21,8.6
2024-01-09T19:00,4.8,0.00,0.00,0.00,1.0,10.5,4,13.3
2024-01-09T20:00,3.6,0.00,0.00,0.00,-0.0,9.0,2,13.3
2024-01-09T21:00,2.6,0.00,0.00,0.00,-0.9,8.0,355,11.5
2024-01-09T22:00,2.9,0.00,0.00,0.00,-1.4,11.5,2,15.5
2024-01-09T23:00,1.7,0.00,0.00,0.00,-2.1,8.0,355,15.5
2024-01-10T00:00,1.3,0.00,0.00,0.00,-2.8,9.2,318,10.8
2024-01-10T01:00,0.6,0.00,0.00,0.00,-3.3,8.4,320,13.7
2024-01-10T02:00,-0.3,0.00,0.00,0.00,-4.0,7.3,340,10.4
2024-01-10T03:00,-0.6,0.00,0.00,0.00,-4.6,9.2,312,10.1
2024-01-10T04:00,-0.6,0.00,0.00,0.00,-4.9,10.4,304,13.7
2024-01-10T05:00,-1.2,0.00,0.00,0.00,-5.1,8.2,319,13.0
2024-01-10T06:00,-1.3,0.00,0.00,0.00,-5.2,8.0,262,9.7
2024-01-10T07:00,-1.3,0.00,0.00,0.00,-5.3,7.9,300,10.1
2024-01-10T08:00,1.0,0.00,0.00,0.00,-2.9,7.1,315,13.0
2024-01-10T09:00,3.8,0.00,0.00,0.00,0.5,4.6,309,11.2
2024-01-10T10:00,7.1,0.00,0.00,0.00,3.7,5.9,346,14.4
2024-01-10T11:00,9.6,0.00,0.00,0.00,6.4,4.5,29,14.4
2024-01-10T12:00,11.0,0.00,0.00,0.00,7.4,7.3,33,16.9
2024-01-10T13:00,12.0,0.00,0.00,0.00,7.2,15.8,12,26.3
2024-01-10T14:00,12.6,0.00,0.00,0.00,7.2,19.5,2,31.0
2024-01-10T15:00,12.5,0.00,0.00,0.00,7.2,18.6,351,31.0
2024-01-10T16:00,10.8,0.00,0.00,0.00,4.3,26.4,322,38.2
2024-01-10T17:00,8.9,0.00,0.00,0.00,2.1,28.7,336,44.3
2024-01-10T18:00,7.4,0.00,0.00,0.00,2.0,20.4,351,41.4
2024-01-10T19:00,6.4,0.00,0.00,0.00,1.0,19.1,338,29.5
2024-01-10T20:00,5.5,0.00,0.00,0.00,0.3,18.1,354,27.4
2024-01-10T21:00,4.4,0.00,0.00,0.00,-0.8,17.6,359,26.6
2024-01-10T22:00,5.6,0.00,0.00,0.00,0.1,19.6,347,28.8
2024-01-10T23:00,4.5,0.00,0.00,0.00,-1.3,21.1,352,32.0
2024-01-11T00:00,3.5,0.00,0.00,0.00,-1.7,17.7,4,31.0
2024-01-11T01:00,3.1,0.00,0.00,0.00,-2.3,18.8,5,28.1
2024-01-11T02:00,3.1,0.00,0.00,0.00,-2.7,21.3,358,31.0
2024-01-11T03:00,2.3,0.00,0.00,0.00,-3.6,21.3,354,31.3
2024-01-11T04:00,1.6,0.00,0.00,0.00,-4.4,22.2,352,32.4
2024-01-11T05:00,0.7,0.00,0.00,0.00,-5.0,19.5,348,32.0
2024-01-11T06:00,0.3,0.00,0.00,0.00,-5.7,21.5,346,31.3
2024-01-11T07:00,0.3,0.00,0.00,0.00,-6.1,23.9,342,34.9
2024-01-11T08:00,0.9,0.00,0.00,0.00,-4.9,19.7,332,34.9
2024-01-11T09:00,2.6,0.00,0.00,0.00,-4.2,26.3,337,39.6
2024-01-11T10:00,4.5,0.00,0.00,0.00,-2.3,26.7,339,40.7
2024-01-11T11:00,5.8,0.00,0.00,0.00,-1.3,28.8,347,44.3
2024-01-11T12:00,7.6,0.00,0.00,0.00,0.9,26.6,347,45.7
2024-01-11T13:00,8.2,0.00,0.00,0.00,1.4,27.1,349,42.1
2024-01-11T14:00,8.6,0.00,0.00,0.00,2.1,23.6,353,42.5
2024-01-11T15:00,8.2,0.00,0.00,0.00,2.0,21.3,2,36.7
2024-01-11T16:00,7.8,0.00,0.00,0.00,2.5,15.1,1,32.0
2024-01-11T17:00,6.3,0.00,0.00,0.00,2.0,9.0,360,22.0
2024-01-11T18:00,5.2,0.00,0.00,0.00,0.9,9.4,337,13.0
2024-01-11T19:00,3.8,0.00,0.00,0.00,-0.9,11.5,316,15.1
2024-01-11T20:00,2.9,0.00,0.00,0.00,-1.7,11.1,306,16.6
2024-01-11T21:00,1.8,0.00,0.00,0.00,-2.6,10.2,293,14.8
2024-01-11T22:00,1.3,0.00,0.00,0.00,-3.2,10.6,305,19.4
2024-01-11T23:00,0.1,0.00,0.00,0.00,-4.2,9.8,324,14.0
2024-01-12T00:00,-1.0,0.00,0.00,0.00,-5.0,8.6,327,13.0
2024-01-12T01:00,-1.6,0.00,0.00,0.00,-5.6,7.9,321,10.4
2024-01-12T02:00,-1.9,0.00,0.00,0.00,-6.0,8.8,325,11.2
2024-01-12T03:00,-2.8,0.00,0.00,0.00,-6.4,5.8,330,11.5
2024-01-12T04:00,-2.7,0.00,0.00,0.00,-6.7,7.9,344,9.0
2024-01-12T05:00,-2.7,0.00,0.00,0.00,-7.1,10.7,348,14.4
2024-01-12T06:00,-3.1,0.00,0.00,0.00,-7.5,10.5,344,14.8
2024-01-12T07:00,-3.2,0.00,0.00,0.00,-7.6,10.6,342,15.1
2024-01-12T08:00,-1.3,0.00,0.00,0.00,-5.5,9.2,329,15.1
2024-01-12T09:00,2.2,0.00,0.00,0.00,-1.8,7.3,327,15.8
2024-01-12T10:00,5.3,0.00,0.00,0.00,2.0,2.3,39,12.6
2024-01-12T11:00,7.6,0.00,0.00,0.00,4.3,3.0,104,11.9
2024-01-12T12:00,9.8,0.00,0.00,0.00,6.3,6.4,137,15.8
2024-01-12T13:00,11.6,0.00,0.00,0.00,8.4,6.4,128,16.9
2024-01-12T14:00,13.0,0.00,0.00,0.00,9.6,8.5,126,17.6
2024-01-12T15:00,13.7,0.00,0.00,0.00,10.1,9.9,136,19.4
2024-01-12T16:00,13.4,0.00,0.00,0.00,10.3,7.4,137,18.4
2024-01-12T17:00,12.6,0.00,0.00,0.00,10.0,4.4,125,10.1
2024-01-12T18:00,9.4,0.00,0.00,0.00,5.8,11.4,342,9.7
2024-01-12T19:00,7.0,0.00,0.00,0.00,1.1,23.0,335,32.4
2024-01-12T20:00,6.0,0.00,0.00,0.00,0.4,21.8,338,33.1
2024-01-12T21:00,5.0,0.00,0.00,0.00,-0.4,20.5,338,31.3
2024-01-12T22:00,6.4,0.00,0.00,0.00,1.8,15.9,335,28.1
2024-01-12T23:00,5.8,0.00,0.00,0.00,1.2,15.8,343,22.7
2024-01-13T00:00,5.6,0.00,0.00,0.00,0.5,19.0,350,26.6
2024-01-13T01:00,5.2,0.00,0.00,0.00,-0.0,19.1,349,27.4
2024-01-13T02:00,4.3,0.00,0.00,0.00,-0.3,14.9,352,26.6
2024-01-13T03:00,3.7,0.00,0.00,0.00,-0.7,12.9,347,20.5
2024-01-13T04:00,3.7,0.00,0.00,0.00,-0.9,14.2,351,19.4
2024-01-13T05:00,3.0,0.00,0.00,0.00,-1.4,13.0,358,19.8
2024-01-13T06:00,2.4,0.00,0.00,0.00,-1.7,10.8,360,17.6
2024-01-13T07:00,1.9,0.00,0.00,0.00,-2.2,10.5,356,14.4
2024-01-13T08:00,3.2,0.00,0.00,0.00,-0.7,9.4,2,14.8
2024-01-13T09:00,5.8,0.00,0.00,0.00,1.8,9.8,28,17.3
2024-01-13T10:00,8.5,0.00,0.00,0.00,3.3,16.6,360,28.1
2024-01-13T11:00,9.8,0.00,0.00,0.00,5.1,12.5,12,28.1
2024-01-13T12:00,10.3,0.00,0.00,0.00,6.3,9.2,45,24.1
2024-01-13T13:00,10.5,0.00,0.00,0.00,7.5,2.9,83,20.5
2024-01-13T14:00,11.3,0.00,0.00,0.00,8.1,3.7,151,12.6
2024-01-13T15:00,11.0,0.30,0.00,0.30,6.1,15.9,354,20.9
2024-01-13T16:00,6.0,0.00,0.00,0.00,-1.0,33.0,7,54.7
2024-01-13T17:00,4.3,0.70,0.00,0.70,-3.2,34.2,1,52.9
2024-01-13T18:00,3.9,0.30,0.00,0.30,-3.2,30.6,339,56.9
2024-01-13T19:00,3.7,0.00,0.00,0.00,-3.3,28.9,356,45.0
2024-01-13T20:00,2.9,0.00,0.00,0.00,-4.3,29.0,354,42.5
2024-01-13T21:00,2.4,0.00,0.00,0.00,-5.2,30.9,335,45.7
2024-01-13T22:00,3.0,0.00,0.00,0.00,-5.8,39.1,334,55.4
2024-01-13T23:00,2.5,0.00,0.00,0.00,-5.3,32.5,332,57.2
2024-01-14T00:00,1.9,0.00,0.00,0.00,-4.8,25.0,330,46.8
2024-01-14T01:00,1.7,0.00,0.00,0.00,-6.2,32.2,328,43.9
2024-01-14T02:00,1.8,0.00,0.00,0.00,-7.3,40.6,330,60.1
2024-01-14T03:00,1.4,0.00,0.00,0.00,-6.7,34.4,339,59.0
2024-01-14T04:00,1.0,0.00,0.00,0.00,-5.6,24.1,346,49.7
2024-01-14T05:00,0.1,0.00,0.00,0.00,-5.5,16.9,1,34.2
2024-01-14T06:00,-0.7,0.00,0.00,0.00,-5.9,14.7,22,23.8
2024-01-14T07:00,-2.3,0.00,0.00,0.00,-6.5,7.9,24,20.2
2024-01-14T08:00,0.1,0.00,0.00,0.00,-3.5,3.4,32,9.4
2024-01-14T09:00,1.9,0.00,0.00,0.00,-1.5,1.3,34,8.3
2024-01-14T10:00,4.1,0.00,0.00,0.00,-0.1,7.6,109,16.9
2024-01-14T11:00,6.3,0.00,0.00,0.00,1.7,10.4,134,20.9
2024-01-14T12:00,8.1,0.00,0.00,0.00,1.9,22.0,159,35.3
2024-01-14T13:00,10.0,0.00,0.00,0.00,2.9,30.6,171,46.4
2024-01-14T14:00,10.5,0.00,0.00,0.00,2.6,38.8,186,58.0
2024-01-14T15:00,11.9,0.00,0.00,0.00,3.7,40.1,199,58.3
2024-01-14T16:00,10.6,0.00,0.00,0.00,2.4,41.2,208,63.0
2024-01-14T17:00,9.5,0.00,0.00,0.00,1.9,38.2,210,60.1
2024-01-14T18:00,9.1,0.00,0.00,0.00,2.0,35.9,207,55.8
2024-01-14T19:00,8.8,0.00,0.00,0.00,1.4,35.8,209,53.6
2024-01-14T20:00,8.1,0.00,0.00,0.00,1.0,30.5,213,51.8
2024-01-14T21:00,7.2,0.00,0.00,0.00,1.4,21.5,220,44.3
2024-01-14T22:00,3.3,0.00,0.00,0.00,-1.2,12.2,360,16.6
2024-01-14T23:00,2.4,0.00,0.00,0.00,-2.7,16.0,9,21.6
2024-01-15T00:00,1.1,0.00,0.00,0.00,-4.0,15.5,18,22.3
2024-01-15T01:00,0.3,0.00,0.00,0.00,-3.8,8.9,21,21.6
2024-01-15T02:00,0.9,0.00,0.00,0.00,-2.4,3.8,107,11.5
2024-01-15T03:00,4.7,0.00,0.00,0.00,-0.1,17.8,198,23.4
2024-01-15T04:00,4.1,0.00,0.00,0.00,0.5,9.8,262,25.9
2024-01-15T05:00,1.1,0.00,0.00,0.00,-3.7,15.5,355,24.5
2024-01-15T06:00,1.9,0.00,0.00,0.00,-3.5,19.0,327,26.6
2024-01-15T07:00,4.3,0.00,0.00,0.00,-2.4,28.9,327,37.8
2024-01-15T08:00,6.2,0.00,0.00,0.00,-2.4,40.9,335,59.4
2024-01-15T09:00,6.9,0.00,0.00,0.00,-1.2,36.2,343,59.0
2024-01-15T10:00,9.3,0.00,0.00,0.00,0.8,39.0,334,58.7
2024-01-15T11:00,9.7,0.00,0.00,0.00,0.4,42.8,334,64.1
2024-01-15T12:00,9.6,0.00,0.00,0.00,0.5,41.1,340,64.4
2024-01-15T13:00,9.3,0.00,0.00,0.00,0.2,41.1,341,62.3
2024-01-15T14:00,8.3,0.00,0.00,0.00,-1.6,45.8,342,67.7
2024-01-15T15:00,6.5,0.00,0.00,0.00,-3.7,48.0,342,70.6
2024-01-15T16:00,5.4,0.00,0.00,0.00,-4.7,47.2,341,72.0
2024-01-15T17:00,4.0,0.00,0.00,0.00,-5.6,43.7,341,69.1
2024-01-15T18:00,3.4,0.00,0.00,0.00,-6.1,43.1,338,64.4
2024-01-15T19:00,3.0,0.00,0.00,0.00,-6.3,41.4,339,62.6
2024-01-15T20:00,2.6,0.00,0.00,0.00,-6.7,41.5,338,59.8
2024-01-15T21:00,2.5,0.00,0.00,0.00,-8.0,49.2,342,71.3
2024-01-15T22:00,4.5,0.00,0.00,0.00,-5.5,45.2,344,76.7
2024-01-15T23:00,4.1,0.00,0.00,0.00,-4.6,36.2,338,65.5
2024-01-16T00:00,2.9,0.00,0.00,0.00,-3.8,22.6,338,52.2
2024-01-16T01:00,1.0,0.00,0.00,0.00,-4.6,16.3,5,32.0
2024-01-16T02:00,-0.2,0.00,0.00,0.00,-5.5,14.9,7,23.0
2024-01-16T03:00,-0.7,0.00,0.00,0.00,-6.7,19.8,3,28.1
2024-01-16T04:00,-0.9,0.00,0.00,0.00,-7.1,21.1,8,31.3
2024-01-16T05:00,-1.4,0.00,0.00,0.00,-7.4,20.1,10,30.2
2024-01-16T06:00,-1.6,0.00,0.00,0.00,-7.1,16.2,359,29.2
2024-01-16T07:00,-2.5,0.00,0.00,0.00,-7.0,9.3,344,23.0
2024-01-16T08:00,-0.5,0.00,0.00,0.00,-5.0,9.2,318,13.3
2024-01-16T09:00,2.6,0.00,0.00,0.00,-2.9,14.7,324,22.7
2024-01-16T10:00,4.4,0.00,0.00,0.00,-2.2,23.5,345,36.4
2024-01-16T11:00,6.4,0.00,0.00,0.00,-2.7,38.2,322,52.9
2024-01-16T12:00,7.0,0.00,0.00,0.00,-3.3,46.1,315,66.2
2024-01-16T13:00,7.6,0.00,0.00,0.00,-3.6,52.8,319,75.6
2024-01-16T14:00,7.1,0.00,0.00,0.00,-4.3,54.4,322,80.3
2024-01-16T15:00,6.6,0.00,0.00,0.00,-4.9,54.4,326,85.0
2024-01-16T16:00,5.0,0.00,0.00,0.00,-5.7,49.7,327,83.5
2024-01-16T17:00,3.8,0.00,0.00,0.00,-5.6,41.1,336,69.8
2024-01-16T18:00,3.3,0.00,0.00,0.00,-4.7,32.2,344,59.8
2024-01-16T19:00,3.2,0.00,0.00,0.00,-3.8,25.7,342,46.1
2024-01-16T20:00,3.0,0.00,0.00,0.00,-4.4,28.2,335,39.6
2024-01-16T21:00,2.9,0.00,0.00,0.00,-4.9,31.3,331,46.4
2024-01-16T22:00,3.2,0.00,0.00,0.00,-2.9,18.9,339,38.5
2024-01-16T23:00,1.7,0.00,0.00,0.00,-3.4,12.8,320,26.6
2024-01-17T00:00,0.5,0.00,0.00,0.00,-4.9,14.5,312,19.1
2024-01-17T01:00,0.5,0.00,0.00,0.00,-5.4,17.9,322,24.5
2024-01-17T02:00,0.6,0.00,0.00,0.00,-5.4,19.1,319,27.4
2024-01-17T03:00,0.3,0.00,0.00,0.00,-5.6,18.9,320,27.0
2024-01-17T04:00,0.1,0.00,0.00,0.00,-5.6,17.1,321,26.6
2024-01-17T05:00,-0.4,0.00,0.00,0.00,-5.8,14.5,316,23.8
2024-01-17T06:00,-0.9,0.00,0.00,0.00,-6.0,12.2,332,19.8
2024-01-17T07:00,-1.5,0.00,0.00,0.00,-6.3,10.9,351,16.2
2024-01-17T08:00,0.3,0.00,0.00,0.00,-4.4,10.4,2,15.8
2024-01-17T09:00,2.6,0.00,0.00,0.00,-1.6,7.4,23,16.2
2024-01-17T10:00,5.8,0.00,0.00,0.00,0.3,16.9,358,27.7
2024-01-17T11:00,8.6,0.00,0.00,0.00,2.9,17.3,358,31.7
2024-01-17T12:00,9.9,0.00,0.00,0.00,5.5,9.0,358,29.9
2024-01-17T13:00,10.8,0.00,0.00,0.00,7.1,3.9,22,19.8
2024-01-17T14:00,11.5,0.00,0.00,0.00,7.3,7.4,157,15.8
2024-01-17T15:00,11.5,0.00,0.00,0.00,7.3,10.0,154,19.8
2024-01-17T16:00,10.9,0.00,0.00,0.00,7.1,9.1,162,18.7
2024-01-17T17:00,8.4,0.00,0.00,0.00,5.5,6.6,167,14.8
2024-01-17T18:00,7.5,0.00,0.00,0.00,4.9,5.1,176,7.6
2024-01-17T19:00,7.2,0.00,0.00,0.00,4.7,4.2,160,5.8
2024-01-17T20:00,7.5,0.00,0.00,0.00,5.0,3.8,131,5.0
2024-01-17T21:00,7.4,0.00,0.00,0.00,4.9,4.0,355,4.3
2024-01-17T22:00,5.1,0.00,0.00,0.00,1.3,11.7,342,16.2
2024-01-17T23:00,4.4,0.00,0.00,0.00,0.2,12.3,339,18.0
2024-01-18T00:00,4.0,0.00,0.00,0.00,-0.4,11.9,335,18.4
2024-01-18T01:00,3.1,0.00,0.00,0.00,-1.2,10.4,340,17.3
2024-01-18T02:00,2.6,0.00,0.00,0.00,-1.7,10.2,352,14.4
2024-01-18T03:00,2.4,0.00,0.00,0.00,-1.7,9.2,339,14.8
2024-01-18T04:00,1.8,0.00,0.00,0.00,-2.6,11.1,335,15.8
2024-01-18T05:00,1.1,0.00,0.00,0.00,-3.2,10.6,336,15.8
2024-01-18T06:00,1.0,0.00,0.00,0.00,-3.5,12.3,328,17.3
2024-01-18T07:00,0.9,0.00,0.00,0.00,-3.5,11.4,342,17.3
2024-01-18T08:00,2.4,0.00,0.00,0.00,-1.6,8.4,340,15.5
2024-01-18T09:00,5.1,0.00,0.00,0.00,1.7,4.5,331,14.0
2024-01-18T10:00,9.1,0.00,0.00,0.00,5.7,4.1,142,10.4
2024-01-18T11:00,11.8,0.00,0.00,0.00,8.1,9.2,169,18.0
2024-01-18T12:00,12.8,0.00,0.00,0.00,8.7,14.0,154,25.6
2024-01-18T13:00,11.9,0.00,0.00,0.00,8.2,12.5,134,25.6
2024-01-18T14:00,12.3,0.00,0.00,0.00,9.2,9.1,124,22.3
2024-01-18T15:00,12.2,0.00,0.00,0.00,9.5,6.8,122,18.0
2024-01-18T16:00,12.2,0.00,0.00,0.00,9.8,4.7,81,13.0
2024-01-18T17:00,11.3,0.00,0.00,0.00,8.5,8.0,27,10.4
2024-01-18T18:00,10.5,0.00,0.00,0.00,7.5,9.4,7,12.2
2024-01-18T19:00,8.9,0.00,0.00,0.00,5.8,9.0,5,13.7
2024-01-18T20:00,8.6,0.00,0.00,0.00,6.1,5.5,337,11.2
2024-01-18T21:00,7.8,0.00,0.00,0.00,4.4,10.7,315,12.2
2024-01-18T22:00,9.5,0.00,0.00,0.00,5.3,15.1,335,21.2
2024-01-18T23:00,8.8,0.00,0.00,0.00,4.1,16.0,337,23.0
2024-01-19T00:00,8.0,0.00,0.00,0.00,3.3,17.0,347,24.5
2024-01-19T01:00,7.7,0.00,0.00,0.00,3.0,17.3,356,25.6
2024-01-19T02:00,7.5,0.00,0.00,0.00,3.2,16.2,359,24.8
2024-01-19T03:00,7.5,0.00,0.00,0.00,3.2,16.5,344,23.8
2024-01-19T04:00,7.3,0.00,0.00,0.00,2.8,18.9,347,27.7
2024-01-19T05:00,7.1,0.00,0.00,0.00,3.0,16.2,357,27.4
2024-01-19T06:00,7.0,0.00,0.00,0.00,3.4,13.1,9,23.8
2024-01-19T07:00,7.1,0.00,0.00,0.00,3.8,10.8,15,19.1
2024-01-19T08:00,7.7,0.00,0.00,0.00,4.5,9.5,37,15.8
2024-01-19T09:00,8.5,0.00,0.00,0.00,5.0,11.8,50,17.3
2024-01-19T10:00,12.5,0.00,0.00,0.00,8.6,13.5,9,23.4
2024-01-19T11:00,13.1,0.00,0.00,0.00,8.8,15.7,11,27.7
2024-01-19T12:00,13.9,0.00,0.00,0.00,9.5,15.5,18,28.4
2024-01-19T13:00,14.5,0.00,0.00,0.00,10.2,14.7,22,28.1
2024-01-19T14:00,14.7,0.00,0.00,0.00,10.4,15.4,37,27.7
2024-01-19T15:00,14.4,0.00,0.00,0.00,10.1,15.7,58,27.7
2024-01-19T16:00,12.5,0.00,0.00,0.00,7.5,22.8,78,33.5
2024-01-19T17:00,10.4,0.00,0.00,0.00,5.2,24.4,82,37.8
2024-01-19T18:00,8.7,0.00,0.00,0.00,3.4,24.4,77,38.2
2024-01-19T19:00,8.1,0.00,0.00,0.00,3.7,18.5,77,35.3
2024-01-19T20:00,7.7,0.00,0.00,0.00,3.7,14.6,70,26.6
2024-01-19T21:00,7.1,0.00,0.00,0.00,3.3,11.8,31,20.5
2024-01-19T22:00,8.4,0.00,0.00,0.00,4.6,12.6,360,18.7
2024-01-19T23:00,7.9,0.00,0.00,0.00,3.4,14.8,1,21.6
2024-01-20T00:00,7.3,0.00,0.00,0.00,2.6,15.6,8,23.8
2024-01-20T01:00,7.0,0.00,0.00,0.00,2.5,14.5,6,23.4
2024-01-20T02:00,6.7,0.00,0.00,0.00,2.2,13.8,351,21.6
2024-01-20T03:00,6.2,0.00,0.00,0.00,1.5,15.1,348,22.3
2024-01-20T04:00,5.9,0.00,0.00,0.00,1.3,14.5,341,22.3
2024-01-20T05:00,5.6,0.00,0.00,0.00,1.1,13.8,340,21.6
2024-01-20T06:00,5.4,0.00,0.00,0.00,0.9,14.3,350,21.6
2024-01-20T07:00,5.2,0.00,0.00,0.00,0.6,14.6,344,22.0
2024-01-20T08:00,5.2,0.00,0.00,0.00,0.5,15.6,341,24.1
2024-01-20T09:00,5.5,0.00,0.00,0.00,0.5,16.9,333,25.9
2024-01-20T10:00,5.6,0.30,0.00,0.30,0.5,17.6,332,27.4
2024-01-20T11:00,6.1,0.40,0.00,0.40,1.0,18.1,329,28.4
2024-01-20T12:00,5.9,0.60,0.00,0.60,0.7,19.2,326,29.5
2024-01-20T13:00,5.9,0.50,0.00,0.50,0.6,20.6,327,31.3
2024-01-20T14:00,6.1,0.40,0.00,0.40,0.9,21.4,331,32.4
2024-01-20T15:00,6.0,0.50,0.00,0.50,0.8,21.7,333,32.8
2024-01-20T16:00,5.8,0.40,0.00,0.40,0.7,21.7,331,33.1
2024-01-20T17:00,5.5,0.10,0.00,0.10,0.8,19.3,333,32.4
2024-01-20T18:00,5.4,0.10,0.00,0.10,0.7,19.2,332,28.4
2024-01-20T19:00,5.2,0.50,0.00,0.50,0.7,18.4,329,28.4
2024-01-20T20:00,4.9,0.60,0.00,0.60,0.5,18.2,333,28.4
2024-01-20T21:00,4.8,0.10,0.00,0.10,0.4,18.5,331,27.7
2024-01-20T22:00,4.8,0.30,0.00,0.30,0.0,20.8,337,31.3
2024-01-20T23:00,4.9,0.80,0.00,0.80,0.5,18.6,328,31.0
2024-01-21T00:00,5.1,1.50,0.00,1.50,0.6,20.0,326,29.5
2024-01-21T01:00,5.3,1.70,0.00,1.70,0.2,23.8,335,36.4
2024-01-21T02:00,5.3,1.40,0.00,1.40,0.5,22.5,340,35.3
2024-01-21T03:00,5.2,0.90,0.00,0.90,0.3,23.7,338,35.6
2024-01-21T04:00,5.3,1.10,0.00,1.10,0.5,22.7,335,34.9
2024-01-21T05:00,5.5,1.70,0.00,1.70,0.9,21.9,340,34.2
2024-01-21T06:00,5.4,1.80,0.00,1.80,0.7,23.0,335,38.9
2024-01-21T07:00,5.9,5.40,0.00,5.40,1.4,22.3,337,42.5
2024-01-21T08:00,6.0,4.40,0.00,4.40,1.2,25.1,352,37.8
2024-01-21T09:00,7.2,2.00,0.00,2.00,1.6,30.8,316,43.9
2024-01-21T10:00,7.6,1.70,0.00,1.70,2.9,25.8,320,37.8
2024-01-21T11:00,8.5,1.40,0.00,1.40,3.5,28.5,328,43.2
2024-01-21T12:00,9.3,2.20,0.00,2.20,4.3,29.0,335,47.9
2024-01-21T13:00,10.7,0.40,0.00,0.40,5.9,28.2,322,45.0
2024-01-21T14:00,11.9,0.00,0.00,0.00,7.2,28.6,324,42.5
2024-01-21T15:00,13.4,0.00,0.00,0.00,9.0,27.4,325,45.4
2024-01-21T16:00,13.3,0.00,0.00,0.00,9.7,22.8,321,40.3
2024-01-21T17:00,12.1,0.00,0.00,0.00,7.3,28.7,325,39.2
2024-01-21T18:00,11.6,0.00,0.00,0.00,4.4,41.1,327,58.7
2024-01-21T19:00,11.2,0.00,0.00,0.00,3.7,42.2,328,60.5
2024-01-21T20:00,10.2,0.00,0.00,0.00,3.8,34.6,338,60.5
2024-01-21T21:00,9.5,0.00,0.00,0.00,3.8,29.5,347,49.3
2024-01-21T22:00,10.3,0.00,0.00,0.00,4.5,31.3,351,61.6
2024-01-21T23:00,9.1,0.00,0.00,0.00,4.2,25.8,7,44.6
2024-01-22T00:00,8.5,0.00,0.00,0.00,2.9,29.2,10,41.8
2024-01-22T01:00,8.3,0.00,0.00,0.00,2.5,29.4,7,43.2
2024-01-22T02:00,8.0,0.00,0.00,0.00,2.4,28.2,4,42.5
2024-01-22T03:00,7.7,0.00,0.00,0.00,2.6,24.9,5,40.7
2024-01-22T04:00,7.1,0.00,0.00,0.00,2.8,19.8,357,35.6
2024-01-22T05:00,6.5,0.00,0.00,0.00,2.7,16.4,345,28.1
2024-01-22T06:00,5.8,0.00,0.00,0.00,2.3,14.2,336,23.0
2024-01-22T07:00,5.3,0.00,0.00,0.00,1.7,14.2,339,19.8
2024-01-22T08:00,6.9,0.00,0.00,0.00,3.7,13.2,331,20.2
2024-01-22T09:00,9.1,0.00,0.00,0.00,5.7,15.7,340,25.2
2024-01-22T10:00,11.3,0.00,0.00,0.00,8.2,14.1,347,23.8
2024-01-22T11:00,12.2,0.00,0.00,0.00,9.3,12.6,2,24.5
2024-01-22T12:00,12.9,0.00,0.00,0.00,10.5,10.3,12,23.0
2024-01-22T13:00,13.4,0.00,0.00,0.00,11.6,5.9,52,20.2
2024-01-22T14:00,14.2,0.00,0.00,0.00,12.1,8.2,142,15.8
2024-01-22T15:00,14.0,0.00,0.00,0.00,11.6,10.6,162,18.0
2024-01-22T16:00,13.4,0.00,0.00,0.00,11.4,9.7,180,16.9
2024-01-22T17:00,12.0,0.00,0.00,0.00,9.8,11.6,185,15.8
2024-01-22T18:00,11.5,0.00,0.00,0.00,8.9,14.2,171,19.8
2024-01-22T19:00,11.1,0.00,0.00,0.00,8.7,12.8,170,19.8
2024-01-22T20:00,11.1,0.00,0.00,0.00,8.8,13.7,162,19.1
2024-01-22T21:00,11.0,0.70,0.00,0.70,9.0,12.3,148,19.4
2024-01-22T22:00,10.2,0.00,0.00,0.00,7.5,16.9,140,23.8
2024-01-22T23:00,10.2,0.00,0.00,0.00,7.7,14.8,167,23.8
2024-01-23T00:00,8.4,0.00,0.00,0.00,6.0,11.1,283,20.5
2024-01-23T01:00,5.9,0.00,0.00,0.00,2.4,16.6,342,23.8
2024-01-23T02:00,6.1,0.00,0.00,0.00,3.2,12.4,330,23.4
2024-01-23T03:00,5.7,0.00,0.00,0.00,3.4,8.1,315,17.6
2024-01-23T04:00,5.0,0.00,0.00,0.00,2.7,6.8,302,10.4
2024-01-23T05:00,4.9,0.00,0.00,0.00,2.3,9.0,344,11.2
2024-01-23T06:00,4.9,0.00,0.00,0.00,1.8,11.8,12,15.8
2024-01-23T07:00,4.8,0.00,0.00,0.00,1.6,12.7,352,18.0
2024-01-23T08:00,6.7,0.00,0.00,0.00,2.8,16.2,339,24.1
2024-01-23T09:00,7.4,0.00,0.00,0.00,2.9,18.4,354,28.4
2024-01-23T10:00,9.9,0.00,0.00,0.00,5.7,18.7,1,29.9
2024-01-23T11:00,10.7,0.00,0.00,0.00,6.7,18.4,4,31.0
2024-01-23T12:00,11.1,0.00,0.00,0.00,7.4,15.7,11,29.9
2024-01-23T13:00,11.9,0.00,0.00,0.00,7.9,14.6,350,25.9
2024-01-23T14:00,11.8,0.00,0.00,0.00,7.1,16.9,344,26.6
2024-01-23T15:00,11.4,0.00,0.00,0.00,6.9,14.2,330,26.6
2024-01-23T16:00,10.8,0.00,0.00,0.00,7.4,9.8,324,21.6
2024-01-23T17:00,9.1,0.00,0.00,0.00,5.8,12.4,22,16.6
2024-01-23T18:00,7.4,0.00,0.00,0.00,3.2,16.7,53,23.8
2024-01-23T19:00,6.3,0.00,0.00,0.00,2.9,10.2,39,23.4
2024-01-23T20:00,5.7,0.00,0.00,0.00,2.9,7.6,25,14.0
2024-01-23T21:00,5.3,0.00,0.00,0.00,1.8,10.7,20,15.1
2024-01-23T22:00,4.6,0.80,0.14,0.60,1.2,10.1,325,29.5
2024-01-23T23:00,4.4,0.10,0.00,0.10,0.3,13.5,316,19.8
2024-01-24T00:00,3.2,0.00,0.00,0.00,-0.8,11.4,325,20.2
2024-01-24T01:00,2.9,0.00,0.00,0.00,-0.2,4.7,266,17.6
2024-01-24T02:00,2.4,0.00,0.00,0.00,-0.3,1.4,180,6.8
2024-01-24T03:00,0.9,0.00,0.00,0.00,-3.3,11.9,29,15.8
2024-01-24T04:00,0.6,0.00,0.00,0.00,-4.4,14.5,333,16.9
2024-01-24T05:00,1.1,0.00,0.00,0.00,-5.0,20.8,330,31.3
2024-01-24T06:00,0.3,0.00,0.00,0.00,-5.1,15.9,327,29.5
2024-01-24T07:00,-0.6,0.00,0.00,0.00,-5.4,11.9,295,22.0
2024-01-24T08:00,0.7,0.00,0.00,0.00,-3.4,8.7,263,15.8
2024-01-24T09:00,2.8,0.00,0.00,0.00,-1.3,8.7,225,16.9
2024-01-24T10:00,6.0,0.00,0.00,0.00,-0.2,19.6,316,29.9
2024-01-24T11:00,6.7,0.00,0.00,0.00,-0.0,22.1,323,37.4
2024-01-24T12:00,6.6,0.00,0.00,0.00,-0.3,24.3,328,38.2
2024-01-24T13:00,7.0,0.00,0.00,0.00,-0.7,28.6,312,43.2
2024-01-24T14:00,6.4,0.10,0.07,0.00,-3.0,40.5,322,59.0
2024-01-24T15:00,5.3,0.00,0.00,0.00,-5.3,48.4,321,69.8
2024-01-24T16:00,4.5,0.00,0.00,0.00,-5.2,42.5,324,70.9
2024-01-24T17:00,2.8,0.00,0.00,0.00,-5.7,34.8,321,61.6
2024-01-24T18:00,2.2,0.00,0.00,0.00,-5.6,29.7,322,50.4
2024-01-24T19:00,1.4,0.00,0.00,0.00,-5.8,26.3,324,42.8
2024-01-24T20:00,0.7,0.00,0.00,0.00,-5.6,20.5,321,37.8
2024-01-24T21:00,0.3,0.00,0.00,0.00,-5.7,18.3,317,29.2
2024-01-24T22:00,-1.7,0.00,0.00,0.00,-6.2,9.4,302,21.2
2024-01-24T23:00,-2.4,0.00,0.00,0.00,-7.1,10.8,266,14.0
2024-01-25T00:00,-2.1,0.00,0.00,0.00,-7.3,13.3,251,17.3
2024-01-25T01:00,-2.0,0.00,0.00,0.00,-7.4,14.1,251,18.7
2024-01-25T02:00,-2.4,0.00,0.00,0.00,-7.7,13.8,250,19.4
2024-01-25T03:00,-2.9,0.00,0.00,0.00,-8.0,11.9,241,18.4
2024-01-25T04:00,-3.5,0.00,0.00,0.00,-8.2,9.7,239,15.8
2024-01-25T05:00,-3.8,0.00,0.00,0.00,-8.4,9.2,244,12.2
2024-01-25T06:00,-3.5,0.00,0.00,0.00,-8.3,11.0,238,13.7
2024-01-25T07:00,-2.7,0.00,0.00,0.00,-7.9,13.2,241,17.3
2024-01-25T08:00,0.3,0.00,0.00,0.00,-4.8,12.8,238,18.4
2024-01-25T09:00,3.6,0.00,0.00,0.00,-1.2,12.1,240,19.4
2024-01-25T10:00,6.1,0.00,0.00,0.00,1.0,13.0,264,22.3
2024-01-25T11:00,6.8,0.00,0.00,0.00,1.1,16.9,270,28.1
2024-01-25T12:00,7.8,0.00,0.00,0.00,1.0,25.6,305,38.2
2024-01-25T13:00,8.1,0.00,0.00,0.00,-0.7,38.7,316,56.9
2024-01-25T14:00,7.6,0.00,0.00,0.00,-2.8,48.5,322,70.2
2024-01-25T15:00,7.1,0.00,0.00,0.00,-3.2,47.5,326,74.2
2024-01-25T16:00,5.9,0.00,0.00,0.00,-3.0,38.8,329,68.8
2024-01-25T17:00,4.0,0.00,0.00,0.00,-4.5,36.1,335,56.2
2024-01-25T18:00,3.2,0.00,0.00,0.00,-5.1,34.4,337,51.8
2024-01-25T19:00,2.2,0.00,0.00,0.00,-6.1,35.0,331,49.7
2024-01-25T20:00,1.9,0.00,0.00,0.00,-6.4,34.7,325,51.5
2024-01-25T21:00,1.9,0.00,0.00,0.00,-6.3,33.8,321,50.0
2024-01-25T22:00,1.6,0.00,0.00,0.00,-5.2,24.1,322,50.4
2024-01-25T23:00,0.2,0.00,0.00,0.00,-5.2,15.0,291,33.8
2024-01-26T00:00,-2.0,0.00,0.00,0.00,-6.4,9.0,275,20.2
2024-01-26T01:00,-3.2,0.00,0.00,0.00,-7.1,5.9,259,10.8
2024-01-26T02:00,-3.0,0.00,0.00,0.00,-7.6,9.8,253,12.6
2024-01-26T03:00,-3.4,0.00,0.00,0.00,-7.8,8.4,250,12.6
2024-01-26T04:00,-3.9,0.00,0.00,0.00,-8.5,9.5,261,12.2
2024-01-26T05:00,-4.4,0.00,0.00,0.00,-9.0,9.8,278,13.3
2024-01-26T06:00,-4.7,0.00,0.00,0.00,-9.4,10.3,299,14.0
2024-01-26T07:00,-4.5,0.00,0.00,0.00,-9.3,11.1,299,15.5
2024-01-26T08:00,-0.9,0.00,0.00,0.00,-5.4,9.5,299,15.8
2024-01-26T09:00,3.7,0.00,0.00,0.00,-0.6,9.4,320,17.3
2024-01-26T10:00,7.7,0.00,0.00,0.00,2.1,18.9,310,28.4
2024-01-26T11:00,9.2,0.00,0.00,0.00,2.1,28.4,308,42.8
2024-01-26T12:00,10.2,0.00,0.00,0.00,3.5,26.2,307,44.3
2024-01-26T13:00,10.3,0.00,0.00,0.00,3.1,30.0,327,45.4
2024-01-26T14:00,9.7,0.00,0.00,0.00,2.3,31.5,344,47.2
2024-01-26T15:00,9.0,0.00,0.00,0.00,1.5,32.4,345,47.9
2024-01-26T16:00,7.0,0.00,0.00,0.00,-0.9,35.7,351,53.3
2024-01-26T17:00,5.1,0.00,0.00,0.00,-3.7,40.8,344,60.5
2024-01-26T18:00,4.2,0.00,0.00,0.00,-4.3,39.3,342,59.4
2024-01-26T19:00,3.4,0.00,0.00,0.00,-5.2,40.0,338,59.0
2024-01-26T20:00,3.1,0.00,0.00,0.00,-5.0,36.4,334,57.6
2024-01-26T21:00,2.7,0.00,0.00,0.00,-4.7,31.9,333,52.9
2024-01-26T22:00,3.2,0.00,0.00,0.00,-3.5,25.8,337,56.5
2024-01-26T23:00,2.5,0.00,0.00,0.00,-3.9,23.9,342,37.1
2024-01-27T00:00,2.4,0.00,0.00,0.00,-4.7,28.6,341,40.7
2024-01-27T01:00,2.4,0.00,0.00,0.00,-5.1,31.0,342,44.3
2024-01-27T02:00,2.0,0.00,0.00,0.00,-5.4,30.7,350,44.6
2024-01-27T03:00,1.4,0.00,0.00,0.00,-5.4,27.0,360,44.6
2024-01-27T04:00,0.8,0.00,0.00,0.00,-5.2,21.1,352,38.9
2024-01-27T05:00,0.9,0.00,0.00,0.00,-5.3,22.9,336,32.0
2024-01-27T06:00,1.1,0.00,0.00,0.00,-5.8,27.3,342,38.9
2024-01-27T07:00,1.2,0.00,0.00,0.00,-5.9,28.9,341,41.4
2024-01-27T08:00,3.0,0.00,0.00,0.00,-4.2,30.1,341,43.2
2024-01-27T09:00,5.4,0.00,0.00,0.00,-1.8,30.7,342,49.7
2024-01-27T10:00,7.5,0.00,0.00,0.00,-0.1,33.2,339,50.4
2024-01-27T11:00,8.9,0.00,0.00,0.00,1.1,34.1,338,51.8
2024-01-27T12:00,9.6,0.00,0.00,0.00,2.1,33.6,344,52.2
2024-01-27T13:00,10.2,0.00,0.00,0.00,2.9,32.4,345,51.5
2024-01-27T14:00,10.4,0.00,0.00,0.00,3.5,28.4,345,49.7
2024-01-27T15:00,10.1,0.00,0.00,0.00,3.8,23.9,348,43.6
2024-01-27T16:00,9.4,0.00,0.00,0.00,4.1,17.6,349,36.0
2024-01-27T17:00,6.9,0.00,0.00,0.00,1.7,18.3,345,25.9
2024-01-27T18:00,5.5,0.00,0.00,0.00,-0.0,19.5,341,27.4
2024-01-27T19:00,4.7,0.00,0.00,0.00,-1.5,23.6,344,33.5
2024-01-27T20:00,4.1,0.00,0.00,0.00,-2.0,23.0,350,34.9
2024-01-27T21:00,3.3,0.00,0.00,0.00,-1.9,17.6,349,32.8
2024-01-27T22:00,3.3,0.00,0.00,0.00,-2.2,20.0,353,28.1
2024-01-27T23:00,2.9,0.00,0.00,0.00,-2.2,17.1,352,28.1
2024-01-28T00:00,2.6,0.00,0.00,0.00,-2.8,18.6,351,25.6
2024-01-28T01:00,2.1,0.00,0.00,0.00,-3.6,19.8,360,28.1
2024-01-28T02:00,1.1,0.00,0.00,0.00,-4.2,17.3,5,28.1
2024-01-28T03:00,1.6,0.00,0.00,0.00,-2.9,13.0,357,24.5
2024-01-28T04:00,1.0,0.00,0.00,0.00,-3.0,10.0,339,18.4
2024-01-28T05:00,0.5,0.00,0.00,0.00,-3.4,9.4,313,14.0
2024-01-28T06:00,0.6,0.00,0.00,0.00,-3.4,9.6,304,13.7
2024-01-28T07:00,0.6,0.00,0.00,0.00,-3.2,8.4,317,13.7
2024-01-28T08:00,1.4,0.00,0.00,0.00,-2.2,7.1,319,12.2
2024-01-28T09:00,2.3,0.00,0.00,0.00,-1.3,8.4,320,14.4
2024-01-28T10:00,5.0,0.00,0.00,0.00,1.1,9.8,343,19.1
2024-01-28T11:00,6.7,0.00,0.00,0.00,2.7,10.2,337,19.1
2024-01-28T12:00,8.1,0.00,0.00,0.00,3.8,12.4,350,23.4
2024-01-28T13:00,9.4,0.00,0.00,0.00,5.4,9.9,19,23.8
2024-01-28T14:00,9.7,0.00,0.00,0.00,5.9,8.9,21,20.5
2024-01-28T15:00,9.8,0.00,0.00,0.00,6.1,7.8,13,18.0
2024-01-28T16:00,9.4,0.00,0.00,0.00,5.9,6.6,13,15.1
2024-01-28T17:00,7.5,0.00,0.00,0.00,4.5,6.8,302,10.1
2024-01-28T18:00,6.1,0.00,0.00,0.00,1.8,13.1,302,16.9
2024-01-28T19:00,4.9,0.00,0.00,0.00,0.6,13.1,323,17.6
2024-01-28T20:00,4.0,0.00,0.00,0.00,-0.6,15.5,357,21.6
2024-01-28T21:00,3.1,0.00,0.00,0.00,-1.3,14.0,1,21.6
2024-01-28T22:00,2.8,0.00,0.00,0.00,-2.2,18.6,328,26.6
2024-01-28T23:00,2.8,0.00,0.00,0.00,-1.5,13.7,337,26.6
2024-01-29T00:00,2.4,0.00,0.00,0.00,-2.5,17.1,332,23.0
2024-01-29T01:00,2.6,0.00,0.00,0.00,-2.8,19.9,340,28.4
2024-01-29T02:00,2.0,0.00,0.00,0.00,-3.4,19.4,345,28.1
2024-01-29T03:00,1.6,0.00,0.00,0.00,-4.0,20.5,349,29.5
2024-01-29T04:00,1.7,0.00,0.00,0.00,-4.0,21.4,347,30.6
2024-01-29T05:00,1.5,0.00,0.00,0.00,-4.1,20.8,346,30.6
2024-01-29T06:00,1.0,0.00,0.00,0.00,-4.3,18.4,354,29.5
2024-01-29T07:00,0.5,0.00,0.00,0.00,-4.5,17.0,356,26.3
2024-01-29T08:00,2.3,0.00,0.00,0.00,-2.7,16.7,354,24.8
2024-01-29T09:00,4.8,0.00,0.00,0.00,0.4,14.0,360,24.1
2024-01-29T10:00,7.5,0.00,0.00,0.00,2.1,18.8,356,31.0
2024-01-29T11:00,8.6,0.00,0.00,0.00,4.0,13.3,13,30.6
2024-01-29T12:00,9.3,0.00,0.00,0.00,5.5,9.8,28,24.5
2024-01-29T13:00,9.9,0.00,0.00,0.00,6.1,10.0,41,21.2
2024-01-29T14:00,10.3,0.00,0.00,0.00,6.7,6.6,77,20.9
2024-01-29T15:00,10.3,0.00,0.00,0.00,6.8,7.0,125,16.2
2024-01-29T16:00,9.9,0.00,0.00,0.00,6.1,9.5,155,15.1
2024-01-29T17:00,7.6,0.00,0.00,0.00,4.0,10.2,170,15.1
2024-01-29T18:00,6.0,0.00,0.00,0.00,2.9,6.1,180,13.0
2024-01-29T19:00,7.9,0.00,0.00,0.00,4.8,2.5,172,7.2
2024-01-29T20:00,7.0,0.00,0.00,0.00,3.8,4.6,108,5.0
2024-01-29T21:00,5.2,0.00,0.00,0.00,1.4,10.5,74,11.5
2024-01-29T22:00,5.3,0.00,0.00,0.00,1.7,12.2,124,15.8
2024-01-29T23:00,4.4,0.00,0.00,0.00,1.3,8.6,92,16.2
2024-01-30T00:00,3.8,0.00,0.00,0.00,-0.0,12.4,350,15.1
2024-01-30T01:00,2.4,0.00,0.00,0.00,-2.1,15.5,338,21.6
2024-01-30T02:00,2.3,0.00,0.00,0.00,-2.4,15.9,342,23.0
2024-01-30T03:00,1.6,0.00,0.00,0.00,-3.3,17.2,344,24.8
2024-01-30T04:00,1.8,0.00,0.00,0.00,-3.2,17.2,350,24.8
2024-01-30T05:00,1.3,0.00,0.00,0.00,-3.5,16.2,348,24.1
2024-01-30T06:00,0.9,0.00,0.00,0.00,-3.8,15.3,345,23.0
2024-01-30T07:00,0.5,0.00,0.00,0.00,-4.0,13.8,345,22.0
2024-01-30T08:00,1.8,0.00,0.00,0.00,-2.3,11.7,351,20.5
2024-01-30T09:00,4.6,0.00,0.00,0.00,0.4,13.1,344,22.0
2024-01-30T10:00,7.4,0.00,0.00,0.00,3.1,13.6,348,24.5
2024-01-30T11:00,9.9,0.00,0.00,0.00,5.4,13.7,346,24.8
2024-01-30T12:00,11.2,0.00,0.00,0.00,7.0,12.0,353,25.2
2024-01-30T13:00,11.9,0.00,0.00,0.00,8.1,9.3,13,23.0
2024-01-30T14:00,12.3,0.00,0.00,0.00,8.6,6.9,47,19.4
2024-01-30T15:00,12.3,0.00,0.00,0.00,8.3,8.7,83,16.6
2024-01-30T16:00,11.7,0.00,0.00,0.00,7.6,10.3,115,16.9
2024-01-30T17:00,9.0,0.00,0.00,0.00,5.7,9.3,152,15.5
2024-01-30T18:00,7.3,0.00,0.00,0.00,4.0,9.4,203,11.5
2024-01-30T19:00,6.8,0.00,0.00,0.00,3.7,6.9,231,10.8
2024-01-30T20:00,8.5,0.00,0.00,0.00,5.8,1.9,112,8.3
2024-01-30T21:00,5.2,0.00,0.00,0.00,2.1,6.9,81,7.6
2024-01-30T22:00,4.0,0.00,0.00,0.00,0.8,8.0,8,10.4
2024-01-30T23:00,3.3,0.00,0.00,0.00,0.1,7.4,331,9.0
2024-01-31T00:00,3.7,0.00,0.00,0.00,-0.3,12.2,315,14.4
2024-01-31T01:00,2.0,0.00,0.00,0.00,-2.1,12.8,328,18.4
2024-01-31T02:00,1.3,0.00,0.00,0.00,-2.6,10.8,334,18.0
2024-01-31T03:00,0.9,0.00,0.00,0.00,-3.3,12.3,328,16.9
2024-01-31T04:00,0.5,0.00,0.00,0.00,-3.8,13.0,326,18.0
2024-01-31T05:00,0.2,0.00,0.00,0.00,-4.1,13.4,329,19.4
2024-01-31T06:00,0.1,0.00,0.00,0.00,-4.2,12.6,333,19.1
2024-01-31T07:00,-0.1,0.00,0.00,0.00,-4.3,11.9,331,17.6
2024-01-31T08:00,1.9,0.00,0.00,0.00,-1.9,8.9,317,16.9
2024-01-31T09:00,5.0,0.00,0.00,0.00,1.7,7.4,321,15.1
2024-01-31T10:00,7.7,0.00,0.00,0.00,3.8,11.1,347,20.9
2024-01-31T11:00,9.6,0.00,0.00,0.00,6.4,6.5,360,20.9
2024-01-31T12:00,10.8,0.00,0.00,0.00,8.6,1.0,315,16.2
2024-01-31T13:00,11.9,0.00,0.00,0.00,8.9,7.7,191,17.3
2024-01-31T14:00,12.4,0.00,0.00,0.00,9.8,5.7,145,18.0
2024-01-31T15:00,12.9,0.00,0.00,0.00,10.0,9.2,132,18.4
2024-01-31T16:00,12.6,0.00,0.00,0.00,10.1,8.8,99,17.6
2024-01-31T17:00,11.1,0.00,0.00,0.00,8.4,11.6,74,16.6
2024-01-31T18:00,9.6,0.00,0.00,0.00,7.9,5.7,72,15.8
2024-01-31T19:00,11.0,0.00,0.00,0.00,9.6,2.9,263,6.1
2024-01-31T20:00,9.1,0.00,0.00,0.00,7.3,5.8,300,6.5
2024-01-31T21:00,8.3,0.00,0.00,0.00,6.0,8.1,339,9.0
2024-01-31T22:00,10.0,0.00,0.00,0.00,8.0,10.5,278,18.7
2024-01-31T23:00,9.0,0.00,0.00,0.00,6.4,11.8,322,15.5
2024-02-01T00:00,7.0,0.00,0.00,0.00,3.4,15.1,335,20.9
2024-02-01T01:00,5.8,0.00,0.00,0.00,2.1,14.2,353,21.2
2024-02-01T02:00,5.6,5.80,0.00,5.80,2.0,13.3,358,22.0
2024-02-01T03:00,5.8,0.00,0.00,0.00,2.3,12.7,352,19.1
2024-02-01T04:00,6.0,0.00,0.00,0.00,2.6,11.5,346,18.0
2024-02-01T05:00,5.8,0.00,0.00,0.00,1.3,18.0,340,25.2
2024-02-01T06:00,5.4,0.00,0.00,0.00,1.3,15.7,344,27.0
2024-02-01T07:00,5.0,0.00,0.00,0.00,1.0,14.6,340,23.8
2024-02-01T08:00,6.4,0.00,0.00,0.00,3.0,11.7,342,20.9
2024-02-01T09:00,9.3,0.00,0.00,0.00,6.5,9.7,360,18.7
2024-02-01T10:00,14.2,0.00,0.00,0.00,6.6,40.7,334,57.2
2024-02-01T11:00,14.5,0.00,0.00,0.00,5.8,46.0,341,68.4
2024-02-01T12:00,14.3,0.00,0.00,0.00,6.1,42.5,342,68.4
2024-02-01T13:00,13.1,0.00,0.00,0.00,4.2,45.3,341,66.2
2024-02-01T14:00,11.4,0.00,0.00,0.00,1.7,48.8,338,72.7
2024-02-01T15:00,10.0,0.00,0.00,0.00,0.4,47.0,342,71.6
2024-02-01T16:00,8.6,0.00,0.00,0.00,-0.7,44.3,343,69.1
2024-02-01T17:00,6.5,0.00,0.00,0.00,-2.5,42.3,346,65.2
2024-02-01T18:00,5.2,0.00,0.00,0.00,-4.3,44.7,347,65.5
2024-02-01T19:00,4.4,0.00,0.00,0.00,-4.5,40.3,347,65.5
2024-02-01T20:00,3.9,0.00,0.00,0.00,-5.5,43.1,345,65.2
2024-02-01T21:00,3.4,0.00,0.00,0.00,-5.5,39.7,346,63.0
2024-02-01T22:00,3.9,0.00,0.00,0.00,-5.6,44.0,340,64.8
2024-02-01T23:00,3.2,0.00,0.00,0.00,-6.1,41.9,341,64.8
2024-02-02T00:00,2.9,0.00,0.00,0.00,-5.7,37.5,352,61.2
2024-02-02T01:00,2.7,0.00,0.00,0.00,-4.0,25.3,6,54.7
2024-02-02T02:00,1.8,0.00,0.00,0.00,-3.3,15.1,25,36.4
2024-02-02T03:00,1.2,0.00,0.00,0.00,-3.4,11.5,32,22.0
2024-02-02T04:00,1.4,0.00,0.00,0.00,-3.3,11.8,52,18.0
2024-02-02T05:00,1.6,0.00,0.00,0.00,-2.7,8.2,52,17.6
2024-02-02T06:00,1.6,0.00,0.00,0.00,-2.2,5.5,58,12.6
2024-02-02T07:00,1.7,0.00,0.00,0.00,-2.2,6.4,47,9.7
2024-02-02T08:00,2.3,0.00,0.00,0.00,-2.1,9.1,7,14.0
2024-02-02T09:00,2.8,0.00,0.00,0.00,-2.2,13.0,355,20.9
2024-02-02T10:00,3.9,0.00,0.00,0.00,-1.3,15.2,355,24.8
2024-02-02T11:00,4.2,0.00,0.00,0.00,-1.1,16.2,1,27.4
2024-02-02T12:00,4.8,0.00,0.00,0.00,-0.4,15.1,12,27.4
2024-02-02T13:00,5.0,0.00,0.00,0.00,0.4,11.9,25,26.3
2024-02-02T14:00,5.4,0.00,0.00,0.00,1.6,7.1,41,21.6
2024-02-02T15:00,5.6,0.00,0.00,0.00,2.2,4.6,45,15.1
2024-02-02T16:00,5.5,0.00,0.00,0.00,2.7,1.1,90,11.2
2024-02-02T17:00,5.5,0.00,0.00,0.00,2.6,1.5,256,5.4
2024-02-02T18:00,5.3,0.00,0.00,0.00,2.0,5.6,333,7.6
2024-02-02T19:00,4.7,0.00,0.00,0.00,1.0,8.3,342,13.7
2024-02-02T20:00,4.4,0.00,0.00,0.00,0.8,8.2,322,12.6
2024-02-02T21:00,3.9,0.00,0.00,0.00,0.0,11.0,311,15.8
2024-02-02T22:00,3.2,0.00,0.00,0.00,-3.2,23.6,329,34.2
2024-02-02T23:00,3.1,0.00,0.00,0.00,-3.6,25.3,337,36.7
2024-02-03T00:00,2.6,0.00,0.00,0.00,-4.7,29.8,340,42.8
2024-02-03T01:00,1.9,0.00,0.00,0.00,-4.7,25.6,349,43.6
2024-02-03T02:00,1.6,0.00,0.00,0.00,-4.6,22.5,354,37.1
2024-02-03T03:00,1.6,0.00,0.00,0.00,-4.4,21.2,350,32.4
2024-02-03T04:00,1.7,0.00,0.00,0.00,-4.8,24.4,346,34.2
2024-02-03T05:00,1.7,0.00,0.00,0.00,-5.3,28.3,342,40.7
2024-02-03T06:00,1.4,0.00,0.00,0.00,-5.2,25.8,347,41.0
2024-02-03T07:00,0.9,0.00,0.00,0.00,-5.0,20.9,359,37.1
2024-02-03T08:00,2.5,0.00,0.00,0.00,-3.8,23.4,4,33.5
2024-02-03T09:00,4.0,0.00,0.00,0.00,-1.5,18.7,23,35.3
2024-02-03T10:00,6.9,0.00,0.00,0.00,-0.4,30.1,345,50.4
2024-02-03T11:00,8.3,0.00,0.00,0.00,1.8,24.7,352,46.4
2024-02-03T12:00,9.4,0.00,0.00,0.00,3.5,22.0,1,40.0
2024-02-03T13:00,10.1,0.00,0.00,0.00,4.7,18.8,12,36.7
2024-02-03T14:00,10.5,0.00,0.00,0.00,5.8,12.3,21,32.4
2024-02-03T15:00,10.4,0.00,0.00,0.00,6.2,8.9,43,23.8
2024-02-03T16:00,10.0,0.00,0.00,0.00,6.2,6.6,99,18.0
2024-02-03T17:00,8.5,0.00,0.00,0.00,4.8,8.3,146,12.6
2024-02-03T18:00,7.2,0.00,0.00,0.00,3.6,9.0,175,12.2
2024-02-03T19:00,6.7,0.00,0.00,0.00,3.8,6.2,159,11.9
2024-02-03T20:00,7.2,0.00,0.00,0.00,3.9,9.0,119,12.2
2024-02-03T21:00,6.9,0.00,0.00,0.00,4.3,5.9,76,12.6
2024-02-03T22:00,5.5,0.00,0.00,0.00,0.7,14.2,353,19.1
2024-02-03T23:00,4.9,0.00,0.00,0.00,0.2,12.7,352,22.0
2024-02-04T00:00,4.7,0.10,0.00,0.10,0.2,12.3,328,18.7
2024-02-04T01:00,4.4,0.10,0.00,0.10,-0.2,12.7,331,18.7
2024-02-04T02:00,3.9,0.40,0.00,0.40,-0.6,12.9,330,18.7
2024-02-04T03:00,3.6,0.10,0.00,0.10,-0.6,11.6,324,19.4
2024-02-04T04:00,3.2,0.30,0.00,0.30,-1.1,13.2,343,19.8
2024-02-04T05:00,2.6,0.40,0.00,0.40,-1.4,11.3,329,19.8
2024-02-04T06:00,1.9,0.60,0.21,0.30,-1.7,9.4,337,17.3
2024-02-04T07:00,1.7,0.40,0.21,0.10,-1.9,9.0,337,15.1
2024-02-04T08:00,2.0,0.10,0.00,0.10,-1.4,7.9,330,14.8
2024-02-04T09:00,2.7,0.10,0.00,0.10,-1.0,9.5,335,16.2
2024-02-04T10:00,2.5,0.30,0.07,0.20,-0.4,5.0,360,12.2
2024-02-04T11:00,4.0,0.10,0.00,0.10,0.8,6.9,351,14.4
2024-02-04T12:00,4.8,0.00,0.00,0.00,1.4,8.3,355,15.8
2024-02-04T13:00,5.5,0.00,0.00,0.00,2.4,6.2,7,16.2
2024-02-04T14:00,5.8,0.00,0.00,0.00,3.1,3.9,34,13.3
2024-02-04T15:00,6.2,0.00,0.00,0.00,3.3,5.1,45,10.8
2024-02-04T16:00,6.4,0.00,0.00,0.00,3.6,6.0,57,11.5
2024-02-04T17:00,6.1,0.00,0.00,0.00,3.8,3.0,76,11.2
2024-02-04T18:00,5.6,0.00,0.00,0.00,3.3,4.1,255,4.7
2024-02-04T19:00,5.3,0.00,0.00,0.00,2.3,8.1,283,10.1
2024-02-04T20:00,4.6,0.00,0.00,0.00,1.1,10.7,310,14.8
2024-02-04T21:00,4.9,0.00,0.00,0.00,1.1,11.6,338,17.3
2024-02-04T22:00,4.4,0.00,0.00,0.00,-1.5,21.3,332,31.3
2024-02-04T23:00,3.8,0.00,0.00,0.00,-2.0,20.8,334,31.0
2024-02-05T00:00,3.5,0.00,0.00,0.00,-2.2,20.2,341,30.2
2024-02-05T01:00,3.1,0.00,0.00,0.00,-2.1,16.8,350,28.8
2024-02-05T02:00,2.4,0.00,0.00,0.00,-2.8,17.3,1,24.8
2024-02-05T03:00,1.9,0.00,0.00,0.00,-3.3,17.1,8,24.8
2024-02-05T04:00,1.2,0.00,0.00,0.00,-3.7,14.9,7,24.8
2024-02-05T05:00,0.7,0.00,0.00,0.00,-3.7,12.2,14,21.2
2024-02-05T06:00,1.1,0.00,0.00,0.00,-3.1,10.7,12,18.0
2024-02-05T07:00,1.0,0.00,0.00,0.00,-2.8,8.3,5,15.8
2024-02-05T08:00,1.3,0.00,0.00,0.00,-2.5,9.0,331,14.0
2024-02-05T09:00,1.9,0.00,0.00,0.00,-2.0,9.1,326,15.8
2024-02-05T10:00,3.7,0.10,0.00,0.10,0.0,7.4,346,16.2
2024-02-05T11:00,3.4,0.20,0.07,0.10,-0.7,10.7,318,17.3
2024-02-05T12:00,2.7,0.70,0.42,0.10,-1.6,13.2,331,21.6
2024-02-05T13:00,2.1,2.00,1.26,0.20,-2.2,14.3,348,22.7
2024-02-05T14:00,1.9,2.10,1.33,0.20,-2.8,18.4,337,28.1
2024-02-05T15:00,1.4,2.20,1.33,0.30,-3.4,19.1,338,29.9
2024-02-05T16:00,0.8,2.20,1.47,0.10,-4.6,22.8,344,32.4
2024-02-05T17:00,0.6,1.40,0.84,0.20,-4.7,22.2,340,34.2
2024-02-05T18:00,0.4,1.70,1.12,0.10,-5.2,24.2,337,36.7
2024-02-05T19:00,0.5,3.60,2.45,0.10,-6.5,33.2,345,48.2
2024-02-05T20:00,0.5,4.00,2.73,0.10,-7.0,37.3,345,55.1
2024-02-05T21:00,0.6,3.30,2.17,0.20,-7.0,37.2,340,56.2
2024-02-05T22:00,0.6,3.60,2.38,0.20,-6.6,35.2,342,52.6
2024-02-05T23:00,0.9,2.80,1.75,0.30,-6.4,35.3,340,53.3
2024-02-06T00:00,0.9,0.50,0.21,0.20,-5.9,31.8,344,50.4
2024-02-06T01:00,1.2,0.00,0.00,0.00,-5.3,29.7,341,45.4
2024-02-06T02:00,1.4,0.00,0.00,0.00,-4.6,26.5,339,42.1
2024-02-06T03:00,1.6,0.00,0.00,0.00,-4.4,26.2,344,37.8
2024-02-06T04:00,1.6,0.00,0.00,0.00,-4.2,24.8,341,37.1
2024-02-06T05:00,1.7,0.00,0.00,0.00,-3.7,21.9,340,35.3
2024-02-06T06:00,1.5,0.00,0.00,0.00,-3.7,20.8,350,31.0
2024-02-06T07:00,1.5,0.10,0.00,0.10,-3.8,21.3,354,30.2
2024-02-06T08:00,1.7,0.20,0.00,0.20,-3.9,23.1,356,32.8
2024-02-06T09:00,1.7,0.20,0.00,0.20,-4.2,25.2,360,36.0
2024-02-06T10:00,2.4,0.30,0.00,0.30,-1.7,14.8,356,28.8
2024-02-06T11:00,2.7,0.40,0.00,0.40,-1.1,13.3,3,21.6
2024-02-06T12:00,4.2,0.40,0.00,0.40,0.5,13.3,357,22.0
2024-02-06T13:00,4.6,0.40,0.00,0.40,0.8,13.7,3,22.3
2024-02-06T14:00,5.0,0.20,0.00,0.20,1.4,12.6,20,21.6
2024-02-06T15:00,4.8,0.10,0.00,0.10,1.4,11.2,50,19.4
2024-02-06T16:00,4.5,0.10,0.00,0.10,1.2,10.9,81,17.6
2024-02-06T17:00,3.8,0.10,0.00,0.10,0.3,11.9,85,16.9
2024-02-06T18:00,3.2,0.00,0.00,0.00,0.1,9.3,77,17.3
2024-02-06T19:00,3.1,0.00,0.00,0.00,0.2,7.2,357,13.3
2024-02-06T20:00,3.0,0.00,0.00,0.00,-0.1,8.2,337,11.9
2024-02-06T21:00,2.8,0.00,0.00,0.00,-0.4,9.7,338,13.3
2024-02-06T22:00,2.2,0.00,0.00,0.00,-1.4,12.1,333,17.3
2024-02-06T23:00,1.8,0.00,0.00,0.00,-2.2,12.1,348,16.9
2024-02-07T00:00,0.9,0.00,0.00,0.00,-3.5,13.0,346,18.0
2024-02-07T01:00,1.0,0.00,0.00,0.00,-3.3,13.0,354,18.7
2024-02-07T02:00,0.5,0.00,0.00,0.00,-3.9,13.4,355,19.1
2024-02-07T03:00,0.1,0.00,0.00,0.00,-4.2,12.2,360,19.4
2024-02-07T04:00,-0.4,0.00,0.00,0.00,-4.2,9.4,7,17.6
2024-02-07T05:00,-0.6,0.00,0.00,0.00,-4.1,8.3,5,13.7
2024-02-07T06:00,-0.9,0.00,0.00,0.00,-4.7,9.8,352,14.8
2024-02-07T07:00,-1.3,0.00,0.00,0.00,-5.2,10.5,333,16.2
2024-02-07T08:00,-0.9,0.00,0.00,0.00,-4.8,10.6,332,18.4
2024-02-07T09:00,0.3,0.00,0.00,0.00,-3.2,8.7,330,18.0
2024-02-07T10:00,3.7,0.00,0.00,0.00,0.5,6.6,347,16.9
2024-02-07T11:00,5.5,0.00,0.00,0.00,2.6,5.6,27,16.9
2024-02-07T12:00,6.9,0.00,0.00,0.00,4.1,7.4,51,18.0
2024-02-07T13:00,7.9,0.00,0.00,0.00,4.8,8.5,54,19.4
2024-02-07T14:00,8.5,0.00,0.00,0.00,5.3,6.4,52,19.4
2024-02-07T15:00,8.8,0.00,0.00,0.00,5.8,3.8,73,16.2
2024-02-07T16:00,8.6,0.00,0.00,0.00,5.9,2.2,81,11.5
2024-02-07T17:00,8.2,0.00,0.00,0.00,5.5,1.3,304,6.8
2024-02-07T18:00,5.4,0.00,0.00,0.00,2.4,6.0,287,6.5
2024-02-07T19:00,4.1,0.00,0.00,0.00,0.4,9.5,281,11.2
2024-02-07T20:00,2.8,0.00,0.00,0.00,-0.8,8.9,291,11.9
2024-02-07T21:00,2.3,0.00,0.00,0.00,-1.5,9.4,310,10.8
2024-02-07T22:00,1.1,0.00,0.00,0.00,-3.0,10.4,316,13.7
2024-02-07T23:00,0.0,0.00,0.00,0.00,-3.7,8.7,322,13.7
2024-02-08T00:00,-0.3,0.00,0.00,0.00,-4.0,8.4,320,11.2
2024-02-08T01:00,-0.1,0.00,0.00,0.00,-3.9,9.0,323,10.8
2024-02-08T02:00,0.4,0.00,0.00,0.00,-3.9,11.8,340,16.2
2024-02-08T03:00,0.0,0.00,0.00,0.00,-4.0,10.4,346,16.6
2024-02-08T04:00,-0.3,0.00,0.00,0.00,-4.1,9.4,356,14.0
2024-02-08T05:00,-0.7,0.00,0.00,0.00,-4.5,9.4,2,13.0
2024-02-08T06:00,-0.2,0.00,0.00,0.00,-4.0,9.1,353,13.3
2024-02-08T07:00,0.3,0.00,0.00,0.00,-3.7,10.2,350,14.4
2024-02-08T08:00,1.5,0.00,0.00,0.00,-2.7,12.4,350,19.1
2024-02-08T09:00,3.0,0.00,0.00,0.00,-1.2,13.1,351,20.5
2024-02-08T10:00,6.7,0.00,0.00,0.00,2.1,16.6,347,27.7
2024-02-08T11:00,8.5,0.00,0.00,0.00,4.0,15.3,351,28.4
2024-02-08T12:00,9.5,0.00,0.00,0.00,5.5,12.6,357,26.6
2024-02-08T13:00,10.0,0.00,0.00,0.00,6.3,11.2,354,24.1
2024-02-08T14:00,10.2,0.00,0.00,0.00,6.6,8.8,351,22.3
2024-02-08T15:00,10.3,0.00,0.00,0.00,6.8,8.6,358,18.4
2024-02-08T16:00,10.2,0.00,0.00,0.00,6.9,5.8,4,16.9
2024-02-08T17:00,8.5,0.00,0.00,0.00,5.8,4.3,294,10.4
2024-02-08T18:00,5.8,0.00,0.00,0.00,2.6,7.1,294,7.9
2024-02-08T19:00,4.5,0.00,0.00,0.00,0.7,9.5,299,11.2
2024-02-08T20:00,3.4,0.00,0.00,0.00,-1.3,15.4,303,19.8
2024-02-08T21:00,3.0,0.00,0.00,0.00,-2.5,20.6,333,29.5
2024-02-08T22:00,3.5,0.00,0.00,0.00,-2.4,22.8,329,32.0
2024-02-08T23:00,2.8,0.00,0.00,0.00,-3.1,23.6,339,33.8
2024-02-09T00:00,2.4,0.00,0.00,0.00,-3.4,22.9,347,35.3
2024-02-09T01:00,2.0,0.00,0.00,0.00,-3.4,19.6,346,32.8
2024-02-09T02:00,1.7,0.00,0.00,0.00,-3.4,18.1,343,28.1
2024-02-09T03:00,1.0,0.00,0.00,0.00,-4.0,16.6,342,25.9
2024-02-09T04:00,0.5,0.00,0.00,0.00,-4.3,15.5,347,23.4
2024-02-09T05:00,0.5,0.00,0.00,0.00,-4.3,15.7,351,22.3
2024-02-09T06:00,0.4,0.00,0.00,0.00,-4.1,13.3,357,22.0
2024-02-09T07:00,0.7,0.00,0.00,0.00,-3.7,13.0,2,18.7
2024-02-09T08:00,2.3,0.00,0.00,0.00,-1.7,11.2,4,18.7
2024-02-09T09:00,4.5,0.00,0.00,0.00,-0.2,15.8,1,24.8
2024-02-09T10:00,5.9,0.00,0.00,0.00,1.0,16.8,351,27.7
2024-02-09T11:00,7.5,0.00,0.00,0.00,3.2,13.7,355,28.4
2024-02-09T12:00,8.6,0.00,0.00,0.00,5.0,11.1,13,25.2
2024-02-09T13:00,9.4,0.00,0.00,0.00,5.9,10.8,37,22.3
2024-02-09T14:00,10.0,0.00,0.00,0.00,6.2,10.8,64,22.0
2024-02-09T15:00,10.2,0.00,0.00,0.00,6.4,10.6,80,20.9
2024-02-09T16:00,9.6,0.00,0.00,0.00,5.8,11.2,88,19.4
2024-02-09T17:00,8.1,0.00,0.00,0.00,4.8,10.4,88,17.6
2024-02-09T18:00,6.5,0.00,0.00,0.00,3.0,11.6,74,15.8
2024-02-09T19:00,5.9,0.00,0.00,0.00,2.6,9.7,68,15.8
2024-02-09T20:00,5.2,0.00,0.00,0.00,2.1,8.2,29,12.6
2024-02-09T21:00,5.6,0.00,0.00,0.00,2.9,6.1,360,10.4
2024-02-09T22:00,4.2,0.00,0.00,0.00,0.8,9.8,336,13.0
2024-02-09T23:00,3.1,0.00,0.00,0.00,-0.6,11.3,333,14.8
2024-02-10T00:00,2.9,0.00,0.00,0.00,-1.2,13.7,330,18.4
2024-02-10T01:00,2.2,0.00,0.00,0.00,-2.2,15.4,344,21.6
2024-02-10T02:00,1.0,0.00,0.00,0.00,-3.5,14.8,342,21.6
2024-02-10T03:00,0.4,0.00,0.00,0.00,-4.1,13.9,343,20.9
2024-02-10T04:00,0.0,0.00,0.00,0.00,-4.5,14.1,341,19.8
2024-02-10T05:00,-0.2,0.00,0.00,0.00,-4.8,14.2,339,20.2
2024-02-10T06:00,-0.6,0.00,0.00,0.00,-5.1,13.7,337,20.2
2024-02-10T07:00,-0.7,0.00,0.00,0.00,-5.1,13.0,336,19.4
2024-02-10T08:00,1.1,0.00,0.00,0.00,-2.9,11.5,328,19.1
2024-02-10T09:00,3.5,0.00,0.00,0.00,-0.4,12.0,327,21.2
2024-02-10T10:00,6.2,0.00,0.00,0.00,2.3,11.9,346,24.5
2024-02-10T11:00,8.2,0.00,0.00,0.00,4.5,9.7,15,22.3
2024-02-10T12:00,9.4,0.00,0.00,0.00,6.2,8.0,54,20.5
2024-02-10T13:00,10.3,0.00,0.00,0.00,7.6,6.7,126,18.4
2024-02-10T14:00,10.8,0.00,0.00,0.00,7.3,10.9,171,20.5
2024-02-10T15:00,10.8,0.00,0.00,0.00,7.3,10.8,180,22.0
2024-02-10T16:00,10.5,0.00,0.00,0.00,7.3,9.0,203,20.2
2024-02-10T17:00,8.9,0.00,0.00,0.00,6.3,7.3,213,15.5
2024-02-10T18:00,8.0,0.00,0.00,0.00,5.7,4.7,238,8.6
2024-02-10T19:00,7.6,0.00,0.00,0.00,4.5,9.8,343,10.8
2024-02-10T20:00,6.3,0.00,0.00,0.00,2.4,15.2,338,21.2
2024-02-10T21:00,6.5,0.00,0.00,0.00,2.3,16.2,343,22.3
2024-02-10T22:00,6.2,0.00,0.00,0.00,1.3,20.1,345,29.9
2024-02-10T23:00,4.6,0.00,0.00,0.00,-0.2,18.9,339,28.8
2024-02-11T00:00,3.7,0.00,0.00,0.00,-1.2,19.2,343,28.1
2024-02-11T01:00,3.3,0.00,0.00,0.00,-1.4,17.2,350,27.7
2024-02-11T02:00,3.2,0.00,0.00,0.00,-1.9,18.9,347,25.9
2024-02-11T03:00,3.8,0.00,0.00,0.00,-2.2,24.1,340,34.2
2024-02-11T04:00,3.9,0.00,0.00,0.00,-2.5,26.2,339,37.4
2024-02-11T05:00,3.9,0.00,0.00,0.00,-2.6,26.8,340,38.2
2024-02-11T06:00,3.3,0.00,0.00,0.00,-2.5,21.8,352,38.5
2024-02-11T07:00,2.4,0.00,0.00,0.00,-2.6,16.6,1,31.0
2024-02-11T08:00,4.1,0.00,0.00,0.00,-0.4,14.4,3,24.8
2024-02-11T09:00,6.6,0.00,0.00,0.00,0.7,22.3,1,34.9
2024-02-11T10:00,8.9,0.00,0.00,0.00,2.2,28.4,340,43.9
2024-02-11T11:00,9.8,0.00,0.00,0.00,3.7,25.4,342,43.6
2024-02-11T12:00,10.1,0.00,0.00,0.00,4.5,23.9,342,40.3
2024-02-11T13:00,10.7,0.00,0.00,0.00,5.2,22.3,351,38.9
2024-02-11T14:00,10.7,0.00,0.00,0.00,5.3,18.8,355,36.0
2024-02-11T15:00,10.4,0.00,0.00,0.00,5.9,12.6,347,30.6
2024-02-11T16:00,9.8,0.00,0.00,0.00,5.5,11.2,315,21.2
2024-02-11T17:00,8.5,0.00,0.00,0.00,4.5,12.1,293,16.6
2024-02-11T18:00,7.7,0.00,0.00,0.00,3.6,12.2,289,16.9
2024-02-11T19:00,6.8,0.00,0.00,0.00,2.5,14.7,306,20.2
2024-02-11T20:00,5.9,0.00,0.00,0.00,1.8,13.3,13,21.2
2024-02-11T21:00,5.2,0.10,0.00,0.10,1.1,11.6,355,19.1
2024-02-11T22:00,5.2,0.00,0.00,0.00,0.5,16.6,326,24.1
2024-02-11T23:00,4.5,0.10,0.00,0.10,-0.4,17.1,352,24.5
2024-02-12T00:00,4.1,0.40,0.21,0.10,-0.4,14.1,15,24.5
2024-02-12T01:00,3.0,0.30,0.07,0.20,-1.3,13.0,5,20.2
2024-02-12T02:00,2.3,0.00,0.00,0.00,-2.2,14.1,341,20.2
2024-02-12T03:00,1.6,0.00,0.00,0.00,-3.0,14.7,343,22.3
2024-02-12T04:00,1.2,0.00,0.00,0.00,-3.1,13.1,339,20.9
2024-02-12T05:00,0.8,0.20,0.14,0.00,-3.6,13.9,335,19.8
2024-02-12T06:00,1.0,0.10,0.07,0.00,-3.1,12.7,335,22.0
2024-02-12T07:00,1.6,0.00,0.00,0.00,-2.0,9.4,353,18.4
2024-02-12T08:00,2.5,0.00,0.00,0.00,-1.0,9.7,4,14.8
2024-02-12T09:00,4.6,0.00,0.00,0.00,-0.3,18.3,16,28.8
2024-02-12T10:00,7.6,0.00,0.00,0.00,2.2,21.0,354,34.2
2024-02-12T11:00,9.1,0.00,0.00,0.00,3.2,24.4,347,38.9
2024-02-12T12:00,10.2,0.00,0.00,0.00,4.6,23.8,3,40.3
2024-02-12T13:00,10.6,0.00,0.00,0.00,5.3,22.2,8,38.5
2024-02-12T14:00,11.0,0.00,0.00,0.00,5.6,19.8,16,36.4
2024-02-12T15:00,11.7,0.00,0.00,0.00,5.9,20.5,358,32.8
2024-02-12T16:00,10.9,0.00,0.00,0.00,4.6,23.6,352,34.9
2024-02-12T17:00,8.7,0.00,0.00,0.00,3.2,19.6,340,34.2
2024-02-12T18:00,6.1,0.00,0.00,0.00,0.3,21.1,340,29.9
2024-02-12T19:00,4.8,0.00,0.00,0.00,-0.5,18.0,348,29.9
2024-02-12T20:00,3.7,0.00,0.00,0.00,-1.0,14.1,356,25.2
2024-02-12T21:00,2.5,0.00,0.00,0.00,-1.6,10.5,311,19.1
2024-02-12T22:00,2.3,0.00,0.00,0.00,-1.1,6.9,231,11.2
2024-02-12T23:00,3.8,0.00,0.00,0.00,0.8,2.5,225,8.3
2024-02-13T00:00,4.3,0.00,0.00,0.00,1.3,2.0,135,3.2
2024-02-13T01:00,4.1,0.00,0.00,0.00,0.9,4.0,85,3.6
2024-02-13T02:00,1.2,0.00,0.00,0.00,-2.7,9.7,45,11.2
2024-02-13T03:00,0.1,0.00,0.00,0.00,-4.2,12.2,19,16.2
2024-02-13T04:00,-1.5,0.00,0.00,0.00,-5.8,12.6,357,17.6
2024-02-13T05:00,-2.0,0.00,0.00,0.00,-6.1,11.0,349,17.6
2024-02-13T06:00,-1.7,0.00,0.00,0.00,-5.7,9.5,335,15.5
2024-02-13T07:00,-1.2,0.00,0.00,0.00,-5.2,9.0,331,13.0
2024-02-13T08:00,1.3,0.00,0.00,0.00,-2.1,6.4,344,12.6
2024-02-13T09:00,4.4,0.00,0.00,0.00,1.5,4.3,360,12.6
2024-02-13T10:00,6.4,0.00,0.00,0.00,2.8,9.2,11,18.7
2024-02-13T11:00,9.6,0.00,0.00,0.00,7.4,4.5,29,19.8
2024-02-13T12:00,13.7,0.00,0.00,0.00,11.0,10.8,195,19.4
2024-02-13T13:00,15.8,0.00,0.00,0.00,10.7,25.4,201,38.9
2024-02-13T14:00,16.0,0.00,0.00,0.00,9.8,32.1,203,48.6
2024-02-13T15:00,15.5,0.00,0.00,0.00,9.2,33.0,205,50.4
2024-02-13T16:00,14.5,0.00,0.00,0.00,9.0,28.3,206,49.3
2024-02-13T17:00,12.3,0.00,0.00,0.00,7.7,22.3,201,41.4
2024-02-13T18:00,10.2,0.00,0.00,0.00,6.0,19.7,211,32.0
2024-02-13T19:00,8.5,0.00,0.00,0.00,5.4,12.5,231,27.7
2024-02-13T20:00,6.7,0.00,0.00,0.00,3.9,8.2,299,16.9
2024-02-13T21:00,6.0,0.00,0.00,0.00,2.6,10.0,319,11.9
2024-02-13T22:00,5.9,0.00,0.00,0.00,3.3,7.6,267,16.6
2024-02-13T23:00,4.9,0.00,0.00,0.00,2.1,7.3,303,9.7
2024-02-14T00:00,4.0,0.00,0.00,0.00,1.2,6.6,315,9.0
2024-02-14T01:00,3.4,0.00,0.00,0.00,0.3,8.2,311,9.4
2024-02-14T02:00,3.2,0.00,0.00,0.00,-0.4,10.1,325,12.6
2024-02-14T03:00,2.6,0.00,0.00,0.00,-1.0,10.2,318,13.3
2024-02-14T04:00,2.1,0.00,0.00,0.00,-1.7,10.9,316,14.0
2024-02-14T05:00,2.0,0.00,0.00,0.00,-1.9,11.4,325,14.8
2024-02-14T06:00,1.6,0.00,0.00,0.00,-2.3,11.0,328,14.8
2024-02-14T07:00,1.7,0.00,0.00,0.00,-2.4,11.9,331,16.2
2024-02-14T08:00,4.7,0.00,0.00,0.00,1.2,10.0,322,16.2
2024-02-14T09:00,8.2,0.00,0.00,0.00,5.0,8.9,317,16.9
2024-02-14T10:00,12.0,0.00,0.00,0.00,9.0,7.6,335,19.8
2024-02-14T11:00,13.8,0.00,0.00,0.00,11.8,3.3,354,16.9
2024-02-14T12:00,15.3,0.00,0.00,0.00,13.9,2.2,189,12.6
2024-02-14T13:00,16.4,0.00,0.00,0.00,14.2,7.3,169,16.9
2024-02-14T14:00,16.8,0.00,0.00,0.00,13.4,11.3,171,20.9
2024-02-14T15:00,16.4,0.00,0.00,0.00,12.0,14.3,168,24.1
2024-02-14T16:00,15.3,0.00,0.00,0.00,11.5,10.6,162,23.8
2024-02-14T17:00,12.6,0.00,0.00,0.00,10.5,6.0,163,16.6
2024-02-14T18:00,10.5,0.00,0.00,0.00,8.3,7.3,169,8.3
2024-02-14T19:00,10.2,0.00,0.00,0.00,8.2,6.9,174,9.0
2024-02-14T20:00,10.1,0.00,0.00,0.00,8.1,7.2,198,8.6
2024-02-14T21:00,11.4,0.00,0.00,0.00,9.9,2.7,203,8.3
2024-02-14T22:00,9.9,0.00,0.00,0.00,7.2,10.5,352,12.2
2024-02-14T23:00,8.2,0.00,0.00,0.00,5.1,12.0,353,16.2
2024-02-15T00:00,6.6,0.00,0.00,0.00,4.0,7.6,335,15.8
2024-02-15T01:00,6.0,0.00,0.00,0.00,3.3,6.9,298,9.0
2024-02-15T02:00,5.8,0.00,0.00,0.00,2.6,10.2,293,11.5
2024-02-15T03:00,5.3,0.00,0.00,0.00,1.8,11.1,306,14.0
2024-02-15T04:00,4.4,0.00,0.00,0.00,0.8,10.9,314,14.4
2024-02-15T05:00,3.8,0.00,0.00,0.00,0.3,10.0,322,14.4
2024-02-15T06:00,3.5,0.00,0.00,0.00,0.0,10.2,318,12.2
2024-02-15T07:00,4.0,0.00,0.00,0.00,0.7,8.6,338,13.0
2024-02-15T08:00,6.2,0.00,0.00,0.00,4.0,2.6,254,10.8
2024-02-15T09:00,10.3,0.00,0.00,0.00,8.3,4.3,180,10.4
2024-02-15T10:00,14.5,0.00,0.00,0.00,12.5,7.3,160,15.5
2024-02-15T11:00,18.4,0.00,0.00,0.00,15.1,19.8,209,30.6
2024-02-15T12:00,20.3,0.00,0.00,0.00,15.3,33.6,218,50.4
2024-02-15T13:00,20.3,0.00,0.00,0.00,14.2,42.8,211,62.6
2024-02-15T14:00,19.4,0.00,0.00,0.00,12.3,49.0,208,73.1
2024-02-15T15:00,18.5,0.00,0.00,0.00,12.1,45.0,209,72.4
2024-02-15T16:00,17.2,0.00,0.00,0.00,11.2,42.8,207,66.2
2024-02-15T17:00,16.6,0.00,0.00,0.00,10.5,42.1,210,63.4
2024-02-15T18:00,15.7,0.00,0.00,0.00,9.8,41.4,206,61.9
2024-02-15T19:00,15.2,0.00,0.00,0.00,8.3,49.1,208,69.8
2024-02-15T20:00,15.1,0.00,0.00,0.00,8.4,47.9,209,73.8
2024-02-15T21:00,14.9,0.00,0.00,0.00,9.5,39.6,199,69.1
2024-02-15T22:00,15.1,0.00,0.00,0.00,10.8,34.3,189,55.4
2024-02-15T23:00,15.4,0.00,0.00,0.00,11.0,35.5,191,51.5
2024-02-16T00:00,15.4,0.10,0.00,0.10,11.8,30.7,185,51.5
2024-02-16T01:00,15.7,0.10,0.00,0.10,11.6,35.5,200,51.1
2024-02-16T02:00,15.6,0.00,0.00,0.00,13.5,21.4,241,51.1
2024-02-16T03:00,11.0,0.00,0.00,0.00,-0.1,62.5,326,83.5
2024-02-16T04:00,8.1,0.00,0.00,0.00,-3.1,60.2,337,93.2
2024-02-16T05:00,7.6,0.00,0.00,0.00,-3.2,56.7,338,87.1
2024-02-16T06:00,6.6,0.00,0.00,0.00,-4.6,58.4,337,83.9
2024-02-16T07:00,6.0,0.00,0.00,0.00,-4.2,51.5,335,85.3
2024-02-16T08:00,6.8,0.00,0.00,0.00,-2.4,44.7,339,74.9
2024-02-16T09:00,7.5,0.00,0.00,0.00,-2.2,47.9,344,72.7
2024-02-16T10:00,9.5,0.00,0.00,0.00,-0.4,49.7,344,72.4
2024-02-16T11:00,10.2,0.00,0.00,0.00,-0.7,57.2,340,84.2
2024-02-16T12:00,11.1,0.00,0.00,0.00,0.9,53.8,346,85.7
2024-02-16T13:00,12.1,0.00,0.00,0.00,3.4,42.4,353,80.3
2024-02-16T14:00,12.9,0.00,0.00,0.00,7.3,21.5,9,63.7
2024-02-16T15:00,12.3,0.00,0.00,0.00,7.5,16.4,75,34.9
2024-02-16T16:00,10.2,0.00,0.00,0.00,4.0,25.9,92,38.9
2024-02-16T17:00,8.4,0.00,0.00,0.00,2.7,22.5,96,38.9
2024-02-16T18:00,7.3,0.00,0.00,0.00,2.1,19.1,90,32.4
2024-02-16T19:00,6.4,0.00,0.00,0.00,1.6,15.8,73,27.7
2024-02-16T20:00,6.0,0.00,0.00,0.00,1.4,14.4,58,23.0
2024-02-16T21:00,5.2,0.00,0.00,0.00,0.5,14.0,35,21.2
2024-02-16T22:00,6.4,0.00,0.00,0.00,2.2,12.8,22,18.4
2024-02-16T23:00,5.0,0.00,0.00,0.00,0.3,15.2,4,22.0
2024-02-17T00:00,4.5,0.00,0.00,0.00,-0.4,15.9,3,23.0
2024-02-17T01:00,4.1,0.00,0.00,0.00,-1.1,16.9,349,24.5
2024-02-17T02:00,3.7,0.00,0.00,0.00,-2.0,19.7,339,28.8
2024-02-17T03:00,3.3,0.00,0.00,0.00,-2.6,20.9,336,31.0
2024-02-17T04:00,3.2,0.00,0.00,0.00,-2.5,20.1,336,31.0
2024-02-17T05:00,3.4,0.00,0.00,0.00,-2.0,18.0,340,29.5
2024-02-17T06:00,3.6,0.00,0.00,0.00,-1.7,17.8,342,27.4
2024-02-17T07:00,3.8,0.00,0.00,0.00,-1.2,15.9,342,26.3
2024-02-17T08:00,4.9,0.00,0.00,0.00,-0.2,16.6,347,25.2
2024-02-17T09:00,6.6,0.00,0.00,0.00,1.0,20.3,353,32.4
2024-02-17T10:00,8.2,0.00,0.00,0.00,2.9,19.8,1,34.9
2024-02-17T11:00,9.2,0.00,0.00,0.00,4.7,15.5,359,32.4
2024-02-17T12:00,10.1,0.00,0.00,0.00,6.0,13.1,8,26.6
2024-02-17T13:00,11.6,0.00,0.00,0.00,7.8,12.7,7,24.1
2024-02-17T14:00,13.5,0.00,0.00,0.00,10.7,9.2,39,24.5
2024-02-17T15:00,14.3,0.00,0.00,0.00,10.8,13.3,92,22.0
2024-02-17T16:00,13.0,0.00,0.00,0.00,8.7,19.2,98,29.2
2024-02-17T17:00,12.3,0.00,0.00,0.00,9.0,13.0,96,28.8
2024-02-17T18:00,11.3,0.00,0.00,0.00,8.7,9.8,73,18.4
2024-02-17T19:00,10.2,0.00,0.00,0.00,7.5,10.3,78,15.5
2024-02-17T20:00,8.7,0.00,0.00,0.00,6.2,8.3,88,14.8
2024-02-17T21:00,7.4,0.00,0.00,0.00,5.2,6.5,87,10.8
2024-02-17T22:00,8.7,0.00,0.00,0.00,6.4,8.6,327,11.2
2024-02-17T23:00,9.3,0.00,0.00,0.00,6.9,9.0,344,13.0
2024-02-18T00:00,9.3,0.00,0.00,0.00,6.8,10.0,347,14.4
2024-02-18T01:00,9.3,0.00,0.00,0.00,6.8,10.0,345,14.4
2024-02-18T02:00,9.2,0.00,0.00,0.00,6.7,9.3,344,14.4
2024-02-18T03:00,9.1,0.00,0.00,0.00,6.6,9.8,354,13.7
2024-02-18T04:00,9.0,0.00,0.00,0.00,6.4,10.1,354,14.4
2024-02-18T05:00,8.9,0.00,0.00,0.00,6.2,11.1,347,15.8
2024-02-18T06:00,8.8,0.00,0.00,0.00,6.0,11.4,347,16.6
2024-02-18T07:00,8.7,0.00,0.00,0.00,6.1,9.9,350,16.6
2024-02-18T08:00,9.2,0.00,0.00,0.00,6.8,8.9,346,14.4
2024-02-18T09:00,10.3,0.00,0.00,0.00,7.9,9.2,349,15.8
2024-02-18T10:00,13.2,0.00,0.00,0.00,10.7,9.0,360,21.2
2024-02-18T11:00,14.4,0.00,0.00,0.00,12.7,5.4,37,19.1
2024-02-18T12:00,15.6,0.00,0.00,0.00,14.5,4.1,135,15.8
2024-02-18T13:00,17.2,0.00,0.00,0.00,15.2,10.7,168,21.2
2024-02-18T14:00,18.6,0.00,0.00,0.00,15.1,17.7,178,29.2
2024-02-18T15:00,18.0,0.00,0.00,0.00,13.9,22.4,175,34.6
2024-02-18T16:00,17.1,0.00,0.00,0.00,12.8,24.1,178,36.4
2024-02-18T17:00,15.8,0.00,0.00,0.00,11.8,23.1,182,36.0
2024-02-18T18:00,14.3,0.00,0.00,0.00,10.9,19.8,181,33.1
2024-02-18T19:00,13.4,0.00,0.00,0.00,10.2,19.2,174,28.4
2024-02-18T20:00,12.8,0.00,0.00,0.00,9.6,20.0,172,28.4
2024-02-18T21:00,12.4,0.00,0.00,0.00,9.4,19.2,172,28.8
2024-02-18T22:00,12.7,0.00,0.00,0.00,9.8,19.6,174,27.7
2024-02-18T23:00,12.6,0.00,0.00,0.00,9.5,21.0,173,29.5
2024-02-19T00:00,12.5,0.00,0.00,0.00,9.5,20.5,178,29.5
2024-02-19T01:00,12.5,0.00,0.00,0.00,9.5,20.5,182,29.2
2024-02-19T02:00,12.5,0.00,0.00,0.00,9.5,20.5,180,28.8
2024-02-19T03:00,12.8,0.00,0.00,0.00,9.7,21.3,183,29.9
2024-02-19T04:00,13.1,0.00,0.00,0.00,10.1,21.7,185,31.3
2024-02-19T05:00,13.2,0.00,0.00,0.00,10.3,20.6,185,31.0
2024-02-19T06:00,13.3,0.00,0.00,0.00,10.4,21.1,189,30.6
2024-02-19T07:00,13.5,0.10,0.00,0.10,10.7,21.0,185,29.9
2024-02-19T08:00,14.2,0.00,0.00,0.00,10.9,24.5,184,34.2
2024-02-19T09:00,14.6,0.00,0.00,0.00,10.9,27.1,185,39.2
2024-02-19T10:00,16.6,0.10,0.00,0.10,12.1,32.4,180,48.6
2024-02-19T11:00,18.0,0.20,0.00,0.20,12.1,41.2,186,59.4
2024-02-19T12:00,17.3,0.10,0.00,0.10,12.0,38.4,187,61.2
2024-02-19T13:00,18.3,0.00,0.00,0.00,12.4,41.6,189,62.6
2024-02-19T14:00,18.6,0.00,0.00,0.00,12.8,41.2,192,66.6
2024-02-19T15:00,18.5,0.00,0.00,0.00,12.3,43.0,194,62.3
2024-02-19T16:00,17.3,0.00,0.00,0.00,11.2,44.7,195,66.6
2024-02-19T17:00,16.5,0.10,0.00,0.10,11.9,36.2,193,64.1
2024-02-19T18:00,16.1,0.10,0.00,0.10,11.5,36.8,188,53.3
2024-02-19T19:00,16.0,0.10,0.00,0.10,11.3,38.0,187,55.1
2024-02-19T20:00,16.1,0.10,0.00,0.10,10.7,42.9,193,61.6
2024-02-19T21:00,16.1,2.30,0.00,2.30,10.2,47.8,195,68.8
2024-02-19T22:00,16.1,1.90,0.00,1.90,10.2,48.9,190,71.3
2024-02-19T23:00,16.5,1.90,0.00,1.90,11.2,45.4,193,73.1
2024-02-20T00:00,16.6,0.30,0.00,0.30,11.5,45.0,199,67.0
2024-02-20T01:00,16.3,0.30,0.00,0.30,10.8,47.0,198,68.0
2024-02-20T02:00,16.3,0.60,0.00,0.60,11.3,44.2,196,68.4
2024-02-20T03:00,16.8,0.20,0.00,0.20,11.4,47.5,200,68.4
2024-02-20T04:00,17.1,0.00,0.00,0.00,12.5,42.7,207,70.2
2024-02-20T05:00,17.4,0.00,0.00,0.00,13.3,39.3,208,61.6
2024-02-20T06:00,17.5,0.00,0.00,0.00,14.3,34.2,210,57.6
2024-02-20T07:00,17.6,0.00,0.00,0.00,15.1,29.7,209,49.7
2024-02-20T08:00,18.9,0.00,0.00,0.00,16.7,29.2,215,43.2
2024-02-20T09:00,20.2,0.00,0.00,0.00,19.6,18.5,233,44.6
2024-02-20T10:00,19.4,0.00,0.00,0.00,18.6,12.0,16,27.4
2024-02-20T11:00,20.7,0.00,0.00,0.00,20.8,7.6,19,22.0
2024-02-20T12:00,21.9,0.00,0.00,0.00,22.2,7.6,3,17.6
2024-02-20T13:00,22.5,0.00,0.00,0.00,22.1,6.1,360,17.6
2024-02-20T14:00,23.4,0.00,0.00,0.00,23.2,5.1,356,15.5
2024-02-20T15:00,23.5,0.00,0.00,0.00,23.5,3.2,27,13.7
2024-02-20T16:00,23.0,0.00,0.00,0.00,22.8,5.8,68,10.4
2024-02-20T17:00,20.9,0.00,0.00,0.00,20.3,12.8,349,13.0
2024-02-20T18:00,16.8,0.10,0.00,0.10,13.3,30.4,71,43.9
2024-02-20T19:00,15.4,0.00,0.00,0.00,12.3,24.4,74,43.9
2024-02-20T20:00,14.6,0.00,0.00,0.00,11.9,21.1,70,35.3
2024-02-20T21:00,14.1,0.10,0.00,0.10,11.1,21.9,70,32.8
2024-02-20T22:00,14.4,0.50,0.00,0.50,12.7,15.7,58,23.4
2024-02-20T23:00,13.9,0.50,0.00,0.50,11.5,18.4,62,26.6
2024-02-21T00:00,13.1,0.10,0.00,0.10,10.7,16.0,44,26.6
2024-02-21T01:00,12.1,0.00,0.00,0.00,9.1,17.8,42,25.9
2024-02-21T02:00,11.3,0.10,0.00,0.10,8.4,15.5,36,27.4
2024-02-21T03:00,10.7,0.10,0.00,0.10,7.5,16.3,22,23.4
2024-02-21T04:00,10.0,0.00,0.00,0.00,7.0,15.0,24,24.5
2024-02-21T05:00,9.5,0.00,0.00,0.00,6.4,15.0,11,23.4
2024-02-21T06:00,9.1,0.00,0.00,0.00,6.0,14.5,7,22.7
2024-02-21T07:00,8.8,0.00,0.00,0.00,5.5,15.5,5,23.8
2024-02-21T08:00,8.9,0.20,0.00,0.20,5.5,15.9,355,24.5
2024-02-21T09:00,8.7,0.40,0.00,0.40,4.9,18.4,349,27.4
2024-02-21T10:00,8.2,0.60,0.00,0.60,4.3,18.7,16,30.6
2024-02-21T11:00,8.3,0.80,0.00,0.80,4.2,19.8,29,29.9
2024-02-21T12:00,8.5,0.40,0.00,0.40,4.3,20.9,36,32.4
2024-02-21T13:00,8.7,0.40,0.00,0.40,4.5,21.3,34,32.0
2024-02-21T14:00,8.7,0.20,0.00,0.20,4.9,17.9,25,33.1
2024-02-21T15:00,8.4,0.40,0.00,0.40,4.7,17.7,13,28.1
2024-02-21T16:00,8.4,0.30,0.00,0.30,5.3,14.0,1,27.4
2024-02-21T17:00,8.1,0.20,0.00,0.20,5.4,11.2,4,21.6
2024-02-21T18:00,8.6,0.30,0.00,0.30,5.8,12.1,348,18.7
2024-02-21T19:00,8.7,0.20,0.00,0.20,5.5,15.5,1,22.3
2024-02-21T20:00,8.8,0.20,0.00,0.20,5.3,18.0,348,26.6
2024-02-21T21:00,8.4,0.30,0.00,0.30,5.0,18.0,1,28.1
2024-02-21T22:00,7.9,0.00,0.00,0.00,4.1,20.2,358,27.7
2024-02-21T23:00,8.0,0.20,0.00,0.20,4.2,19.8,3,34.9
2024-02-22T00:00,7.8,0.20,0.00,0.20,3.1,26.1,354,37.4
2024-02-22T01:00,7.4,0.10,0.00,0.10,3.3,21.0,348,38.9
2024-02-22T02:00,6.6,0.00,0.00,0.00,2.6,18.7,19,31.7
2024-02-22T03:00,7.1,0.00,0.00,0.00,3.6,14.8,356,27.7
2024-02-22T04:00,6.6,0.00,0.00,0.00,2.7,16.4,40,25.6
2024-02-22T05:00,6.8,0.10,0.00,0.10,3.4,13.1,344,24.8
2024-02-22T06:00,6.6,0.30,0.00,0.30,3.3,12.2,360,20.9
2024-02-22T07:00,6.3,0.80,0.00,0.80,2.3,17.3,358,24.8
2024-02-22T08:00,6.5,1.80,0.00,1.80,2.9,15.3,352,26.3
2024-02-22T09:00,7.2,1.50,0.00,1.50,2.9,19.1,12,27.4
2024-02-22T10:00,7.0,0.60,0.00,0.60,2.6,20.5,28,32.4
2024-02-22T11:00,8.1,0.30,0.00,0.30,3.2,24.9,18,38.9
2024-02-22T12:00,6.9,0.60,0.00,0.60,1.7,25.4,32,41.8
2024-02-22T13:00,6.2,0.50,0.00,0.50,0.8,26.5,45,41.0
2024-02-22T14:00,5.6,0.10,0.00,0.10,1.1,19.4,43,40.7
2024-02-22T15:00,5.5,0.00,0.00,0.00,0.8,20.5,59,32.0
2024-02-22T16:00,5.3,0.00,0.00,0.00,1.0,18.2,56,31.7
2024-02-22T17:00,5.1,0.00,0.00,0.00,0.8,17.1,51,28.1
2024-02-22T18:00,5.0,0.00,0.00,0.00,1.2,13.5,46,25.9
2024-02-22T19:00,4.9,0.10,0.00,0.10,1.5,11.0,32,20.5
2024-02-22T20:00,5.2,0.10,0.00,0.10,1.6,12.0,49,19.1
2024-02-22T21:00,5.2,0.00,0.00,0.00,1.8,10.7,48,18.0
2024-02-22T22:00,4.3,0.00,0.00,0.00,1.0,10.0,30,21.2
2024-02-22T23:00,4.2,0.00,0.00,0.00,0.9,10.3,12,15.5
2024-02-23T00:00,4.2,0.00,0.00,0.00,0.7,11.3,9,17.6
2024-02-23T01:00,4.1,0.10,0.00,0.10,0.4,12.2,19,19.1
2024-02-23T02:00,3.6,0.50,0.00,0.50,-0.4,14.5,35,21.2
2024-02-23T03:00,3.2,0.50,0.00,0.50,-1.2,17.0,32,24.8
2024-02-23T04:00,2.8,0.30,0.00,0.30,-1.5,15.7,32,25.6
2024-02-23T05:00,2.5,0.20,0.00,0.20,-1.6,14.4,32,23.8
2024-02-23T06:00,2.4,0.10,0.00,0.10,-2.1,16.6,18,25.6
2024-02-23T07:00,2.5,0.10,0.00,0.10,-2.0,16.2,12,25.2
2024-02-23T08:00,2.9,0.00,0.00,0.00,-2.0,17.8,18,27.7
2024-02-23T09:00,3.1,0.00,0.00,0.00,-1.6,17.0,5,26.6
2024-02-23T10:00,2.3,0.30,0.07,0.20,-2.9,21.3,4,32.0
2024-02-23T11:00,3.0,0.20,0.00,0.20,-2.7,24.7,13,38.9
2024-02-23T12:00,3.5,0.20,0.00,0.20,-1.8,22.4,11,37.8
2024-02-23T13:00,3.5,0.30,0.00,0.30,-1.5,20.0,7,34.9
2024-02-23T14:00,3.6,0.50,0.00,0.50,-1.3,19.5,16,30.6
2024-02-23T15:00,3.6,0.40,0.00,0.40,-1.0,17.4,24,30.2
2024-02-23T16:00,3.3,0.30,0.00,0.30,-1.3,17.2,26,27.0
2024-02-23T17:00,3.0,0.20,0.00,0.20,-1.1,13.9,25,26.6
2024-02-23T18:00,2.8,0.10,0.00,0.10,-0.8,10.3,12,20.9
2024-02-23T19:00,2.7,0.00,0.00,0.00,-1.0,11.2,2,16.6
2024-02-23T20:00,2.7,0.00,0.00,0.00,-0.7,9.2,349,16.9
2024-02-23T21:00,2.8,0.00,0.00,0.00,-0.5,9.3,332,14.0
2024-02-23T22:00,3.3,0.00,0.00,0.00,-0.1,9.9,350,14.4
2024-02-23T23:00,3.3,0.00,0.00,0.00,-0.4,12.0,344,17.6
2024-02-24T00:00,3.2,0.00,0.00,0.00,-0.7,12.5,348,18.4
2024-02-24T01:00,2.6,0.00,0.00,0.00,-1.4,12.6,360,18.4
2024-02-24T02:00,1.4,0.00,0.00,0.00,-2.7,12.1,27,18.0
2024-02-24T03:00,0.7,0.00,0.00,0.00,-3.4,11.1,36,16.6
2024-02-24T04:00,-0.1,0.00,0.00,0.00,-4.1,10.2,39,15.1
2024-02-24T05:00,-0.2,0.00,0.00,0.00,-4.3,10.8,37,15.1
2024-02-24T06:00,-0.5,0.00,0.00,0.00,-4.8,12.0,41,16.9
2024-02-24T07:00,-0.2,0.00,0.00,0.00,-4.6,12.8,52,18.4
2024-02-24T08:00,1.9,0.00,0.00,0.00,-2.9,15.7,53,23.8
2024-02-24T09:00,3.9,0.00,0.00,0.00,-1.3,18.0,57,29.9
2024-02-24T10:00,5.8,0.00,0.00,0.00,1.6,11.4,11,22.0
2024-02-24T11:00,6.4,0.00,0.00,0.00,2.5,10.4,14,23.0
2024-02-24T12:00,7.4,0.00,0.00,0.00,4.4,9.5,37,21.6
2024-02-24T13:00,8.1,0.00,0.00,0.00,5.5,8.1,58,21.6
2024-02-24T14:00,8.7,0.00,0.00,0.00,5.7,7.6,65,19.4
2024-02-24T15:00,9.1,0.00,0.00,0.00,5.6,7.0,78,18.0
2024-02-24T16:00,9.0,0.00,0.00,0.00,5.4,7.6,87,16.2
2024-02-24T17:00,8.2,0.00,0.00,0.00,5.0,7.2,93,14.8
2024-02-24T18:00,6.4,0.00,0.00,0.00,3.1,8.6,68,10.4
2024-02-24T19:00,5.5,0.00,0.00,0.00,1.6,11.9,95,14.8
2024-02-24T20:00,4.7,0.00,0.00,0.00,0.7,12.0,106,18.7
2024-02-24T21:00,3.6,0.00,0.00,0.00,0.5,6.2,111,16.2
2024-02-24T22:00,4.2,0.00,0.00,0.00,0.9,8.0,126,11.2
2024-02-24T23:00,5.5,0.00,0.00,0.00,2.7,3.1,144,9.7
2024-02-25T00:00,4.4,0.00,0.00,0.00,1.4,4.2,301,4.0
2024-02-25T01:00,2.0,0.00,0.00,0.00,-2.3,13.9,350,18.4
2024-02-25T02:00,1.1,0.00,0.00,0.00,-3.4,14.6,350,21.2
2024-02-25T03:00,0.7,0.00,0.00,0.00,-3.9,14.9,345,21.2
2024-02-25T04:00,0.4,0.00,0.00,0.00,-4.4,15.4,339,22.3
2024-02-25T05:00,0.7,0.00,0.00,0.00,-4.2,16.1,333,23.4
2024-02-25T06:00,0.9,0.00,0.00,0.00,-4.0,16.6,333,24.1
2024-02-25T07:00,1.5,0.00,0.00,0.00,-3.5,17.0,324,26.6
2024-02-25T08:00,2.1,0.10,0.00,0.10,-2.9,18.1,329,27.0
2024-02-25T09:00,2.6,0.30,0.00,0.30,-2.9,21.7,328,31.7
2024-02-25T10:00,3.1,0.50,0.00,0.50,-2.3,21.7,339,34.9
2024-02-25T11:00,2.9,0.90,0.00,0.90,-2.3,21.6,327,33.1
2024-02-25T12:00,3.0,1.00,0.00,1.00,-2.4,23.7,324,35.6
2024-02-25T13:00,3.9,0.70,0.00,0.70,-1.8,26.3,330,39.2
2024-02-25T14:00,3.6,0.60,0.00,0.60,-2.2,26.9,330,41.0
2024-02-25T15:00,4.1,0.90,0.00,0.90,-1.4,26.1,334,41.4
2024-02-25T16:00,4.1,0.60,0.00,0.60,-1.3,25.3,334,39.2
2024-02-25T17:00,3.8,0.40,0.00,0.40,-1.7,25.6,331,37.8
2024-02-25T18:00,3.7,0.40,0.00,0.40,-1.6,24.9,329,38.5
2024-02-25T19:00,3.9,0.50,0.00,0.50,-1.5,25.1,331,36.7
2024-02-25T20:00,4.2,0.60,0.00,0.60,-1.4,26.2,333,38.9
2024-02-25T21:00,4.4,0.50,0.00,0.50,-0.9,25.1,333,38.5
2024-02-25T22:00,4.8,0.10,0.00,0.10,-0.4,24.6,333,37.1
2024-02-25T23:00,5.1,0.10,0.00,0.10,-0.3,25.6,336,37.4
2024-02-26T00:00,5.5,1.00,0.00,1.00,-0.2,28.0,334,41.0
2024-02-26T01:00,5.5,0.50,0.00,0.50,-0.2,28.2,337,41.4
2024-02-26T02:00,5.7,0.40,0.00,0.40,0.1,27.3,342,41.4
2024-02-26T03:00,5.8,0.20,0.00,0.20,0.1,28.8,342,41.8
2024-02-26T04:00,5.9,0.40,0.00,0.40,-0.1,30.2,340,43.9
2024-02-26T05:00,5.7,0.30,0.00,0.30,-0.4,29.7,343,44.3
2024-02-26T06:00,5.6,0.00,0.00,0.00,-0.7,29.9,345,43.9
2024-02-26T07:00,5.3,0.00,0.00,0.00,-1.7,32.6,342,47.5
2024-02-26T08:00,6.1,0.00,0.00,0.00,-1.8,38.0,335,55.1
2024-02-26T09:00,7.4,0.00,0.00,0.00,-1.1,41.9,333,60.1
2024-02-26T10:00,9.3,0.00,0.00,0.00,-0.4,49.5,327,73.4
2024-02-26T11:00,10.1,0.00,0.00,0.00,0.7,50.1,329,73.8
2024-02-26T12:00,10.6,0.00,0.00,0.00,0.9,53.3,333,78.8
2024-02-26T13:00,10.4,0.00,0.00,0.00,0.4,54.6,333,81.0
2024-02-26T14:00,10.3,0.00,0.00,0.00,0.4,52.2,335,80.6
2024-02-26T15:00,9.6,0.00,0.00,0.00,-1.2,55.6,331,81.7
2024-02-26T16:00,8.6,0.00,0.00,0.00,-1.8,53.2,330,81.7
2024-02-26T17:00,7.0,0.00,0.00,0.00,-3.3,52.6,334,78.8
2024-02-26T18:00,5.5,0.00,0.00,0.00,-5.0,53.4,337,78.1
2024-02-26T19:00,5.0,0.00,0.00,0.00,-4.9,49.7,339,77.8
2024-02-26T20:00,4.6,0.00,0.00,0.00,-4.1,41.3,340,71.6
2024-02-26T21:00,4.2,0.00,0.00,0.00,-3.8,36.7,334,59.8
2024-02-26T22:00,4.4,0.00,0.00,0.00,-2.9,31.7,324,49.7
2024-02-26T23:00,4.2,0.00,0.00,0.00,-3.1,31.4,318,45.7
2024-02-27T00:00,4.0,0.00,0.00,0.00,-3.6,33.3,315,48.6
2024-02-27T01:00,3.9,0.00,0.00,0.00,-3.9,34.5,320,50.8
2024-02-27T02:00,3.6,0.00,0.00,0.00,-4.7,37.5,319,53.6
2024-02-27T03:00,3.4,0.00,0.00,0.00,-5.0,37.5,319,55.1
2024-02-27T04:00,3.1,0.00,0.00,0.00,-5.2,37.2,315,54.4
2024-02-27T05:00,3.0,0.00,0.00,0.00,-5.2,36.4,313,54.0
2024-02-27T06:00,3.0,0.00,0.00,0.00,-5.0,34.7,311,52.6
2024-02-27T07:00,3.6,0.00,0.00,0.00,-4.4,35.2,312,51.5
2024-02-27T08:00,5.3,0.00,0.00,0.00,-3.3,39.6,319,56.5
2024-02-27T09:00,6.6,0.00,0.00,0.00,-4.1,53.6,327,77.4
2024-02-27T10:00,7.3,0.00,0.00,0.00,-3.3,54.0,328,81.4
2024-02-27T11:00,8.1,0.00,0.00,0.00,-3.1,58.4,325,86.0
2024-02-27T12:00,8.3,0.00,0.00,0.00,-3.1,62.0,329,91.1
2024-02-27T13:00,8.5,0.00,0.00,0.00,-3.3,64.4,326,95.0
2024-02-27T14:00,8.4,0.00,0.00,0.00,-3.8,65.5,322,96.5
2024-02-27T15:00,8.1,0.00,0.00,0.00,-4.2,64.5,323,96.5
2024-02-27T16:00,7.8,0.00,0.00,0.00,-3.5,57.3,324,94.3
2024-02-27T17:00,6.7,0.00,0.00,0.00,-2.9,46.4,322,83.5
2024-02-27T18:00,5.8,0.00,0.00,0.00,-2.9,40.7,316,67.0
2024-02-27T19:00,5.3,0.00,0.00,0.00,-3.9,44.3,314,63.7
2024-02-27T20:00,5.0,0.00,0.00,0.00,-3.9,42.3,314,64.1
2024-02-27T21:00,4.8,0.00,0.00,0.00,-4.0,41.1,319,61.9
2024-02-27T22:00,4.9,0.00,0.00,0.00,-3.8,40.3,319,59.0
2024-02-27T23:00,4.5,0.00,0.00,0.00,-3.1,33.7,319,58.0
2024-02-28T00:00,4.3,0.00,0.00,0.00,-3.5,34.4,314,49.3
2024-02-28T01:00,4.2,0.00,0.00,0.00,-4.0,37.4,316,54.0
2024-02-28T02:00,4.0,0.00,0.00,0.00,-4.2,37.1,326,56.9
2024-02-28T03:00,3.3,0.00,0.00,0.00,-4.2,32.9,330,54.0
2024-02-28T04:00,3.1,0.00,0.00,0.00,-4.0,30.5,331,47.5
2024-02-28T05:00,2.9,0.00,0.00,0.00,-4.2,30.3,336,43.9
2024-02-28T06:00,2.8,0.00,0.00,0.00,-4.0,27.9,335,43.9
2024-02-28T07:00,3.2,0.00,0.00,0.00,-3.4,26.4,332,40.3
2024-02-28T08:00,5.3,0.00,0.00,0.00,-2.1,31.4,332,49.7
2024-02-28T09:00,6.8,0.00,0.00,0.00,-1.3,36.4,330,54.0
2024-02-28T10:00,8.3,0.00,0.00,0.00,-0.2,40.0,330,60.5
2024-02-28T11:00,9.7,0.00,0.00,0.00,1.6,39.3,332,60.5
2024-02-28T12:00,10.8,0.00,0.00,0.00,3.5,36.6,336,59.8
2024-02-28T13:00,11.7,0.00,0.00,0.00,4.7,35.2,340,56.2
2024-02-28T14:00,11.9,0.00,0.00,0.00,4.7,34.7,343,54.0
2024-02-28T15:00,11.7,0.00,0.00,0.00,4.5,31.7,348,52.9
2024-02-28T16:00,11.1,0.00,0.00,0.00,4.0,30.3,342,47.9
2024-02-28T17:00,9.2,0.00,0.00,0.00,2.7,27.5,334,45.0
2024-02-28T18:00,7.0,0.00,0.00,0.00,0.4,28.1,327,40.3
2024-02-28T19:00,5.7,0.00,0.00,0.00,-1.1,28.4,324,41.0
2024-02-28T20:00,4.7,0.00,0.00,0.00,-1.8,26.3,337,41.4
2024-02-28T21:00,3.9,0.00,0.00,0.00,-2.0,22.8,348,38.2
2024-02-28T22:00,4.0,0.00,0.00,0.00,-1.8,21.7,353,32.8
2024-02-28T23:00,3.6,0.00,0.00,0.00,-2.3,21.3,6,31.3
2024-02-29T00:00,2.8,0.00,0.00,0.00,-2.7,18.7,11,31.0
2024-02-29T01:00,2.0,0.00,0.00,0.00,-2.5,12.3,15,27.0
2024-02-29T02:00,1.0,0.00,0.00,0.00,-2.8,8.4,10,16.9
2024-02-29T03:00,0.3,0.00,0.00,0.00,-3.3,7.3,11,11.2
2024-02-29T04:00,0.1,0.00,0.00,0.00,-3.9,9.5,349,12.2
2024-02-29T05:00,-0.4,0.00,0.00,0.00,-4.7,12.1,333,16.6
2024-02-29T06:00,-0.6,0.00,0.00,0.00,-5.0,12.6,333,18.0
2024-02-29T07:00,-0.4,0.00,0.00,0.00,-4.5,10.8,334,18.0
2024-02-29T08:00,1.9,0.00,0.00,0.00,-2.5,12.8,349,20.9
2024-02-29T09:00,4.3,0.00,0.00,0.00,-0.3,14.8,359,25.9
2024-02-29T10:00,6.2,0.00,0.00,0.00,1.5,13.7,2,27.0
2024-02-29T11:00,7.8,0.00,0.00,0.00,3.7,9.8,24,24.5
2024-02-29T12:00,9.3,0.00,0.00,0.00,5.7,9.4,72,19.8
2024-02-29T13:00,10.4,0.00,0.00,0.00,6.8,11.9,92,21.6
2024-02-29T14:00,10.8,0.00,0.00,0.00,7.6,10.6,100,22.7
2024-02-29T15:00,10.9,0.00,0.00,0.00,7.2,13.9,111,22.0
2024-02-29T16:00,10.9,0.00,0.00,0.00,7.2,14.9,110,24.5
2024-02-29T17:00,10.3,0.00,0.00,0.00,7.4,10.9,96,22.3
2024-02-29T18:00,8.9,0.10,0.00,0.10,6.2,9.9,57,16.2
2024-02-29T19:00,7.9,0.40,0.00,0.40,5.2,9.7,360,14.0
2024-02-29T20:00,7.2,0.70,0.00,0.70,4.5,9.8,336,14.0
2024-02-29T21:00,6.6,0.80,0.00,0.80,4.1,8.4,340,14.0
2024-02-29T22:00,6.7,1.50,0.00,1.50,3.3,14.1,13,21.6
2024-02-29T23:00,6.5,0.70,0.00,0.70,3.2,13.4,354,25.2
2024-03-01T00:00,6.1,4.80,0.00,4.80,2.4,16.2,4,26.6
2024-03-01T01:00,6.0,2.10,0.00,2.10,2.4,16.3,355,24.1
2024-03-01T02:00,5.2,3.40,0.00,3.40,0.4,24.1,328,40.7
2024-03-01T03:00,3.9,3.50,0.00,3.50,-1.5,26.9,335,44.6
2024-03-01T04:00,3.6,1.30,0.00,1.30,-2.9,33.7,323,48.6
2024-03-01T05:00,3.4,0.60,0.00,0.60,-3.4,35.1,327,52.2
2024-03-01T06:00,3.7,0.10,0.00,0.10,-2.9,33.1,323,51.5
2024-03-01T07:00,4.2,0.10,0.00,0.10,-2.1,30.7,326,51.5
2024-03-01T08:00,5.9,0.10,0.00,0.10,0.6,24.6,328,46.1
2024-03-01T09:00,7.4,0.00,0.00,0.00,3.4,17.2,323,40.7
2024-03-01T10:00,10.9,0.00,0.00,0.00,6.1,23.4,335,38.5
2024-03-01T11:00,12.4,0.00,0.00,0.00,6.6,28.8,328,39.6
2024-03-01T12:00,14.1,0.00,0.00,0.00,7.8,36.6,328,55.4
2024-03-01T13:00,13.8,0.00,0.00,0.00,7.3,37.4,335,57.2
2024-03-01T14:00,13.6,0.00,0.00,0.00,8.1,29.3,341,56.5
2024-03-01T15:00,13.6,0.00,0.00,0.00,7.8,27.7,335,44.6
2024-03-01T16:00,12.8,0.00,0.00,0.00,8.0,21.5,339,41.8
2024-03-01T17:00,12.1,0.00,0.00,0.00,9.4,9.4,328,31.3
2024-03-01T18:00,10.5,0.00,0.00,0.00,8.4,6.8,288,12.2
2024-03-01T19:00,9.9,0.10,0.00,0.10,7.6,7.2,273,9.0
2024-03-01T20:00,9.4,0.30,0.00,0.30,7.4,4.8,283,8.6
2024-03-01T21:00,8.5,0.10,0.00,0.10,6.4,5.8,7,7.6
2024-03-01T22:00,8.8,0.00,0.00,0.00,7.0,4.3,336,13.3
2024-03-01T23:00,7.8,0.00,0.00,0.00,4.5,16.0,346,21.6
2024-03-02T00:00,6.8,0.00,0.00,0.00,1.7,23.5,345,32.4
2024-03-02T01:00,6.3,0.10,0.00,0.10,-0.0,29.4,353,42.5
2024-03-02T02:00,5.6,0.00,0.00,0.00,-2.5,37.8,341,54.7
2024-03-02T03:00,4.8,0.00,0.00,0.00,-3.3,36.2,341,54.7
2024-03-02T04:00,3.7,0.00,0.00,0.00,-4.9,39.4,344,57.2
2024-03-02T05:00,3.0,0.00,0.00,0.00,-5.4,37.9,346,57.2
2024-03-02T06:00,2.2,0.00,0.00,0.00,-5.7,33.8,346,55.4
2024-03-02T07:00,2.0,0.00,0.00,0.00,-5.7,32.6,344,49.0
2024-03-02T08:00,2.3,0.00,0.00,0.00,-5.4,31.6,349,47.9
2024-03-02T09:00,3.4,0.00,0.00,0.00,-4.7,34.1,353,51.1
2024-03-02T10:00,5.7,0.00,0.00,0.00,-2.9,38.4,343,58.3
2024-03-02T11:00,6.2,0.00,0.00,0.00,-1.9,35.1,343,58.0
2024-03-02T12:00,6.0,0.00,0.00,0.00,-1.4,30.5,343,53.3
2024-03-02T13:00,6.6,0.00,0.00,0.00,-0.0,25.3,343,45.7
2024-03-02T14:00,7.0,0.00,0.00,0.00,1.4,19.0,345,38.5
2024-03-02T15:00,6.9,0.00,0.00,0.00,1.9,14.5,346,29.5
2024-03-02T16:00,6.8,0.00,0.00,0.00,2.1,12.2,336,22.3
2024-03-02T17:00,6.1,0.00,0.00,0.00,1.6,13.0,312,18.7
2024-03-02T18:00,5.1,0.00,0.00,0.00,0.2,15.3,317,21.2
2024-03-02T19:00,4.2,0.00,0.00,0.00,-1.2,18.3,324,25.9
2024-03-02T20:00,3.4,0.00,0.00,0.00,-2.0,17.6,325,26.6
2024-03-02T21:00,3.3,0.00,0.00,0.00,-1.8,16.6,338,25.6
2024-03-02T22:00,3.2,0.00,0.00,0.00,-2.3,19.6,328,28.1
2024-03-02T23:00,2.0,0.00,0.00,0.00,-3.4,18.3,344,28.8
2024-03-03T00:00,1.6,0.00,0.00,0.00,-3.6,16.2,343,26.6
2024-03-03T01:00,0.7,0.00,0.00,0.00,-4.1,13.9,350,23.0
2024-03-03T02:00,0.2,0.00,0.00,0.00,-5.1,17.1,352,24.1
2024-03-03T03:00,-0.2,0.00,0.00,0.00,-5.7,17.9,350,26.6
2024-03-03T04:00,-0.9,0.00,0.00,0.00,-5.9,14.8,1,25.9
2024-03-03T05:00,-1.4,0.00,0.00,0.00,-5.9,10.8,2,20.9
2024-03-03T06:00,-1.7,0.00,0.00,0.00,-5.2,5.1,352,14.8
2024-03-03T07:00,-0.9,0.00,0.00,0.00,-4.2,3.2,297,6.5
2024-03-03T08:00,1.8,0.00,0.00,0.00,-1.3,3.3,264,9.7
2024-03-03T09:00,4.7,0.00,0.00,0.00,1.6,3.1,216,11.2
2024-03-03T10:00,6.9,0.00,0.00,0.00,4.1,2.3,129,11.5
2024-03-03T11:00,9.0,0.00,0.00,0.00,5.8,11.7,169,22.0
2024-03-03T12:00,10.1,0.00,0.00,0.00,5.9,20.2,178,33.8
2024-03-03T13:00,10.7,0.00,0.00,0.00,6.1,22.4,184,37.1
2024-03-03T14:00,11.1,0.00,0.00,0.00,6.5,21.0,174,37.1
2024-03-03T15:00,11.6,0.00,0.00,0.00,7.1,15.5,184,34.6
2024-03-03T16:00,11.9,0.00,0.00,0.00,7.8,12.7,187,26.3
2024-03-03T17:00,11.0,0.00,0.00,0.00,7.9,7.9,150,20.5
2024-03-03T18:00,7.9,0.00,0.00,0.00,5.0,7.3,110,10.4
2024-03-03T19:00,7.2,0.00,0.00,0.00,4.3,5.8,22,8.3
2024-03-03T20:00,5.7,0.00,0.00,0.00,1.7,14.4,338,18.4
2024-03-03T21:00,5.7,0.00,0.00,0.00,0.3,22.7,358,30.6
2024-03-03T22:00,5.6,0.00,0.00,0.00,-0.0,21.4,347,35.3
2024-03-03T23:00,4.1,0.00,0.00,0.00,-0.9,17.1,345,30.2
2024-03-04T00:00,3.2,0.00,0.00,0.00,-0.8,10.9,316,24.1
2024-03-04T01:00,2.0,0.00,0.00,0.00,-1.4,6.9,276,14.0
2024-03-04T02:00,1.6,0.00,0.00,0.00,-2.2,9.6,304,11.2
2024-03-04T03:00,0.9,0.00,0.00,0.00,-2.5,6.5,270,13.0
2024-03-04T04:00,0.7,0.00,0.00,0.00,-3.4,10.8,266,13.3
2024-03-04T05:00,-0.5,0.00,0.00,0.00,-4.5,10.6,288,16.2
2024-03-04T06:00,-1.0,0.00,0.00,0.00,-4.6,7.0,339,14.0
2024-03-04T07:00,0.5,0.00,0.00,0.00,-3.6,11.0,349,15.8
2024-03-04T08:00,3.6,0.00,0.00,0.00,-0.5,12.7,353,20.9
2024-03-04T09:00,6.1,0.00,0.00,0.00,1.5,16.4,345,27.0
2024-03-04T10:00,9.0,0.00,0.00,0.00,5.6,9.4,2,24.5
2024-03-04T11:00,10.6,0.00,0.00,0.00,8.0,8.8,348,20.2
2024-03-04T12:00,11.8,0.00,0.00,0.00,9.1,11.0,11,22.7
2024-03-04T13:00,12.4,0.00,0.00,0.00,9.0,13.4,24,25.2
2024-03-04T14:00,12.6,0.00,0.00,0.00,8.5,15.4,37,27.0
2024-03-04T15:00,12.3,0.00,0.00,0.00,7.6,17.4,40,28.8
2024-03-04T16:00,12.2,0.00,0.00,0.00,7.4,18.0,12,28.4
2024-03-04T17:00,11.1,0.00,0.00,0.00,5.8,21.7,354,31.7
2024-03-04T18:00,8.8,0.00,0.00,0.00,4.6,14.9,7,31.0
2024-03-04T19:00,7.3,0.00,0.00,0.00,2.5,17.7,354,24.8
2024-03-04T20:00,5.8,0.00,0.00,0.00,1.3,15.6,352,25.2
2024-03-04T21:00,4.6,0.00,0.00,0.00,0.7,11.2,345,22.0
2024-03-04T22:00,4.9,0.00,0.00,0.00,0.9,12.3,357,23.0
2024-03-04T23:00,4.1,0.00,0.00,0.00,-0.4,15.4,344,22.3
2024-03-05T00:00,4.0,0.00,0.00,0.00,0.3,10.4,314,21.6
2024-03-05T01:00,3.3,0.00,0.00,0.00,-0.4,10.0,330,14.4
2024-03-05T02:00,3.3,0.00,0.00,0.00,-0.6,11.2,339,15.5
2024-03-05T03:00,3.0,0.00,0.00,0.00,-1.4,13.4,340,18.4
2024-03-05T04:00,2.6,0.00,0.00,0.00,-1.6,12.3,355,18.7
2024-03-05T05:00,1.9,0.00,0.00,0.00,-1.9,10.1,360,16.9
2024-03-05T06:00,1.3,0.00,0.00,0.00,-2.3,8.3,358,13.3
2024-03-05T07:00,3.0,0.00,0.00,0.00,-0.4,7.1,15,10.8
2024-03-05T08:00,4.6,0.00,0.00,0.00,0.9,10.1,17,16.6
2024-03-05T09:00,5.6,0.00,0.00,0.00,1.7,10.5,6,19.4
2024-03-05T10:00,7.6,0.00,0.00,0.00,4.0,8.5,12,17.3
2024-03-05T11:00,7.8,0.00,0.00,0.00,4.2,9.3,13,17.6
2024-03-05T12:00,8.1,0.00,0.00,0.00,4.6,10.5,27,19.8
2024-03-05T13:00,7.8,0.10,0.00,0.10,4.5,10.1,27,20.2
2024-03-05T14:00,7.6,0.50,0.00,0.50,4.6,9.5,29,18.0
2024-03-05T15:00,7.6,0.80,0.00,0.80,4.9,9.0,53,16.2
2024-03-05T16:00,7.4,0.90,0.00,0.90,4.2,12.9,63,18.7
2024-03-05T17:00,6.9,0.50,0.00,0.50,3.3,16.3,35,23.4
2024-03-05T18:00,6.3,1.40,0.00,1.40,2.6,16.1,16,24.1
2024-03-05T19:00,6.2,1.40,0.00,1.40,2.8,14.5,6,23.8
2024-03-05T20:00,6.1,1.50,0.00,1.50,2.2,17.7,358,25.9
2024-03-05T21:00,5.5,1.80,0.00,1.80,0.9,22.6,343,32.8
2024-03-05T22:00,2.0,3.40,0.14,3.20,-3.5,25.1,344,43.6
2024-03-05T23:00,1.6,3.20,0.42,2.60,-4.0,25.3,337,40.7
2024-03-06T00:00,1.3,3.60,0.56,2.80,-5.2,31.0,342,45.0
2024-03-06T01:00,1.2,5.30,0.28,4.90,-5.4,32.2,342,47.5
2024-03-06T02:00,1.0,4.40,0.14,4.20,-5.6,31.9,332,50.0
2024-03-06T03:00,1.0,1.60,0.00,1.60,-5.9,33.7,340,50.8
2024-03-06T04:00,1.4,0.50,0.00,0.50,-5.1,31.0,338,49.3
2024-03-06T05:00,2.1,0.30,0.00,0.30,-4.8,33.9,341,52.2
2024-03-06T06:00,2.7,0.20,0.00,0.20,-4.4,35.0,340,50.8
2024-03-06T07:00,3.1,0.00,0.00,0.00,-3.7,33.5,343,51.1
2024-03-06T08:00,3.6,0.20,0.00,0.20,-3.1,33.0,346,50.4
2024-03-06T09:00,4.5,0.30,0.00,0.30,-2.6,35.4,348,54.0
2024-03-06T10:00,5.2,0.30,0.00,0.30,-1.3,32.6,344,50.8
2024-03-06T11:00,5.5,0.60,0.00,0.60,-0.9,32.3,346,47.9
2024-03-06T12:00,6.0,0.30,0.00,0.30,-0.6,34.0,347,50.4
2024-03-06T13:00,6.8,0.10,0.00,0.10,0.6,31.7,348,51.1
2024-03-06T14:00,8.5,0.00,0.00,0.00,2.6,31.1,355,50.0
2024-03-06T15:00,9.0,0.00,0.00,0.00,3.8,25.9,358,47.2
2024-03-06T16:00,9.6,0.00,0.00,0.00,4.6,24.1,359,39.2
2024-03-06T17:00,8.6,0.00,0.00,0.00,4.4,19.6,7,36.0
2024-03-06T18:00,8.0,0.00,0.00,0.00,4.0,17.7,17,28.8
2024-03-06T19:00,7.4,0.00,0.00,0.00,4.0,13.4,20,25.6
2024-03-06T20:00,6.9,0.00,0.00,0.00,3.5,13.1,344,19.1
2024-03-06T21:00,6.3,0.00,0.00,0.00,1.1,22.7,340,32.0
2024-03-06T22:00,5.8,0.00,0.00,0.00,-0.8,29.5,342,46.1
2024-03-06T23:00,5.6,0.00,0.00,0.00,-0.7,27.1,343,42.8
2024-03-07T00:00,5.2,0.00,0.00,0.00,-0.7,24.4,346,39.6
2024-03-07T01:00,4.9,0.00,0.00,0.00,-0.7,22.8,348,35.3
2024-03-07T02:00,4.5,0.00,0.00,0.00,-0.7,19.5,355,33.5
2024-03-07T03:00,4.1,0.00,0.00,0.00,-0.7,17.1,8,28.4
2024-03-07T04:00,3.6,0.00,0.00,0.00,-0.9,15.0,17,24.5
2024-03-07T05:00,3.1,0.00,0.00,0.00,-1.1,12.6,13,21.6
2024-03-07T06:00,2.8,0.00,0.00,0.00,-1.5,12.3,5,18.7
2024-03-07T07:00,2.8,0.00,0.00,0.00,-1.3,10.9,9,18.0
2024-03-07T08:00,3.6,0.00,0.00,0.00,-1.1,14.7,28,22.3
2024-03-07T09:00,4.4,0.00,0.00,0.00,-0.4,14.7,36,24.1
2024-03-07T10:00,6.1,0.00,0.00,0.00,1.8,12.6,27,23.0
2024-03-07T11:00,6.7,0.00,0.00,0.00,2.8,9.7,51,21.6
2024-03-07T12:00,7.1,0.00,0.00,0.00,3.2,9.7,86,19.1
2024-03-07T13:00,7.9,0.00,0.00,0.00,3.9,10.5,98,20.5
2024-03-07T14:00,8.5,0.00,0.00,0.00,4.4,11.2,96,20.2
2024-03-07T15:00,8.8,0.00,0.00,0.00,4.2,14.9,110,23.8
2024-03-07T16:00,8.6,0.00,0.00,0.00,3.7,17.6,118,27.7
2024-03-07T17:00,7.9,0.00,0.00,0.00,3.6,14.8,124,26.6
2024-03-07T18:00,6.9,0.00,0.00,0.00,2.7,14.6,106,21.6
2024-03-07T19:00,6.3,0.00,0.00,0.00,2.4,13.0,104,20.5
2024-03-07T20:00,6.1,0.00,0.00,0.00,3.0,8.3,92,18.4
2024-03-07T21:00,5.7,0.00,0.00,0.00,3.2,4.6,45,11.2
2024-03-07T22:00,5.8,0.10,0.00,0.10,3.6,2.6,56,9.4
2024-03-07T23:00,5.4,0.60,0.00,0.60,2.8,4.9,324,5.8
2024-03-08T00:00,5.1,0.50,0.00,0.50,2.3,6.5,304,9.4
2024-03-08T01:00,4.5,0.90,0.00,0.90,1.5,8.4,280,12.2
2024-03-08T02:00,3.5,1.50,0.00,1.50,0.2,9.2,301,14.4
2024-03-08T03:00,2.4,1.50,0.00,1.50,-1.5,13.4,324,19.8
2024-03-08T04:00,1.5,1.60,0.21,1.30,-2.8,16.1,340,25.2
2024-03-08T05:00,1.5,1.70,0.49,1.00,-2.8,16.5,350,24.8
2024-03-08T06:00,1.5,1.80,0.77,0.70,-3.0,17.4,342,26.3
2024-03-08T07:00,1.3,1.90,0.91,0.60,-3.4,19.1,348,28.4
2024-03-08T08:00,1.3,1.80,0.91,0.50,-3.8,21.6,349,32.8
2024-03-08T09:00,1.5,1.50,0.63,0.60,-3.6,21.5,346,33.5
2024-03-08T10:00,3.4,0.10,0.00,0.10,-1.9,24.5,357,38.2
2024-03-08T11:00,4.8,0.00,0.00,0.00,-0.3,22.9,8,39.2
2024-03-08T12:00,6.0,0.00,0.00,0.00,1.2,21.5,18,37.1
2024-03-08T13:00,6.6,0.00,0.00,0.00,2.1,19.6,26,35.6
2024-03-08T14:00,7.9,0.00,0.00,0.00,4.1,14.3,18,32.8
2024-03-08T15:00,8.4,0.10,0.00,0.10,5.6,6.6,29,25.6
2024-03-08T16:00,8.4,0.10,0.00,0.10,5.4,7.3,57,15.1
2024-03-08T17:00,7.9,0.00,0.00,0.00,5.0,7.6,71,14.0
2024-03-08T18:00,5.6,0.00,0.00,0.00,3.0,6.6,81,10.8
2024-03-08T19:00,4.6,0.00,0.00,0.00,2.1,5.8,22,7.6
2024-03-08T20:00,4.7,0.00,0.00,0.00,2.2,6.2,324,6.8
2024-03-08T21:00,4.5,0.00,0.00,0.00,0.9,12.6,323,18.0
2024-03-08T22:00,2.0,0.00,0.00,0.00,-0.8,6.2,350,16.9
2024-03-08T23:00,2.4,0.00,0.00,0.00,-0.1,4.2,290,7.2
2024-03-09T00:00,1.3,0.00,0.00,0.00,-2.0,8.9,313,10.8
2024-03-09T01:00,0.3,0.00,0.00,0.00,-2.8,7.2,307,12.2
2024-03-09T02:00,-0.4,0.00,0.00,0.00,-3.7,7.4,284,9.7
2024-03-09T03:00,-0.3,0.00,0.00,0.00,-3.6,7.9,309,12.2
2024-03-09T04:00,-0.2,0.00,0.00,0.00,-3.8,9.7,329,13.7
2024-03-09T05:00,0.2,0.00,0.00,0.00,-3.3,9.7,312,18.4
2024-03-09T06:00,0.8,0.00,0.00,0.00,-2.9,11.3,329,16.2
2024-03-09T07:00,0.9,0.00,0.00,0.00,-3.5,15.9,355,27.7
2024-03-09T08:00,2.5,0.00,0.00,0.00,-1.4,13.3,357,24.5
2024-03-09T09:00,6.2,0.00,0.00,0.00,1.1,21.3,358,32.0
2024-03-09T10:00,7.7,0.00,0.00,0.00,-0.4,38.7,337,59.0
2024-03-09T11:00,8.6,0.00,0.00,0.00,0.7,39.4,333,60.5
2024-03-09T12:00,9.4,0.00,0.00,0.00,1.7,38.0,335,59.8
2024-03-09T13:00,9.8,0.00,0.00,0.00,2.2,37.3,329,58.3
2024-03-09T14:00,9.7,0.00,0.00,0.00,2.0,35.8,331,56.5
2024-03-09T15:00,9.6,0.00,0.00,0.00,0.9,37.8,329,56.2
2024-03-09T16:00,8.1,0.00,0.00,0.00,-1.2,41.2,334,60.1
2024-03-09T17:00,6.6,0.00,0.00,0.00,-2.2,38.8,339,60.5
2024-03-09T18:00,4.9,0.00,0.00,0.00,-4.4,41.3,342,59.4
2024-03-09T19:00,4.0,0.00,0.00,0.00,-5.2,41.1,340,60.1
2024-03-09T20:00,3.4,0.00,0.00,0.00,-4.3,30.9,324,59.4
2024-03-09T21:00,2.4,0.00,0.00,0.00,-4.3,24.7,314,44.3
2024-03-09T22:00,2.5,0.00,0.00,0.00,-3.5,20.1,313,47.5
2024-03-09T23:00,1.5,0.00,0.00,0.00,-3.6,14.5,305,28.1
2024-03-10T00:00,1.3,0.00,0.00,0.00,-4.3,18.2,308,24.5
2024-03-10T01:00,1.3,0.00,0.00,0.00,-5.0,22.1,314,31.7
2024-03-10T02:00,1.0,0.00,0.00,0.00,-5.1,20.7,321,31.7
2024-03-10T03:00,0.5,0.00,0.00,0.00,-5.3,19.3,331,29.5
2024-03-10T04:00,0.4,0.00,0.00,0.00,-5.4,19.5,326,27.7
2024-03-10T05:00,0.4,0.00,0.00,0.00,-5.1,17.9,332,27.4
2024-03-10T06:00,-0.2,0.00,0.00,0.00,-5.2,14.2,339,24.8
2024-03-10T07:00,0.9,0.00,0.00,0.00,-3.3,10.1,358,19.4
2024-03-10T08:00,3.8,0.00,0.00,0.00,0.0,8.4,10,15.1
2024-03-10T09:00,6.6,0.00,0.00,0.00,1.6,16.4,351,25.9
2024-03-10T10:00,9.0,0.00,0.00,0.00,3.5,20.5,321,32.8
2024-03-10T11:00,10.0,0.00,0.00,0.00,4.8,22.4,323,36.4
2024-03-10T12:00,11.0,0.00,0.00,0.00,5.3,26.3,324,41.0
2024-03-10T13:00,11.6,0.00,0.00,0.00,5.6,27.4,330,42.8
2024-03-10T14:00,11.3,0.00,0.00,0.00,4.6,27.2,340,42.8
2024-03-10T15:00,10.4,0.00,0.00,0.00,3.3,28.7,353,43.2
2024-03-10T16:00,9.0,0.00,0.00,0.00,1.9,28.7,348,44.3
2024-03-10T17:00,8.0,0.00,0.00,0.00,1.9,23.4,349,41.8
2024-03-10T18:00,5.4,0.00,0.00,0.00,-0.3,19.9,328,33.5
2024-03-10T19:00,4.1,0.00,0.00,0.00,-1.9,22.4,316,31.3
2024-03-10T20:00,3.2,0.00,0.00,0.00,-2.9,23.0,320,32.8
2024-03-10T21:00,2.0,0.00,0.00,0.00,-3.4,18.4,332,32.8
2024-03-10T22:00,3.1,0.00,0.00,0.00,-3.0,22.7,337,38.5
2024-03-10T23:00,2.4,0.00,0.00,0.00,-3.3,20.9,341,33.1
2024-03-11T00:00,1.7,0.00,0.00,0.00,-3.6,17.2,349,30.2
2024-03-11T01:00,1.2,0.00,0.00,0.00,-3.8,15.9,355,24.5
2024-03-11T02:00,0.9,0.00,0.00,0.00,-4.4,17.3,359,24.8
2024-03-11T03:00,0.3,0.00,0.00,0.00,-4.6,14.4,4,24.8
2024-03-11T04:00,-0.3,0.00,0.00,0.00,-4.9,12.7,8,20.2
2024-03-11T05:00,-0.9,0.00,0.00,0.00,-5.2,11.1,13,17.6
2024-03-11T06:00,-1.5,0.00,0.00,0.00,-5.7,10.1,354,15.1
2024-03-11T07:00,-0.4,0.00,0.00,0.00,-4.5,10.3,348,16.2
2024-03-11T08:00,2.2,0.00,0.00,0.00,-1.9,11.2,339,19.4
2024-03-11T09:00,4.8,0.00,0.00,0.00,0.7,12.0,353,23.0
2024-03-11T10:00,6.7,0.00,0.00,0.00,2.8,11.8,12,27.0
2024-03-11T11:00,8.4,0.00,0.00,0.00,6.1,6.9,51,23.4
2024-03-11T12:00,10.0,0.00,0.00,0.00,8.0,8.2,113,19.4
2024-03-11T13:00,11.1,0.00,0.00,0.00,8.6,12.0,147,23.8
2024-03-11T14:00,11.8,0.00,0.00,0.00,8.3,15.6,173,27.0
2024-03-11T15:00,12.0,0.00,0.00,0.00,7.6,18.0,180,29.9
2024-03-11T16:00,12.0,0.00,0.00,0.00,7.2,20.9,191,31.7
2024-03-11T17:00,10.9,0.00,0.00,0.00,7.2,16.9,191,32.4
2024-03-11T18:00,9.8,0.00,0.00,0.00,6.2,15.9,167,24.1
2024-03-11T19:00,8.9,0.00,0.00,0.00,5.2,14.8,177,22.7
2024-03-11T20:00,8.1,0.00,0.00,0.00,4.2,14.3,198,20.9
2024-03-11T21:00,6.9,0.00,0.00,0.00,3.3,11.8,203,20.2
2024-03-11T22:00,6.2,0.00,0.00,0.00,4.1,5.1,262,12.6
2024-03-11T23:00,5.9,0.00,0.00,0.00,3.5,7.4,317,9.0
2024-03-12T00:00,5.8,0.00,0.00,0.00,3.2,8.7,336,11.5
2024-03-12T01:00,5.7,0.00,0.00,0.00,3.3,6.3,347,11.5
2024-03-12T02:00,5.5,0.00,0.00,0.00,3.2,5.5,328,7.9
2024-03-12T03:00,5.4,0.00,0.00,0.00,3.1,5.4,340,7.6
2024-03-12T04:00,5.1,0.00,0.00,0.00,2.5,6.6,319,7.9
2024-03-12T05:00,5.0,0.00,0.00,0.00,2.4,6.9,332,9.4
2024-03-12T06:00,4.9,0.00,0.00,0.00,2.2,6.9,354,9.4
2024-03-12T07:00,5.6,0.00,0.00,0.00,2.8,7.9,336,11.5
2024-03-12T08:00,6.3,0.00,0.00,0.00,3.6,8.6,2,13.7
2024-03-12T09:00,7.5,0.00,0.00,0.00,5.0,8.4,10,14.8
2024-03-12T10:00,6.1,0.50,0.00,0.50,3.4,9.1,351,15.1
2024-03-12T11:00,7.9,0.60,0.00,0.60,5.3,9.7,358,17.6
2024-03-12T12:00,8.8,0.40,0.00,0.40,6.4,9.6,13,19.4
2024-03-12T13:00,10.7,1.00,0.00,1.00,8.7,9.2,21,20.5
2024-03-12T14:00,9.7,2.20,0.00,2.20,6.5,17.6,11,25.2
2024-03-12T15:00,9.4,5.20,0.00,5.20,6.3,17.5,352,27.7
2024-03-12T16:00,8.9,7.00,0.00,7.00,5.3,20.7,7,30.2
2024-03-12T17:00,8.8,8.90,0.00,8.90,4.6,25.6,1,36.7
2024-03-12T18:00,7.9,9.30,0.00,9.30,1.9,36.5,345,52.9
2024-03-12T19:00,5.6,3.30,0.00,3.30,-3.4,51.2,323,74.5
2024-03-12T20:00,5.8,0.00,0.00,0.00,-1.4,39.0,324,75.2
2024-03-12T21:00,7.0,0.00,0.00,0.00,0.6,33.9,338,56.2
2024-03-12T22:00,7.8,0.00,0.00,0.00,1.2,34.0,340,58.7
2024-03-12T23:00,7.7,0.00,0.00,0.00,2.2,25.6,350,49.3
2024-03-13T00:00,7.8,0.20,0.00,0.20,2.1,25.6,346,38.2
2024-03-13T01:00,8.0,0.00,0.00,0.00,2.2,25.8,330,37.1
2024-03-13T02:00,8.0,0.00,0.00,0.00,1.8,28.7,321,40.7
2024-03-13T03:00,8.1,0.00,0.00,0.00,1.7,29.8,317,45.7
2024-03-13T04:00,8.3,0.00,0.00,0.00,1.2,33.4,303,46.4
2024-03-13T05:00,8.0,0.00,0.00,0.00,-0.7,44.3,309,61.9
2024-03-13T06:00,6.9,0.00,0.00,0.00,-0.6,36.0,320,64.8
2024-03-13T07:00,6.9,0.00,0.00,0.00,-0.3,33.9,329,51.5
2024-03-13T08:00,7.8,0.00,0.00,0.00,0.7,33.6,341,52.9
2024-03-13T09:00,9.2,0.00,0.00,0.00,1.6,35.7,334,52.6
2024-03-13T10:00,11.0,0.20,0.00,0.20,3.3,37.1,321,53.6
2024-03-13T11:00,11.2,0.00,0.00,0.00,2.7,41.8,322,61.2
2024-03-13T12:00,12.0,0.00,0.00,0.00,3.8,41.9,325,62.6
2024-03-13T13:00,12.4,0.00,0.00,0.00,4.6,41.7,335,63.0
2024-03-13T14:00,11.6,0.00,0.00,0.00,3.4,43.7,347,65.2
2024-03-13T15:00,11.1,0.00,0.00,0.00,2.3,44.4,352,67.0
2024-03-13T16:00,10.3,0.00,0.00,0.00,1.6,42.8,353,65.9
2024-03-13T17:00,8.0,0.00,0.00,0.00,-0.2,39.5,353,63.0
2024-03-13T18:00,5.8,0.00,0.00,0.00,-1.9,34.8,344,57.6
2024-03-13T19:00,5.1,0.00,0.00,0.00,-2.0,30.5,343,50.4
2024-03-13T20:00,4.7,0.00,0.00,0.00,-2.5,31.5,344,45.7
2024-03-13T21:00,4.5,0.00,0.00,0.00,-2.8,31.6,345,46.8
2024-03-13T22:00,4.5,0.00,0.00,0.00,-2.3,28.3,353,40.7
2024-03-13T23:00,4.2,0.00,0.00,0.00,-2.2,24.9,358,41.4
2024-03-14T00:00,3.6,0.00,0.00,0.00,-1.7,18.4,357,36.0
2024-03-14T01:00,3.0,0.00,0.00,0.00,-1.6,13.8,6,25.9
2024-03-14T02:00,2.5,0.00,0.00,0.00,-1.3,8.8,9,19.1
2024-03-14T03:00,2.4,0.00,0.00,0.00,-0.7,5.2,16,11.9
2024-03-14T04:00,2.9,0.00,0.00,0.00,0.1,1.8,37,6.5
2024-03-14T05:00,1.8,0.00,0.00,0.00,-1.3,4.7,247,4.7
2024-03-14T06:00,1.4,0.00,0.00,0.00,-2.3,8.6,255,10.4
2024-03-14T07:00,2.5,0.00,0.00,0.00,-0.9,7.6,251,13.0
2024-03-14T08:00,5.6,0.00,0.00,0.00,2.4,7.1,225,14.4
2024-03-14T09:00,7.8,0.00,0.00,0.00,4.5,9.1,187,18.4
2024-03-14T10:00,9.9,0.00,0.00,0.00,6.9,8.4,173,18.0
2024-03-14T11:00,11.3,0.00,0.00,0.00,7.8,17.3,175,29.5
2024-03-14T12:00,12.1,0.00,0.00,0.00,8.5,20.9,177,34.9
2024-03-14T13:00,13.2,0.00,0.00,0.00,9.4,21.8,188,36.0
2024-03-14T14:00,13.4,0.00,0.00,0.00,9.5,21.5,194,36.0
2024-03-14T15:00,13.5,0.00,0.00,0.00,8.6,23.2,187,36.7
2024-03-14T16:00,13.2,0.00,0.00,0.00,9.2,18.1,185,36.0
2024-03-14T17:00,12.4,0.00,0.00,0.00,9.6,10.8,182,27.4
2024-03-14T18:00,9.7,0.00,0.00,0.00,7.1,10.1,184,15.1
2024-03-14T19:00,8.1,0.00,0.00,0.00,5.6,8.3,198,12.6
2024-03-14T20:00,7.7,0.00,0.00,0.00,4.6,11.3,301,11.5
2024-03-14T21:00,6.6,0.00,0.00,0.00,2.5,17.9,326,24.5
2024-03-14T22:00,7.0,0.00,0.00,0.00,1.3,25.9,331,37.1
2024-03-14T23:00,6.4,0.00,0.00,0.00,1.5,19.5,344,37.4
2024-03-15T00:00,5.8,0.00,0.00,0.00,1.2,17.3,343,28.1
2024-03-15T01:00,5.5,0.00,0.00,0.00,0.9,17.2,349,24.5
2024-03-15T02:00,5.1,0.00,0.00,0.00,0.2,18.1,353,25.2
2024-03-15T03:00,4.7,0.00,0.00,0.00,-0.2,17.8,353,25.6
2024-03-15T04:00,4.1,0.00,0.00,0.00,-0.4,15.2,5,25.2
2024-03-15T05:00,3.5,0.00,0.00,0.00,-0.5,12.3,15,21.2
2024-03-15T06:00,2.2,0.00,0.00,0.00,-1.2,7.6,19,16.2
2024-03-15T07:00,4.5,0.00,0.00,0.00,2.0,1.8,360,8.6
2024-03-15T08:00,6.9,0.00,0.00,0.00,4.1,6.0,197,12.6
2024-03-15T09:00,9.6,0.00,0.00,0.00,6.6,7.6,172,16.9
2024-03-15T10:00,12.7,0.00,0.00,0.00,9.2,15.7,189,27.0
2024-03-15T11:00,14.4,0.00,0.00,0.00,10.3,23.7,194,37.4
2024-03-15T12:00,15.2,0.00,0.00,0.00,10.4,28.8,189,44.3
2024-03-15T13:00,15.2,0.00,0.00,0.00,9.5,33.7,187,51.8
2024-03-15T14:00,15.4,0.00,0.00,0.00,9.8,32.3,188,51.8
2024-03-15T15:00,15.1,0.00,0.00,0.00,9.2,32.0,188,49.3
2024-03-15T16:00,14.4,0.00,0.00,0.00,9.1,30.0,185,48.2
2024-03-15T17:00,13.5,0.00,0.00,0.00,9.5,20.9,184,44.6
2024-03-15T18:00,11.4,0.00,0.00,0.00,8.5,13.4,185,30.2
2024-03-15T19:00,10.5,0.00,0.00,0.00,7.3,13.3,199,17.6
2024-03-15T20:00,9.9,0.00,0.00,0.00,6.3,14.1,232,19.1
2024-03-15T21:00,8.5,0.00,0.00,0.00,5.3,12.0,263,18.7
2024-03-15T22:00,8.9,0.00,0.00,0.00,5.7,13.0,289,17.3
2024-03-15T23:00,8.8,0.00,0.00,0.00,5.4,14.2,306,19.8
2024-03-16T00:00,8.8,0.00,0.00,0.00,4.7,17.1,325,22.3
2024-03-16T01:00,8.7,0.00,0.00,0.00,2.7,25.7,342,34.9
2024-03-16T02:00,8.1,0.00,0.00,0.00,2.2,24.9,346,38.5
2024-03-16T03:00,8.2,0.00,0.00,0.00,1.7,28.8,347,40.7
2024-03-16T04:00,8.5,0.00,0.00,0.00,1.8,29.4,353,43.6
2024-03-16T05:00,8.2,0.00,0.00,0.00,1.9,28.2,356,41.8
2024-03-16T06:00,8.1,0.00,0.00,0.00,1.6,29.3,354,41.8
2024-03-16T07:00,9.5,0.00,0.00,0.00,3.1,30.3,355,43.2
2024-03-16T08:00,11.3,0.00,0.00,0.00,4.8,32.3,352,50.0
2024-03-16T09:00,13.3,0.00,0.00,0.00,6.6,32.2,346,49.0
2024-03-16T10:00,16.3,0.00,0.00,0.00,10.9,27.0,344,48.2
2024-03-16T11:00,17.5,0.00,0.00,0.00,13.3,22.9,347,41.4
2024-03-16T12:00,18.4,0.00,0.00,0.00,14.6,22.5,340,37.1
2024-03-16T13:00,19.0,0.00,0.00,0.00,15.6,19.5,332,36.7
2024-03-16T14:00,19.5,0.00,0.00,0.00,17.1,11.5,328,32.0
2024-03-16T15:00,19.4,0.00,0.00,0.00,17.2,5.8,150,22.0
2024-03-16T16:00,18.1,0.00,0.00,0.00,14.3,16.7,166,25.6
2024-03-16T17:00,14.9,0.00,0.00,0.00,11.6,16.3,162,29.2
2024-03-16T18:00,12.5,0.00,0.00,0.00,9.6,15.6,173,23.4
2024-03-16T19:00,11.4,0.00,0.00,0.00,8.6,14.2,153,21.6
2024-03-16T20:00,10.7,0.00,0.00,0.00,7.9,14.6,140,20.2
2024-03-16T21:00,10.2,0.00,0.00,0.00,7.4,14.3,146,20.2
2024-03-16T22:00,11.1,0.00,0.00,0.00,8.5,16.1,160,22.0
2024-03-16T23:00,11.4,0.00,0.00,0.00,8.9,15.5,184,23.0
2024-03-17T00:00,10.1,0.00,0.00,0.00,7.9,11.5,256,21.6
2024-03-17T01:00,7.6,0.00,0.00,0.00,4.6,14.4,307,19.8
2024-03-17T02:00,6.6,0.00,0.00,0.00,3.4,13.7,330,21.6
2024-03-17T03:00,6.9,0.00,0.00,0.00,4.5,8.8,351,19.1
2024-03-17T04:00,7.4,0.00,0.00,0.00,5.1,8.6,358,12.6
2024-03-17T05:00,6.4,0.00,0.00,0.00,3.6,11.2,339,15.8
2024-03-17T06:00,6.3,0.00,0.00,0.00,3.3,12.0,344,16.6
2024-03-17T07:00,8.1,0.00,0.00,0.00,5.7,8.6,345,16.6
2024-03-17T08:00,10.5,0.00,0.00,0.00,8.7,6.8,342,14.8
2024-03-17T09:00,12.3,0.00,0.00,0.00,11.2,2.9,330,14.8
2024-03-17T10:00,16.0,0.00,0.00,0.00,15.1,6.6,189,14.4
2024-03-17T11:00,18.7,0.00,0.00,0.00,12.8,40.0,216,58.7
2024-03-17T12:00,19.4,0.00,0.00,0.00,13.3,42.8,211,64.4
2024-03-17T13:00,20.3,0.00,0.00,0.00,14.6,40.1,215,64.8
2024-03-17T14:00,19.0,0.00,0.00,0.00,12.8,39.5,210,59.8
2024-03-17T15:00,19.2,0.00,0.00,0.00,13.8,34.3,210,58.7
2024-03-17T16:00,18.5,0.00,0.00,0.00,13.1,34.2,215,52.6
2024-03-17T17:00,17.1,0.00,0.00,0.00,12.9,25.8,216,50.4
2024-03-17T18:00,15.2,0.00,0.00,0.00,11.8,19.6,226,37.1
2024-03-17T19:00,14.0,0.00,0.00,0.00,11.0,16.6,236,27.4
2024-03-17T20:00,13.4,0.00,0.00,0.00,11.7,8.8,251,23.4
2024-03-17T21:00,13.4,0.00,0.00,0.00,12.5,3.6,37,11.5
2024-03-17T22:00,13.5,0.00,0.00,0.00,12.7,5.4,4,5.8
2024-03-17T23:00,12.8,0.00,0.00,0.00,8.7,21.1,330,27.0
2024-03-18T00:00,11.4,0.00,0.00,0.00,5.7,28.6,346,43.9
2024-03-18T01:00,10.2,0.00,0.00,0.00,3.1,34.8,347,50.0
2024-03-18T02:00,9.1,0.00,0.00,0.00,1.2,38.8,343,56.2
2024-03-18T03:00,8.0,0.00,0.00,0.00,-0.4,41.0,340,59.0
2024-03-18T04:00,6.8,0.00,0.00,0.00,-2.7,48.0,336,68.8
2024-03-18T05:00,5.9,0.00,0.00,0.00,-4.3,50.9,336,74.5
2024-03-18T06:00,4.9,0.00,0.00,0.00,-5.3,50.6,336,74.5
2024-03-18T07:00,5.7,0.00,0.00,0.00,-4.2,48.4,336,73.8
2024-03-18T08:00,7.3,0.00,0.00,0.00,-2.8,50.2,337,72.7
2024-03-18T09:00,8.3,0.00,0.00,0.00,-2.7,55.6,340,82.8
2024-03-18T10:00,10.8,0.00,0.00,0.00,1.1,50.9,352,77.0
2024-03-18T11:00,11.2,0.00,0.00,0.00,2.1,49.2,349,76.0
2024-03-18T12:00,12.2,0.00,0.00,0.00,2.4,53.3,340,79.2
2024-03-18T13:00,12.2,0.00,0.00,0.00,3.0,48.7,330,79.9
2024-03-18T14:00,12.0,0.00,0.00,0.00,2.5,48.0,324,73.1
2024-03-18T15:00,10.9,0.00,0.00,0.00,0.8,47.8,320,72.4
2024-03-18T16:00,9.7,0.00,0.00,0.00,-0.4,46.0,325,70.9
2024-03-18T17:00,8.0,0.00,0.00,0.00,-0.5,36.2,332,67.7
2024-03-18T18:00,6.1,0.00,0.00,0.00,-1.0,27.5,346,52.2
2024-03-18T19:00,5.3,0.00,0.00,0.00,-1.1,22.8,339,39.6
2024-03-18T20:00,4.5,0.00,0.00,0.00,-1.4,20.1,339,32.4
2024-03-18T21:00,3.8,0.00,0.00,0.00,-1.9,19.1,338,28.8
2024-03-18T22:00,4.0,0.00,0.00,0.00,-2.2,21.4,306,32.0
2024-03-18T23:00,3.6,0.00,0.00,0.00,-2.0,17.3,313,30.2
2024-03-19T00:00,3.4,0.00,0.00,0.00,-2.1,16.6,326,24.5
2024-03-19T01:00,3.5,0.00,0.00,0.00,-2.6,20.6,331,28.8
2024-03-19T02:00,3.2,0.00,0.00,0.00,-3.3,23.7,336,33.8
2024-03-19T03:00,3.0,0.00,0.00,0.00,-3.9,26.3,331,37.4
2024-03-19T04:00,3.2,0.00,0.00,0.00,-4.1,29.0,333,41.8
2024-03-19T05:00,3.0,0.00,0.00,0.00,-4.5,31.0,338,45.0
2024-03-19T06:00,3.0,0.00,0.00,0.00,-4.2,29.4,338,45.4
2024-03-19T07:00,3.9,0.00,0.00,0.00,-2.4,24.2,342,42.5
2024-03-19T08:00,5.6,0.00,0.00,0.00,-0.5,22.6,351,38.5
2024-03-19T09:00,6.4,0.00,0.00,0.00,0.5,21.2,359,34.2
2024-03-19T10:00,8.9,0.00,0.00,0.00,2.0,26.5,345,42.1
2024-03-19T11:00,9.7,0.00,0.00,0.00,3.4,21.6,357,42.5
2024-03-19T12:00,10.9,0.00,0.00,0.00,6.4,14.6,10,35.3
2024-03-19T13:00,11.4,0.00,0.00,0.00,8.6,6.1,62,27.4
2024-03-19T14:00,11.4,0.00,0.00,0.00,7.2,14.9,148,25.6
2024-03-19T15:00,11.0,0.00,0.00,0.00,5.5,19.8,164,33.1
2024-03-19T16:00,10.5,0.00,0.00,0.00,4.5,24.1,179,36.7
2024-03-19T17:00,9.6,0.00,0.00,0.00,3.5,25.6,184,38.5
2024-03-19T18:00,8.4,0.00,0.00,0.00,2.8,23.8,177,37.8
2024-03-19T19:00,8.4,0.00,0.00,0.00,2.6,25.9,170,37.8
2024-03-19T20:00,8.9,0.00,0.00,0.00,3.6,23.8,177,37.4
2024-03-19T21:00,8.9,0.00,0.00,0.00,3.8,22.9,187,34.2
2024-03-19T22:00,8.4,0.00,0.00,0.00,3.6,21.1,210,34.6
2024-03-19T23:00,7.9,0.00,0.00,0.00,3.4,18.3,216,30.2
2024-03-20T00:00,6.9,0.00,0.00,0.00,2.9,13.7,243,26.3
2024-03-20T01:00,4.6,0.00,0.00,0.00,0.8,13.9,329,19.1
2024-03-20T02:00,3.3,0.00,0.00,0.00,-0.5,12.4,350,19.4
2024-03-20T03:00,2.9,0.00,0.00,0.00,-0.7,9.7,356,16.6
2024-03-20T04:00,2.3,0.00,0.00,0.00,-1.3,9.5,9,12.6
2024-03-20T05:00,1.9,0.00,0.00,0.00,-1.8,10.9,6,14.4
2024-03-20T06:00,1.8,0.00,0.00,0.00,-1.3,6.5,6,14.0
2024-03-20T07:00,5.7,0.00,0.00,0.00,2.7,7.2,273,11.2
2024-03-20T08:00,8.0,0.00,0.00,0.00,5.3,7.1,311,15.8
2024-03-20T09:00,10.6,0.00,0.00,0.00,7.8,8.4,301,18.7
2024-03-20T10:00,12.2,0.00,0.00,0.00,7.9,20.2,356,34.2
2024-03-20T11:00,12.4,0.00,0.00,0.00,6.9,29.2,356,45.7
2024-03-20T12:00,12.2,0.00,0.00,0.00,6.0,35.0,351,54.0
2024-03-20T13:00,10.2,1.00,0.00,1.00,5.0,25.5,338,55.8
2024-03-20T14:00,11.3,2.00,0.00,2.00,7.7,11.5,321,41.0
2024-03-20T15:00,10.4,0.30,0.00,0.30,5.8,17.7,29,38.5
2024-03-20T16:00,11.3,0.10,0.00,0.10,5.6,24.5,346,36.0
2024-03-20T17:00,7.9,1.00,0.00,1.00,2.0,29.3,307,52.6
2024-03-20T18:00,7.1,0.00,0.00,0.00,-4.2,59.8,323,91.4
2024-03-20T19:00,6.2,0.00,0.00,0.00,-3.9,50.9,329,86.4
2024-03-20T20:00,5.9,0.00,0.00,0.00,-3.7,47.2,329,73.8
2024-03-20T21:00,5.0,0.00,0.00,0.00,-4.4,45.0,328,68.8
2024-03-20T22:00,5.0,0.00,0.00,0.00,-3.0,34.9,316,63.4
2024-03-20T23:00,4.5,0.00,0.00,0.00,-3.1,32.4,305,50.4
2024-03-21T00:00,3.9,0.00,0.00,0.00,-3.9,33.2,300,47.9
2024-03-21T01:00,3.7,0.00,0.00,0.00,-4.1,33.1,301,49.7
2024-03-21T02:00,3.4,0.00,0.00,0.00,-4.6,34.5,310,51.5
2024-03-21T03:00,3.0,0.00,0.00,0.00,-5.2,35.2,312,50.0
2024-03-21T04:00,2.7,0.00,0.00,0.00,-5.5,35.2,304,51.1
2024-03-21T05:00,2.3,0.00,0.00,0.00,-6.6,38.7,309,55.8
2024-03-21T06:00,1.9,0.00,0.00,0.00,-6.5,35.7,312,55.8
2024-03-21T07:00,3.2,0.00,0.00,0.00,-5.4,36.5,311,51.8
2024-03-21T08:00,4.8,0.00,0.00,0.00,-4.4,40.7,315,59.0
2024-03-21T09:00,6.0,0.00,0.00,0.00,-3.1,40.8,324,62.3
2024-03-21T10:00,7.7,0.00,0.00,0.00,-0.9,40.4,321,63.4
2024-03-21T11:00,8.5,0.00,0.00,0.00,-0.3,44.2,328,68.4
2024-03-21T12:00,9.0,0.00,0.00,0.00,0.2,44.8,331,68.8
2024-03-21T13:00,9.4,0.00,0.00,0.00,0.3,45.9,332,70.2
2024-03-21T14:00,9.4,0.00,0.00,0.00,0.3,44.0,332,70.2
2024-03-21T15:00,9.2,0.00,0.00,0.00,-0.1,40.3,331,67.0
2024-03-21T16:00,8.4,0.00,0.00,0.00,-0.8,40.1,335,61.2
2024-03-21T17:00,7.2,0.00,0.00,0.00,-1.3,36.0,342,59.8
2024-03-21T18:00,5.3,0.00,0.00,0.00,-2.5,31.6,349,52.6
2024-03-21T19:00,3.8,0.00,0.00,0.00,-4.5,35.9,350,51.8
2024-03-21T20:00,3.1,0.00,0.00,0.00,-5.4,37.3,345,54.4
2024-03-21T21:00,2.5,0.00,0.00,0.00,-5.7,35.7,345,54.4
2024-03-21T22:00,2.5,0.00,0.00,0.00,-4.4,26.2,344,37.8
2024-03-21T23:00,1.9,0.00,0.00,0.00,-4.4,22.8,344,37.8
2024-03-22T00:00,1.5,0.00,0.00,0.00,-4.5,21.3,349,32.8
2024-03-22T01:00,1.1,0.00,0.00,0.00,-4.8,20.5,360,31.3
2024-03-22T02:00,0.5,0.00,0.00,0.00,-5.1,18.0,357,29.5
2024-03-22T03:00,-0.2,0.00,0.00,0.00,-5.3,15.3,333,25.6
2024-03-22T04:00,-0.7,0.00,0.00,0.00,-5.7,14.3,313,21.2
2024-03-22T05:00,-0.9,0.00,0.00,0.00,-6.1,15.8,317,22.3
2024-03-22T06:00,-0.3,0.00,0.00,0.00,-6.7,23.4,335,32.0
2024-03-22T07:00,2.2,0.00,0.00,0.00,-5.1,29.4,345,46.1
2024-03-22T08:00,4.2,0.00,0.00,0.00,-2.3,24.4,351,43.6
2024-03-22T09:00,6.3,0.00,0.00,0.00,-0.5,25.9,351,40.7
2024-03-22T10:00,8.2,0.00,0.00,0.00,1.4,29.4,341,46.4
2024-03-22T11:00,9.3,0.00,0.00,0.00,2.8,30.8,344,49.0
2024-03-22T12:00,10.2,0.00,0.00,0.00,4.0,29.9,347,49.3
2024-03-22T13:00,11.0,0.00,0.00,0.00,4.9,28.7,348,47.9
2024-03-22T14:00,11.3,0.00,0.00,0.00,4.8,28.4,348,46.4
2024-03-22T15:00,11.1,0.00,0.00,0.00,4.3,26.7,346,45.4
2024-03-22T16:00,10.6,0.00,0.00,0.00,4.3,21.2,345,42.1
2024-03-22T17:00,9.6,0.00,0.00,0.00,3.9,17.6,345,33.1
2024-03-22T18:00,7.2,0.00,0.00,0.00,2.5,12.8,322,25.9
2024-03-22T19:00,5.9,0.00,0.00,0.00,0.7,16.0,314,22.0
2024-03-22T20:00,5.0,0.00,0.00,0.00,-0.1,15.6,320,23.8
2024-03-22T21:00,4.1,0.00,0.00,0.00,-0.6,13.3,341,22.0
2024-03-22T22:00,4.5,0.00,0.00,0.00,-0.3,14.3,342,21.2
2024-03-22T23:00,3.5,0.00,0.00,0.00,-0.8,10.9,351,19.8
2024-03-23T00:00,2.8,0.00,0.00,0.00,-1.0,8.7,7,14.4
2024-03-23T01:00,2.3,0.00,0.00,0.00,-1.4,7.9,3,11.9
2024-03-23T02:00,2.1,0.00,0.00,0.00,-1.6,8.4,350,11.5
2024-03-23T03:00,1.7,0.00,0.00,0.00,-2.2,9.7,356,13.7
2024-03-23T04:00,1.3,0.00,0.00,0.00,-3.1,12.0,351,16.9
2024-03-23T05:00,0.6,0.00,0.00,0.00,-3.9,13.4,336,18.7
2024-03-23T06:00,1.1,0.00,0.00,0.00,-3.1,10.9,351,19.8
2024-03-23T07:00,1.8,0.00,0.00,0.00,-1.9,8.3,342,16.2
2024-03-23T08:00,3.4,0.00,0.00,0.00,-0.1,7.1,345,15.5
2024-03-23T09:00,4.8,0.00,0.00,0.00,1.0,8.9,346,19.1
2024-03-23T10:00,4.0,0.30,0.00,0.30,0.1,8.5,348,15.5
2024-03-23T11:00,5.4,0.30,0.00,0.30,1.7,8.0,350,16.2
2024-03-23T12:00,6.6,0.20,0.00,0.20,2.6,11.5,4,23.0
2024-03-23T13:00,6.6,0.60,0.00,0.60,2.9,11.5,14,21.6
2024-03-23T14:00,6.1,1.50,0.00,1.50,2.0,15.2,7,25.9
2024-03-23T15:00,6.7,0.10,0.00,0.10,2.3,18.0,358,31.3
2024-03-23T16:00,6.6,0.20,0.00,0.20,2.4,17.1,353,29.9
2024-03-23T17:00,7.2,0.00,0.00,0.00,3.6,13.5,344,27.0
2024-03-23T18:00,6.1,0.00,0.00,0.00,2.6,12.6,347,20.9
2024-03-23T19:00,5.4,0.00,0.00,0.00,1.8,11.8,333,18.0
2024-03-23T20:00,4.8,0.00,0.00,0.00,1.2,11.2,345,16.2
2024-03-23T21:00,3.9,0.00,0.00,0.00,0.6,9.4,337,15.5
2024-03-23T22:00,4.8,0.00,0.00,0.00,1.5,10.0,330,14.8
2024-03-23T23:00,3.7,0.00,0.00,0.00,1.0,5.9,322,13.3
2024-03-24T00:00,3.6,0.00,0.00,0.00,0.4,8.9,320,11.2
2024-03-24T01:00,3.5,0.00,0.00,0.00,0.1,10.0,347,13.0
2024-03-24T02:00,3.3,0.00,0.00,0.00,-0.2,10.5,344,14.0
2024-03-24T03:00,2.9,0.00,0.00,0.00,-0.5,10.1,333,14.0
2024-03-24T04:00,2.5,0.00,0.00,0.00,-0.6,8.4,340,13.3
2024-03-24T05:00,2.1,0.00,0.00,0.00,-0.9,7.0,339,10.8
2024-03-24T06:00,2.6,0.00,0.00,0.00,-0.7,9.2,329,11.5
2024-03-24T07:00,4.5,0.00,0.00,0.00,1.8,7.0,282,12.2
2024-03-24T08:00,8.1,0.00,0.00,0.00,6.3,2.3,309,12.2
2024-03-24T09:00,10.5,0.00,0.00,0.00,9.2,1.0,135,10.1
2024-03-24T10:00,11.7,0.00,0.00,0.00,10.4,1.6,27,11.2
2024-03-24T11:00,13.1,0.00,0.00,0.00,11.5,6.5,87,15.5
2024-03-24T12:00,14.8,0.00,0.00,0.00,13.3,12.2,135,23.0
2024-03-24T13:00,14.9,0.00,0.00,0.00,12.8,12.0,139,25.2
2024-03-24T14:00,15.1,0.00,0.00,0.00,13.1,10.8,154,22.3
2024-03-24T15:00,14.6,0.00,0.00,0.00,12.3,13.6,168,22.0
2024-03-24T16:00,13.9,0.00,0.00,0.00,11.9,12.1,157,22.0
2024-03-24T17:00,13.1,0.00,0.00,0.00,11.4,10.7,168,18.7
2024-03-24T18:00,12.2,0.20,0.00,0.20,10.5,11.9,185,16.9
2024-03-24T19:00,11.4,3.20,0.00,3.20,9.7,11.5,166,17.6
2024-03-24T20:00,11.0,0.10,0.00,0.10,9.6,8.7,163,16.6
2024-03-24T21:00,10.7,0.00,0.00,0.00,9.5,7.2,153,12.2
2024-03-24T22:00,11.1,0.00,0.00,0.00,10.5,4.3,24,7.9
2024-03-24T23:00,10.8,0.00,0.00,0.00,9.9,6.6,68,9.4
2024-03-25T00:00,10.7,0.00,0.00,0.00,9.8,5.6,45,9.4
2024-03-25T01:00,10.7,0.20,0.00,0.20,9.5,7.9,344,10.1
2024-03-25T02:00,10.4,0.20,0.00,0.20,8.7,11.3,333,16.2
2024-03-25T03:00,10.4,0.10,0.00,0.10,8.4,12.7,345,18.4
2024-03-25T04:00,10.4,0.00,0.00,0.00,8.5,11.9,346,18.7
2024-03-25T05:00,10.3,0.10,0.00,0.10,8.1,13.7,342,19.4
2024-03-25T06:00,10.2,0.20,0.00,0.20,8.0,14.4,347,22.0
2024-03-25T07:00,10.6,0.30,0.00,0.30,8.7,12.1,343,21.2
2024-03-25T08:00,10.8,0.20,0.00,0.20,8.8,13.2,343,19.8
2024-03-25T09:00,11.7,0.20,0.00,0.20,9.5,15.1,348,23.8
2024-03-25T10:00,11.4,0.20,0.00,0.20,8.7,17.4,353,27.4
2024-03-25T11:00,11.9,0.30,0.00,0.30,9.4,17.1,352,27.4
2024-03-25T12:00,11.8,0.30,0.00,0.30,9.3,16.1,344,26.3
2024-03-25T13:00,11.7,0.70,0.00,0.70,9.5,14.6,340,24.8
2024-03-25T14:00,12.5,0.10,0.00,0.10,10.5,14.5,354,23.8
2024-03-25T15:00,12.6,0.10,0.00,0.10,10.4,15.5,4,23.0
2024-03-25T16:00,12.9,0.00,0.00,0.00,10.9,15.2,356,24.1
2024-03-25T17:00,12.5,0.00,0.00,0.00,10.6,14.1,345,23.0
2024-03-25T18:00,11.9,0.00,0.00,0.00,10.4,10.8,339,20.9
2024-03-25T19:00,11.4,0.00,0.00,0.00,9.9,11.1,331,16.6
2024-03-25T20:00,11.3,0.00,0.00,0.00,9.9,10.0,339,16.2
2024-03-25T21:00,11.1,0.00,0.00,0.00,10.0,8.3,326,14.4
2024-03-25T22:00,11.5,0.00,0.00,0.00,11.4,0.5,45,7.6
2024-03-25T23:00,10.3,0.00,0.00,0.00,9.5,4.8,312,4.7
2024-03-26T00:00,11.0,0.00,0.00,0.00,9.8,7.6,341,9.4
2024-03-26T01:00,11.0,0.00,0.00,0.00,9.4,10.2,352,14.0
2024-03-26T02:00,10.9,0.00,0.00,0.00,9.4,9.1,342,15.1
2024-03-26T03:00,10.9,0.00,0.00,0.00,8.4,14.4,347,20.2
2024-03-26T04:00,10.6,0.10,0.00,0.10,7.9,16.1,344,23.4
2024-03-26T05:00,10.4,0.20,0.00,0.20,7.8,15.0,343,23.4
2024-03-26T06:00,10.1,0.30,0.00,0.30,7.3,15.0,339,23.4
2024-03-26T07:00,10.1,0.50,0.00,0.50,7.7,13.1,344,21.6
2024-03-26T08:00,10.9,0.50,0.00,0.50,8.7,13.4,354,20.9
2024-03-26T09:00,12.0,0.90,0.00,0.90,9.3,18.6,36,27.0
2024-03-26T10:00,10.3,4.30,0.00,4.30,8.1,12.2,358,28.1
2024-03-26T11:00,10.1,4.50,0.00,4.50,6.8,20.5,345,29.5
2024-03-26T12:00,10.1,4.30,0.00,4.30,5.5,28.8,342,42.5
2024-03-26T13:00,10.6,2.10,0.00,2.10,6.3,27.0,358,43.2
2024-03-26T14:00,11.8,0.60,0.00,0.60,7.6,27.3,12,42.8
2024-03-26T15:00,11.7,1.90,0.00,1.90,7.9,24.3,353,41.4
2024-03-26T16:00,11.6,4.20,0.00,4.20,8.0,24.6,5,40.0
2024-03-26T17:00,10.8,2.60,0.00,2.60,6.1,29.8,352,43.2
2024-03-26T18:00,8.2,3.20,0.00,3.20,1.0,42.8,335,62.6
2024-03-26T19:00,6.6,1.80,0.00,1.80,-2.1,49.2,351,72.0
2024-03-26T20:00,6.2,1.40,0.00,1.40,-2.3,47.2,357,73.8
2024-03-26T21:00,5.7,1.30,0.00,1.30,-2.2,43.2,358,69.1
2024-03-26T22:00,7.3,0.60,0.00,0.60,1.2,31.8,356,54.0
2024-03-26T23:00,7.0,0.10,0.00,0.10,0.9,31.0,359,46.4
2024-03-27T00:00,7.0,0.00,0.00,0.00,1.0,30.2,1,46.1
2024-03-27T01:00,6.7,0.00,0.00,0.00,1.7,24.9,356,44.3
2024-03-27T02:00,7.1,0.00,0.00,0.00,1.2,28.7,342,40.3
2024-03-27T03:00,6.0,0.00,0.00,0.00,-0.5,31.2,343,46.1
2024-03-27T04:00,5.9,0.00,0.00,0.00,-0.5,29.5,333,45.4
2024-03-27T05:00,5.7,0.00,0.00,0.00,-0.5,27.9,340,42.8
2024-03-27T06:00,5.3,0.00,0.00,0.00,-0.5,25.6,357,40.3
2024-03-27T07:00,6.7,0.00,0.00,0.00,0.5,28.5,358,39.6
2024-03-27T08:00,8.3,0.00,0.00,0.00,2.2,28.5,358,45.0
2024-03-27T09:00,9.8,0.00,0.00,0.00,3.5,29.2,4,45.4
2024-03-27T10:00,12.3,0.00,0.00,0.00,6.1,32.4,345,49.7
2024-03-27T11:00,13.3,0.00,0.00,0.00,7.3,34.6,343,52.9
2024-03-27T12:00,14.2,0.00,0.00,0.00,8.1,36.1,343,55.1
2024-03-27T13:00,14.8,0.00,0.00,0.00,8.9,34.1,353,55.1
2024-03-27T14:00,15.1,0.00,0.00,0.00,9.9,27.7,360,52.2
2024-03-27T15:00,15.2,0.00,0.00,0.00,10.4,20.4,8,42.8
2024-03-27T16:00,14.9,0.00,0.00,0.00,10.8,13.9,25,32.0
2024-03-27T17:00,14.0,0.00,0.00,0.00,11.4,7.4,39,21.6
2024-03-27T18:00,12.4,0.00,0.00,0.00,10.1,4.3,5,9.7
2024-03-27T19:00,10.4,0.00,0.00,0.00,8.2,2.7,157,5.4
2024-03-27T20:00,8.0,0.00,0.00,0.00,5.4,9.0,127,10.8
2024-03-27T21:00,7.6,0.00,0.00,0.00,5.0,9.3,126,12.6
2024-03-27T22:00,7.4,0.00,0.00,0.00,4.4,8.8,289,10.4
2024-03-27T23:00,6.1,0.00,0.00,0.00,2.6,12.5,321,16.9
2024-03-28T00:00,5.0,0.00,0.00,0.00,1.3,12.9,342,19.1
2024-03-28T01:00,4.6,0.00,0.00,0.00,1.2,9.7,338,18.0
2024-03-28T02:00,4.6,0.00,0.00,0.00,1.3,9.6,326,14.0
2024-03-28T03:00,4.5,0.00,0.00,0.00,1.2,9.0,344,13.7
2024-03-28T04:00,4.6,0.00,0.00,0.00,1.6,7.4,331,12.6
2024-03-28T05:00,4.3,0.00,0.00,0.00,0.9,10.0,330,14.8
2024-03-28T06:00,4.2,0.00,0.00,0.00,0.6,11.3,323,16.9
2024-03-28T07:00,4.7,0.00,0.00,0.00,1.3,11.1,335,18.0
2024-03-28T08:00,5.7,0.00,0.00,0.00,2.2,11.6,334,19.1
2024-03-28T09:00,8.1,0.00,0.00,0.00,4.5,12.2,341,22.3
2024-03-28T10:00,8.9,0.00,0.00,0.00,5.2,13.1,344,28.1
2024-03-28T11:00,10.5,0.00,0.00,0.00,7.9,7.6,360,23.8
2024-03-28T12:00,11.8,0.00,0.00,0.00,10.0,3.1,36,17.6
2024-03-28T13:00,13.8,0.00,0.00,0.00,11.7,7.9,150,15.8
2024-03-28T14:00,15.1,0.00,0.00,0.00,10.8,24.9,170,37.1
2024-03-28T15:00,13.7,0.00,0.00,0.00,10.0,21.1,166,41.8
2024-03-28T16:00,13.6,0.00,0.00,0.00,10.4,18.3,160,32.0
2024-03-28T17:00,13.9,0.00,0.00,0.00,9.6,24.6,162,36.0
2024-03-28T18:00,13.1,0.00,0.00,0.00,8.7,24.7,151,35.6
2024-03-28T19:00,12.7,0.00,0.00,0.00,8.3,24.5,152,36.0
2024-03-28T20:00,12.1,0.20,0.00,0.20,9.4,13.8,173,35.3
2024-03-28T21:00,11.8,1.00,0.00,1.00,9.7,11.4,169,19.1
2024-03-28T22:00,11.8,2.00,0.00,2.00,10.1,9.7,180,11.5
2024-03-28T23:00,12.8,2.10,0.00,2.10,8.8,24.3,155,34.2
2024-03-29T00:00,12.9,2.60,0.00,2.60,8.4,28.5,151,42.1
2024-03-29T01:00,13.0,2.90,0.00,2.90,8.2,33.6,157,48.6
2024-03-29T02:00,13.4,3.00,0.00,3.00,8.5,35.3,168,52.6
2024-03-29T03:00,13.5,3.00,0.00,3.00,8.0,39.2,173,56.2
2024-03-29T04:00,13.6,3.40,0.00,3.40,7.8,41.3,170,60.5
2024-03-29T05:00,14.0,2.20,0.00,2.20,8.1,42.3,168,63.0
2024-03-29T06:00,14.3,2.50,0.00,2.50,8.2,45.0,169,64.4
2024-03-29T07:00,14.8,2.30,0.00,2.30,7.8,51.9,173,76.0
2024-03-29T08:00,15.3,3.50,0.00,3.50,8.0,56.0,175,81.4
2024-03-29T09:00,15.9,5.60,0.00,5.60,8.9,56.6,177,85.0
2024-03-29T10:00,16.1,8.80,0.00,8.80,9.9,53.6,180,83.5
2024-03-29T11:00,17.5,1.70,0.00,1.70,10.8,60.2,191,87.5
2024-03-29T12:00,19.1,0.40,0.00,0.40,12.2,61.6,201,94.0
2024-03-29T13:00,20.6,1.50,0.00,1.50,16.7,42.1,213,89.3
2024-03-29T14:00,20.9,0.20,0.00,0.20,21.1,12.4,248,62.3
2024-03-29T15:00,21.1,0.00,0.00,0.00,22.4,5.1,45,20.5
2024-03-29T16:00,20.5,0.00,0.00,0.00,21.5,7.8,124,14.4
2024-03-29T17:00,20.2,0.00,0.00,0.00,21.1,8.3,162,14.0
2024-03-29T18:00,17.7,0.00,0.00,0.00,17.9,10.0,201,12.2
2024-03-29T19:00,16.7,0.00,0.00,0.00,16.4,11.2,225,15.1
2024-03-29T20:00,15.3,0.00,0.00,0.00,15.0,9.4,277,14.4
2024-03-29T21:00,14.6,0.00,0.00,0.00,13.7,13.2,334,16.2
2024-03-29T22:00,14.7,0.00,0.00,0.00,14.0,13.0,354,18.0
2024-03-29T23:00,13.8,0.00,0.00,0.00,13.5,9.4,2,18.0
2024-03-30T00:00,12.7,0.00,0.00,0.00,12.6,5.4,312,11.9
2024-03-30T01:00,12.0,0.00,0.00,0.00,11.1,10.1,274,11.9
2024-03-30T02:00,11.2,0.00,0.00,0.00,10.4,8.2,308,13.3
2024-03-30T03:00,10.0,0.00,0.00,0.00,9.3,5.1,309,11.5
2024-03-30T04:00,10.2,0.00,0.00,0.00,9.2,6.8,357,9.4
2024-03-30T05:00,9.9,0.00,0.00,0.00,8.7,8.0,355,12.6
2024-03-30T06:00,10.5,0.00,0.00,0.00,9.2,9.4,353,14.0
2024-03-30T07:00,11.5,0.00,0.00,0.00,10.3,9.0,358,15.8
2024-03-30T08:00,12.7,0.00,0.00,0.00,12.2,6.4,43,15.8
2024-03-30T09:00,15.3,0.00,0.00,0.00,15.1,7.3,79,16.9
2024-03-30T10:00,18.9,0.00,0.00,0.00,19.6,9.3,74,19.8
2024-03-30T11:00,20.7,0.00,0.00,0.00,21.4,9.8,73,21.6
2024-03-30T12:00,21.7,0.00,0.00,0.00,22.1,9.0,67,20.9
2024-03-30T13:00,22.4,0.00,0.00,0.00,22.3,8.4,70,19.8
2024-03-30T14:00,22.6,0.00,0.00,0.00,22.2,8.7,73,19.4
2024-03-30T15:00,22.6,0.00,0.00,0.00,21.5,7.6,135,18.0
2024-03-30T16:00,22.0,0.00,0.00,0.00,20.3,11.6,158,18.4
2024-03-30T17:00,20.2,0.00,0.00,0.00,19.3,8.6,147,18.4
2024-03-30T18:00,17.2,0.00,0.00,0.00,15.3,14.5,136,18.4
2024-03-30T19:00,15.0,0.00,0.00,0.00,12.0,21.7,114,30.6
2024-03-30T20:00,14.0,0.00,0.00,0.00,11.8,19.9,103,31.3
2024-03-30T21:00,13.7,0.00,0.00,0.00,12.8,10.3,102,28.1
2024-03-30T22:00,14.6,0.00,0.00,0.00,13.4,10.5,308,14.8
2024-03-30T23:00,13.3,0.00,0.00,0.00,12.4,9.4,302,15.5
2024-03-31T00:00,12.5,0.00,0.00,0.00,11.4,10.7,290,16.9
2024-03-31T01:00,11.7,0.00,0.00,0.00,10.3,11.3,307,15.1
2024-03-31T02:00,11.0,0.00,0.00,0.00,10.0,7.6,341,15.8
2024-03-31T03:00,10.1,0.00,0.00,0.00,9.0,6.9,9,9.4
2024-03-31T04:00,9.8,0.00,0.00,0.00,8.9,5.1,45,9.4
2024-03-31T05:00,10.0,0.00,0.00,0.00,8.7,7.6,45,8.6
2024-03-31T06:00,10.8,0.00,0.00,0.00,9.3,8.9,43,10.8
2024-03-31T07:00,13.0,0.00,0.00,0.00,12.0,8.9,21,14.4
2024-03-31T08:00,15.5,0.00,0.00,0.00,14.7,8.9,21,17.3
2024-03-31T09:00,17.6,0.00,0.00,0.00,17.2,8.0,18,17.6
2024-03-31T10:00,20.5,0.00,0.00,0.00,21.1,7.5,73,17.3
2024-03-31T11:00,22.8,0.00,0.00,0.00,24.8,4.8,153,18.0
2024-03-31T12:00,24.6,0.00,0.00,0.00,26.3,6.3,211,16.2
2024-03-31T13:00,25.5,0.00,0.00,0.00,25.8,10.0,218,19.4
2024-03-31T14:00,25.9,0.00,0.00,0.00,25.1,15.9,219,26.3
2024-03-31T15:00,25.4,0.00,0.00,0.00,23.4,19.1,227,30.6
2024-03-31T16:00,24.3,0.00,0.00,0.00,22.6,17.7,218,30.2
2024-03-31T17:00,22.5,0.00,0.00,0.00,21.4,16.0,224,27.4
2024-03-31T18:00,21.0,0.00,0.00,0.00,21.4,3.4,238,23.4
2024-03-31T19:00,17.6,0.00,0.00,0.00,16.8,13.5,42,16.6
2024-03-31T20:00,15.2,0.00,0.00,0.00,12.1,27.4,57,38.2
2024-03-31T21:00,14.2,0.00,0.00,0.00,10.7,27.5,43,40.0
2024-03-31T22:00,14.7,0.00,0.00,0.00,13.3,12.1,17,28.4
2024-03-31T23:00,14.4,0.00,0.00,0.00,12.6,14.8,342,20.2
2024-04-01T00:00,14.0,0.00,0.00,0.00,11.9,16.2,347,24.5
2024-04-01T01:00,13.5,0.00,0.00,0.00,11.6,14.4,347,23.4
2024-04-01T02:00,13.0,0.00,0.00,0.00,10.8,14.8,346,21.2
2024-04-01T03:00,12.4,0.10,0.00,0.10,10.5,11.4,347,21.6
2024-04-01T04:00,11.9,0.20,0.00,0.20,9.9,12.3,357,16.9
2024-04-01T05:00,11.4,0.10,0.00,0.10,9.1,13.4,355,20.9
2024-04-01T06:00,11.4,2.90,0.00,2.90,8.6,16.4,345,23.4
2024-04-01T07:00,11.4,0.90,0.00,0.90,8.5,17.1,15,24.8
2024-04-01T08:00,11.3,0.00,0.00,0.00,8.2,17.6,15,26.6
2024-04-01T09:00,11.4,0.20,0.00,0.20,8.1,18.5,21,29.5
2024-04-01T10:00,14.3,0.00,0.00,0.00,11.4,17.7,73,29.2
2024-04-01T11:00,15.5,0.00,0.00,0.00,14.0,16.4,81,32.0
2024-04-01T12:00,16.5,0.00,0.00,0.00,16.3,7.6,59,29.5
2024-04-01T13:00,16.7,0.00,0.00,0.00,16.1,5.9,128,27.0
2024-04-01T14:00,16.9,0.00,0.00,0.00,16.6,1.8,53,23.8
2024-04-01T15:00,16.9,0.10,0.00,0.10,15.6,7.6,135,22.0
2024-04-01T16:00,17.1,0.00,0.00,0.00,16.3,2.4,117,26.6
2024-04-01T17:00,14.1,0.00,0.00,0.00,12.4,9.9,136,18.7
2024-04-01T18:00,12.9,0.00,0.00,0.00,10.5,15.6,113,25.9
2024-04-01T19:00,12.2,0.00,0.00,0.00,10.3,12.1,117,22.7
2024-04-01T20:00,11.7,0.00,0.00,0.00,10.1,8.5,118,17.3
2024-04-01T21:00,11.8,0.00,0.00,0.00,10.6,3.4,122,11.2
2024-04-01T22:00,11.2,0.00,0.00,0.00,8.3,17.2,349,22.7
2024-04-01T23:00,10.6,0.00,0.00,0.00,8.6,10.6,342,26.3
2024-04-02T00:00,9.7,0.00,0.00,0.00,6.8,14.8,331,19.8
2024-04-02T01:00,8.3,0.00,0.00,0.00,3.2,22.4,323,31.7
2024-04-02T02:00,7.5,0.00,0.00,0.00,2.2,23.3,333,33.8
2024-04-02T03:00,7.0,0.00,0.00,0.00,1.6,22.9,334,33.8
2024-04-02T04:00,6.7,0.00,0.00,0.00,1.4,22.4,327,33.5
2024-04-02T05:00,6.3,0.00,0.00,0.00,1.6,18.5,327,32.4
2024-04-02T06:00,6.6,0.00,0.00,0.00,2.2,16.6,338,25.9
2024-04-02T07:00,8.7,0.00,0.00,0.00,3.6,22.1,341,32.8
2024-04-02T08:00,10.6,0.00,0.00,0.00,5.7,22.1,341,34.2
2024-04-02T09:00,12.7,0.00,0.00,0.00,8.0,20.7,337,34.9
2024-04-02T10:00,15.5,0.00,0.00,0.00,12.9,10.5,352,30.6
2024-04-02T11:00,16.4,0.00,0.00,0.00,15.1,7.2,153,21.2
2024-04-02T12:00,17.0,0.00,0.00,0.00,14.6,17.1,172,29.5
2024-04-02T13:00,17.1,0.00,0.00,0.00,13.9,19.2,175,32.0
2024-04-02T14:00,17.7,0.00,0.00,0.00,14.4,20.2,184,32.8
2024-04-02T15:00,17.5,0.00,0.00,0.00,13.2,24.1,194,37.1
2024-04-02T16:00,16.8,0.00,0.00,0.00,13.0,21.8,189,37.1
2024-04-02T17:00,15.8,0.00,0.00,0.00,12.7,18.9,188,33.1
2024-04-02T18:00,14.3,0.00,0.00,0.00,12.2,13.9,190,27.4
2024-04-02T19:00,13.1,0.00,0.00,0.00,11.8,9.4,187,19.4
2024-04-02T20:00,12.5,0.00,0.00,0.00,11.4,8.1,159,12.2
2024-04-02T21:00,11.9,0.00,0.00,0.00,10.8,7.4,141,10.4
2024-04-02T22:00,12.4,0.00,0.00,0.00,11.7,5.9,194,10.1
2024-04-02T23:00,12.4,0.00,0.00,0.00,11.4,7.1,195,8.6
2024-04-03T00:00,12.0,0.00,0.00,0.00,11.2,5.1,225,8.3
2024-04-03T01:00,11.3,0.00,0.00,0.00,10.3,5.8,330,6.1
2024-04-03T02:00,10.6,0.00,0.00,0.00,8.8,11.5,356,15.8
2024-04-03T03:00,10.1,0.00,0.00,0.00,8.5,10.0,345,15.8
2024-04-03T04:00,9.5,0.00,0.00,0.00,7.6,10.8,339,15.5
2024-04-03T05:00,9.1,0.00,0.00,0.00,7.6,7.6,329,15.1
2024-04-03T06:00,9.3,0.00,0.00,0.00,7.6,9.0,337,12.6
2024-04-03T07:00,10.4,0.00,0.00,0.00,9.0,8.1,328,14.8
2024-04-03T08:00,11.7,0.00,0.00,0.00,10.3,8.9,346,16.2
2024-04-03T09:00,13.2,0.00,0.00,0.00,12.4,4.7,337,16.2
2024-04-03T10:00,14.9,0.00,0.00,0.00,14.5,3.3,131,11.9
2024-04-03T11:00,15.5,0.30,0.00,0.30,14.5,8.1,193,14.8
2024-04-03T12:00,15.9,1.20,0.00,1.20,15.1,7.0,192,17.6
2024-04-03T13:00,15.6,1.20,0.00,1.20,14.8,8.2,119,13.3
2024-04-03T14:00,15.2,1.20,0.00,1.20,13.7,13.0,134,19.1
2024-04-03T15:00,14.2,0.80,0.00,0.80,12.6,14.0,145,20.5
2024-04-03T16:00,13.9,0.60,0.00,0.60,12.6,12.5,147,20.5
2024-04-03T17:00,13.7,1.10,0.00,1.10,12.4,12.5,141,19.4
2024-04-03T18:00,13.3,1.30,0.00,1.30,12.0,12.0,106,18.0
2024-04-03T19:00,13.2,1.80,0.00,1.80,11.9,12.6,90,18.4
2024-04-03T20:00,13.4,1.30,0.00,1.30,12.3,11.7,108,18.7
2024-04-03T21:00,13.3,1.70,0.00,1.70,12.6,9.8,96,19.4
2024-04-03T22:00,12.5,0.70,0.00,0.70,11.9,8.7,24,12.2
2024-04-03T23:00,12.2,0.40,0.00,0.40,10.9,13.0,3,18.7
2024-04-04T00:00,12.0,1.30,0.00,1.30,10.0,17.7,4,25.6
2024-04-04T01:00,11.9,2.90,0.00,2.90,9.1,22.6,346,33.5
2024-04-04T02:00,11.7,2.10,0.00,2.10,9.3,19.4,338,34.6
2024-04-04T03:00,11.9,1.00,0.00,1.00,9.3,19.8,323,29.2
2024-04-04T04:00,11.4,0.30,0.00,0.30,8.6,18.9,336,29.9
2024-04-04T05:00,11.6,0.00,0.00,0.00,9.7,12.8,350,28.1
2024-04-04T06:00,11.6,0.00,0.00,0.00,10.6,6.6,22,18.4
2024-04-04T07:00,12.4,0.00,0.00,0.00,12.0,3.3,41,9.7
2024-04-04T08:00,13.7,0.00,0.00,0.00,12.9,6.8,3,13.3
2024-04-04T09:00,14.2,0.00,0.00,0.00,12.9,10.9,354,18.4
2024-04-04T10:00,15.6,0.00,0.00,0.00,15.0,6.6,13,17.3
2024-04-04T11:00,16.8,0.00,0.00,0.00,16.1,6.9,51,15.8
2024-04-04T12:00,17.3,0.00,0.00,0.00,16.8,4.8,42,15.1
2024-04-04T13:00,17.8,0.00,0.00,0.00,16.9,7.9,39,15.1
2024-04-04T14:00,17.8,0.00,0.00,0.00,16.5,12.0,106,19.1
2024-04-04T15:00,17.8,0.00,0.00,0.00,17.2,9.2,135,19.1
2024-04-04T16:00,17.4,0.00,0.00,0.00,16.5,10.8,165,16.6
2024-04-04T17:00,16.8,0.00,0.00,0.00,16.0,11.2,201,17.3
2024-04-04T18:00,16.1,0.00,0.00,0.00,15.6,8.9,212,16.2
2024-04-04T19:00,15.4,0.00,0.00,0.00,15.5,5.2,258,11.5
2024-04-04T20:00,15.2,0.00,0.00,0.00,15.2,6.5,326,6.8
2024-04-04T21:00,14.7,0.00,0.00,0.00,11.9,15.4,327,20.5
2024-04-04T22:00,13.1,0.00,0.00,0.00,8.7,23.5,320,32.8
2024-04-04T23:00,12.6,0.00,0.00,0.00,7.6,27.2,331,38.9
2024-04-05T00:00,12.5,0.00,0.00,0.00,8.0,25.0,337,39.6
2024-04-05T01:00,12.1,0.40,0.00,0.40,8.1,23.6,348,35.6
2024-04-05T02:00,11.8,0.50,0.00,0.50,7.8,22.8,355,33.8
2024-04-05T03:00,11.6,0.70,0.00,0.70,8.9,16.1,16,33.1
2024-04-05T04:00,11.3,0.50,0.00,0.50,9.5,11.2,33,23.0
2024-04-05T05:00,10.9,0.20,0.00,0.20,9.2,10.5,38,16.2
2024-04-05T06:00,10.6,0.30,0.00,0.30,8.7,10.0,38,15.8
2024-04-05T07:00,10.4,0.30,0.00,0.30,8.3,10.5,41,16.2
2024-04-05T08:00,10.3,0.20,0.00,0.20,7.6,13.8,49,21.2
2024-04-05T09:00,9.9,0.30,0.00,0.30,6.7,15.5,59,23.4
2024-04-05T10:00,10.1,0.20,0.00,0.20,6.7,17.7,66,27.4
2024-04-05T11:00,10.0,0.10,0.00,0.10,6.3,18.0,64,28.4
2024-04-05T12:00,10.2,0.00,0.00,0.00,6.2,19.0,61,30.2
2024-04-05T13:00,10.7,0.00,0.00,0.00,7.0,16.6,63,29.9
2024-04-05T14:00,11.5,0.00,0.00,0.00,7.9,14.5,55,27.4
2024-04-05T15:00,11.4,0.00,0.00,0.00,8.3,11.3,59,24.5
2024-04-05T16:00,11.7,0.00,0.00,0.00,8.9,9.0,53,18.0
2024-04-05T17:00,11.7,0.00,0.00,0.00,9.3,7.7,41,14.4
2024-04-05T18:00,11.2,0.00,0.00,0.00,9.0,8.2,15,11.9
2024-04-05T19:00,10.6,0.00,0.00,0.00,8.7,6.6,13,11.5
2024-04-05T20:00,10.7,0.00,0.00,0.00,8.5,8.3,358,10.8
2024-04-05T21:00,10.1,0.20,0.00,0.20,7.4,12.1,333,16.9
2024-04-05T22:00,9.6,0.00,0.00,0.00,6.7,12.7,331,20.2
2024-04-05T23:00,9.5,0.00,0.00,0.00,6.5,12.7,335,19.4
2024-04-06T00:00,9.3,0.00,0.00,0.00,6.3,13.0,346,19.1
2024-04-06T01:00,9.0,0.00,0.00,0.00,5.7,14.9,340,21.2
2024-04-06T02:00,8.7,0.00,0.00,0.00,5.3,16.1,340,23.4
2024-04-06T03:00,8.5,0.00,0.00,0.00,5.1,15.3,345,23.4
2024-04-06T04:00,8.6,0.00,0.00,0.00,5.5,13.3,347,22.3
2024-04-06T05:00,8.7,0.00,0.00,0.00,5.7,13.3,347,19.4
2024-04-06T06:00,8.7,0.00,0.00,0.00,5.6,13.9,350,20.9
2024-04-06T07:00,9.0,0.00,0.00,0.00,6.2,13.1,344,20.2
2024-04-06T08:00,9.8,0.00,0.00,0.00,6.6,15.8,343,24.1
2024-04-06T09:00,11.0,0.00,0.00,0.00,7.6,17.8,342,27.7
2024-04-06T10:00,10.3,0.00,0.00,0.00,6.7,19.2,352,29.5
2024-04-06T11:00,13.3,0.00,0.00,0.00,10.2,18.8,356,32.4
2024-04-06T12:00,14.2,0.00,0.00,0.00,11.7,17.1,8,31.0
2024-04-06T13:00,15.3,0.00,0.00,0.00,13.2,15.8,17,28.8
2024-04-06T14:00,15.7,0.00,0.00,0.00,14.1,13.5,25,27.7
2024-04-06T15:00,15.8,0.00,0.00,0.00,14.6,11.2,15,23.8
2024-04-06T16:00,16.3,0.00,0.00,0.00,15.2,11.7,11,20.5
2024-04-06T17:00,15.9,0.00,0.00,0.00,14.9,10.4,2,19.8
2024-04-06T18:00,14.6,0.00,0.00,0.00,13.6,10.0,330,15.8
2024-04-06T19:00,13.5,0.00,0.00,0.00,12.3,10.8,323,14.8
2024-04-06T20:00,13.3,0.00,0.00,0.00,12.0,11.2,318,16.2
2024-04-06T21:00,13.2,0.00,0.00,0.00,12.4,7.9,321,16.2
2024-04-06T22:00,12.2,0.00,0.00,0.00,11.3,8.0,342,13.0
2024-04-06T23:00,11.9,0.00,0.00,0.00,10.8,10.0,334,14.4
2024-04-07T00:00,11.9,0.00,0.00,0.00,10.8,9.9,327,14.8
2024-04-07T01:00,11.8,0.60,0.00,0.60,10.8,8.9,328,17.6
2024-04-07T02:00,11.6,0.20,0.00,0.20,10.7,7.9,344,12.6
2024-04-07T03:00,11.3,0.20,0.00,0.20,9.7,11.7,342,15.8
2024-04-07T04:00,11.2,0.10,0.00,0.10,9.0,15.0,350,22.0
2024-04-07T05:00,11.4,0.00,0.00,0.00,9.2,15.3,341,23.4
2024-04-07T06:00,11.6,0.00,0.00,0.00,10.1,10.5,352,22.0
2024-04-07T07:00,12.1,0.20,0.00,0.20,10.3,13.7,355,20.5
2024-04-07T08:00,13.8,0.10,0.00,0.10,12.0,17.1,353,27.0
2024-04-07T09:00,16.6,0.00,0.00,0.00,15.1,15.9,357,29.9
2024-04-07T10:00,17.8,0.00,0.00,0.00,17.4,10.4,360,22.7
2024-04-07T11:00,19.2,0.00,0.00,0.00,20.3,7.9,47,20.9
2024-04-07T12:00,20.1,0.00,0.00,0.00,21.5,9.0,106,19.1
2024-04-07T13:00,20.5,0.00,0.00,0.00,21.0,14.3,131,25.6
2024-04-07T14:00,20.5,0.00,0.00,0.00,20.5,14.8,139,26.6
2024-04-07T15:00,20.6,0.00,0.00,0.00,20.2,14.1,148,25.9
2024-04-07T16:00,20.7,0.00,0.00,0.00,20.3,12.5,141,24.8
2024-04-07T17:00,20.1,0.00,0.00,0.00,20.0,11.5,136,20.9
2024-04-07T18:00,17.8,0.00,0.00,0.00,18.0,10.8,143,16.6
2024-04-07T19:00,16.1,0.00,0.00,0.00,16.3,9.4,173,14.8
2024-04-07T20:00,15.1,0.00,0.00,0.00,15.3,7.2,174,12.2
2024-04-07T21:00,14.2,0.00,0.00,0.00,14.6,5.0,150,9.0
2024-04-07T22:00,15.3,0.00,0.00,0.00,15.2,9.3,167,12.6
2024-04-07T23:00,14.4,0.00,0.00,0.00,14.4,7.9,177,12.2
2024-04-08T00:00,14.0,0.00,0.00,0.00,14.4,4.3,204,10.1
2024-04-08T01:00,14.6,0.00,0.00,0.00,15.7,0.7,180,5.0
2024-04-08T02:00,13.0,0.00,0.00,0.00,13.2,4.7,94,5.0
2024-04-08T03:00,12.6,0.00,0.00,0.00,12.3,6.9,43,8.3
2024-04-08T04:00,13.0,0.00,0.00,0.00,13.0,6.8,3,10.4
2024-04-08T05:00,13.1,0.00,0.00,0.00,13.1,6.0,335,10.8
2024-04-08T06:00,13.5,0.00,0.00,0.00,13.5,7.3,340,12.6
2024-04-08T07:00,14.5,0.00,0.00,0.00,14.7,8.0,355,14.4
2024-04-08T08:00,15.5,0.00,0.00,0.00,15.7,10.0,13,16.9
2024-04-08T09:00,17.6,0.00,0.00,0.00,18.1,9.2,11,18.4
2024-04-08T10:00,20.2,0.00,0.00,0.00,21.2,4.8,48,15.1
2024-04-08T11:00,21.5,0.00,0.00,0.00,23.2,6.6,68,16.2
2024-04-08T12:00,21.8,0.00,0.00,0.00,21.8,11.7,124,20.9
2024-04-08T13:00,20.6,0.00,0.00,0.00,20.7,9.7,138,22.0
2024-04-08T14:00,21.1,0.00,0.00,0.00,20.8,13.6,122,21.2
2024-04-08T15:00,20.8,0.00,0.00,0.00,20.2,16.5,113,26.3
2024-04-08T16:00,20.0,0.00,0.00,0.00,20.1,11.8,102,25.6
2024-04-08T17:00,20.4,0.00,0.00,0.00,20.4,13.0,96,18.7
2024-04-08T18:00,18.6,0.00,0.00,0.00,18.4,15.0,114,20.9
2024-04-08T19:00,17.1,0.00,0.00,0.00,17.0,13.4,117,21.6
2024-04-08T20:00,16.3,0.00,0.00,0.00,17.0,7.5,107,18.4
2024-04-08T21:00,15.7,0.00,0.00,0.00,16.5,6.5,84,9.7
2024-04-08T22:00,17.3,0.00,0.00,0.00,18.8,4.7,99,9.0
2024-04-08T23:00,17.0,0.00,0.00,0.00,18.6,4.9,107,7.2
2024-04-09T00:00,16.9,0.00,0.00,0.00,17.9,8.0,108,10.8
2024-04-09T01:00,16.7,0.00,0.00,0.00,17.3,10.8,105,15.8
2024-04-09T02:00,16.5,0.00,0.00,0.00,17.1,11.0,109,16.2
2024-04-09T03:00,16.3,2.30,0.00,2.30,16.6,12.6,103,22.3
2024-04-09T04:00,16.2,7.50,0.00,7.50,16.2,14.0,116,20.2
2024-04-09T05:00,16.4,5.60,0.00,5.60,15.6,19.4,125,38.2
2024-04-09T06:00,17.5,1.80,0.00,1.80,15.7,28.2,199,41.4
2024-04-09T07:00,18.3,2.10,0.00,2.10,15.6,36.8,192,51.8
2024-04-09T08:00,19.5,2.00,0.00,2.00,15.2,48.9,195,70.6
2024-04-09T09:00,20.1,1.80,0.00,1.80,15.5,51.9,194,78.8
2024-04-09T10:00,20.1,3.20,0.00,3.20,14.4,58.8,177,86.8
2024-04-09T11:00,19.8,5.30,0.00,5.30,15.5,49.9,196,93.2
2024-04-09T12:00,16.4,11.20,0.00,11.20,13.0,30.5,322,73.8
2024-04-09T13:00,14.0,4.00,0.00,4.00,6.9,44.3,332,61.9
2024-04-09T14:00,14.2,0.00,0.00,0.00,8.3,34.5,340,66.6
2024-04-09T15:00,13.0,0.20,0.00,0.20,5.1,45.8,330,70.6
2024-04-09T16:00,13.0,0.20,0.00,0.20,5.6,42.7,336,66.2
2024-04-09T17:00,12.1,0.10,0.00,0.10,4.6,43.3,339,62.3
2024-04-09T18:00,11.1,0.10,0.00,0.10,3.4,42.9,340,63.4
2024-04-09T19:00,10.8,0.00,0.00,0.00,3.2,40.5,340,62.3
2024-04-09T20:00,10.4,0.00,0.00,0.00,2.8,40.5,340,59.4
2024-04-09T21:00,9.9,0.00,0.00,0.00,2.0,41.5,338,60.1
2024-04-09T22:00,10.2,0.00,0.00,0.00,1.3,47.9,331,69.5
2024-04-09T23:00,9.0,0.00,0.00,0.00,0.3,46.0,334,69.5
2024-04-10T00:00,7.7,0.00,0.00,0.00,-0.0,38.3,333,66.6
2024-04-10T01:00,7.0,0.00,0.00,0.00,-0.4,34.7,336,55.1
2024-04-10T02:00,6.3,0.00,0.00,0.00,-1.2,35.4,345,51.1
2024-04-10T03:00,5.7,0.00,0.00,0.00,-1.3,32.0,345,51.1
2024-04-10T04:00,5.6,0.00,0.00,0.00,-0.9,28.5,344,46.4
2024-04-10T05:00,5.2,0.00,0.00,0.00,-0.7,24.7,341,41.4
2024-04-10T06:00,5.4,0.00,0.00,0.00,-0.2,22.3,359,35.6
2024-04-10T07:00,7.0,0.00,0.00,0.00,2.1,19.0,19,32.4
2024-04-10T08:00,8.6,0.00,0.00,0.00,3.9,17.7,38,29.9
2024-04-10T09:00,10.0,0.00,0.00,0.00,6.0,15.9,52,29.5
2024-04-10T10:00,12.1,0.00,0.00,0.00,9.4,13.6,50,31.3
2024-04-10T11:00,13.4,0.00,0.00,0.00,11.4,12.1,63,25.9
2024-04-10T12:00,14.5,0.00,0.00,0.00,12.4,13.4,70,26.3
2024-04-10T13:00,15.2,0.00,0.00,0.00,13.1,14.0,91,26.6
2024-04-10T14:00,15.3,0.00,0.00,0.00,12.2,17.6,116,29.9
2024-04-10T15:00,14.9,0.00,0.00,0.00,10.7,19.2,116,31.3
2024-04-10T16:00,14.5,0.00,0.00,0.00,9.6,19.0,109,31.3
2024-04-10T17:00,13.4,0.00,0.00,0.00,9.0,18.2,117,29.5
2024-04-10T18:00,11.3,0.00,0.00,0.00,7.7,15.8,135,25.6
2024-04-10T19:00,9.9,0.00,0.00,0.00,6.2,16.9,140,23.8
2024-04-10T20:00,9.3,0.00,0.00,0.00,6.2,13.0,129,23.4
2024-04-10T21:00,8.4,0.00,0.00,0.00,6.0,8.5,126,17.6
2024-04-10T22:00,8.9,0.00,0.00,0.00,6.3,9.9,136,15.8
2024-04-10T23:00,7.8,0.00,0.00,0.00,5.9,5.5,101,12.6
2024-04-11T00:00,7.6,0.00,0.00,0.00,5.8,4.3,24,6.5
2024-04-11T01:00,6.6,0.00,0.00,0.00,3.9,9.7,333,11.9
2024-04-11T02:00,5.6,0.00,0.00,0.00,2.9,10.0,330,13.7
2024-04-11T03:00,5.5,0.00,0.00,0.00,2.5,11.3,333,15.5
2024-04-11T04:00,5.4,0.00,0.00,0.00,2.5,9.7,338,16.2
2024-04-11T05:00,5.1,0.00,0.00,0.00,2.3,9.1,342,13.3
2024-04-11T06:00,5.9,0.00,0.00,0.00,3.2,8.8,341,12.6
2024-04-11T07:00,8.2,0.00,0.00,0.00,5.8,8.7,343,15.8
2024-04-11T08:00,10.9,0.00,0.00,0.00,8.3,10.9,351,20.2
2024-04-11T09:00,12.8,0.00,0.00,0.00,10.8,9.0,360,20.9
2024-04-11T10:00,14.3,0.00,0.00,0.00,13.7,4.5,76,16.9
2024-04-11T11:00,15.8,0.00,0.00,0.00,14.8,11.5,131,22.3
2024-04-11T12:00,17.1,0.00,0.00,0.00,16.1,12.2,137,25.2
2024-04-11T13:00,17.9,0.00,0.00,0.00,16.6,13.2,135,24.8
2024-04-11T14:00,18.4,0.00,0.00,0.00,15.6,15.8,139,27.0
2024-04-11T15:00,17.8,0.00,0.00,0.00,14.5,16.5,144,27.7
2024-04-11T16:00,17.0,0.00,0.00,0.00,13.9,15.4,143,27.0
2024-04-11T17:00,16.2,0.00,0.00,0.00,13.8,12.1,143,23.4
2024-04-11T18:00,14.3,0.00,0.00,0.00,12.7,10.4,136,17.3
2024-04-11T19:00,13.1,0.00,0.00,0.00,11.0,13.4,121,18.4
2024-04-11T20:00,12.6,0.00,0.00,0.00,10.5,12.4,116,19.4
2024-04-11T21:00,12.3,0.00,0.00,0.00,10.3,11.0,113,16.6
2024-04-11T22:00,12.7,0.00,0.00,0.00,11.4,7.1,105,13.3
2024-04-11T23:00,12.4,0.00,0.00,0.00,11.4,4.6,72,8.6
2024-04-12T00:00,11.7,0.00,0.00,0.00,10.5,5.7,35,6.1
2024-04-12T01:00,11.3,0.00,0.00,0.00,10.1,6.2,7,7.2
2024-04-12T02:00,11.3,0.00,0.00,0.00,9.6,9.1,342,12.2
2024-04-12T03:00,10.7,0.00,0.00,0.00,8.8,10.5,333,15.1
2024-04-12T04:00,10.5,0.00,0.00,0.00,8.6,10.9,333,15.1
2024-04-12T05:00,9.8,0.00,0.00,0.00,7.5,12.6,340,17.3
2024-04-12T06:00,10.3,0.00,0.00,0.00,7.6,15.8,330,23.0
2024-04-12T07:00,12.0,0.00,0.00,0.00,9.5,15.6,334,23.8
2024-04-12T08:00,14.0,0.00,0.00,0.00,11.1,18.8,355,29.9
2024-04-12T09:00,15.6,0.00,0.00,0.00,13.1,17.3,4,30.2
2024-04-12T10:00,17.3,0.00,0.00,0.00,15.2,16.4,15,33.5
2024-04-12T11:00,17.7,0.00,0.00,0.00,15.8,13.6,32,28.4
2024-04-12T12:00,17.3,0.30,0.00,0.30,15.5,11.5,39,24.8
2024-04-12T13:00,16.6,0.90,0.00,0.90,14.9,13.2,35,21.6
2024-04-12T14:00,16.7,0.10,0.00,0.10,14.7,15.0,30,24.1
2024-04-12T15:00,17.2,0.10,0.00,0.10,15.2,16.6,49,25.9
2024-04-12T16:00,17.0,0.00,0.00,0.00,14.6,19.0,61,28.1
2024-04-12T17:00,16.1,0.00,0.00,0.00,14.1,18.7,65,29.9
2024-04-12T18:00,15.0,0.00,0.00,0.00,13.6,14.3,49,27.4
2024-04-12T19:00,13.8,0.00,0.00,0.00,12.3,13.9,31,20.2
2024-04-12T20:00,13.0,0.00,0.00,0.00,11.4,14.5,27,20.5
2024-04-12T21:00,12.3,0.00,0.00,0.00,10.8,13.0,6,20.5
2024-04-12T22:00,12.6,0.00,0.00,0.00,10.9,13.7,2,19.1
2024-04-12T23:00,12.1,0.00,0.00,0.00,10.2,13.7,358,19.8
2024-04-13T00:00,11.7,0.00,0.00,0.00,9.9,13.0,336,19.4
2024-04-13T01:00,11.3,0.00,0.00,0.00,9.3,13.0,336,18.7
2024-04-13T02:00,10.9,0.00,0.00,0.00,8.7,14.2,351,19.8
2024-04-13T03:00,10.7,0.00,0.00,0.00,8.4,15.0,350,21.2
2024-04-13T04:00,10.3,0.00,0.00,0.00,8.0,14.1,347,21.2
2024-04-13T05:00,9.8,0.00,0.00,0.00,7.7,12.6,357,19.4
2024-04-13T06:00,10.2,0.00,0.00,0.00,8.3,12.3,3,18.0
2024-04-13T07:00,12.2,0.00,0.00,0.00,10.7,10.7,12,18.0
2024-04-13T08:00,14.3,0.00,0.00,0.00,12.8,12.0,16,21.2
2024-04-13T09:00,16.2,0.00,0.00,0.00,14.5,15.8,30,27.0
2024-04-13T10:00,18.4,0.00,0.00,0.00,16.9,16.3,25,28.4
2024-04-13T11:00,19.4,0.00,0.00,0.00,18.5,15.6,26,28.8
2024-04-13T12:00,20.2,0.00,0.00,0.00,19.4,16.6,34,29.2
2024-04-13T13:00,20.8,0.00,0.00,0.00,19.8,17.4,50,29.9
2024-04-13T14:00,20.9,0.00,0.00,0.00,19.2,19.1,70,31.7
2024-04-13T15:00,20.3,0.00,0.00,0.00,17.6,20.6,85,33.1
2024-04-13T16:00,19.7,0.00,0.00,0.00,17.0,19.1,91,33.1
2024-04-13T17:00,18.6,0.00,0.00,0.00,16.5,16.6,94,29.5
2024-04-13T18:00,16.7,0.00,0.00,0.00,15.6,12.2,88,23.8
2024-04-13T19:00,15.1,0.00,0.00,0.00,14.4,10.5,86,16.9
2024-04-13T20:00,14.1,0.00,0.00,0.00,13.6,8.4,80,13.7
2024-04-13T21:00,13.0,0.00,0.00,0.00,12.8,5.4,90,11.2
2024-04-13T22:00,13.6,0.00,0.00,0.00,13.4,6.5,124,8.3
2024-04-13T23:00,13.5,0.00,0.00,0.00,13.7,2.7,113,7.9
2024-04-14T00:00,13.4,0.00,0.00,0.00,13.7,2.4,297,3.2
2024-04-14T01:00,11.7,0.00,0.00,0.00,10.9,7.6,301,7.9
2024-04-14T02:00,11.2,0.00,0.00,0.00,10.2,8.7,308,11.5
2024-04-14T03:00,10.7,0.00,0.00,0.00,9.6,7.6,329,11.5
2024-04-14T04:00,10.5,0.00,0.00,0.00,9.2,9.1,342,11.2
2024-04-14T05:00,10.1,0.00,0.00,0.00,8.7,10.0,339,13.7
2024-04-14T06:00,10.7,0.00,0.00,0.00,9.6,8.3,342,13.7
2024-04-14T07:00,12.6,0.00,0.00,0.00,12.3,6.0,343,13.3
2024-04-14T08:00,15.2,0.00,0.00,0.00,15.3,5.5,11,13.7
2024-04-14T09:00,17.2,0.00,0.00,0.00,17.4,7.1,41,16.9
2024-04-14T10:00,18.9,0.00,0.00,0.00,19.9,6.8,87,17.3
2024-04-14T11:00,20.2,0.00,0.00,0.00,21.6,8.3,124,18.7
2024-04-14T12:00,21.2,0.00,0.00,0.00,22.1,11.8,140,23.4
2024-04-14T13:00,22.0,0.00,0.00,0.00,22.0,12.5,147,24.5
2024-04-14T14:00,22.6,0.00,0.00,0.00,21.8,12.5,147,24.1
2024-04-14T15:00,22.3,0.00,0.00,0.00,20.4,14.6,164,24.5
2024-04-14T16:00,21.3,0.00,0.00,0.00,19.2,17.7,185,27.4
2024-04-14T17:00,19.6,0.00,0.00,0.00,17.8,19.0,205,28.8
2024-04-14T18:00,17.4,0.00,0.00,0.00,15.5,18.7,208,28.4
2024-04-14T19:00,15.7,0.00,0.00,0.00,13.7,18.4,208,26.6
2024-04-14T20:00,15.1,0.00,0.00,0.00,13.3,18.0,200,26.6
2024-04-14T21:00,14.6,0.00,0.00,0.00,13.2,15.4,196,25.6
2024-04-14T22:00,14.7,0.00,0.00,0.00,13.0,14.8,193,22.0
2024-04-14T23:00,14.3,0.00,0.00,0.00,12.6,15.1,192,21.2
2024-04-15T00:00,13.8,0.00,0.00,0.00,12.3,14.2,187,21.2
2024-04-15T01:00,13.5,0.00,0.00,0.00,12.1,13.0,185,19.4
2024-04-15T02:00,12.8,0.00,0.00,0.00,11.9,9.0,185,18.0
2024-04-15T03:00,12.6,0.00,0.00,0.00,11.5,10.9,197,13.3
2024-04-15T04:00,12.2,0.00,0.00,0.00,11.1,10.2,219,15.1
2024-04-15T05:00,11.2,0.00,0.00,0.00,10.1,7.9,267,13.3
2024-04-15T06:00,12.3,0.00,0.00,0.00,11.5,5.5,259,9.7
2024-04-15T07:00,15.0,0.00,0.00,0.00,15.1,3.3,257,9.4
2024-04-15T08:00,17.1,0.00,0.00,0.00,17.5,4.2,200,11.9
2024-04-15T09:00,18.7,0.00,0.00,0.00,19.4,4.9,163,14.0
2024-04-15T10:00,20.4,0.00,0.00,0.00,21.9,5.3,152,15.1
2024-04-15T11:00,21.8,0.00,0.00,0.00,23.4,9.1,146,20.2
2024-04-15T12:00,22.9,0.00,0.00,0.00,23.9,13.8,165,25.6
2024-04-15T13:00,24.0,0.00,0.00,0.00,23.7,16.9,180,29.5
2024-04-15T14:00,24.1,0.00,0.00,0.00,22.5,20.9,195,33.8
2024-04-15T15:00,23.4,0.00,0.00,0.00,20.8,22.2,193,34.9
2024-04-15T16:00,21.6,0.00,0.00,0.00,18.3,26.0,194,39.2
2024-04-15T17:00,19.6,0.00,0.00,0.00,16.7,24.9,194,40.0
2024-04-15T18:00,17.6,0.00,0.00,0.00,15.4,22.3,190,36.4
2024-04-15T19:00,16.2,0.00,0.00,0.00,14.3,21.0,192,32.0
2024-04-15T20:00,15.6,0.00,0.00,0.00,13.7,21.0,186,30.2
2024-04-15T21:00,15.6,0.00,0.00,0.00,13.4,22.3,183,32.0
2024-04-15T22:00,16.0,0.00,0.00,0.00,13.3,24.5,182,34.9
2024-04-15T23:00,15.7,0.00,0.00,0.00,12.8,25.3,186,36.7
2024-04-16T00:00,15.3,0.00,0.00,0.00,12.7,23.4,183,36.4
2024-04-16T01:00,14.8,0.00,0.00,0.00,12.1,23.4,184,33.5
2024-04-16T02:00,14.5,0.00,0.00,0.00,12.0,22.4,184,33.5
2024-04-16T03:00,14.5,0.00,0.00,0.00,12.2,21.6,182,31.7
2024-04-16T04:00,14.7,0.00,0.00,0.00,12.5,21.6,180,31.0
2024-04-16T05:00,15.0,0.00,0.00,0.00,12.7,22.7,182,32.4
2024-04-16T06:00,15.6,0.00,0.00,0.00,13.3,22.6,189,32.8
2024-04-16T07:00,16.3,0.00,0.00,0.00,14.4,20.5,195,32.8
2024-04-16T08:00,17.3,0.00,0.00,0.00,15.4,21.1,197,31.3
2024-04-16T09:00,17.7,0.00,0.00,0.00,14.6,28.2,191,41.0
2024-04-16T10:00,20.9,0.00,0.00,0.00,17.0,30.8,187,46.1
2024-04-16T11:00,20.8,0.00,0.00,0.00,16.9,36.5,186,55.4
2024-04-16T12:00,21.4,0.00,0.00,0.00,17.7,38.1,188,58.3
2024-04-16T13:00,21.4,0.00,0.00,0.00,16.9,41.7,187,62.3
2024-04-16T14:00,21.4,0.00,0.00,0.00,16.5,43.4,185,64.8
2024-04-16T15:00,21.1,0.00,0.00,0.00,15.3,45.5,184,67.3
2024-04-16T16:00,20.5,0.00,0.00,0.00,14.4,45.3,186,67.7
2024-04-16T17:00,19.5,0.00,0.00,0.00,14.2,40.9,187,66.6
2024-04-16T18:00,18.1,0.00,0.00,0.00,13.3,36.8,192,59.4
2024-04-16T19:00,17.3,0.00,0.00,0.00,12.6,35.8,195,53.3
2024-04-16T20:00,16.9,0.00,0.00,0.00,12.4,35.0,197,51.8
2024-04-16T21:00,16.6,0.00,0.00,0.00,12.1,34.5,196,50.8
2024-04-16T22:00,17.0,0.00,0.00,0.00,13.1,30.6,204,45.0
2024-04-16T23:00,16.7,0.00,0.00,0.00,13.3,27.5,206,44.3
2024-04-17T00:00,16.4,0.00,0.00,0.00,13.2,26.2,201,39.6
2024-04-17T01:00,16.2,0.00,0.00,0.00,13.3,25.6,200,38.5
2024-04-17T02:00,16.1,0.00,0.00,0.00,13.6,24.0,204,37.4
2024-04-17T03:00,16.0,0.00,0.00,0.00,13.6,23.5,207,34.6
2024-04-17T04:00,15.6,0.00,0.00,0.00,13.4,22.4,206,34.2
2024-04-17T05:00,15.1,0.00,0.00,0.00,13.3,18.3,212,32.4
2024-04-17T06:00,15.5,0.00,0.00,0.00,14.3,14.9,212,25.9
2024-04-17T07:00,16.2,0.00,0.00,0.00,15.6,10.7,237,21.2
2024-04-17T08:00,18.5,0.00,0.00,0.00,17.1,20.0,210,29.2
2024-04-17T09:00,20.0,0.20,0.00,0.20,18.5,21.5,215,35.3
2024-04-17T10:00,21.1,0.00,0.00,0.00,21.7,7.9,210,23.8
2024-04-17T11:00,21.9,0.00,0.00,0.00,23.9,4.5,256,23.8
2024-04-17T12:00,22.6,0.00,0.00,0.00,24.1,4.3,48,18.7
2024-04-17T13:00,22.4,0.10,0.00,0.10,23.0,9.0,85,19.4
2024-04-17T14:00,22.5,0.20,0.00,0.20,23.9,7.2,117,20.5
2024-04-17T15:00,22.2,0.30,0.00,0.30,23.2,5.6,130,20.2
2024-04-17T16:00,21.0,0.80,0.00,0.80,21.2,10.3,65,19.1
2024-04-17T17:00,19.8,0.10,0.00,0.10,18.6,16.5,70,23.8
2024-04-17T18:00,17.6,0.00,0.00,0.00,17.1,12.7,65,32.0
2024-04-17T19:00,17.0,0.00,0.00,0.00,17.2,8.5,62,18.7
2024-04-17T20:00,16.0,0.00,0.00,0.00,16.6,5.2,78,11.9
2024-04-17T21:00,15.6,0.00,0.00,0.00,16.0,5.0,339,5.8
2024-04-17T22:00,17.8,0.00,0.00,0.00,18.1,8.5,348,11.5
2024-04-17T23:00,16.9,0.00,0.00,0.00,16.9,9.4,7,13.0
2024-04-18T00:00,16.0,0.00,0.00,0.00,15.7,9.9,10,13.7
2024-04-18T01:00,15.1,0.00,0.00,0.00,14.5,10.8,2,14.8
2024-04-18T02:00,14.5,0.00,0.00,0.00,14.2,8.7,7,14.8
2024-04-18T03:00,14.3,0.00,0.00,0.00,14.1,7.6,19,11.5
2024-04-18T04:00,13.7,0.00,0.00,0.00,13.2,8.5,12,11.2
2024-04-18T05:00,13.1,0.00,0.00,0.00,11.8,9.4,2,13.0
2024-04-18T06:00,13.7,0.00,0.00,0.00,12.4,7.8,347,12.6
2024-04-18T07:00,15.2,0.00,0.00,0.00,13.9,8.4,350,14.8
2024-04-18T08:00,16.7,0.00,0.00,0.00,15.3,10.0,13,19.1
2024-04-18T09:00,17.9,0.00,0.00,0.00,17.2,9.7,31,19.4
2024-04-18T10:00,19.4,0.00,0.00,0.00,18.6,10.3,65,20.2
2024-04-18T11:00,20.2,0.00,0.00,0.00,19.1,12.0,81,22.3
2024-04-18T12:00,20.7,0.00,0.00,0.00,19.3,13.0,90,23.0
2024-04-18T13:00,20.9,0.00,0.00,0.00,18.8,16.6,103,27.0
2024-04-18T14:00,20.2,0.00,0.00,0.00,17.5,18.2,115,27.7
2024-04-18T15:00,19.2,0.00,0.00,0.00,16.2,20.7,121,30.2
2024-04-18T16:00,18.0,0.10,0.00,0.10,15.6,18.3,106,31.0
2024-04-18T17:00,17.2,0.20,0.00,0.20,15.7,13.4,84,27.0
2024-04-18T18:00,16.0,0.30,0.00,0.30,14.1,16.1,56,22.7
2024-04-18T19:00,15.2,0.20,0.00,0.20,13.4,15.4,57,23.4
2024-04-18T20:00,14.9,0.20,0.00,0.20,13.3,14.5,19,23.4
2024-04-18T21:00,14.3,0.30,0.00,0.30,12.1,17.9,15,25.6
2024-04-18T22:00,14.8,1.00,0.00,1.00,13.4,15.4,339,22.7
2024-04-18T23:00,14.3,0.70,0.00,0.70,12.2,19.6,347,27.4
2024-04-19T00:00,14.0,0.40,0.00,0.40,11.5,22.3,342,32.0
2024-04-19T01:00,13.8,0.00,0.00,0.00,11.0,22.9,332,34.6
2024-04-19T02:00,13.7,0.00,0.00,0.00,10.5,23.8,333,34.9
2024-04-19T03:00,13.3,0.00,0.00,0.00,8.3,29.8,328,42.5
2024-04-19T04:00,13.0,0.00,0.00,0.00,6.6,37.0,329,52.6
2024-04-19T05:00,13.2,0.00,0.00,0.00,6.9,36.8,323,54.0
2024-04-19T06:00,13.5,0.00,0.00,0.00,7.5,33.9,317,52.6
2024-04-19T07:00,15.0,0.00,0.00,0.00,8.2,39.5,322,56.9
2024-04-19T08:00,16.4,0.00,0.00,0.00,9.6,39.1,326,58.3
2024-04-19T09:00,17.5,0.00,0.00,0.00,10.6,39.4,326,59.0
2024-04-19T10:00,19.6,0.00,0.00,0.00,12.7,42.6,325,64.4
2024-04-19T11:00,20.0,0.00,0.00,0.00,12.6,48.0,332,70.6
2024-04-19T12:00,20.1,0.00,0.00,0.00,13.4,46.7,339,72.0
2024-04-19T13:00,21.5,0.00,0.00,0.00,14.9,45.6,343,71.6
2024-04-19T14:00,20.9,0.00,0.00,0.00,14.5,42.7,344,68.4
2024-04-19T15:00,21.3,0.00,0.00,0.00,15.3,34.6,343,64.1
2024-04-19T16:00,21.4,0.00,0.00,0.00,15.3,32.7,330,51.8
2024-04-19T17:00,20.1,0.00,0.00,0.00,14.5,29.8,340,48.6
2024-04-19T18:00,17.2,0.00,0.00,0.00,12.6,23.8,345,43.2
2024-04-19T19:00,15.4,0.00,0.00,0.00,10.9,22.2,340,33.8
2024-04-19T20:00,14.2,0.00,0.00,0.00,9.5,23.3,333,33.5
2024-04-19T21:00,13.6,0.00,0.00,0.00,9.0,22.2,335,33.5
2024-04-19T22:00,13.9,0.00,0.00,0.00,10.9,13.3,311,28.1
2024-04-19T23:00,13.2,0.00,0.00,0.00,10.1,13.5,316,18.0
2024-04-20T00:00,12.7,0.00,0.00,0.00,9.2,15.5,329,21.6
2024-04-20T01:00,12.3,0.00,0.00,0.00,8.8,15.5,335,21.6
2024-04-20T02:00,12.1,0.00,0.00,0.00,8.6,15.3,333,21.6
2024-04-20T03:00,11.5,0.00,0.00,0.00,8.5,11.9,331,21.2
2024-04-20T04:00,10.7,0.00,0.00,0.00,8.1,10.2,328,15.5
2024-04-20T05:00,10.5,0.00,0.00,0.00,7.7,10.9,354,13.7
2024-04-20T06:00,11.6,0.00,0.00,0.00,8.6,12.2,358,17.3
2024-04-20T07:00,13.7,0.00,0.00,0.00,11.1,11.4,347,19.1
2024-04-20T08:00,15.8,0.00,0.00,0.00,12.8,13.7,337,23.4
2024-04-20T09:00,17.9,0.00,0.00,0.00,14.8,14.5,346,25.6
2024-04-20T10:00,21.0,0.00,0.00,0.00,18.1,18.7,1,33.1
2024-04-20T11:00,22.4,0.00,0.00,0.00,20.9,14.4,3,32.0
2024-04-20T12:00,23.2,0.00,0.00,0.00,22.5,7.2,6,26.6
2024-04-20T13:00,24.0,0.00,0.00,0.00,24.8,1.8,90,17.6
2024-04-20T14:00,23.5,0.00,0.00,0.00,21.9,6.8,180,13.7
2024-04-20T15:00,23.0,0.00,0.00,0.00,20.7,14.5,187,23.4
2024-04-20T16:00,22.4,0.00,0.00,0.00,20.1,15.9,183,25.9
2024-04-20T17:00,20.6,0.00,0.00,0.00,17.5,20.3,187,29.5
2024-04-20T18:00,18.5,0.00,0.00,0.00,16.6,16.2,197,29.5
2024-04-20T19:00,17.2,0.00,0.00,0.00,16.1,13.7,183,22.7
2024-04-20T20:00,17.0,0.00,0.00,0.00,16.5,10.8,120,19.1
2024-04-20T21:00,16.0,0.00,0.00,0.00,15.0,13.0,109,18.4
2024-04-20T22:00,16.6,0.30,0.00,0.30,15.7,13.4,95,20.2
2024-04-20T23:00,16.5,0.00,0.00,0.00,15.6,13.0,92,19.1
2024-04-21T00:00,16.1,0.00,0.00,0.00,14.8,13.4,70,19.4
2024-04-21T01:00,15.9,0.00,0.00,0.00,14.9,9.7,92,19.1
2024-04-21T02:00,15.3,0.00,0.00,0.00,14.0,9.9,57,14.4
2024-04-21T03:00,15.0,0.00,0.00,0.00,14.3,5.8,353,13.7
2024-04-21T04:00,14.0,0.00,0.00,0.00,12.7,10.0,339,13.7
2024-04-21T05:00,13.2,0.00,0.00,0.00,12.0,8.7,353,13.7
2024-04-21T06:00,14.1,0.00,0.00,0.00,13.1,6.8,3,12.2
2024-04-21T07:00,15.4,0.00,0.00,0.00,14.3,6.0,25,12.2
2024-04-21T08:00,16.7,0.00,0.00,0.00,15.6,5.2,56,13.0
2024-04-21T09:00,17.0,0.00,0.00,0.00,15.8,5.4,53,13.3
2024-04-21T10:00,19.8,0.00,0.00,0.00,17.9,9.2,101,19.1
2024-04-21T11:00,20.5,0.00,0.00,0.00,18.6,11.8,128,22.3
2024-04-21T12:00,22.1,0.00,0.00,0.00,22.3,12.8,140,25.2
2024-04-21T13:00,22.9,0.00,0.00,0.00,22.8,13.2,154,26.3
2024-04-21T14:00,22.8,0.00,0.00,0.00,21.4,13.3,147,25.6
2024-04-21T15:00,22.2,0.00,0.00,0.00,20.4,16.7,143,25.9
2024-04-21T16:00,20.6,0.00,0.00,0.00,17.9,21.8,129,33.5
2024-04-21T17:00,19.0,0.00,0.00,0.00,16.0,23.7,123,35.3
2024-04-21T18:00,18.1,0.00,0.00,0.00,15.7,20.9,134,34.9
2024-04-21T19:00,17.5,0.00,0.00,0.00,15.8,16.4,123,30.2
2024-04-21T20:00,16.7,0.30,0.00,0.30,15.8,12.3,105,23.8
2024-04-21T21:00,16.3,0.70,0.00,0.70,15.9,9.2,116,17.6
2024-04-21T22:00,16.4,1.00,0.00,1.00,16.5,8.2,119,13.7
2024-04-21T23:00,16.1,1.40,0.00,1.40,16.2,8.5,102,12.2
2024-04-22T00:00,15.8,1.40,0.00,1.40,15.9,8.7,85,12.6
2024-04-22T01:00,15.4,1.60,0.00,1.60,15.1,11.0,58,15.8
2024-04-22T02:00,14.9,1.70,0.00,1.70,14.2,12.0,69,19.1
2024-04-22T03:00,14.7,1.50,0.00,1.50,14.0,11.8,70,17.6
2024-04-22T04:00,14.6,1.40,0.00,1.40,13.9,11.8,59,17.6
2024-04-22T05:00,14.6,0.90,0.00,0.90,13.8,12.4,64,17.6
2024-04-22T06:00,14.6,1.10,0.00,1.10,13.7,13.4,59,19.8
2024-04-22T07:00,14.8,1.10,0.00,1.10,13.7,14.0,48,21.6
2024-04-22T08:00,15.2,1.10,0.00,1.10,13.9,16.0,44,24.5
2024-04-22T09:00,15.5,1.10,0.00,1.10,14.1,16.3,35,26.3
2024-04-22T10:00,15.9,0.10,0.00,0.10,14.5,15.3,41,26.6
2024-04-22T11:00,17.0,0.00,0.00,0.00,15.3,17.4,40,28.8
2024-04-22T12:00,18.1,0.00,0.00,0.00,16.6,15.3,56,28.1
2024-04-22T13:00,18.7,0.10,0.00,0.10,17.5,13.2,61,25.9
2024-04-22T14:00,19.4,0.20,0.00,0.20,18.3,13.8,49,23.4
2024-04-22T15:00,19.2,0.10,0.00,0.10,17.8,15.0,60,23.4
2024-04-22T16:00,19.1,0.00,0.00,0.00,17.8,14.9,75,24.5
2024-04-22T17:00,18.4,0.00,0.00,0.00,17.4,14.8,94,23.0
2024-04-22T18:00,17.7,0.00,0.00,0.00,17.4,11.3,97,22.3
2024-04-22T19:00,17.0,0.00,0.00,0.00,17.0,9.7,88,16.2
2024-04-22T20:00,16.4,0.00,0.00,0.00,16.4,8.9,76,14.0
2024-04-22T21:00,15.3,0.00,0.00,0.00,15.2,8.0,72,12.6
2024-04-22T22:00,15.1,0.00,0.00,0.00,15.1,7.2,53,13.0
2024-04-22T23:00,14.6,0.00,0.00,0.00,14.5,7.3,33,10.1
2024-04-23T00:00,14.3,0.00,0.00,0.00,14.3,6.6,29,10.4
2024-04-23T01:00,14.0,0.00,0.00,0.00,14.0,6.8,25,9.0
2024-04-23T02:00,13.8,0.00,0.00,0.00,13.3,9.7,15,13.0
2024-04-23T03:00,13.6,0.00,0.00,0.00,12.9,10.9,9,15.5
2024-04-23T04:00,13.7,0.00,0.00,0.00,13.0,10.1,6,15.8
2024-04-23T05:00,13.5,0.00,0.00,0.00,13.1,8.8,9,14.4
2024-04-23T06:00,14.1,0.00,0.00,0.00,14.1,6.1,3,12.6
2024-04-23T07:00,15.5,0.00,0.00,0.00,15.3,9.7,4,16.9
2024-04-23T08:00,16.9,0.00,0.00,0.00,16.4,12.1,23,21.6
2024-04-23T09:00,18.2,0.00,0.00,0.00,17.7,11.7,56,21.6
2024-04-23T10:00,18.9,0.10,0.00,0.10,17.9,12.4,82,22.7
2024-04-23T11:00,19.0,0.10,0.00,0.10,18.3,11.2,86,22.7
2024-04-23T12:00,19.6,0.00,0.00,0.00,18.7,11.5,92,20.5
2024-04-23T13:00,19.6,0.00,0.00,0.00,18.2,14.5,104,23.0
2024-04-23T14:00,19.5,0.00,0.00,0.00,17.7,16.8,100,25.9
2024-04-23T15:00,19.3,0.00,0.00,0.00,17.6,17.8,98,28.1
2024-04-23T16:00,18.8,0.00,0.00,0.00,16.9,18.6,99,27.7
2024-04-23T17:00,17.8,0.00,0.00,0.00,16.0,19.2,98,29.2
2024-04-23T18:00,17.3,0.00,0.00,0.00,16.2,14.7,101,28.1
2024-04-23T19:00,16.7,0.00,0.00,0.00,15.7,14.5,104,20.9
2024-04-23T20:00,15.9,0.00,0.00,0.00,14.2,17.6,91,25.2
2024-04-23T21:00,15.3,0.00,0.00,0.00,13.5,17.0,86,25.9
2024-04-23T22:00,15.5,0.00,0.00,0.00,14.7,12.3,93,18.7
2024-04-23T23:00,15.3,0.00,0.00,0.00,14.3,12.2,90,17.6
2024-04-24T00:00,15.1,0.00,0.00,0.00,14.1,12.0,83,18.0
2024-04-24T01:00,14.9,0.00,0.00,0.00,13.7,12.3,75,17.3
2024-04-24T02:00,14.7,0.00,0.00,0.00,13.4,11.9,65,19.4
2024-04-24T03:00,14.4,0.00,0.00,0.00,13.3,10.3,61,16.9
2024-04-24T04:00,14.4,0.00,0.00,0.00,13.4,10.1,55,14.8
2024-04-24T05:00,14.3,1.40,0.00,1.40,13.3,10.4,70,14.4
2024-04-24T06:00,14.3,2.40,0.00,2.40,13.2,10.9,73,18.7
2024-04-24T07:00,14.4,0.20,0.00,0.20,14.1,5.9,76,15.5
2024-04-24T08:00,15.3,0.20,0.00,0.20,14.5,10.9,107,16.2
2024-04-24T09:00,15.7,0.10,0.00,0.10,13.5,19.5,129,28.4
2024-04-24T10:00,16.2,0.40,0.00,0.40,14.5,18.7,130,29.9
2024-04-24T11:00,16.7,0.20,0.00,0.20,14.6,20.6,126,31.7
2024-04-24T12:00,16.5,0.30,0.00,0.30,14.6,19.5,128,31.7
2024-04-24T13:00,16.4,0.40,0.00,0.40,14.6,18.9,129,29.5
2024-04-24T14:00,16.5,0.50,0.00,0.50,14.8,18.6,133,28.8
2024-04-24T15:00,16.4,0.20,0.00,0.20,14.4,19.6,133,29.9
2024-04-24T16:00,16.1,0.20,0.00,0.20,14.3,18.2,128,30.2
2024-04-24T17:00,15.6,0.20,0.00,0.20,14.9,11.3,112,27.4
2024-04-24T18:00,15.3,0.20,0.00,0.20,14.7,10.5,74,16.2
2024-04-24T19:00,15.0,0.40,0.00,0.40,14.2,11.7,43,16.6
2024-04-24T20:00,14.8,0.70,0.00,0.70,13.4,15.6,23,22.0
2024-04-24T21:00,14.6,1.60,0.00,1.60,12.7,19.5,3,28.1
2024-04-24T22:00,14.8,1.30,0.00,1.30,12.6,23.2,353,33.5
2024-04-24T23:00,14.7,1.10,0.00,1.10,12.0,25.8,341,37.8
2024-04-25T00:00,14.6,0.60,0.00,0.60,11.5,28.4,331,42.1
2024-04-25T01:00,14.6,0.00,0.00,0.00,11.8,25.3,332,42.1
2024-04-25T02:00,14.8,0.00,0.00,0.00,12.3,22.6,329,37.1
2024-04-25T03:00,14.0,0.00,0.00,0.00,12.5,15.7,323,32.8
2024-04-25T04:00,13.6,0.00,0.00,0.00,12.7,11.0,311,22.0
2024-04-25T05:00,13.4,0.00,0.00,0.00,12.7,8.5,306,14.8
2024-04-25T06:00,14.6,0.00,0.00,0.00,14.7,4.6,288,11.2
2024-04-25T07:00,16.6,0.00,0.00,0.00,17.1,3.6,276,9.0
2024-04-25T08:00,18.3,0.00,0.00,0.00,18.9,3.7,259,11.9
2024-04-25T09:00,19.8,0.00,0.00,0.00,21.1,1.0,135,11.5
2024-04-25T10:00,20.2,0.00,0.00,0.00,21.8,0.5,135,9.7
2024-04-25T11:00,21.2,0.00,0.00,0.00,22.7,2.8,130,11.5
2024-04-25T12:00,22.2,0.00,0.00,0.00,23.4,5.5,122,14.8
2024-04-25T13:00,23.5,0.00,0.00,0.00,26.0,6.3,114,16.2
2024-04-25T14:00,23.9,0.00,0.00,0.00,26.1,8.4,137,18.7
2024-04-25T15:00,23.6,0.00,0.00,0.00,24.3,14.7,152,24.5
2024-04-25T16:00,23.1,0.00,0.00,0.00,23.1,15.8,159,27.4
2024-04-25T17:00,22.8,0.00,0.00,0.00,23.5,8.9,153,25.6
2024-04-25T18:00,21.3,0.00,0.00,0.00,23.2,5.6,230,14.0
2024-04-25T19:00,19.8,0.00,0.00,0.00,20.1,10.5,301,12.2
2024-04-25T20:00,18.2,0.00,0.00,0.00,15.1,22.7,313,30.2
2024-04-25T21:00,16.9,0.00,0.00,0.00,13.4,26.3,327,37.8
2024-04-25T22:00,18.1,0.00,0.00,0.00,15.0,21.5,342,28.4
2024-04-25T23:00,16.1,0.00,0.00,0.00,12.5,24.6,348,36.7
2024-04-26T00:00,15.3,0.00,0.00,0.00,12.3,22.5,354,34.9
2024-04-26T01:00,14.7,0.00,0.00,0.00,12.5,18.9,351,32.0
2024-04-26T02:00,14.0,0.00,0.00,0.00,12.1,16.6,347,27.0
2024-04-26T03:00,13.3,0.00,0.00,0.00,11.7,13.9,350,23.4
2024-04-26T04:00,12.8,0.00,0.00,0.00,11.5,11.4,347,19.8
2024-04-26T05:00,12.3,0.00,0.00,0.00,10.7,12.2,332,16.9
2024-04-26T06:00,13.4,0.00,0.00,0.00,11.9,11.6,330,17.3
2024-04-26T07:00,15.6,0.00,0.00,0.00,14.6,11.0,328,19.1
2024-04-26T08:00,17.7,0.00,0.00,0.00,17.0,10.6,342,20.5
2024-04-26T09:00,19.4,0.00,0.00,0.00,19.8,6.8,357,19.8
2024-04-26T10:00,20.5,0.00,0.00,0.00,21.6,6.0,33,16.6
2024-04-26T11:00,22.4,0.00,0.00,0.00,25.1,6.5,87,16.6
2024-04-26T12:00,23.9,0.00,0.00,0.00,26.5,9.2,121,19.8
2024-04-26T13:00,25.1,0.00,0.00,0.00,27.0,11.7,137,22.7
2024-04-26T14:00,25.4,0.00,0.00,0.00,25.6,14.0,138,23.8
2024-04-26T15:00,25.3,0.00,0.00,0.00,24.8,17.5,143,27.7
2024-04-26T16:00,23.1,0.00,0.00,0.00,22.5,21.8,129,32.8
2024-04-26T17:00,21.7,0.00,0.00,0.00,22.0,16.4,165,32.4
2024-04-26T18:00,20.4,0.00,0.00,0.00,21.2,13.6,191,24.1
2024-04-26T19:00,19.6,0.00,0.00,0.00,20.4,13.9,190,19.8
2024-04-26T20:00,19.2,0.00,0.00,0.00,19.8,14.5,186,21.2
2024-04-26T21:00,18.8,0.00,0.00,0.00,19.5,12.6,178,20.5
2024-04-26T22:00,19.1,0.00,0.00,0.00,20.7,8.0,188,13.0
2024-04-26T23:00,18.8,0.00,0.00,0.00,19.9,10.4,180,14.8
2024-04-27T00:00,18.1,0.00,0.00,0.00,19.4,8.3,175,14.4
2024-04-27T01:00,17.7,0.00,0.00,0.00,18.7,9.3,167,12.6
2024-04-27T02:00,17.5,0.00,0.00,0.00,18.2,11.3,171,15.1
2024-04-27T03:00,17.4,0.00,0.00,0.00,18.1,11.0,161,16.2
2024-04-27T04:00,17.5,0.00,0.00,0.00,18.4,10.1,153,15.1
2024-04-27T05:00,17.7,0.00,0.00,0.00,19.0,8.0,153,14.8
2024-04-27T06:00,18.0,0.00,0.00,0.00,19.7,6.5,183,10.8
2024-04-27T07:00,18.4,0.40,0.00,0.40,20.4,4.4,215,8.3
2024-04-27T08:00,18.8,0.20,0.00,0.20,21.0,3.2,270,7.9
2024-04-27T09:00,19.5,0.00,0.00,0.00,21.6,3.3,276,9.0
2024-04-27T10:00,19.3,0.20,0.00,0.20,20.1,11.7,342,21.2
2024-04-27T11:00,20.8,0.00,0.00,0.00,22.0,7.8,347,20.9
2024-04-27T12:00,21.8,0.00,0.00,0.00,22.8,4.7,58,16.2
2024-04-27T13:00,22.5,0.00,0.00,0.00,22.7,9.9,109,18.7
2024-04-27T14:00,21.4,0.00,0.00,0.00,21.5,14.6,128,23.4
2024-04-27T15:00,21.1,0.00,0.00,0.00,20.9,16.0,134,26.3
2024-04-27T16:00,21.2,0.00,0.00,0.00,20.4,15.3,131,25.6
2024-04-27T17:00,20.8,0.00,0.00,0.00,18.9,18.5,123,27.7
2024-04-27T18:00,19.2,0.00,0.00,0.00,18.5,14.2,117,27.0
2024-04-27T19:00,18.0,0.00,0.00,0.00,17.9,11.2,130,20.2
2024-04-27T20:00,17.5,0.00,0.00,0.00,18.3,6.8,155,15.5
2024-04-27T21:00,16.8,0.00,0.00,0.00,17.9,4.5,194,9.4
2024-04-27T22:00,17.2,0.00,0.00,0.00,18.6,4.3,175,9.7
2024-04-27T23:00,16.8,0.00,0.00,0.00,18.2,2.9,150,5.0
2024-04-28T00:00,16.7,0.00,0.00,0.00,18.4,1.1,360,3.6
2024-04-28T01:00,16.2,0.00,0.00,0.00,17.8,1.5,104,1.8
2024-04-28T02:00,15.9,0.00,0.00,0.00,17.3,2.6,146,3.2
2024-04-28T03:00,15.8,0.00,0.00,0.00,17.1,2.5,262,3.2
2024-04-28T04:00,14.5,0.00,0.00,0.00,15.1,4.6,309,5.0
2024-04-28T05:00,13.8,0.00,0.00,0.00,13.9,6.4,317,6.8
2024-04-28T06:00,15.0,0.00,0.00,0.00,15.5,5.9,308,10.1
2024-04-28T07:00,17.6,0.00,0.00,0.00,18.3,7.1,311,14.0
2024-04-28T08:00,19.9,0.00,0.00,0.00,20.4,9.2,334,18.4
2024-04-28T09:00,21.8,0.00,0.00,0.00,22.7,10.1,354,20.5
2024-04-28T10:00,23.4,0.00,0.00,0.00,26.2,5.4,70,15.5
2024-04-28T11:00,24.6,0.00,0.00,0.00,27.8,7.6,115,18.0
2024-04-28T12:00,25.4,0.00,0.00,0.00,28.1,11.3,153,22.7
2024-04-28T13:00,26.2,0.00,0.00,0.00,27.5,13.8,152,25.9
2024-04-28T14:00,26.7,0.00,0.00,0.00,26.7,14.8,162,26.6
2024-04-28T15:00,26.9,0.00,0.00,0.00,26.3,14.3,162,26.3
2024-04-28T16:00,24.4,0.00,0.00,0.00,22.2,28.4,195,42.5
2024-04-28T17:00,22.1,0.00,0.00,0.00,20.2,26.1,191,43.9
2024-04-28T18:00,20.5,0.00,0.00,0.00,19.1,23.4,177,38.9
2024-04-28T19:00,19.2,0.00,0.00,0.00,18.0,22.4,174,34.2
2024-04-28T20:00,18.7,0.00,0.00,0.00,18.2,18.0,168,32.0
2024-04-28T21:00,18.5,0.00,0.00,0.00,18.1,16.6,162,25.6
2024-04-28T22:00,18.6,0.00,0.00,0.00,17.9,17.9,158,25.6
2024-04-28T23:00,18.3,0.00,0.00,0.00,18.1,15.2,166,25.6
2024-04-29T00:00,18.0,0.00,0.00,0.00,18.0,14.2,173,21.6
2024-04-29T01:00,17.6,0.00,0.00,0.00,18.2,10.2,198,19.8
2024-04-29T02:00,16.6,0.00,0.00,0.00,17.6,6.5,251,14.0
2024-04-29T03:00,16.0,0.00,0.00,0.00,17.1,5.2,304,7.9
2024-04-29T04:00,15.8,0.00,0.00,0.00,16.7,6.1,315,7.6
2024-04-29T05:00,15.6,0.00,0.00,0.00,16.0,8.2,299,10.4
2024-04-29T06:00,16.8,0.00,0.00,0.00,17.5,7.4,313,11.5
2024-04-29T07:00,18.8,0.00,0.00,0.00,19.5,8.7,318,16.2
2024-04-29T08:00,20.5,0.00,0.00,0.00,21.9,5.0,330,16.2
2024-04-29T09:00,22.1,0.00,0.00,0.00,24.3,3.6,174,13.7
2024-04-29T10:00,23.3,0.00,0.00,0.00,24.7,13.2,154,23.8
2024-04-29T11:00,24.0,0.00,0.00,0.00,24.8,18.4,163,31.0
2024-04-29T12:00,24.9,0.00,0.00,0.00,23.9,26.0,174,40.7
2024-04-29T13:00,24.6,0.00,0.00,0.00,22.1,32.4,179,49.0
2024-04-29T14:00,24.1,0.00,0.00,0.00,20.4,36.0,178,54.4
2024-04-29T15:00,22.8,0.00,0.00,0.00,19.3,35.7,177,54.7
2024-04-29T16:00,22.1,0.00,0.00,0.00,18.9,35.7,178,53.6
2024-04-29T17:00,21.1,0.00,0.00,0.00,18.5,32.4,177,52.9
2024-04-29T18:00,20.1,0.00,0.00,0.00,18.3,27.8,176,47.5
2024-04-29T19:00,19.6,0.00,0.00,0.00,18.0,26.7,177,40.7
2024-04-29T20:00,19.4,0.00,0.00,0.00,18.0,25.9,178,39.2
2024-04-29T21:00,19.1,0.00,0.00,0.00,17.7,26.6,180,38.5
2024-04-29T22:00,19.2,0.00,0.00,0.00,18.2,24.7,167,36.0
2024-04-29T23:00,19.1,0.00,0.00,0.00,18.0,24.4,171,36.7
2024-04-30T00:00,19.0,0.00,0.00,0.00,18.2,22.5,173,35.3
2024-04-30T01:00,18.9,0.00,0.00,0.00,18.3,20.7,172,32.8
2024-04-30T02:00,18.6,0.00,0.00,0.00,17.8,21.3,168,30.6
2024-04-30T03:00,18.4,0.00,0.00,0.00,17.7,19.3,171,31.0
2024-04-30T04:00,17.8,0.00,0.00,0.00,17.8,14.8,180,28.1
2024-04-30T05:00,17.3,0.00,0.00,0.00,17.6,12.3,173,20.9
2024-04-30T06:00,18.3,0.00,0.00,0.00,18.7,12.9,167,18.4
2024-04-30T07:00,19.7,0.00,0.00,0.00,18.8,21.8,167,32.0
2024-04-30T08:00,20.3,0.10,0.00,0.10,18.9,26.6,171,39.6
2024-04-30T09:00,20.6,0.10,0.00,0.10,19.4,24.5,177,40.0
2024-04-30T10:00,21.7,0.40,0.00,0.40,21.4,20.4,148,33.1
2024-04-30T11:00,21.2,0.20,0.00,0.20,21.8,13.4,156,32.4
2024-04-30T12:00,22.6,0.00,0.00,0.00,23.8,8.7,142,21.6
2024-04-30T13:00,23.3,0.00,0.00,0.00,25.0,4.7,122,16.2
2024-04-30T14:00,23.7,0.00,0.00,0.00,24.6,11.2,111,19.4
2024-04-30T15:00,24.1,0.00,0.00,0.00,25.9,5.8,112,20.2
2024-04-30T16:00,24.6,0.00,0.00,0.00,26.6,4.7,86,13.7
2024-04-30T17:00,24.4,0.00,0.00,0.00,26.3,5.0,90,11.5
2024-04-30T18:00,23.1,0.00,0.00,0.00,25.0,7.9,164,10.4
2024-04-30T19:00,21.0,0.00,0.00,0.00,22.7,10.6,198,14.4
2024-04-30T20:00,20.5,0.00,0.00,0.00,21.4,14.9,212,20.9
2024-04-30T21:00,19.8,0.00,0.00,0.00,20.6,14.1,218,21.2
2024-04-30T22:00,20.1,0.00,0.00,0.00,21.8,9.7,225,19.1
2024-04-30T23:00,19.7,0.00,0.00,0.00,22.1,5.0,240,14.4
2024-05-01T00:00,19.7,0.00,0.00,0.00,22.6,1.6,243,6.8
2024-05-01T01:00,19.9,0.00,0.00,0.00,22.7,1.3,56,1.8
2024-05-01T02:00,19.3,0.00,0.00,0.00,21.9,2.5,45,2.5
2024-05-01T03:00,18.9,0.00,0.00,0.00,21.5,3.3,354,4.0
2024-05-01T04:00,19.2,0.00,0.00,0.00,20.9,7.4,14,9.4
2024-05-01T05:00,19.6,0.00,0.00,0.00,19.9,12.8,10,17.6
2024-05-01T06:00,19.6,0.30,0.00,0.30,19.4,14.3,350,20.5
2024-05-01T07:00,19.2,2.00,0.00,2.00,18.7,15.0,325,21.6
2024-05-01T08:00,19.0,4.50,0.00,4.50,18.8,14.2,333,24.5
2024-05-01T09:00,18.6,5.60,0.00,5.60,18.8,16.3,47,22.7
2024-05-01T10:00,19.0,1.10,0.00,1.10,17.5,26.5,83,39.2
2024-05-01T11:00,18.2,2.70,0.00,2.70,17.3,21.9,70,38.9
2024-05-01T12:00,18.5,1.60,0.00,1.60,16.6,25.3,70,38.5
2024-05-01T13:00,18.0,1.20,0.00,1.20,16.1,24.0,64,38.5
2024-05-01T14:00,16.7,3.20,0.00,3.20,14.7,23.6,71,36.7
2024-05-01T15:00,16.2,3.50,0.00,3.50,14.1,22.7,72,36.4
2024-05-01T16:00,15.8,3.60,0.00,3.60,13.3,23.9,67,35.3
2024-05-01T17:00,15.1,2.80,0.00,2.80,12.6,22.2,63,36.4
2024-05-01T18:00,14.5,1.70,0.00,1.70,12.4,18.7,52,33.1
2024-05-01T19:00,14.1,0.70,0.00,0.70,12.3,16.5,36,27.7
2024-05-01T20:00,13.9,0.70,0.00,0.70,11.5,19.0,25,27.7
2024-05-01T21:00,13.5,0.50,0.00,0.50,10.7,20.5,15,29.9
2024-05-01T22:00,12.7,1.10,0.00,1.10,9.7,21.5,14,33.5
2024-05-01T23:00,12.6,0.50,0.00,0.50,9.9,19.6,13,32.0
2024-05-02T00:00,12.4,0.60,0.00,0.60,9.7,18.9,8,29.9
2024-05-02T01:00,12.2,0.90,0.00,0.90,9.3,19.1,358,28.8
2024-05-02T02:00,11.9,1.90,0.00,1.90,8.6,21.3,358,31.7
2024-05-02T03:00,11.8,1.80,0.00,1.80,8.3,22.7,360,33.1
2024-05-02T04:00,11.6,1.20,0.00,1.20,7.9,22.7,356,33.5
2024-05-02T05:00,11.3,0.30,0.00,0.30,7.7,21.6,349,33.5
2024-05-02T06:00,11.5,0.10,0.00,0.10,8.0,20.8,342,31.7
2024-05-02T07:00,12.4,0.00,0.00,0.00,9.2,21.0,347,30.6
2024-05-02T08:00,14.6,0.00,0.00,0.00,10.8,24.2,3,37.1
2024-05-02T09:00,16.1,0.00,0.00,0.00,12.0,26.9,23,41.8
2024-05-02T10:00,17.6,0.00,0.00,0.00,14.2,26.3,23,45.0
2024-05-02T11:00,18.5,0.00,0.00,0.00,15.6,23.3,27,41.4
2024-05-02T12:00,19.5,0.00,0.00,0.00,17.4,19.6,26,37.8
2024-05-02T13:00,19.5,0.00,0.00,0.00,15.9,19.2,34,32.8
2024-05-02T14:00,19.9,0.00,0.00,0.00,16.3,18.1,47,31.0
2024-05-02T15:00,18.4,0.00,0.00,0.00,14.5,23.7,80,36.4
2024-05-02T16:00,18.2,0.00,0.00,0.00,14.4,22.8,84,38.5
2024-05-02T17:00,17.3,0.00,0.00,0.00,13.3,24.2,85,36.0
2024-05-02T18:00,15.7,0.00,0.00,0.00,12.8,18.4,78,35.6
2024-05-02T19:00,14.0,0.00,0.00,0.00,11.8,13.9,80,26.6
2024-05-02T20:00,12.8,0.00,0.00,0.00,11.6,7.3,70,19.4
2024-05-02T21:00,12.9,0.00,0.00,0.00,11.9,4.1,345,9.0
2024-05-02T22:00,12.9,0.00,0.00,0.00,11.6,7.7,311,7.9
2024-05-02T23:00,11.9,0.00,0.00,0.00,10.3,9.5,307,13.3
2024-05-03T00:00,11.2,0.00,0.00,0.00,9.7,8.2,311,12.6
2024-05-03T01:00,10.6,0.00,0.00,0.00,9.4,6.6,331,10.4
2024-05-03T02:00,10.1,0.00,0.00,0.00,8.9,6.0,343,7.9
2024-05-03T03:00,9.7,0.00,0.00,0.00,8.5,6.1,357,6.8
2024-05-03T04:00,9.6,0.00,0.00,0.00,7.9,9.5,335,12.2
2024-05-03T05:00,9.3,0.00,0.00,0.00,7.4,10.0,322,14.0
2024-05-03T06:00,11.0,0.00,0.00,0.00,9.6,7.7,323,13.7
2024-05-03T07:00,13.6,0.00,0.00,0.00,13.0,5.7,342,13.3
2024-05-03T08:00,15.5,0.00,0.00,0.00,15.2,2.9,7,13.3
2024-05-03T09:00,17.0,0.00,0.00,0.00,17.4,2.4,153,11.5
2024-05-03T10:00,18.7,0.00,0.00,0.00,19.8,4.4,125,14.0
2024-05-03T11:00,19.9,0.00,0.00,0.00,20.7,10.0,150,20.9
2024-05-03T12:00,20.6,0.00,0.00,0.00,21.0,13.7,162,25.9
2024-05-03T13:00,21.3,0.00,0.00,0.00,21.3,15.2,173,27.7
2024-05-03T14:00,21.9,0.00,0.00,0.00,21.4,17.0,186,29.5
2024-05-03T15:00,21.8,0.00,0.00,0.00,19.8,21.3,204,33.5
2024-05-03T16:00,20.6,0.00,0.00,0.00,17.1,25.8,203,38.9
2024-05-03T17:00,19.3,0.00,0.00,0.00,15.7,27.7,201,41.0
2024-05-03T18:00,17.9,0.00,0.00,0.00,15.2,23.1,195,40.7
2024-05-03T19:00,16.8,0.00,0.00,0.00,14.3,21.4,197,33.5
2024-05-03T20:00,16.4,0.00,0.00,0.00,14.3,19.1,200,30.6
2024-05-03T21:00,15.8,0.00,0.00,0.00,14.1,16.3,198,27.0
2024-05-03T22:00,15.9,0.00,0.00,0.00,14.9,12.5,192,22.3
2024-05-03T23:00,15.1,0.00,0.00,0.00,14.5,9.4,230,17.3
2024-05-04T00:00,13.8,0.00,0.00,0.00,13.5,7.2,276,12.2
2024-05-04T01:00,13.4,0.00,0.00,0.00,12.7,9.7,309,12.2
2024-05-04T02:00,13.6,0.00,0.00,0.00,12.5,12.6,333,17.3
2024-05-04T03:00,13.3,0.00,0.00,0.00,12.1,13.4,346,18.7
2024-05-04T04:00,13.0,0.00,0.00,0.00,11.7,12.6,340,18.4
2024-05-04T05:00,12.6,0.00,0.00,0.00,11.3,12.1,333,17.6
2024-05-04T06:00,13.6,0.00,0.00,0.00,12.6,11.3,343,17.6
2024-05-04T07:00,15.6,0.00,0.00,0.00,15.0,11.9,357,20.5
2024-05-04T08:00,17.8,0.00,0.00,0.00,17.6,11.5,360,22.0
2024-05-04T09:00,19.9,0.00,0.00,0.00,20.6,9.2,11,21.6
2024-05-04T10:00,22.8,0.00,0.00,0.00,24.3,4.9,36,18.7
2024-05-04T11:00,24.6,0.00,0.00,0.00,26.2,4.4,99,15.1
2024-05-04T12:00,25.7,0.00,0.00,0.00,26.4,8.4,140,18.4
2024-05-04T13:00,26.1,0.00,0.00,0.00,25.8,12.9,157,24.1
2024-05-04T14:00,26.5,0.00,0.00,0.00,25.3,13.2,163,24.5
2024-05-04T15:00,26.1,0.00,0.00,0.00,24.4,17.3,178,27.7
2024-05-04T16:00,24.7,0.00,0.00,0.00,22.6,22.1,202,33.5
2024-05-04T17:00,22.6,0.00,0.00,0.00,20.3,22.0,198,34.2
2024-05-04T18:00,20.3,0.00,0.00,0.00,18.4,20.9,195,32.0
2024-05-04T19:00,18.2,0.00,0.00,0.00,16.5,20.7,200,29.9
2024-05-04T20:00,17.4,0.00,0.00,0.00,15.6,20.4,197,29.9
2024-05-04T21:00,16.9,0.00,0.00,0.00,15.5,18.7,196,29.2
2024-05-04T22:00,17.2,0.00,0.00,0.00,16.2,16.0,188,23.0
2024-05-04T23:00,16.9,0.00,0.00,0.00,16.0,15.6,188,22.7
2024-05-05T00:00,16.6,0.00,0.00,0.00,15.6,15.3,189,22.3
2024-05-05T01:00,15.6,0.00,0.00,0.00,15.0,11.3,217,21.2
2024-05-05T02:00,14.3,0.00,0.00,0.00,13.7,9.5,245,14.8
2024-05-05T03:00,13.4,0.00,0.00,0.00,12.5,9.3,254,13.0
2024-05-05T04:00,12.9,0.00,0.00,0.00,11.8,9.0,247,12.2
2024-05-05T05:00,13.0,0.00,0.00,0.00,11.9,9.1,236,11.9
2024-05-05T06:00,15.4,0.00,0.00,0.00,15.3,7.4,219,11.9
2024-05-05T07:00,18.6,0.00,0.00,0.00,19.1,8.5,208,14.8
2024-05-05T08:00,21.1,0.00,0.00,0.00,21.3,12.2,199,21.2
2024-05-05T09:00,23.4,0.00,0.00,0.00,23.2,16.8,189,27.7
2024-05-05T10:00,24.8,0.00,0.00,0.00,25.9,13.5,171,23.8
2024-05-05T11:00,26.2,0.00,0.00,0.00,25.3,22.8,174,36.0
2024-05-05T12:00,26.3,0.00,0.00,0.00,24.5,28.3,173,44.3
2024-05-05T13:00,26.2,0.00,0.00,0.00,23.7,31.4,175,48.6
2024-05-05T14:00,26.0,0.00,0.00,0.00,22.4,35.3,179,53.3
2024-05-05T15:00,24.9,0.00,0.00,0.00,20.8,36.4,180,54.7
2024-05-05T16:00,23.3,0.00,0.00,0.00,19.3,35.3,179,54.7
2024-05-05T17:00,21.7,0.00,0.00,0.00,18.4,32.4,179,52.9
2024-05-05T18:00,20.0,0.00,0.00,0.00,16.7,32.4,182,47.9
2024-05-05T19:00,19.0,0.00,0.00,0.00,15.6,32.2,185,46.8
2024-05-05T20:00,18.6,0.00,0.00,0.00,15.3,30.3,190,46.8
2024-05-05T21:00,18.1,0.00,0.00,0.00,14.8,29.1,188,43.6
2024-05-05T22:00,18.4,0.00,0.00,0.00,14.7,31.8,185,45.7
2024-05-05T23:00,18.1,0.00,0.00,0.00,14.4,32.3,187,46.4
2024-05-06T00:00,17.8,0.00,0.00,0.00,14.1,32.3,187,46.4
2024-05-06T01:00,17.6,0.00,0.00,0.00,13.9,32.9,184,47.2
2024-05-06T02:00,17.5,0.00,0.00,0.00,13.9,33.7,186,48.2
2024-05-06T03:00,17.5,0.00,0.00,0.00,13.9,34.4,187,49.3
2024-05-06T04:00,17.6,0.00,0.00,0.00,14.1,34.4,185,49.3
2024-05-06T05:00,17.5,0.00,0.00,0.00,13.9,33.8,188,49.3
2024-05-06T06:00,18.4,0.00,0.00,0.00,14.9,33.7,191,49.0
2024-05-06T07:00,19.9,0.00,0.00,0.00,15.8,38.2,194,57.2
2024-05-06T08:00,20.1,0.00,0.00,0.00,16.4,36.3,191,55.4
2024-05-06T09:00,21.0,0.00,0.00,0.00,16.6,40.5,192,59.8
2024-05-06T10:00,22.3,0.00,0.00,0.00,17.5,41.6,192,62.6
2024-05-06T11:00,21.8,0.00,0.00,0.00,17.7,37.2,192,61.9
2024-05-06T12:00,21.3,0.00,0.00,0.00,17.6,34.3,195,54.7
2024-05-06T13:00,20.6,0.00,0.00,0.00,18.0,29.2,190,50.0
2024-05-06T14:00,20.7,0.00,0.00,0.00,17.3,34.5,196,50.8
2024-05-06T15:00,21.3,0.00,0.00,0.00,18.2,32.5,195,50.8
2024-05-06T16:00,21.8,0.00,0.00,0.00,18.2,35.2,194,53.3
2024-05-06T17:00,20.4,0.00,0.00,0.00,17.3,32.0,188,52.2
2024-05-06T18:00,20.2,0.00,0.00,0.00,16.8,33.8,192,47.5
2024-05-06T19:00,19.6,0.00,0.00,0.00,15.9,35.3,198,51.5
2024-05-06T20:00,19.4,0.00,0.00,0.00,15.4,36.9,201,53.3
2024-05-06T21:00,19.4,0.00,0.00,0.00,15.3,37.4,201,54.4
2024-05-06T22:00,20.2,0.00,0.00,0.00,16.3,39.5,199,58.7
2024-05-06T23:00,20.1,0.00,0.00,0.00,15.4,44.9,199,63.4
2024-05-07T00:00,19.8,0.00,0.00,0.00,16.3,37.7,199,65.2
2024-05-07T01:00,19.5,0.00,0.00,0.00,16.8,33.4,196,54.0
2024-05-07T02:00,19.4,1.70,0.00,1.70,16.5,35.1,197,51.5
2024-05-07T03:00,19.0,1.80,0.00,1.80,17.2,28.1,180,51.1
2024-05-07T04:00,18.8,0.00,0.00,0.00,17.2,28.3,187,41.4
2024-05-07T05:00,18.8,0.00,0.00,0.00,16.9,29.1,192,43.2
2024-05-07T06:00,18.8,0.10,0.00,0.10,17.2,27.0,190,42.1
2024-05-07T07:00,19.3,0.10,0.00,0.10,17.2,30.9,192,43.6
2024-05-07T08:00,20.3,2.40,0.00,2.40,18.2,31.1,191,49.7
2024-05-07T09:00,19.9,1.40,0.00,1.40,18.2,27.9,191,45.4
2024-05-07T10:00,20.8,4.60,0.00,4.60,20.0,22.7,180,39.6
2024-05-07T11:00,21.3,0.90,0.00,0.90,19.6,29.4,192,42.8
2024-05-07T12:00,20.7,0.30,0.00,0.30,19.6,26.0,185,43.2
2024-05-07T13:00,21.6,0.40,0.00,0.40,18.7,39.7,184,58.0
2024-05-07T14:00,20.7,1.10,0.00,1.10,18.4,37.0,169,59.0
2024-05-07T15:00,20.9,0.60,0.00,0.60,16.8,50.0,181,70.9
2024-05-07T16:00,21.0,0.10,0.00,0.10,17.5,46.6,188,77.4
2024-05-07T17:00,21.0,0.00,0.00,0.00,17.9,43.8,189,67.7
2024-05-07T18:00,20.7,0.00,0.00,0.00,18.3,38.3,192,63.7
2024-05-07T19:00,20.4,0.00,0.00,0.00,18.5,34.7,195,55.4
2024-05-07T20:00,20.3,0.00,0.00,0.00,18.6,33.1,199,50.4
2024-05-07T21:00,20.0,0.00,0.00,0.00,19.1,27.4,199,48.2
2024-05-07T22:00,19.0,0.10,0.00,0.10,19.8,11.9,358,15.8
2024-05-07T23:00,18.8,0.00,0.00,0.00,18.7,12.8,11,18.7
2024-05-08T00:00,18.5,0.00,0.00,0.00,18.5,12.1,12,17.6
2024-05-08T01:00,18.1,0.00,0.00,0.00,17.6,13.1,351,18.4
2024-05-08T02:00,17.6,0.00,0.00,0.00,17.2,13.5,344,20.2
2024-05-08T03:00,17.0,0.00,0.00,0.00,16.5,14.1,347,20.2
2024-05-08T04:00,16.3,0.00,0.00,0.00,15.6,14.1,345,21.6
2024-05-08T05:00,16.1,0.00,0.00,0.00,15.4,13.5,344,20.5
2024-05-08T06:00,16.9,0.00,0.00,0.00,16.1,14.8,356,21.2
2024-05-08T07:00,17.6,0.20,0.00,0.20,16.3,18.0,360,27.0
2024-05-08T08:00,18.0,0.50,0.00,0.50,16.7,18.7,1,28.8
2024-05-08T09:00,18.4,0.70,0.00,0.70,17.1,18.1,354,28.8
2024-05-08T10:00,21.2,0.00,0.00,0.00,21.2,17.8,48,30.2
2024-05-08T11:00,21.1,0.20,0.00,0.20,21.0,14.2,63,31.0
2024-05-08T12:00,22.8,0.10,0.00,0.10,24.3,13.0,71,25.9
2024-05-08T13:00,23.3,0.00,0.00,0.00,24.4,12.5,72,25.6
2024-05-08T14:00,22.1,0.20,0.00,0.20,22.6,13.5,44,25.9
2024-05-08T15:00,19.8,8.40,0.00,8.40,18.4,19.1,41,30.2
2024-05-08T16:00,18.8,1.60,0.00,1.60,17.1,21.4,49,34.2
2024-05-08T17:00,17.6,1.00,0.00,1.00,15.3,24.2,44,34.9
2024-05-08T18:00,16.3,1.60,0.00,1.60,14.1,23.0,49,36.0
2024-05-08T19:00,15.7,1.30,0.00,1.30,13.5,21.9,54,34.2
2024-05-08T20:00,14.9,1.20,0.00,1.20,13.4,16.5,36,32.8
2024-05-08T21:00,14.0,1.40,0.00,1.40,11.4,21.1,46,30.6
2024-05-08T22:00,13.7,0.80,0.00,0.80,11.3,18.5,24,30.2
2024-05-08T23:00,12.8,0.70,0.00,0.70,10.6,16.7,14,27.7
2024-05-09T00:00,12.6,1.00,0.00,1.00,10.5,14.8,6,24.5
2024-05-09T01:00,12.1,0.40,0.00,0.40,9.6,16.6,22,24.5
2024-05-09T02:00,11.7,0.10,0.00,0.10,9.5,13.7,18,25.2
2024-05-09T03:00,11.6,0.00,0.00,0.00,9.2,14.8,6,21.6
2024-05-09T04:00,11.3,0.00,0.00,0.00,9.0,13.7,2,22.7
2024-05-09T05:00,11.1,0.20,0.00,0.20,8.4,16.3,14,23.8
2024-05-09T06:00,10.6,0.00,0.00,0.00,7.3,19.1,16,28.4
2024-05-09T07:00,11.2,0.00,0.00,0.00,7.9,18.4,12,28.4
2024-05-09T08:00,11.5,0.00,0.00,0.00,8.1,18.4,12,29.5
2024-05-09T09:00,12.1,0.00,0.00,0.00,8.4,20.6,5,32.4
2024-05-09T10:00,13.0,0.00,0.00,0.00,9.1,22.3,350,34.6
2024-05-09T11:00,13.6,0.00,0.00,0.00,9.8,22.0,358,35.6
2024-05-09T12:00,15.0,0.00,0.00,0.00,11.8,19.2,6,34.2
2024-05-09T13:00,16.2,0.00,0.00,0.00,13.4,18.4,4,32.0
2024-05-09T14:00,16.9,0.00,0.00,0.00,13.9,17.6,11,31.0
2024-05-09T15:00,17.4,0.00,0.00,0.00,14.2,19.0,29,31.3
2024-05-09T16:00,17.4,0.00,0.00,0.00,14.4,16.1,34,31.0
2024-05-09T17:00,17.1,0.00,0.00,0.00,14.0,15.8,27,26.6
2024-05-09T18:00,15.9,0.00,0.00,0.00,14.2,9.6,20,23.8
2024-05-09T19:00,13.8,0.00,0.00,0.00,12.6,7.1,319,13.0
2024-05-09T20:00,13.2,0.00,0.00,0.00,10.6,15.1,327,19.8
2024-05-09T21:00,11.8,0.00,0.00,0.00,8.8,14.8,337,21.2
2024-05-09T22:00,11.6,0.00,0.00,0.00,6.8,21.7,339,33.5
2024-05-09T23:00,11.1,0.00,0.00,0.00,6.5,20.0,337,31.0
2024-05-10T00:00,10.6,0.00,0.00,0.00,6.0,19.6,340,28.4
2024-05-10T01:00,9.9,0.00,0.00,0.00,5.1,20.3,337,29.5
2024-05-10T02:00,8.9,0.00,0.00,0.00,4.7,16.1,336,28.8
2024-05-10T03:00,8.0,0.00,0.00,0.00,4.6,11.3,329,22.0
2024-05-10T04:00,7.0,0.00,0.00,0.00,4.0,8.8,282,14.8
2024-05-10T05:00,6.5,0.00,0.00,0.00,3.6,9.8,246,13.7
2024-05-10T06:00,9.2,0.00,0.00,0.00,6.8,8.5,216,13.3
2024-05-10T07:00,13.1,0.00,0.00,0.00,11.2,9.3,196,16.9
2024-05-10T08:00,16.4,0.00,0.00,0.00,14.7,13.1,196,22.7
2024-05-10T09:00,18.7,0.00,0.00,0.00,16.6,16.2,193,27.7
2024-05-10T10:00,21.0,0.00,0.00,0.00,18.6,17.2,190,29.2
2024-05-10T11:00,21.6,0.00,0.00,0.00,19.0,22.4,185,36.0
2024-05-10T12:00,22.1,0.00,0.00,0.00,18.7,27.2,187,42.5
2024-05-10T13:00,22.1,0.00,0.00,0.00,18.1,30.4,186,47.2
2024-05-10T14:00,21.9,0.00,0.00,0.00,17.6,32.1,183,49.0
2024-05-10T15:00,21.4,0.00,0.00,0.00,16.7,33.9,182,51.1
2024-05-10T16:00,20.7,0.00,0.00,0.00,15.8,34.2,178,51.5
2024-05-10T17:00,19.6,0.00,0.00,0.00,15.6,32.9,174,51.1
2024-05-10T18:00,18.5,0.00,0.00,0.00,14.9,31.7,177,48.2
2024-05-10T19:00,17.7,0.00,0.00,0.00,14.4,30.0,185,45.7
2024-05-10T20:00,17.3,0.00,0.00,0.00,13.8,29.3,191,42.8
2024-05-10T21:00,16.7,0.00,0.00,0.00,13.2,27.0,196,42.1
2024-05-10T22:00,16.1,0.00,0.00,0.00,14.1,18.5,207,32.0
2024-05-10T23:00,15.3,0.00,0.00,0.00,13.8,15.3,221,26.6
2024-05-11T00:00,14.2,0.00,0.00,0.00,13.1,12.2,236,21.6
2024-05-11T01:00,13.4,0.00,0.00,0.00,12.4,10.4,236,16.6
2024-05-11T02:00,12.2,0.00,0.00,0.00,11.5,7.3,259,14.4
2024-05-11T03:00,11.7,0.00,0.00,0.00,10.8,7.7,281,10.1
2024-05-11T04:00,10.8,0.00,0.00,0.00,10.1,5.9,281,9.4
2024-05-11T05:00,10.8,0.00,0.00,0.00,10.0,6.1,320,7.2
2024-05-11T06:00,13.2,0.00,0.00,0.00,13.0,4.8,347,9.0
2024-05-11T07:00,15.9,0.00,0.00,0.00,16.3,2.4,297,9.4
2024-05-11T08:00,17.9,0.00,0.00,0.00,17.1,10.0,206,17.6
2024-05-11T09:00,20.4,0.00,0.00,0.00,17.7,22.9,202,35.3
2024-05-11T10:00,21.9,0.00,0.00,0.00,19.8,23.1,201,36.4
2024-05-11T11:00,22.8,0.00,0.00,0.00,20.1,31.2,197,47.9
2024-05-11T12:00,23.6,0.00,0.00,0.00,20.4,35.7,192,54.0
2024-05-11T13:00,24.0,0.00,0.00,0.00,20.4,38.8,187,58.7
2024-05-11T14:00,23.7,0.00,0.00,0.00,19.6,41.5,183,62.3
2024-05-11T15:00,23.0,0.00,0.00,0.00,18.1,43.3,183,64.8
2024-05-11T16:00,22.2,0.00,0.00,0.00,16.7,43.3,184,65.2
2024-05-11T17:00,21.1,0.00,0.00,0.00,16.4,39.7,183,63.7
2024-05-11T18:00,19.8,0.00,0.00,0.00,15.0,39.5,187,58.3
2024-05-11T19:00,18.8,0.00,0.00,0.00,14.0,38.5,188,57.2
2024-05-11T20:00,18.3,0.00,0.00,0.00,13.9,36.9,190,55.4
2024-05-11T21:00,17.9,0.00,0.00,0.00,13.6,36.0,192,53.6
2024-05-11T22:00,18.3,0.00,0.00,0.00,14.1,36.9,192,53.3
2024-05-11T23:00,17.9,0.00,0.00,0.00,13.8,36.4,192,53.6
2024-05-12T00:00,17.6,0.00,0.00,0.00,13.6,34.8,193,52.6
2024-05-12T01:00,17.3,0.00,0.00,0.00,13.6,32.4,195,50.0
2024-05-12T02:00,16.9,0.00,0.00,0.00,13.1,31.4,195,46.8
2024-05-12T03:00,16.9,0.00,0.00,0.00,13.0,30.6,195,45.4
2024-05-12T04:00,16.7,0.00,0.00,0.00,13.2,28.7,192,43.9
2024-05-12T05:00,16.6,0.00,0.00,0.00,13.4,27.1,194,41.4
2024-05-12T06:00,18.0,0.00,0.00,0.00,14.6,29.2,200,41.8
2024-05-12T07:00,20.2,0.00,0.00,0.00,15.3,38.2,205,57.2
2024-05-12T08:00,21.4,0.00,0.00,0.00,17.0,36.4,198,54.7
2024-05-12T09:00,21.7,0.00,0.00,0.00,17.0,39.1,195,58.7
2024-05-12T10:00,23.6,0.00,0.00,0.00,19.5,39.0,198,58.7
2024-05-12T11:00,23.5,0.00,0.00,0.00,19.8,36.0,194,59.0
2024-05-12T12:00,23.1,0.00,0.00,0.00,20.0,32.2,194,54.7
2024-05-12T13:00,21.7,0.00,0.00,0.00,19.1,31.7,188,49.3
2024-05-12T14:00,21.0,0.00,0.00,0.00,19.0,28.7,187,47.2
2024-05-12T15:00,21.2,0.00,0.00,0.00,19.0,30.0,190,43.6
2024-05-12T16:00,21.4,0.00,0.00,0.00,18.5,32.9,193,49.0
2024-05-12T17:00,21.3,0.00,0.00,0.00,18.4,33.3,191,49.7
2024-05-12T18:00,20.8,0.00,0.00,0.00,18.2,30.7,196,49.0
2024-05-12T19:00,20.2,0.00,0.00,0.00,17.3,31.2,199,45.4
2024-05-12T20:00,19.8,0.00,0.00,0.00,17.0,30.5,197,45.0
2024-05-12T21:00,19.6,0.00,0.00,0.00,16.8,30.0,196,43.9
2024-05-12T22:00,19.8,0.00,0.00,0.00,17.6,25.9,194,37.4
2024-05-12T23:00,19.8,0.00,0.00,0.00,17.8,23.3,197,38.2
2024-05-13T00:00,19.4,0.00,0.00,0.00,17.3,25.6,190,36.7
2024-05-13T01:00,19.0,0.00,0.00,0.00,17.3,23.6,187,37.1
2024-05-13T02:00,18.9,0.00,0.00,0.00,17.4,23.5,186,33.8
2024-05-13T03:00,18.9,1.20,0.00,1.20,18.4,20.4,189,36.0
2024-05-13T04:00,18.6,5.60,0.00,5.60,18.8,17.1,165,29.2
2024-05-13T05:00,19.7,8.90,0.00,8.90,16.6,42.6,164,64.1
2024-05-13T06:00,20.0,5.70,0.00,5.70,18.0,36.7,178,66.6
2024-05-13T07:00,21.3,1.90,0.00,1.90,19.3,38.2,188,63.7
2024-05-13T08:00,21.1,1.60,0.00,1.60,19.0,38.6,189,56.2
2024-05-13T09:00,22.0,0.90,0.00,0.90,19.5,41.3,195,62.6
2024-05-13T10:00,22.3,3.60,0.00,3.60,21.2,34.8,191,55.1
2024-05-13T11:00,22.1,3.10,0.00,3.10,20.3,38.0,190,58.3
2024-05-13T12:00,22.0,1.60,0.00,1.60,20.7,34.9,196,57.6
2024-05-13T13:00,22.3,1.10,0.00,1.10,21.1,32.3,202,55.8
2024-05-13T14:00,21.6,0.80,0.00,0.80,22.2,20.0,218,47.5
2024-05-13T15:00,20.5,2.10,0.00,2.10,21.5,14.8,331,29.5
2024-05-13T16:00,19.5,1.70,0.00,1.70,18.3,24.0,343,33.5
2024-05-13T17:00,18.5,1.70,0.00,1.70,16.7,23.7,334,37.4
2024-05-13T18:00,17.7,1.40,0.00,1.40,16.8,18.9,339,34.6
2024-05-13T19:00,17.5,0.80,0.00,0.80,16.6,19.8,333,29.9
2024-05-13T20:00,17.4,0.90,0.00,0.90,16.2,21.3,336,30.2
2024-05-13T21:00,16.7,1.60,0.00,1.60,14.5,25.2,343,36.4
2024-05-13T22:00,16.3,0.10,0.00,0.10,15.7,15.1,348,26.3
2024-05-13T23:00,16.2,0.00,0.00,0.00,16.2,10.1,17,22.0
2024-05-14T00:00,16.0,0.10,0.00,0.10,16.2,9.0,23,15.1
2024-05-14T01:00,15.8,0.00,0.00,0.00,15.4,12.6,20,17.6
2024-05-14T02:00,15.2,0.00,0.00,0.00,14.4,13.4,31,21.2
2024-05-14T03:00,14.5,0.00,0.00,0.00,13.3,12.5,46,20.2
2024-05-14T04:00,14.0,0.00,0.00,0.00,12.7,11.2,42,18.7
2024-05-14T05:00,13.7,0.00,0.00,0.00,12.8,8.4,40,16.6
2024-05-14T06:00,14.1,0.00,0.00,0.00,12.9,8.6,15,13.0
2024-05-14T07:00,14.4,0.00,0.00,0.00,12.9,11.2,345,17.3
2024-05-14T08:00,15.2,0.00,0.00,0.00,12.9,16.2,357,25.6
2024-05-14T09:00,16.8,0.00,0.00,0.00,14.5,16.3,8,27.7
2024-05-14T10:00,17.7,0.00,0.00,0.00,15.5,14.8,18,28.4
2024-05-14T11:00,18.8,0.00,0.00,0.00,17.3,14.8,41,25.9
2024-05-14T12:00,19.8,0.00,0.00,0.00,18.6,18.7,56,32.0
2024-05-14T13:00,20.4,0.00,0.00,0.00,19.2,20.1,61,33.8
2024-05-14T14:00,20.6,0.00,0.00,0.00,18.8,20.1,66,33.8
2024-05-14T15:00,20.4,0.00,0.00,0.00,18.4,18.8,64,33.5
2024-05-14T16:00,20.0,0.00,0.00,0.00,17.7,16.7,57,31.0
2024-05-14T17:00,19.2,0.00,0.00,0.00,17.2,15.7,58,27.0
2024-05-14T18:00,17.9,0.00,0.00,0.00,16.9,12.1,53,24.1
2024-05-14T19:00,16.0,0.00,0.00,0.00,15.3,10.7,48,17.3
2024-05-14T20:00,14.9,0.00,0.00,0.00,14.5,8.6,33,14.4
2024-05-14T21:00,14.2,0.00,0.00,0.00,13.6,9.0,355,11.2
2024-05-14T22:00,14.3,0.00,0.00,0.00,14.2,7.1,24,12.6
2024-05-14T23:00,13.9,0.00,0.00,0.00,13.8,5.9,11,9.0
2024-05-15T00:00,14.1,0.00,0.00,0.00,13.5,9.2,334,11.9
2024-05-15T01:00,13.5,0.00,0.00,0.00,12.6,11.1,331,15.5
2024-05-15T02:00,13.2,0.00,0.00,0.00,12.5,9.1,342,15.5
2024-05-15T03:00,12.7,0.00,0.00,0.00,12.3,6.6,347,12.6
2024-05-15T04:00,12.6,0.00,0.00,0.00,11.8,9.2,321,12.2
2024-05-15T05:00,12.4,0.00,0.00,0.00,11.5,9.0,323,13.3
2024-05-15T06:00,13.6,0.00,0.00,0.00,13.4,6.5,341,12.6
2024-05-15T07:00,15.6,0.00,0.00,0.00,15.4,8.6,2,16.2
2024-05-15T08:00,17.1,0.00,0.00,0.00,17.1,7.4,14,16.9
2024-05-15T09:00,18.8,0.00,0.00,0.00,19.7,4.8,63,16.6
2024-05-15T10:00,20.9,0.00,0.00,0.00,22.8,8.0,117,18.7
2024-05-15T11:00,22.0,0.00,0.00,0.00,23.8,12.8,142,24.5
2024-05-15T12:00,23.2,0.00,0.00,0.00,24.8,14.5,166,27.0
2024-05-15T13:00,24.1,0.00,0.00,0.00,25.4,17.2,170,29.5
2024-05-15T14:00,24.1,0.00,0.00,0.00,24.2,20.0,166,33.1
2024-05-15T15:00,23.7,0.00,0.00,0.00,23.0,19.3,166,32.8
2024-05-15T16:00,23.0,0.00,0.00,0.00,21.9,19.8,181,30.6
2024-05-15T17:00,21.7,0.00,0.00,0.00,20.9,18.8,183,30.6
2024-05-15T18:00,20.5,0.00,0.00,0.00,20.7,14.8,166,27.4
2024-05-15T19:00,19.2,0.00,0.00,0.00,19.5,13.3,161,21.6
2024-05-15T20:00,18.6,0.00,0.00,0.00,19.1,10.2,148,18.7
2024-05-15T21:00,18.0,0.00,0.00,0.00,17.6,13.8,141,19.8
2024-05-15T22:00,18.5,1.40,0.00,1.40,19.5,8.7,132,16.2
2024-05-15T23:00,18.2,0.50,0.00,0.50,19.1,9.0,88,12.2
2024-05-16T00:00,18.0,0.10,0.00,0.10,18.3,12.2,66,17.3
2024-05-16T01:00,17.4,1.40,0.00,1.40,18.6,4.6,39,17.6
2024-05-16T02:00,17.1,0.40,0.00,0.40,16.5,12.3,5,17.3
2024-05-16T03:00,16.2,0.00,0.00,0.00,14.8,16.3,22,23.0
2024-05-16T04:00,15.9,1.60,0.00,1.60,14.0,16.7,7,24.8
2024-05-16T05:00,15.5,1.10,0.00,1.10,13.4,18.1,354,27.4
2024-05-16T06:00,15.3,0.30,0.00,0.30,13.4,17.7,343,26.6
2024-05-16T07:00,15.5,0.20,0.00,0.20,13.7,16.0,337,27.0
2024-05-16T08:00,16.2,0.00,0.00,0.00,14.4,16.3,338,25.2
2024-05-16T09:00,17.4,0.00,0.00,0.00,16.0,13.9,343,25.2
2024-05-16T10:00,18.3,0.00,0.00,0.00,18.9,8.3,360,19.1
2024-05-16T11:00,20.3,0.00,0.00,0.00,22.5,1.4,90,17.6
2024-05-16T12:00,21.3,0.00,0.00,0.00,21.7,13.8,171,20.9
2024-05-16T13:00,21.2,0.00,0.00,0.00,20.4,23.3,158,35.6
2024-05-16T14:00,23.1,0.00,0.00,0.00,21.7,35.8,185,54.0
2024-05-16T15:00,24.3,0.00,0.00,0.00,21.3,40.5,194,60.1
2024-05-16T16:00,23.9,0.00,0.00,0.00,18.4,45.4,202,66.6
2024-05-16T17:00,22.4,0.00,0.00,0.00,17.7,46.2,202,66.2
2024-05-16T18:00,19.2,0.00,0.00,0.00,11.6,48.8,200,70.2
2024-05-16T19:00,17.6,0.00,0.00,0.00,10.7,46.9,199,70.9
2024-05-16T20:00,17.4,0.00,0.00,0.00,10.5,45.4,208,67.7
2024-05-16T21:00,16.7,0.00,0.00,0.00,9.4,44.0,213,65.5
2024-05-16T22:00,17.1,0.00,0.00,0.00,10.6,38.9,216,55.1
2024-05-16T23:00,17.0,0.00,0.00,0.00,9.9,39.8,210,60.1
2024-05-17T00:00,16.0,0.00,0.00,0.00,10.2,31.9,212,57.2
2024-05-17T01:00,15.1,0.00,0.00,0.00,10.8,24.0,216,45.7
2024-05-17T02:00,14.2,0.00,0.00,0.00,11.1,18.2,214,33.5
2024-05-17T03:00,12.5,0.00,0.00,0.00,10.6,9.6,283,25.2
2024-05-17T04:00,11.3,0.00,0.00,0.00,9.9,6.1,273,12.2
2024-05-17T05:00,11.3,0.00,0.00,0.00,9.9,5.8,248,7.6
2024-05-17T06:00,13.8,0.00,0.00,0.00,12.9,2.2,171,6.8
2024-05-17T07:00,16.9,0.00,0.00,0.00,15.5,8.2,142,14.8
2024-05-17T08:00,18.5,0.00,0.00,0.00,17.0,9.1,171,18.0
2024-05-17T09:00,20.0,0.00,0.00,0.00,19.0,10.2,172,20.5
2024-05-17T10:00,22.2,0.00,0.00,0.00,20.2,20.9,209,34.2
2024-05-17T11:00,23.1,0.00,0.00,0.00,21.9,18.8,209,35.3
2024-05-17T12:00,23.8,0.00,0.00,0.00,23.9,12.9,198,31.7
2024-05-17T13:00,24.3,0.00,0.00,0.00,25.2,6.5,183,24.5
2024-05-17T14:00,24.8,0.00,0.00,0.00,24.8,7.5,125,16.6
2024-05-17T15:00,24.6,0.00,0.00,0.00,23.2,13.3,131,23.0
2024-05-17T16:00,23.8,0.00,0.00,0.00,22.2,13.8,141,24.1
2024-05-17T17:00,23.1,0.00,0.00,0.00,21.9,13.6,158,22.7
2024-05-17T18:00,21.2,0.00,0.00,0.00,21.0,12.6,177,20.5
2024-05-17T19:00,19.1,0.00,0.00,0.00,18.7,13.4,185,18.0
2024-05-17T20:00,18.3,0.00,0.00,0.00,17.9,13.3,180,18.7
2024-05-17T21:00,17.5,0.00,0.00,0.00,17.4,11.8,192,18.4
2024-05-17T22:00,17.9,0.00,0.00,0.00,17.9,11.0,191,17.3
2024-05-17T23:00,17.5,0.00,0.00,0.00,17.6,9.7,195,17.6
2024-05-18T00:00,16.4,0.00,0.00,0.00,16.6,9.1,18,12.6
2024-05-18T01:00,15.4,0.00,0.00,0.00,15.9,6.1,90,13.0
2024-05-18T02:00,15.4,0.00,0.00,0.00,15.9,5.1,321,7.2
2024-05-18T03:00,14.5,0.00,0.00,0.00,13.1,16.4,327,22.7
2024-05-18T04:00,13.5,0.00,0.00,0.00,11.2,16.2,339,23.4
2024-05-18T05:00,13.4,0.00,0.00,0.00,10.7,16.9,344,23.8
2024-05-18T06:00,15.0,0.00,0.00,0.00,12.8,15.4,349,25.6
2024-05-18T07:00,17.4,0.00,0.00,0.00,15.7,14.9,353,24.1
2024-05-18T08:00,19.9,0.00,0.00,0.00,18.1,17.3,358,28.4
2024-05-18T09:00,21.8,0.00,0.00,0.00,21.4,13.8,7,28.8
2024-05-18T10:00,23.2,0.00,0.00,0.00,23.9,11.1,36,26.3
2024-05-18T11:00,24.4,0.00,0.00,0.00,26.1,9.5,81,22.3
2024-05-18T12:00,25.5,0.00,0.00,0.00,27.4,10.1,107,21.2
2024-05-18T13:00,26.2,0.00,0.00,0.00,27.6,11.9,119,23.0
2024-05-18T14:00,26.6,0.00,0.00,0.00,27.2,13.0,129,24.1
2024-05-18T15:00,26.5,0.00,0.00,0.00,26.1,14.0,138,24.1
2024-05-18T16:00,25.7,0.00,0.00,0.00,24.5,16.5,134,25.9
2024-05-18T17:00,24.4,0.00,0.00,0.00,23.3,17.6,133,27.7
2024-05-18T18:00,22.4,0.00,0.00,0.00,23.1,12.0,189,25.6
2024-05-18T19:00,20.3,0.00,0.00,0.00,20.3,12.1,217,17.3
2024-05-18T20:00,19.4,0.00,0.00,0.00,18.9,13.2,202,17.6
2024-05-18T21:00,18.6,0.00,0.00,0.00,18.0,13.8,200,20.5
2024-05-18T22:00,18.6,0.00,0.00,0.00,18.9,9.6,200,17.3
2024-05-18T23:00,17.7,0.00,0.00,0.00,18.0,9.0,175,13.0
2024-05-19T00:00,17.0,0.00,0.00,0.00,17.6,7.9,150,11.5
2024-05-19T01:00,17.1,0.00,0.00,0.00,18.4,4.0,153,9.4
2024-05-19T02:00,15.9,0.00,0.00,0.00,16.8,5.0,330,4.7
2024-05-19T03:00,15.7,0.00,0.00,0.00,16.4,5.9,349,8.6
2024-05-19T04:00,15.7,0.00,0.00,0.00,16.3,6.5,357,7.6
2024-05-19T05:00,14.9,0.00,0.00,0.00,15.2,7.6,329,10.8
2024-05-19T06:00,16.2,0.00,0.00,0.00,17.0,6.7,306,12.6
2024-05-19T07:00,18.4,0.00,0.00,0.00,19.4,6.0,295,13.3
2024-05-19T08:00,20.2,0.00,0.00,0.00,21.3,3.6,315,11.9
2024-05-19T09:00,20.5,0.00,0.00,0.00,21.3,5.2,344,10.4
2024-05-19T10:00,20.9,0.00,0.00,0.00,22.0,3.3,276,9.0
2024-05-19T11:00,21.5,0.00,0.00,0.00,22.4,3.4,238,8.6
2024-05-19T12:00,21.4,0.20,0.00,0.20,22.4,3.1,216,8.6
2024-05-19T13:00,21.7,0.00,0.00,0.00,21.6,12.3,187,21.2
2024-05-19T14:00,22.1,0.00,0.00,0.00,22.0,8.6,178,20.5
2024-05-19T15:00,21.4,0.00,0.00,0.00,21.4,9.5,171,15.1
2024-05-19T16:00,20.4,0.00,0.00,0.00,20.3,14.3,168,22.7
2024-05-19T17:00,20.5,0.00,0.00,0.00,21.6,6.7,196,20.9
2024-05-19T18:00,19.9,0.00,0.00,0.00,21.3,5.9,191,9.7
2024-05-19T19:00,18.9,0.00,0.00,0.00,20.7,4.2,160,7.6
2024-05-19T20:00,18.6,0.00,0.00,0.00,19.3,9.4,176,12.2
2024-05-19T21:00,18.2,0.00,0.00,0.00,18.1,11.0,191,16.2
2024-05-19T22:00,18.5,0.00,0.00,0.00,19.3,8.5,258,12.6
2024-05-19T23:00,18.6,0.40,0.00,0.40,19.8,6.9,174,11.9
2024-05-20T00:00,18.1,1.10,0.00,1.10,19.4,7.2,162,11.2
2024-05-20T01:00,17.6,1.50,0.00,1.50,19.2,4.7,113,9.7
2024-05-20T02:00,17.2,2.10,0.00,2.10,18.8,4.1,218,12.2
2024-05-20T03:00,17.6,2.20,0.00,2.20,19.4,0.5,315,5.4
2024-05-20T04:00,16.7,1.90,0.00,1.90,17.1,9.7,321,13.7
2024-05-20T05:00,15.6,7.20,0.00,7.20,15.3,10.4,326,24.1
2024-05-20T06:00,15.1,7.00,0.00,7.00,15.1,7.3,340,24.5
2024-05-20T07:00,15.1,4.50,0.00,4.50,14.5,11.6,338,27.0
2024-05-20T08:00,15.5,2.40,0.00,2.40,14.7,12.4,338,19.8
2024-05-20T09:00,16.3,0.50,0.00,0.50,15.7,12.7,352,21.6
2024-05-20T10:00,16.8,1.00,0.00,1.00,16.3,12.8,328,25.2
2024-05-20T11:00,18.2,0.10,0.00,0.10,18.2,11.7,9,26.3
2024-05-20T12:00,20.5,0.00,0.00,0.00,22.2,6.6,49,22.0
2024-05-20T13:00,21.3,0.00,0.00,0.00,22.6,4.3,48,16.6
2024-05-20T14:00,23.0,0.00,0.00,0.00,25.6,3.9,56,14.4
2024-05-20T15:00,23.4,0.00,0.00,0.00,25.0,4.8,138,13.3
2024-05-20T16:00,23.3,0.00,0.00,0.00,24.8,4.8,138,14.0
2024-05-20T17:00,22.9,0.00,0.00,0.00,24.7,3.7,151,12.2
2024-05-20T18:00,22.2,0.00,0.00,0.00,24.3,3.3,193,9.0
2024-05-20T19:00,20.6,0.00,0.00,0.00,22.5,7.1,221,7.9
2024-05-20T20:00,19.8,0.00,0.00,0.00,21.0,10.2,228,13.0
2024-05-20T21:00,18.7,0.00,0.00,0.00,19.6,11.0,232,15.1
2024-05-20T22:00,17.6,0.00,0.00,0.00,18.9,7.1,229,11.2
2024-05-20T23:00,17.2,0.00,0.00,0.00,18.2,7.9,231,10.8
2024-05-21T00:00,16.7,0.00,0.00,0.00,17.6,7.7,233,10.8
2024-05-21T01:00,16.3,0.00,0.00,0.00,17.2,7.3,250,10.4
2024-05-21T02:00,16.1,0.00,0.00,0.00,16.9,7.0,258,9.7
2024-05-21T03:00,15.8,0.00,0.00,0.00,16.5,7.0,235,9.0
2024-05-21T04:00,15.7,0.00,0.00,0.00,16.4,6.5,251,9.0
2024-05-21T05:00,16.2,0.00,0.00,0.00,17.0,6.0,253,7.9
2024-05-21T06:00,17.6,0.00,0.00,0.00,19.0,4.6,309,9.4
2024-05-21T07:00,19.9,0.00,0.00,0.00,21.4,6.8,335,13.7
2024-05-21T08:00,21.3,0.00,0.00,0.00,22.8,7.9,357,16.6
2024-05-21T09:00,22.7,0.00,0.00,0.00,24.1,8.6,15,18.4
2024-05-21T10:00,25.0,0.00,0.00,0.00,27.3,7.2,18,18.4
2024-05-21T11:00,25.9,0.00,0.00,0.00,28.8,5.1,51,17.6
2024-05-21T12:00,26.7,0.00,0.00,0.00,30.2,4.7,86,15.1
2024-05-21T13:00,27.0,0.00,0.00,0.00,29.3,7.2,117,16.6
2024-05-21T14:00,27.3,0.00,0.00,0.00,29.0,8.7,128,18.4
2024-05-21T15:00,27.3,0.00,0.00,0.00,28.2,8.5,126,18.4
2024-05-21T16:00,26.9,0.00,0.00,0.00,27.0,11.3,149,18.4
2024-05-21T17:00,24.8,0.00,0.00,0.00,25.7,14.5,153,23.8
2024-05-21T18:00,22.5,0.10,0.00,0.10,24.7,8.0,170,22.3
2024-05-21T19:00,21.1,2.20,0.00,2.20,23.5,3.4,72,12.6
2024-05-21T20:00,20.5,3.80,0.00,3.80,22.2,10.6,114,14.8
2024-05-21T21:00,20.4,1.50,0.00,1.50,21.2,14.2,111,20.2
2024-05-21T22:00,20.4,1.10,0.00,1.10,20.4,19.9,132,28.1
2024-05-21T23:00,19.6,0.50,0.00,0.50,18.8,19.6,97,29.5
2024-05-22T00:00,18.7,0.00,0.00,0.00,18.5,11.8,52,28.1
2024-05-22T01:00,18.1,0.00,0.00,0.00,17.6,11.6,36,16.9
2024-05-22T02:00,17.7,0.00,0.00,0.00,17.2,11.0,41,16.9
2024-05-22T03:00,17.4,0.00,0.00,0.00,16.6,11.2,21,16.2
2024-05-22T04:00,17.1,0.00,0.00,0.00,16.4,8.8,9,15.8
2024-05-22T05:00,17.0,0.00,0.00,0.00,16.0,8.8,9,12.6
2024-05-22T06:00,17.0,0.00,0.00,0.00,15.8,9.9,10,14.0
2024-05-22T07:00,17.2,0.00,0.00,0.00,15.0,14.5,19,20.9
2024-05-22T08:00,17.4,0.00,0.00,0.00,15.2,14.8,14,24.1
2024-05-22T09:00,18.4,0.00,0.00,0.00,16.7,14.2,27,25.2
2024-05-22T10:00,20.8,0.00,0.00,0.00,20.7,10.9,46,22.3
2024-05-22T11:00,21.5,0.00,0.00,0.00,22.8,7.9,74,22.0
2024-05-22T12:00,22.2,0.00,0.00,0.00,24.6,5.5,101,19.1
2024-05-22T13:00,23.1,0.00,0.00,0.00,25.0,7.4,141,17.6
2024-05-22T14:00,23.8,0.00,0.00,0.00,24.5,12.5,141,23.4
2024-05-22T15:00,23.9,0.00,0.00,0.00,23.1,16.5,136,27.4
2024-05-22T16:00,23.0,0.00,0.00,0.00,21.3,19.2,124,28.8
2024-05-22T17:00,22.4,0.00,0.00,0.00,20.8,19.7,149,29.5
2024-05-22T18:00,20.5,0.00,0.00,0.00,19.7,16.9,196,28.4
2024-05-22T19:00,18.9,0.00,0.00,0.00,17.7,17.7,204,25.2
2024-05-22T20:00,18.3,0.00,0.00,0.00,17.2,17.7,200,26.3
2024-05-22T21:00,17.9,0.00,0.00,0.00,17.3,15.6,188,25.2
2024-05-22T22:00,18.2,0.00,0.00,0.00,17.9,14.8,183,20.9
2024-05-22T23:00,17.8,0.00,0.00,0.00,17.5,15.5,181,22.0
2024-05-23T00:00,17.7,0.00,0.00,0.00,17.4,15.6,187,22.3
2024-05-23T01:00,17.5,0.00,0.00,0.00,17.2,16.3,186,23.4
2024-05-23T02:00,17.4,0.00,0.00,0.00,17.1,16.1,190,23.4
2024-05-23T03:00,17.3,0.00,0.00,0.00,17.1,14.8,194,22.7
2024-05-23T04:00,17.1,0.00,0.00,0.00,17.1,13.4,200,20.9
2024-05-23T05:00,16.8,0.00,0.00,0.00,17.2,10.0,229,19.1
2024-05-23T06:00,17.3,0.00,0.00,0.00,17.8,7.6,265,13.3
2024-05-23T07:00,18.8,0.00,0.00,0.00,19.4,6.1,270,13.0
2024-05-23T08:00,20.2,0.00,0.00,0.00,21.1,4.0,260,13.3
2024-05-23T09:00,21.4,0.00,0.00,0.00,22.0,6.9,208,15.1
2024-05-23T10:00,21.8,0.00,0.00,0.00,22.9,6.6,202,14.4
2024-05-23T11:00,22.8,0.00,0.00,0.00,23.2,11.5,184,20.2
2024-05-23T12:00,23.5,0.00,0.00,0.00,23.3,16.6,185,27.0
2024-05-23T13:00,24.1,0.00,0.00,0.00,24.3,21.0,185,33.8
2024-05-23T14:00,24.3,0.00,0.00,0.00,24.0,23.1,191,36.7
2024-05-23T15:00,24.1,0.00,0.00,0.00,22.8,26.2,193,40.0
2024-05-23T16:00,23.2,0.00,0.00,0.00,21.7,29.1,189,42.8
2024-05-23T17:00,22.2,0.00,0.00,0.00,20.9,28.8,183,44.3
2024-05-23T18:00,21.1,0.00,0.00,0.00,20.5,25.6,180,42.5
2024-05-23T19:00,20.2,0.00,0.00,0.00,19.5,25.9,181,39.2
2024-05-23T20:00,19.8,0.00,0.00,0.00,19.6,23.4,182,37.4
2024-05-23T21:00,19.8,0.00,0.00,0.00,19.7,23.1,184,33.8
2024-05-23T22:00,19.4,0.00,0.00,0.00,19.1,20.0,194,32.0
2024-05-23T23:00,19.0,0.00,0.00,0.00,19.4,15.0,201,28.8
2024-05-24T00:00,18.6,0.00,0.00,0.00,19.5,10.7,213,21.2
2024-05-24T01:00,17.9,0.00,0.00,0.00,19.0,9.0,217,15.1
2024-05-24T02:00,17.1,0.00,0.00,0.00,18.4,6.6,241,11.9
2024-05-24T03:00,16.6,0.00,0.00,0.00,17.7,7.1,285,9.4
2024-05-24T04:00,16.5,0.00,0.00,0.00,17.4,7.9,313,10.4
2024-05-24T05:00,16.7,0.00,0.00,0.00,17.4,9.2,315,12.6
2024-05-24T06:00,18.3,0.00,0.00,0.00,19.1,11.0,322,16.6
2024-05-24T07:00,20.0,0.00,0.00,0.00,20.8,12.8,338,22.0
2024-05-24T08:00,21.6,0.00,0.00,0.00,22.8,11.4,347,22.3
2024-05-24T09:00,23.7,0.00,0.00,0.00,25.1,14.3,350,25.6
2024-05-24T10:00,25.6,0.00,0.00,0.00,27.6,6.4,333,16.9
2024-05-24T11:00,26.6,0.00,0.00,0.00,29.5,1.1,198,16.2
2024-05-24T12:00,27.1,0.00,0.00,0.00,29.7,8.0,170,17.3
2024-05-24T13:00,27.6,0.00,0.00,0.00,30.7,14.1,167,25.2
2024-05-24T14:00,27.7,0.00,0.00,0.00,28.9,19.5,175,32.4
2024-05-24T15:00,27.6,0.00,0.00,0.00,27.8,18.7,182,32.8
2024-05-24T16:00,26.2,0.00,0.00,0.00,25.5,21.9,197,34.2
2024-05-24T17:00,25.1,0.00,0.00,0.00,24.9,18.9,188,34.2
2024-05-24T18:00,23.2,0.00,0.00,0.00,23.3,17.7,186,28.8
2024-05-24T19:00,21.3,0.00,0.00,0.00,21.2,17.7,186,26.3
2024-05-24T20:00,20.6,0.00,0.00,0.00,21.4,12.1,203,25.2
2024-05-24T21:00,20.2,0.00,0.00,0.00,21.6,8.4,301,16.6
2024-05-24T22:00,22.1,0.00,0.00,0.00,22.5,13.1,302,21.2
2024-05-24T23:00,20.7,0.00,0.00,0.00,17.4,33.3,338,46.4
2024-05-25T00:00,19.7,0.00,0.00,0.00,16.4,31.7,348,48.6
2024-05-25T01:00,18.8,0.00,0.00,0.00,16.5,22.9,344,45.4
2024-05-25T02:00,18.2,0.00,0.00,0.00,16.5,19.2,354,32.8
2024-05-25T03:00,17.8,0.00,0.00,0.00,16.5,16.6,2,27.4
2024-05-25T04:00,17.2,0.00,0.00,0.00,15.8,15.9,357,23.8
2024-05-25T05:00,16.9,0.00,0.00,0.00,16.0,12.1,350,22.3
2024-05-25T06:00,18.1,0.00,0.00,0.00,16.7,12.3,355,17.6
2024-05-25T07:00,18.6,0.00,0.00,0.00,16.9,12.2,14,19.8
2024-05-25T08:00,18.7,0.00,0.00,0.00,17.2,10.1,27,19.1
2024-05-25T09:00,19.0,0.00,0.00,0.00,17.7,8.7,52,16.9
2024-05-25T10:00,21.5,0.00,0.00,0.00,18.5,15.3,341,23.0
2024-05-25T11:00,23.9,0.00,0.00,0.00,20.8,17.7,336,29.5
2024-05-25T12:00,25.2,0.00,0.00,0.00,25.0,12.2,346,30.6
2024-05-25T13:00,24.0,0.00,0.00,0.00,23.9,16.1,129,24.5
2024-05-25T14:00,22.0,0.00,0.00,0.00,18.8,32.3,135,50.0
2024-05-25T15:00,22.8,0.00,0.00,0.00,20.3,24.1,141,49.3
2024-05-25T16:00,21.9,0.00,0.00,0.00,19.3,21.3,141,38.2
2024-05-25T17:00,21.0,0.00,0.00,0.00,18.2,23.2,134,34.9
2024-05-25T18:00,19.3,0.00,0.00,0.00,16.6,22.5,129,36.7
2024-05-25T19:00,17.8,0.00,0.00,0.00,16.3,16.0,121,32.4
2024-05-25T20:00,17.4,0.00,0.00,0.00,16.0,15.5,108,23.0
2024-05-25T21:00,16.9,0.00,0.00,0.00,15.8,13.5,99,22.0
2024-05-25T22:00,17.2,0.00,0.00,0.00,17.1,9.0,92,13.0
2024-05-25T23:00,16.8,0.00,0.00,0.00,16.8,8.0,85,12.6
2024-05-26T00:00,17.2,0.00,0.00,0.00,17.3,7.0,78,11.2
2024-05-26T01:00,17.0,0.00,0.00,0.00,17.3,5.6,63,9.4
2024-05-26T02:00,17.0,0.00,0.00,0.00,17.4,5.3,62,7.9
2024-05-26T03:00,17.0,0.00,0.00,0.00,17.3,5.1,82,7.6
2024-05-26T04:00,16.9,0.00,0.00,0.00,17.1,6.1,90,8.6
2024-05-26T05:00,16.8,0.00,0.00,0.00,17.3,4.7,113,8.6
2024-05-26T06:00,17.3,0.00,0.00,0.00,18.1,3.2,117,6.8
2024-05-26T07:00,19.0,0.00,0.00,0.00,19.0,8.9,133,15.5
2024-05-26T08:00,20.3,0.00,0.00,0.00,19.2,15.2,149,24.5
2024-05-26T09:00,21.6,0.00,0.00,0.00,19.7,21.3,164,34.2
2024-05-26T10:00,22.7,0.00,0.00,0.00,21.5,19.0,165,32.0
2024-05-26T11:00,23.5,0.00,0.00,0.00,21.9,21.0,175,34.6
2024-05-26T12:00,24.6,0.00,0.00,0.00,22.6,24.9,182,39.2
2024-05-26T13:00,24.6,0.00,0.00,0.00,21.8,29.5,182,45.7
2024-05-26T14:00,24.4,0.00,0.00,0.00,21.7,31.8,185,49.0
2024-05-26T15:00,23.9,0.00,0.00,0.00,20.5,32.9,186,49.7
2024-05-26T16:00,23.6,0.00,0.00,0.00,20.1,33.4,187,50.8
2024-05-26T17:00,22.6,0.00,0.00,0.00,19.7,32.6,187,49.7
2024-05-26T18:00,21.5,0.00,0.00,0.00,19.3,29.9,183,47.9
2024-05-26T19:00,20.3,0.00,0.00,0.00,18.9,26.7,183,43.6
2024-05-26T20:00,20.1,0.00,0.00,0.00,19.1,24.9,182,38.5
2024-05-26T21:00,20.0,0.00,0.00,0.00,19.1,24.5,182,36.0
2024-05-26T22:00,19.6,0.00,0.00,0.00,18.8,23.0,181,34.2
2024-05-26T23:00,19.2,0.00,0.00,0.00,18.6,22.0,182,33.1
2024-05-27T00:00,19.1,0.00,0.00,0.00,18.5,21.4,187,31.3
2024-05-27T01:00,19.0,0.00,0.00,0.00,18.4,22.0,183,31.3
2024-05-27T02:00,19.1,0.00,0.00,0.00,18.4,22.8,185,32.8
2024-05-27T03:00,19.2,0.00,0.00,0.00,17.9,25.0,187,36.0
2024-05-27T04:00,19.6,0.00,0.00,0.00,17.5,29.4,188,41.8
2024-05-27T05:00,19.8,0.00,0.00,0.00,17.4,32.4,189,46.8
2024-05-27T06:00,20.4,0.00,0.00,0.00,18.2,32.9,193,47.9
2024-05-27T07:00,20.9,0.00,0.00,0.00,18.6,34.7,197,52.2
2024-05-27T08:00,21.1,0.00,0.00,0.00,18.6,36.1,200,54.7
2024-05-27T09:00,22.3,0.00,0.00,0.00,19.1,39.6,199,58.7
2024-05-27T10:00,22.3,0.00,0.00,0.00,20.8,31.0,189,52.6
2024-05-27T11:00,23.7,0.00,0.00,0.00,21.4,33.4,194,49.3
2024-05-27T12:00,22.9,0.20,0.00,0.20,21.3,31.0,193,49.7
2024-05-27T13:00,22.5,0.50,0.00,0.50,20.9,32.6,196,47.2
2024-05-27T14:00,23.6,0.00,0.00,0.00,22.2,34.0,190,50.8
2024-05-27T15:00,24.8,0.00,0.00,0.00,22.4,41.0,195,63.0
2024-05-27T16:00,24.3,0.00,0.00,0.00,22.4,38.6,192,60.8
2024-05-27T17:00,23.3,0.00,0.00,0.00,22.0,35.5,187,57.2
2024-05-27T18:00,22.5,0.00,0.00,0.00,21.7,33.2,184,52.9
2024-05-27T19:00,21.8,0.00,0.00,0.00,21.5,30.3,183,48.6
2024-05-27T20:00,21.6,0.00,0.00,0.00,21.6,26.2,198,43.9
2024-05-27T21:00,21.3,0.00,0.00,0.00,21.5,23.5,207,38.2
2024-05-27T22:00,21.4,0.00,0.00,0.00,22.6,18.2,219,30.6
2024-05-27T23:00,21.5,0.00,0.00,0.00,22.8,18.1,211,26.3
2024-05-28T00:00,22.0,0.00,0.00,0.00,22.5,25.3,210,36.0
2024-05-28T01:00,22.3,0.00,0.00,0.00,23.0,24.2,208,37.8
2024-05-28T02:00,22.3,0.00,0.00,0.00,23.0,24.7,199,35.6
2024-05-28T03:00,22.1,0.10,0.00,0.10,23.1,21.2,201,35.6
2024-05-28T04:00,21.9,0.20,0.00,0.20,21.9,26.3,209,37.4
2024-05-28T05:00,22.0,0.00,0.00,0.00,22.3,25.0,220,39.6
2024-05-28T06:00,21.9,0.30,0.00,0.30,23.6,15.3,240,36.4
2024-05-28T07:00,22.3,0.60,0.00,0.60,24.4,12.2,242,22.7
2024-05-28T08:00,23.3,0.40,0.00,0.40,24.7,19.1,221,28.1
2024-05-28T09:00,24.5,0.30,0.00,0.30,24.8,27.4,210,39.6
2024-05-28T10:00,25.0,0.30,0.00,0.30,27.1,18.3,216,27.7
2024-05-28T11:00,24.6,0.40,0.00,0.40,26.5,20.3,207,30.2
2024-05-28T12:00,26.1,0.00,0.00,0.00,26.1,34.0,193,49.7
2024-05-28T13:00,24.4,0.20,0.00,0.20,23.3,38.5,182,56.5
2024-05-28T14:00,24.0,0.20,0.00,0.20,24.1,32.8,178,56.5
2024-05-28T15:00,23.4,1.50,0.00,1.50,22.9,33.9,177,50.0
2024-05-28T16:00,22.7,0.70,0.00,0.70,21.6,38.7,175,57.2
2024-05-28T17:00,21.7,1.20,0.00,1.20,19.8,42.6,183,68.8
2024-05-28T18:00,23.1,0.90,0.00,0.90,20.6,49.0,182,72.4
2024-05-28T19:00,23.1,1.40,0.00,1.40,20.3,50.8,183,79.6
2024-05-28T20:00,23.2,2.00,0.00,2.00,20.4,51.6,184,83.2
2024-05-28T21:00,23.7,3.90,0.00,3.90,18.8,66.3,181,93.6
2024-05-28T22:00,23.8,0.50,0.00,0.50,19.7,61.7,193,94.3
2024-05-28T23:00,23.8,5.00,0.00,5.00,20.9,50.9,193,89.6
2024-05-29T00:00,23.2,4.50,0.00,4.50,21.4,42.4,201,81.7
2024-05-29T01:00,22.7,0.50,0.00,0.50,21.3,36.2,202,69.8
2024-05-29T02:00,21.9,5.80,0.00,5.80,23.5,14.1,255,52.9
2024-05-29T03:00,20.5,2.20,0.00,2.20,20.0,18.0,360,24.8
2024-05-29T04:00,19.2,0.00,0.00,0.00,16.3,28.0,328,38.9
2024-05-29T05:00,18.7,0.00,0.00,0.00,14.2,36.8,338,52.9
2024-05-29T06:00,18.6,0.00,0.00,0.00,14.4,33.0,349,52.6
2024-05-29T07:00,19.5,0.00,0.00,0.00,15.9,28.8,358,47.9
2024-05-29T08:00,20.0,0.00,0.00,0.00,17.2,24.6,7,42.1
2024-05-29T09:00,21.4,0.00,0.00,0.00,18.6,24.5,359,36.7
2024-05-29T10:00,22.3,0.00,0.00,0.00,19.9,21.0,354,33.5
2024-05-29T11:00,24.0,0.00,0.00,0.00,20.9,27.2,340,41.0
2024-05-29T12:00,25.2,0.00,0.00,0.00,23.3,23.1,349,42.8
2024-05-29T13:00,24.2,0.00,0.00,0.00,24.1,18.6,75,36.0
2024-05-29T14:00,23.3,0.00,0.00,0.00,23.1,23.9,106,39.6
2024-05-29T15:00,23.7,0.00,0.00,0.00,23.0,21.3,112,38.2
2024-05-29T16:00,23.3,0.00,0.00,0.00,22.1,21.7,130,33.8
2024-05-29T17:00,22.0,0.00,0.00,0.00,20.5,22.1,150,34.9
2024-05-29T18:00,20.8,0.00,0.00,0.00,20.2,17.4,146,33.1
2024-05-29T19:00,19.5,0.00,0.00,0.00,19.2,15.5,155,25.2
2024-05-29T20:00,19.1,0.00,0.00,0.00,19.4,12.4,163,22.0
2024-05-29T21:00,18.4,0.00,0.00,0.00,19.1,9.0,164,16.9
2024-05-29T22:00,18.7,0.00,0.00,0.00,19.5,9.8,172,14.0
2024-05-29T23:00,18.2,0.00,0.00,0.00,19.0,10.2,190,14.0
2024-05-30T00:00,17.9,0.00,0.00,0.00,18.6,9.4,203,14.0
2024-05-30T01:00,17.7,0.00,0.00,0.00,19.2,3.6,186,12.2
2024-05-30T02:00,17.1,0.00,0.00,0.00,17.9,8.1,167,9.4
2024-05-30T03:00,17.3,0.00,0.00,0.00,18.6,4.3,180,10.1
2024-05-30T04:00,16.9,0.00,0.00,0.00,18.1,5.1,188,6.1
2024-05-30T05:00,17.3,0.00,0.00,0.00,18.8,3.6,276,6.1
2024-05-30T06:00,18.5,0.00,0.00,0.00,20.5,2.9,353,7.2
2024-05-30T07:00,20.2,0.00,0.00,0.00,22.4,2.9,120,9.4
2024-05-30T08:00,22.0,0.10,0.00,0.10,23.3,7.9,180,16.2
2024-05-30T09:00,22.9,0.10,0.00,0.10,23.2,14.2,171,24.1
2024-05-30T10:00,24.6,0.10,0.00,0.10,25.6,14.1,176,25.2
2024-05-30T11:00,25.7,0.00,0.00,0.00,27.1,15.5,177,28.4
2024-05-30T12:00,26.6,0.00,0.00,0.00,28.1,15.5,181,27.7
2024-05-30T13:00,26.6,0.00,0.00,0.00,26.7,19.9,186,32.0
2024-05-30T14:00,26.5,0.00,0.00,0.00,26.5,21.0,187,33.5
2024-05-30T15:00,26.0,0.00,0.00,0.00,25.2,22.3,183,34.6
2024-05-30T16:00,24.9,0.00,0.00,0.00,23.9,24.0,188,36.0
2024-05-30T17:00,23.2,0.00,0.00,0.00,22.0,25.9,190,37.8
2024-05-30T18:00,21.9,0.00,0.00,0.00,21.1,23.4,191,37.8
2024-05-30T19:00,21.0,0.00,0.00,0.00,21.0,17.6,180,33.8
2024-05-30T20:00,20.6,1.50,0.00,1.50,20.5,18.4,178,26.6
2024-05-30T21:00,20.3,0.60,0.00,0.60,20.7,16.3,175,26.3
2024-05-30T22:00,20.4,0.00,0.00,0.00,21.3,12.6,177,24.8
2024-05-30T23:00,20.1,0.00,0.00,0.00,21.6,8.7,263,18.4
2024-05-31T00:00,19.6,1.10,0.00,1.10,21.9,1.8,281,15.5
2024-05-31T01:00,19.4,6.00,0.00,6.00,21.6,1.3,56,6.5
2024-05-31T02:00,18.9,4.10,0.00,4.10,20.5,5.1,274,6.8
2024-05-31T03:00,18.2,1.30,0.00,1.30,18.9,7.6,315,11.2
2024-05-31T04:00,17.5,2.40,0.00,2.40,18.4,6.8,328,13.3
2024-05-31T05:00,17.1,2.90,0.00,2.90,17.6,7.2,323,15.5
2024-05-31T06:00,16.6,3.00,0.00,3.00,16.3,12.0,314,19.4
2024-05-31T07:00,16.6,3.00,0.00,3.00,16.4,12.8,349,19.4
2024-05-31T08:00,16.8,2.50,0.00,2.50,15.5,21.0,355,30.2
2024-05-31T09:00,16.9,3.20,0.00,3.20,15.9,18.8,357,33.1
2024-05-31T10:00,17.5,2.90,0.00,2.90,17.1,14.2,30,25.2
2024-05-31T11:00,18.4,1.10,0.00,1.10,17.1,20.6,29,30.6
2024-05-31T12:00,19.1,0.50,0.00,0.50,17.8,22.3,14,35.6
2024-05-31T13:00,18.9,0.10,0.00,0.10,17.0,26.1,6,39.2
2024-05-31T14:00,20.2,0.00,0.00,0.00,18.3,26.3,2,42.8
2024-05-31T15:00,19.5,0.00,0.00,0.00,18.0,23.1,358,40.3
2024-05-31T16:00,19.4,0.00,0.00,0.00,18.3,19.4,350,34.6
2024-05-31T17:00,19.5,0.00,0.00,0.00,19.3,12.6,336,28.8
2024-05-31T18:00,19.2,0.00,0.00,0.00,20.5,4.0,333,18.4
2024-05-31T19:00,18.8,0.00,0.00,0.00,20.3,4.5,241,5.8
2024-05-31T20:00,18.5,0.00,0.00,0.00,20.3,3.8,229,6.8
2024-05-31T21:00,18.4,0.00,0.00,0.00,20.3,3.2,207,4.7
2024-05-31T22:00,18.8,0.20,0.00,0.20,19.8,9.1,214,12.6
2024-05-31T23:00,18.6,0.40,0.00,0.40,19.4,10.2,219,14.8
2024-06-01T00:00,18.4,0.20,0.00,0.20,19.3,9.7,225,14.8
2024-06-01T01:00,18.2,0.10,0.00,0.10,19.5,6.3,246,13.7
2024-06-01T02:00,18.2,0.00,0.00,0.00,20.2,0.8,243,7.9
2024-06-01T03:00,17.8,0.00,0.00,0.00,19.6,3.4,122,3.6
2024-06-01T04:00,17.7,0.00,0.00,0.00,19.3,5.4,94,7.6
2024-06-01T05:00,17.6,0.10,0.00,0.10,19.1,5.7,108,8.6
2024-06-01T06:00,17.9,0.00,0.00,0.00,19.6,4.4,99,8.3
2024-06-01T07:00,18.3,0.00,0.00,0.00,20.0,4.8,117,10.1
2024-06-01T08:00,19.0,0.00,0.00,0.00,20.6,5.0,120,11.5
2024-06-01T09:00,20.0,0.00,0.00,0.00,21.5,4.3,90,11.9
2024-06-01T10:00,21.9,0.00,0.00,0.00,24.6,5.1,39,15.5
2024-06-01T11:00,23.1,0.10,0.00,0.10,25.4,8.2,52,18.7
2024-06-01T12:00,23.9,0.10,0.00,0.10,26.2,9.7,75,20.5
2024-06-01T13:00,24.6,0.10,0.00,0.10,26.5,10.5,86,21.6
2024-06-01T14:00,24.8,0.00,0.00,0.00,25.9,11.2,105,21.6
2024-06-01T15:00,24.8,0.00,0.00,0.00,24.9,14.2,106,24.1
2024-06-01T16:00,23.7,0.00,0.00,0.00,22.6,18.5,114,28.8
2024-06-01T17:00,22.2,0.00,0.00,0.00,21.1,19.8,117,30.2
2024-06-01T18:00,21.0,0.10,0.00,0.10,20.8,14.9,105,29.5
2024-06-01T19:00,19.5,0.30,0.00,0.30,19.5,14.1,84,21.2
2024-06-01T20:00,18.4,0.20,0.00,0.20,18.4,14.5,71,20.9
2024-06-01T21:00,17.7,0.00,0.00,0.00,17.3,16.3,65,23.4
2024-06-01T22:00,17.7,0.00,0.00,0.00,17.7,13.9,73,20.2
2024-06-01T23:00,17.4,0.00,0.00,0.00,17.4,13.2,73,20.2
2024-06-02T00:00,17.2,0.00,0.00,0.00,17.4,11.8,63,19.1
2024-06-02T01:00,17.2,0.20,0.00,0.20,17.7,10.0,60,16.9
2024-06-02T02:00,17.2,0.30,0.00,0.30,17.4,12.2,62,18.0
2024-06-02T03:00,17.2,0.00,0.00,0.00,17.4,11.8,59,18.4
2024-06-02T04:00,17.0,0.00,0.00,0.00,17.4,10.2,48,17.3
2024-06-02T05:00,17.0,1.20,0.00,1.20,17.3,11.5,46,15.8
2024-06-02T06:00,17.3,1.00,0.00,1.00,17.0,15.0,66,23.4
2024-06-02T07:00,18.0,1.00,0.00,1.00,17.4,17.9,75,27.4
2024-06-02T08:00,19.5,0.10,0.00,0.10,18.8,19.5,88,31.0
2024-06-02T09:00,20.7,0.10,0.00,0.10,20.0,20.4,104,32.8
2024-06-02T10:00,21.4,0.00,0.00,0.00,22.8,10.1,125,24.8
2024-06-02T11:00,22.4,0.00,0.00,0.00,22.7,17.3,132,33.5
2024-06-02T12:00,23.4,0.00,0.00,0.00,23.8,18.7,140,34.2
2024-06-02T13:00,21.7,0.80,0.00,0.80,22.1,14.1,174,35.3
2024-06-02T14:00,21.5,0.10,0.00,0.10,21.1,16.5,164,30.6
2024-06-02T15:00,20.3,4.80,0.00,4.80,20.5,11.8,142,33.5
2024-06-02T16:00,20.5,0.30,0.00,0.30,20.5,13.8,141,27.4
2024-06-02T17:00,19.5,0.50,0.00,0.50,19.2,17.0,163,26.3
2024-06-02T18:00,18.9,0.70,0.00,0.70,18.7,15.6,165,26.3
2024-06-02T19:00,18.3,4.60,0.00,4.60,17.4,19.8,182,29.5
2024-06-02T20:00,17.9,2.30,0.00,2.30,17.3,18.1,174,29.9
2024-06-02T21:00,18.0,0.00,0.00,0.00,17.6,18.0,183,26.6
2024-06-02T22:00,17.1,6.70,0.00,6.70,16.9,14.3,34,25.2
2024-06-02T23:00,17.0,3.10,0.00,3.10,17.3,11.4,11,22.3
2024-06-03T00:00,17.0,0.10,0.00,0.10,17.0,13.2,349,19.4
2024-06-03T01:00,16.6,0.00,0.00,0.00,16.2,15.4,344,22.0
2024-06-03T02:00,16.3,0.40,0.00,0.40,15.6,16.8,345,24.5
2024-06-03T03:00,16.0,0.00,0.00,0.00,15.4,15.5,342,24.1
2024-06-03T04:00,15.7,0.00,0.00,0.00,14.8,16.6,338,24.1
2024-06-03T05:00,16.0,0.00,0.00,0.00,15.1,17.3,343,25.9
2024-06-03T06:00,16.9,0.00,0.00,0.00,15.4,21.0,348,31.7
2024-06-03T07:00,17.3,0.00,0.00,0.00,15.5,22.9,352,34.6
2024-06-03T08:00,18.3,0.00,0.00,0.00,17.1,20.2,360,34.2
2024-06-03T09:00,19.6,0.10,0.00,0.10,18.9,17.2,10,31.7
2024-06-03T10:00,20.1,0.20,0.00,0.20,19.9,12.5,44,25.9
2024-06-03T11:00,20.8,0.00,0.00,0.00,21.0,10.8,64,23.4
2024-06-03T12:00,22.0,0.00,0.00,0.00,23.9,9.2,64,22.0
2024-06-03T13:00,22.9,0.10,0.00,0.10,25.9,8.4,80,20.5
2024-06-03T14:00,23.5,0.10,0.00,0.10,25.6,8.2,119,19.4
2024-06-03T15:00,23.8,0.00,0.00,0.00,24.8,9.8,156,19.4
2024-06-03T16:00,22.1,1.30,0.00,1.30,22.0,14.3,135,24.5
2024-06-03T17:00,20.1,3.70,0.00,3.70,20.4,10.1,178,24.8
2024-06-03T18:00,20.1,0.40,0.00,0.40,21.3,4.5,29,17.6
2024-06-03T19:00,17.7,2.30,0.00,2.30,17.1,15.6,29,20.9
2024-06-03T20:00,16.9,3.80,0.00,3.80,16.8,11.4,77,28.8
2024-06-03T21:00,17.1,0.40,0.00,0.40,17.1,10.8,30,17.6
2024-06-03T22:00,17.3,0.30,0.00,0.30,17.7,9.7,48,20.5
2024-06-03T23:00,17.2,0.10,0.00,0.10,17.6,9.7,2,14.4
2024-06-04T00:00,16.6,0.00,0.00,0.00,16.8,10.9,326,14.8
2024-06-04T01:00,16.3,0.00,0.00,0.00,16.2,11.6,334,16.6
2024-06-04T02:00,16.1,0.00,0.00,0.00,16.2,10.4,340,16.9
2024-06-04T03:00,15.8,0.00,0.00,0.00,15.7,11.3,333,15.8
2024-06-04T04:00,15.4,0.00,0.00,0.00,15.0,12.9,342,18.0
2024-06-04T05:00,15.3,0.00,0.00,0.00,14.7,13.4,354,19.1
2024-06-04T06:00,16.3,0.00,0.00,0.00,15.3,15.1,1,22.7
2024-06-04T07:00,17.3,0.00,0.00,0.00,16.0,16.3,18,26.6
2024-06-04T08:00,18.6,0.00,0.00,0.00,17.6,16.9,24,28.4
2024-06-04T09:00,20.3,0.00,0.00,0.00,19.1,19.7,24,32.4
2024-06-04T10:00,21.6,0.00,0.00,0.00,20.8,18.6,15,32.0
2024-06-04T11:00,22.6,0.00,0.00,0.00,23.0,17.8,21,31.7
2024-06-04T12:00,23.4,0.00,0.00,0.00,24.3,17.1,30,31.7
2024-06-04T13:00,23.5,0.00,0.00,0.00,24.3,17.0,36,30.6
2024-06-04T14:00,23.6,0.10,0.00,0.10,24.1,14.0,61,29.5
2024-06-04T15:00,23.4,0.10,0.00,0.10,23.2,15.0,79,26.3
2024-06-04T16:00,21.2,0.40,0.00,0.40,19.5,21.5,69,33.5
2024-06-04T17:00,20.4,0.00,0.00,0.00,19.0,21.3,79,33.1
2024-06-04T18:00,19.1,0.00,0.00,0.00,18.4,16.7,76,32.0
2024-06-04T19:00,18.3,0.00,0.00,0.00,18.5,9.7,68,23.8
2024-06-04T20:00,17.5,0.00,0.00,0.00,18.1,6.9,62,13.7
2024-06-04T21:00,16.8,0.00,0.00,0.00,17.6,4.9,73,9.4
2024-06-04T22:00,17.3,0.20,0.00,0.20,18.3,6.1,298,10.4
2024-06-04T23:00,16.5,0.10,0.00,0.10,17.5,6.4,297,9.7
2024-06-05T00:00,16.1,0.00,0.00,0.00,16.8,8.1,315,11.2
2024-06-05T01:00,15.8,0.00,0.00,0.00,16.3,8.9,328,12.2
2024-06-05T02:00,15.7,0.00,0.00,0.00,15.9,10.6,336,14.8
2024-06-05T03:00,15.4,0.00,0.00,0.00,15.0,12.8,349,18.4
2024-06-05T04:00,15.1,0.00,0.00,0.00,14.6,12.7,353,18.7
2024-06-05T05:00,15.0,0.00,0.00,0.00,14.7,10.5,354,18.4
2024-06-05T06:00,16.3,0.00,0.00,0.00,16.3,8.6,360,14.8
2024-06-05T07:00,17.7,0.00,0.00,0.00,17.2,11.5,4,19.8
2024-06-05T08:00,19.1,0.00,0.00,0.00,18.3,15.5,1,25.9
2024-06-05T09:00,20.6,0.00,0.00,0.00,20.6,14.4,360,27.4
2024-06-05T10:00,22.7,0.00,0.00,0.00,23.5,12.3,7,23.8
2024-06-05T11:00,23.7,0.00,0.00,0.00,24.6,14.0,23,25.9
2024-06-05T12:00,24.2,0.00,0.00,0.00,25.6,13.2,35,26.3
2024-06-05T13:00,24.8,0.00,0.00,0.00,26.5,10.2,42,25.2
2024-06-05T14:00,25.3,0.00,0.00,0.00,27.0,7.6,45,21.2
2024-06-05T15:00,25.7,0.00,0.00,0.00,27.0,5.2,78,18.0
2024-06-05T16:00,25.4,0.00,0.00,0.00,25.0,10.3,144,18.0
2024-06-05T17:00,24.3,0.00,0.00,0.00,23.5,13.7,180,21.2
2024-06-05T18:00,22.4,0.00,0.00,0.00,21.0,20.9,178,28.4
2024-06-05T19:00,19.6,0.00,0.00,0.00,19.1,19.1,192,31.3
2024-06-05T20:00,19.3,0.00,0.00,0.00,18.9,17.3,180,28.8
2024-06-05T21:00,18.7,0.00,0.00,0.00,18.6,15.1,155,24.5
2024-06-05T22:00,19.0,0.00,0.00,0.00,19.0,14.1,142,22.7
2024-06-05T23:00,18.7,0.00,0.00,0.00,18.5,15.6,151,21.6
2024-06-06T00:00,18.6,0.00,0.00,0.00,18.4,15.5,158,22.7
2024-06-06T01:00,18.4,0.00,0.00,0.00,18.5,13.4,156,22.0
2024-06-06T02:00,18.1,0.00,0.00,0.00,18.6,10.8,150,18.4
2024-06-06T03:00,17.9,0.00,0.00,0.00,18.6,9.5,155,14.0
2024-06-06T04:00,17.3,0.00,0.00,0.00,18.7,4.6,219,12.2
2024-06-06T05:00,17.0,0.00,0.00,0.00,17.8,8.8,305,11.2
2024-06-06T06:00,17.8,0.00,0.00,0.00,18.5,10.7,340,16.9
2024-06-06T07:00,19.4,0.00,0.00,0.00,20.0,11.9,358,20.9
2024-06-06T08:00,20.6,0.00,0.00,0.00,22.4,4.8,333,20.5
2024-06-06T09:00,21.6,0.00,0.00,0.00,23.1,5.4,352,14.4
2024-06-06T10:00,23.2,0.00,0.00,0.00,25.4,4.7,32,15.1
2024-06-06T11:00,24.1,0.00,0.00,0.00,26.4,5.4,110,14.8
2024-06-06T12:00,24.6,0.00,0.00,0.00,26.0,10.5,158,20.2
2024-06-06T13:00,25.1,0.30,0.00,0.30,26.3,11.5,176,22.0
2024-06-06T14:00,24.7,0.40,0.00,0.40,24.6,23.2,192,35.6
2024-06-06T15:00,23.9,0.00,0.00,0.00,21.3,30.0,193,45.4
2024-06-06T16:00,23.1,0.00,0.00,0.00,20.6,29.5,193,45.4
2024-06-06T17:00,22.3,0.00,0.00,0.00,20.3,27.6,187,43.9
2024-06-06T18:00,21.4,0.00,0.00,0.00,20.3,24.2,184,40.3
2024-06-06T19:00,20.6,0.00,0.00,0.00,19.9,22.3,182,34.9
2024-06-06T20:00,20.4,0.00,0.00,0.00,19.8,21.6,180,32.0
2024-06-06T21:00,20.3,0.00,0.00,0.00,20.1,18.7,181,31.0
2024-06-06T22:00,20.1,0.00,0.00,0.00,20.4,16.3,162,23.4
2024-06-06T23:00,19.7,0.00,0.00,0.00,20.2,15.0,159,23.4
2024-06-07T00:00,19.8,0.00,0.00,0.00,20.1,16.2,168,23.0
2024-06-07T01:00,19.4,0.00,0.00,0.00,19.9,14.2,173,22.7
2024-06-07T02:00,19.1,0.00,0.00,0.00,20.0,10.9,171,19.8
2024-06-07T03:00,18.6,0.00,0.00,0.00,19.8,8.3,182,14.8
2024-06-07T04:00,18.2,0.00,0.00,0.00,19.9,4.8,193,10.4
2024-06-07T05:00,18.7,0.00,0.00,0.00,20.9,1.6,297,5.4
2024-06-07T06:00,19.0,0.00,0.00,0.00,21.2,3.7,349,7.2
2024-06-07T07:00,20.6,0.00,0.00,0.00,22.8,4.8,48,12.2
2024-06-07T08:00,21.7,0.20,0.00,0.20,23.2,7.1,114,14.8
2024-06-07T09:00,22.8,0.00,0.00,0.00,24.3,7.2,117,17.3
2024-06-07T10:00,22.8,0.10,0.00,0.10,23.9,9.3,126,19.1
2024-06-07T11:00,23.8,0.10,0.00,0.10,24.5,12.6,127,23.4
2024-06-07T12:00,24.6,0.00,0.00,0.00,24.9,14.1,122,25.2
2024-06-07T13:00,25.1,0.00,0.00,0.00,25.7,15.1,123,27.0
2024-06-07T14:00,25.2,0.00,0.00,0.00,25.4,15.6,128,27.0
2024-06-07T15:00,25.0,0.00,0.00,0.00,24.1,18.0,127,28.8
2024-06-07T16:00,23.9,0.00,0.00,0.00,22.1,21.1,127,33.1
2024-06-07T17:00,23.1,0.00,0.00,0.00,21.6,20.3,117,32.8
2024-06-07T18:00,21.9,0.00,0.00,0.00,21.2,17.4,120,29.9
2024-06-07T19:00,20.3,0.00,0.00,0.00,20.2,13.7,120,25.2
2024-06-07T20:00,19.3,0.00,0.00,0.00,19.9,9.2,121,19.1
2024-06-07T21:00,18.5,0.00,0.00,0.00,19.7,6.3,121,11.9
2024-06-07T22:00,18.8,0.00,0.00,0.00,20.1,5.8,94,10.8
2024-06-07T23:00,18.1,0.00,0.00,0.00,19.6,4.3,48,6.8
2024-06-08T00:00,17.4,0.00,0.00,0.00,18.6,5.2,12,6.1
2024-06-08T01:00,16.7,0.00,0.00,0.00,17.7,5.8,360,7.2
2024-06-08T02:00,16.1,0.00,0.00,0.00,17.1,5.9,349,7.2
2024-06-08T03:00,15.7,0.00,0.00,0.00,16.6,5.9,14,7.2
2024-06-08T04:00,15.5,0.00,0.00,0.00,16.3,6.6,29,7.6
2024-06-08T05:00,15.9,0.00,0.00,0.00,17.2,4.7,360,7.9
2024-06-08T06:00,17.4,0.00,0.00,0.00,18.9,5.3,298,10.1
2024-06-08T07:00,19.3,0.00,0.00,0.00,20.7,7.1,300,14.4
2024-06-08T08:00,21.1,0.00,0.00,0.00,22.6,3.5,336,14.8
2024-06-08T09:00,22.4,0.00,0.00,0.00,24.2,5.8,60,14.8
2024-06-08T10:00,23.9,0.00,0.00,0.00,25.7,10.2,80,20.9
2024-06-08T11:00,24.8,0.00,0.00,0.00,26.7,12.7,105,24.1
2024-06-08T12:00,25.4,0.00,0.00,0.00,26.9,15.0,117,27.4
2024-06-08T13:00,26.2,0.00,0.00,0.00,26.7,14.3,139,27.4
2024-06-08T14:00,26.8,0.00,0.00,0.00,26.1,13.1,164,26.3
2024-06-08T15:00,26.5,0.00,0.00,0.00,24.6,17.5,161,28.1
2024-06-08T16:00,25.3,0.00,0.00,0.00,23.4,20.5,180,31.7
2024-06-08T17:00,24.0,0.00,0.00,0.00,22.6,20.3,192,31.7
2024-06-08T18:00,22.4,0.00,0.00,0.00,22.0,18.4,206,30.2
2024-06-08T19:00,21.0,0.00,0.00,0.00,21.1,17.8,212,26.6
2024-06-08T20:00,20.5,0.00,0.00,0.00,20.9,16.5,203,26.3
2024-06-08T21:00,19.8,0.00,0.00,0.00,20.9,12.2,178,23.4
2024-06-08T22:00,20.3,0.00,0.00,0.00,21.4,12.8,170,18.7
2024-06-08T23:00,20.1,0.00,0.00,0.00,21.3,13.1,164,18.4
2024-06-09T00:00,19.6,0.00,0.00,0.00,20.8,12.4,170,18.0
2024-06-09T01:00,19.5,0.00,0.00,0.00,20.7,12.6,167,17.6
2024-06-09T02:00,19.4,0.00,0.00,0.00,20.3,14.2,164,19.4
2024-06-09T03:00,19.4,0.00,0.00,0.00,20.3,14.5,161,20.9
2024-06-09T04:00,19.6,0.00,0.00,0.00,20.6,13.3,183,20.5
2024-06-09T05:00,19.8,0.00,0.00,0.00,20.9,12.7,173,18.7
2024-06-09T06:00,20.7,0.00,0.00,0.00,22.3,10.4,180,18.4
2024-06-09T07:00,21.8,0.20,0.00,0.20,22.5,15.1,183,23.8
2024-06-09T08:00,22.5,0.20,0.00,0.20,22.6,18.5,188,29.5
2024-06-09T09:00,22.9,0.20,0.00,0.20,22.7,19.8,190,31.3
2024-06-09T10:00,23.9,0.20,0.00,0.20,24.4,19.5,178,32.0
2024-06-09T11:00,24.5,0.10,0.00,0.10,24.8,20.5,170,33.5
2024-06-09T12:00,24.6,0.00,0.00,0.00,24.0,22.8,175,36.0
2024-06-09T13:00,25.6,0.00,0.00,0.00,24.6,24.9,178,38.5
2024-06-09T14:00,25.6,0.00,0.00,0.00,23.7,29.6,184,45.0
2024-06-09T15:00,23.9,0.00,0.00,0.00,21.3,29.7,190,45.7
2024-06-09T16:00,22.9,0.00,0.00,0.00,21.0,28.6,194,43.6
2024-06-09T17:00,22.1,0.00,0.00,0.00,21.2,23.9,185,41.8
2024-06-09T18:00,21.5,0.00,0.00,0.00,21.1,21.4,187,34.6
2024-06-09T19:00,20.7,0.00,0.00,0.00,20.7,19.1,183,30.6
2024-06-09T20:00,20.3,0.00,0.00,0.00,20.7,17.0,185,27.7
2024-06-09T21:00,20.1,0.00,0.00,0.00,20.5,17.5,188,25.9
2024-06-09T22:00,20.3,0.10,0.00,0.10,21.1,15.8,180,23.8
2024-06-09T23:00,20.0,0.10,0.00,0.10,20.8,15.9,185,22.7
2024-06-10T00:00,19.8,0.50,0.00,0.50,20.4,16.7,194,24.5
2024-06-10T01:00,19.5,1.70,0.00,1.70,20.5,13.9,205,24.5
2024-06-10T02:00,19.3,2.50,0.00,2.50,20.4,12.1,203,20.2
2024-06-10T03:00,19.2,2.40,0.00,2.40,20.2,13.0,182,19.8
2024-06-10T04:00,19.1,2.10,0.00,2.10,20.0,13.4,174,19.8
2024-06-10T05:00,19.1,0.80,0.00,0.80,20.3,11.5,180,19.4
2024-06-10T06:00,19.3,0.70,0.00,0.70,21.1,8.0,185,16.6
2024-06-10T07:00,19.6,0.80,0.00,0.80,21.2,9.0,151,13.3
2024-06-10T08:00,19.8,0.60,0.00,0.60,21.2,9.7,141,18.0
2024-06-10T09:00,21.1,0.50,0.00,0.50,22.5,11.0,142,20.5
2024-06-10T10:00,20.8,0.00,0.00,0.00,21.5,9.2,101,20.5
2024-06-10T11:00,22.1,0.00,0.00,0.00,22.6,12.3,122,22.7
2024-06-10T12:00,23.4,0.00,0.00,0.00,25.2,11.0,131,23.4
2024-06-10T13:00,24.0,0.00,0.00,0.00,26.1,10.5,131,22.3
2024-06-10T14:00,24.2,0.00,0.00,0.00,24.9,10.5,121,21.2
2024-06-10T15:00,24.6,0.00,0.00,0.00,25.2,11.2,123,20.5
2024-06-10T16:00,24.2,0.00,0.00,0.00,24.7,12.1,127,20.9
2024-06-10T17:00,23.4,0.00,0.00,0.00,23.5,15.0,125,23.0
2024-06-10T18:00,22.1,0.00,0.00,0.00,22.4,15.2,126,23.4
2024-06-10T19:00,21.2,0.00,0.00,0.00,21.5,14.8,133,22.3
2024-06-10T20:00,20.6,0.00,0.00,0.00,22.0,10.0,154,20.5
2024-06-10T21:00,19.7,0.00,0.00,0.00,21.9,5.8,176,13.7
2024-06-10T22:00,20.3,0.00,0.00,0.00,22.8,4.9,197,8.6
2024-06-10T23:00,20.0,0.00,0.00,0.00,22.5,4.6,198,6.5
2024-06-11T00:00,19.7,0.00,0.00,0.00,21.8,5.9,194,7.2
2024-06-11T01:00,19.4,0.00,0.00,0.00,21.2,7.9,196,10.1
2024-06-11T02:00,19.0,0.00,0.00,0.00,20.4,9.6,200,12.6
2024-06-11T03:00,18.9,0.00,0.00,0.00,20.1,10.0,201,14.4
2024-06-11T04:00,18.8,0.00,0.00,0.00,20.1,8.7,210,14.0
2024-06-11T05:00,19.2,0.00,0.00,0.00,20.6,7.9,223,13.0
2024-06-11T06:00,20.0,0.00,0.00,0.00,21.9,5.7,252,11.2
2024-06-11T07:00,21.6,0.00,0.00,0.00,23.7,5.0,249,12.2
2024-06-11T08:00,22.9,0.00,0.00,0.00,25.2,3.6,225,12.2
2024-06-11T09:00,24.0,0.00,0.00,0.00,26.7,5.8,180,14.4
2024-06-11T10:00,25.5,0.00,0.00,0.00,27.3,15.5,175,27.0
2024-06-11T11:00,26.3,0.00,0.00,0.00,28.5,18.8,173,31.7
2024-06-11T12:00,26.9,0.00,0.00,0.00,28.8,20.5,178,34.2
2024-06-11T13:00,27.2,0.00,0.00,0.00,28.4,22.7,191,36.7
2024-06-11T14:00,26.8,0.00,0.00,0.00,27.3,25.0,198,39.6
2024-06-11T15:00,26.2,0.00,0.00,0.00,26.1,26.5,195,41.0
2024-06-11T16:00,25.3,0.00,0.00,0.00,24.6,26.9,188,41.4
2024-06-11T17:00,24.1,0.00,0.00,0.00,23.4,27.0,189,41.0
2024-06-11T18:00,23.1,0.00,0.00,0.00,22.7,24.9,185,40.7
2024-06-11T19:00,22.0,0.00,0.00,0.00,22.0,22.4,184,36.4
2024-06-11T20:00,21.6,0.00,0.00,0.00,21.5,22.7,183,32.8
2024-06-11T21:00,21.5,0.00,0.00,0.00,21.8,19.8,181,32.4
2024-06-11T22:00,21.5,0.00,0.00,0.00,22.0,18.7,182,27.0
2024-06-11T23:00,21.2,0.00,0.00,0.00,22.0,16.6,181,27.0
2024-06-12T00:00,20.9,0.00,0.00,0.00,21.8,16.2,179,23.4
2024-06-12T01:00,20.7,0.00,0.00,0.00,22.0,14.2,189,23.4
2024-06-12T02:00,19.9,0.00,0.00,0.00,22.0,7.6,225,20.2
2024-06-12T03:00,18.9,0.00,0.00,0.00,21.3,4.4,305,9.4
2024-06-12T04:00,18.2,0.00,0.00,0.00,20.1,6.4,344,7.6
2024-06-12T05:00,18.4,0.00,0.00,0.00,20.0,9.6,340,13.3
2024-06-12T06:00,20.1,0.00,0.00,0.00,22.0,10.7,340,17.3
2024-06-12T07:00,21.4,0.00,0.00,0.00,24.0,6.6,347,17.3
2024-06-12T08:00,22.8,0.00,0.00,0.00,26.1,2.5,352,14.0
2024-06-12T09:00,24.4,0.00,0.00,0.00,27.4,7.8,158,15.5
2024-06-12T10:00,25.9,0.00,0.00,0.00,29.6,6.1,135,15.1
2024-06-12T11:00,26.6,0.00,0.00,0.00,29.6,12.6,153,23.0
2024-06-12T12:00,27.6,0.00,0.00,0.00,29.4,18.9,167,31.3
2024-06-12T13:00,28.1,0.00,0.00,0.00,29.3,20.8,170,34.2
2024-06-12T14:00,28.0,0.00,0.00,0.00,28.7,23.4,178,37.1
2024-06-12T15:00,27.3,0.00,0.00,0.00,27.6,24.3,186,37.8
2024-06-12T16:00,26.5,0.00,0.00,0.00,26.0,25.3,185,38.5
2024-06-12T17:00,25.4,0.00,0.00,0.00,25.0,25.3,191,38.5
2024-06-12T18:00,24.1,0.00,0.00,0.00,24.5,21.1,197,37.8
2024-06-12T19:00,22.6,0.00,0.00,0.00,23.7,16.3,198,30.2
2024-06-12T20:00,21.8,0.00,0.00,0.00,23.1,14.5,199,23.0
2024-06-12T21:00,21.1,0.00,0.00,0.00,22.9,11.8,200,20.2
2024-06-12T22:00,21.1,0.00,0.00,0.00,22.7,13.1,188,18.7
2024-06-12T23:00,20.7,0.00,0.00,0.00,22.6,11.2,186,18.0
2024-06-13T00:00,20.3,0.00,0.00,0.00,22.4,9.7,184,15.8
2024-06-13T01:00,19.8,0.00,0.00,0.00,22.3,6.6,151,13.3
2024-06-13T02:00,19.4,0.00,0.00,0.00,21.9,5.8,112,8.3
2024-06-13T03:00,19.5,0.00,0.00,0.00,21.8,7.9,156,10.1
2024-06-13T04:00,19.6,0.00,0.00,0.00,22.0,6.9,186,11.2
2024-06-13T05:00,19.6,0.00,0.00,0.00,22.7,2.4,207,9.0
2024-06-13T06:00,20.6,0.00,0.00,0.00,23.8,3.6,186,7.2
2024-06-13T07:00,21.7,0.10,0.00,0.10,24.2,7.6,183,13.7
2024-06-13T08:00,22.3,0.00,0.00,0.00,24.8,6.8,183,14.8
2024-06-13T09:00,23.2,0.00,0.00,0.00,25.9,5.5,169,13.7
2024-06-13T10:00,23.1,0.00,0.00,0.00,25.7,7.6,161,15.1
2024-06-13T11:00,23.4,0.00,0.00,0.00,25.7,9.2,154,16.2
2024-06-13T12:00,23.9,0.00,0.00,0.00,26.1,9.1,124,16.9
2024-06-13T13:00,24.0,0.00,0.00,0.00,25.4,12.0,136,20.9
2024-06-13T14:00,24.3,0.00,0.00,0.00,25.3,12.0,147,21.6
2024-06-13T15:00,23.7,0.00,0.00,0.00,24.4,13.0,161,20.5
2024-06-13T16:00,24.4,0.00,0.00,0.00,25.3,12.0,164,22.7
2024-06-13T17:00,23.8,0.00,0.00,0.00,25.0,10.8,150,20.2
2024-06-13T18:00,23.2,0.00,0.00,0.00,24.9,10.2,157,17.6
2024-06-13T19:00,21.7,0.00,0.00,0.00,23.9,8.4,140,14.4
2024-06-13T20:00,20.8,0.00,0.00,0.00,22.9,10.3,168,13.7
2024-06-13T21:00,20.4,0.00,0.00,0.00,21.9,12.4,202,16.9
2024-06-13T22:00,20.0,0.00,0.00,0.00,21.6,9.8,216,18.4
2024-06-13T23:00,19.7,0.00,0.00,0.00,21.3,9.2,206,13.7
2024-06-14T00:00,19.6,0.00,0.00,0.00,21.1,9.4,223,12.6
2024-06-14T01:00,19.4,0.00,0.00,0.00,20.6,10.8,217,14.8
2024-06-14T02:00,19.3,0.00,0.00,0.00,20.7,10.2,225,15.1
2024-06-14T03:00,19.0,0.00,0.00,0.00,20.6,9.0,233,14.0
2024-06-14T04:00,18.7,0.00,0.00,0.00,20.4,7.6,245,12.2
2024-06-14T05:00,18.9,0.00,0.00,0.00,20.6,6.9,261,10.1
2024-06-14T06:00,20.8,0.00,0.00,0.00,23.4,4.3,265,9.7
2024-06-14T07:00,23.6,0.00,0.00,0.00,26.9,2.2,270,9.0
2024-06-14T08:00,25.3,0.00,0.00,0.00,29.0,1.5,166,9.0
2024-06-14T09:00,26.8,0.00,0.00,0.00,31.1,4.3,156,13.3
2024-06-14T10:00,28.0,0.00,0.00,0.00,32.5,6.0,163,16.6
2024-06-14T11:00,29.2,0.00,0.00,0.00,33.8,8.8,161,19.1
2024-06-14T12:00,29.9,0.00,0.00,0.00,33.1,16.3,166,27.7
2024-06-14T13:00,30.1,0.00,0.00,0.00,32.1,20.2,176,33.1
2024-06-14T14:00,29.9,0.00,0.00,0.00,30.6,22.4,184,36.0
2024-06-14T15:00,29.7,0.00,0.00,0.00,29.5,21.3,182,35.6
2024-06-14T16:00,28.6,0.00,0.00,0.00,28.1,22.3,180,34.2
2024-06-14T17:00,26.9,0.00,0.00,0.00,26.5,22.3,189,34.2
2024-06-14T18:00,24.9,0.00,0.00,0.00,25.2,21.6,191,33.5
2024-06-14T19:00,23.1,0.00,0.00,0.00,23.7,21.5,189,31.7
2024-06-14T20:00,22.4,0.00,0.00,0.00,23.1,21.4,188,31.0
2024-06-14T21:00,22.0,0.00,0.00,0.00,22.8,21.0,187,31.0
2024-06-14T22:00,22.0,0.00,0.00,0.00,23.0,19.5,183,28.1
2024-06-14T23:00,21.8,0.00,0.00,0.00,23.0,18.4,176,27.7
2024-06-15T00:00,21.5,0.00,0.00,0.00,22.9,16.8,171,26.3
2024-06-15T01:00,21.1,0.00,0.00,0.00,22.7,15.7,169,23.8
2024-06-15T02:00,20.7,0.00,0.00,0.00,22.5,13.1,171,22.3
2024-06-15T03:00,20.1,0.00,0.00,0.00,22.4,8.6,180,18.0
2024-06-15T04:00,20.2,0.00,0.00,0.00,23.6,1.4,360,11.2
2024-06-15T05:00,19.2,0.00,0.00,0.00,22.2,3.1,45,4.0
2024-06-15T06:00,20.4,0.00,0.00,0.00,23.8,3.2,63,7.2
2024-06-15T07:00,22.0,0.00,0.00,0.00,25.3,4.6,108,11.5
2024-06-15T08:00,23.3,0.00,0.00,0.00,26.6,4.2,121,12.2
2024-06-15T09:00,24.3,0.00,0.00,0.00,27.2,6.0,115,14.8
2024-06-15T10:00,26.3,0.00,0.00,0.00,28.6,9.8,118,20.5
2024-06-15T11:00,27.4,0.00,0.00,0.00,29.4,12.8,128,24.8
2024-06-15T12:00,28.1,0.00,0.00,0.00,29.9,15.0,136,27.4
2024-06-15T13:00,28.5,0.00,0.00,0.00,30.1,15.8,131,28.1
2024-06-15T14:00,28.7,0.00,0.00,0.00,29.5,18.5,127,31.0
2024-06-15T15:00,28.4,0.00,0.00,0.00,27.9,20.4,135,32.8
2024-06-15T16:00,26.2,0.00,0.00,0.00,26.7,18.0,179,32.8
2024-06-15T17:00,24.4,0.00,0.00,0.00,24.6,22.6,202,33.1
2024-06-15T18:00,23.4,0.00,0.00,0.00,23.9,20.3,200,33.8
2024-06-15T19:00,22.7,0.00,0.00,0.00,24.2,15.2,194,29.5
2024-06-15T20:00,22.3,0.00,0.00,0.00,24.7,10.2,188,21.6
2024-06-15T21:00,22.0,0.10,0.00,0.10,24.9,7.4,166,14.4
2024-06-15T22:00,22.4,0.10,0.00,0.10,25.7,6.5,146,8.6
2024-06-15T23:00,22.3,0.40,0.00,0.40,25.8,5.1,129,11.2
2024-06-16T00:00,22.1,0.20,0.00,0.20,25.7,4.7,81,7.2
2024-06-16T01:00,21.9,0.20,0.00,0.20,25.0,7.4,51,11.9
2024-06-16T02:00,21.8,1.20,0.00,1.20,24.4,9.8,8,14.8
2024-06-16T03:00,21.6,3.30,0.00,3.30,23.8,12.5,342,19.4
2024-06-16T04:00,21.4,5.80,0.00,5.80,23.2,15.1,357,22.0
2024-06-16T05:00,21.3,1.20,0.00,1.20,22.8,17.3,356,24.8
2024-06-16T06:00,21.9,0.10,0.00,0.10,23.6,14.4,357,26.6
2024-06-16T07:00,22.1,0.00,0.00,0.00,23.5,16.7,353,24.8
2024-06-16T08:00,23.7,0.00,0.00,0.00,25.8,10.5,4,27.4
2024-06-16T09:00,24.7,0.00,0.00,0.00,27.3,5.4,4,18.4
2024-06-16T10:00,23.1,0.00,0.00,0.00,25.9,4.4,145,15.5
2024-06-16T11:00,25.0,0.00,0.00,0.00,29.0,5.4,160,15.1
2024-06-16T12:00,26.3,0.00,0.00,0.00,30.0,15.5,167,26.6
2024-06-16T13:00,26.4,0.00,0.00,0.00,29.0,22.5,168,36.4
2024-06-16T14:00,27.0,0.00,0.00,0.00,28.0,27.7,178,42.5
2024-06-16T15:00,26.4,0.00,0.00,0.00,26.9,28.5,183,45.0
2024-06-16T16:00,25.8,0.00,0.00,0.00,26.2,28.9,184,44.3
2024-06-16T17:00,25.3,0.00,0.00,0.00,26.2,26.7,183,43.9
2024-06-16T18:00,24.8,0.00,0.00,0.00,26.2,22.0,185,39.6
2024-06-16T19:00,24.0,0.00,0.00,0.00,27.2,9.7,182,31.7
2024-06-16T20:00,23.4,0.00,0.00,0.00,26.8,7.7,229,13.7
2024-06-16T21:00,23.0,0.00,0.00,0.00,26.4,7.6,273,10.1
2024-06-16T22:00,23.2,0.00,0.00,0.00,26.9,7.1,285,14.0
2024-06-16T23:00,22.9,0.00,0.00,0.00,26.5,7.9,300,10.8
2024-06-17T00:00,22.6,0.00,0.00,0.00,26.4,7.1,330,10.4
2024-06-17T01:00,22.6,0.00,0.00,0.00,26.3,7.1,311,10.1
2024-06-17T02:00,22.6,1.60,0.00,1.60,25.4,12.4,300,17.3
2024-06-17T03:00,21.8,0.90,0.00,0.90,24.5,10.2,293,19.4
2024-06-17T04:00,22.0,0.20,0.00,0.20,24.5,10.1,325,14.4
2024-06-17T05:00,22.0,0.00,0.00,0.00,24.3,10.2,321,15.8
2024-06-17T06:00,23.3,0.00,0.00,0.00,26.6,6.3,329,14.0
2024-06-17T07:00,24.8,0.00,0.00,0.00,28.1,7.6,19,14.8
2024-06-17T08:00,26.0,0.00,0.00,0.00,29.4,6.7,36,14.8
2024-06-17T09:00,26.6,0.10,0.00,0.10,29.8,8.4,47,17.3
2024-06-17T10:00,28.2,0.70,0.00,0.70,30.7,11.0,38,23.0
2024-06-17T11:00,29.3,0.00,0.00,0.00,31.9,8.0,36,19.8
2024-06-17T12:00,29.7,0.00,0.00,0.00,32.4,5.4,90,16.6
2024-06-17T13:00,29.4,0.00,0.00,0.00,32.2,9.4,130,18.7
2024-06-17T14:00,28.0,0.00,0.00,0.00,30.6,16.2,159,25.6
2024-06-17T15:00,27.8,0.00,0.00,0.00,30.5,13.1,171,25.9
2024-06-17T16:00,27.4,0.00,0.00,0.00,30.4,10.2,190,20.5
2024-06-17T17:00,26.9,0.00,0.00,0.00,30.1,9.4,180,16.2
2024-06-17T18:00,25.7,0.00,0.00,0.00,29.0,10.5,164,14.8
2024-06-17T19:00,24.5,0.00,0.00,0.00,27.3,10.9,171,15.5
2024-06-17T20:00,23.9,0.00,0.00,0.00,26.3,11.2,178,15.8
2024-06-17T21:00,23.4,0.00,0.00,0.00,25.3,12.4,202,18.4
2024-06-17T22:00,23.3,0.10,0.00,0.10,27.0,2.6,106,5.8
2024-06-17T23:00,22.8,0.20,0.00,0.20,25.9,7.4,346,9.4
2024-06-18T00:00,22.6,1.20,0.00,1.20,26.5,4.3,5,10.8
2024-06-18T01:00,22.3,1.60,0.00,1.60,25.7,6.9,171,9.7
2024-06-18T02:00,21.9,0.60,0.00,0.60,24.3,11.2,220,16.9
2024-06-18T03:00,21.6,0.40,0.00,0.40,24.6,6.9,231,16.6
2024-06-18T04:00,21.3,1.20,0.00,1.20,24.3,6.4,218,10.8
2024-06-18T05:00,21.2,2.50,0.00,2.50,23.4,11.5,180,15.5
2024-06-18T06:00,20.2,3.70,0.00,3.70,21.8,7.6,211,22.7
2024-06-18T07:00,19.5,6.10,0.00,6.10,21.4,2.5,270,13.7
2024-06-18T08:00,19.0,9.50,0.00,9.50,20.1,6.6,49,10.4
2024-06-18T09:00,18.7,11.00,0.00,11.00,20.4,3.1,36,11.2
2024-06-18T10:00,20.1,5.90,0.00,5.90,20.7,16.6,336,25.9
2024-06-18T11:00,20.1,7.50,0.00,7.50,21.6,12.0,44,24.8
2024-06-18T12:00,19.8,7.60,0.00,7.60,21.2,11.3,68,18.4
2024-06-18T13:00,19.6,6.90,0.00,6.90,21.3,9.3,36,18.7
2024-06-18T14:00,19.5,6.50,0.00,6.50,21.1,8.4,47,15.1
2024-06-18T15:00,19.7,9.60,0.00,9.60,20.6,13.3,19,19.8
2024-06-18T16:00,19.7,10.80,0.00,10.80,20.8,12.1,333,21.2
2024-06-18T17:00,19.8,1.80,0.00,1.80,20.6,13.4,355,22.0
2024-06-18T18:00,19.1,0.30,0.00,0.30,19.3,16.9,1,25.9
2024-06-18T19:00,18.2,0.30,0.00,0.30,20.0,4.7,32,24.8
2024-06-18T20:00,19.1,0.00,0.00,0.00,21.5,2.9,300,8.3
2024-06-18T21:00,19.2,0.00,0.00,0.00,21.0,7.3,290,8.3
2024-06-18T22:00,18.8,0.20,0.00,0.20,20.6,7.0,325,11.5
2024-06-18T23:00,18.8,0.30,0.00,0.30,20.9,4.9,324,10.4
2024-06-19T00:00,18.1,0.00,0.00,0.00,19.8,5.9,346,7.9
2024-06-19T01:00,17.8,0.00,0.00,0.00,18.8,9.2,318,12.2
2024-06-19T02:00,17.5,0.00,0.00,0.00,18.3,10.0,319,15.5
2024-06-19T03:00,18.2,0.00,0.00,0.00,19.9,3.6,217,13.7
2024-06-19T04:00,15.9,0.00,0.00,0.00,16.3,8.7,210,11.5
2024-06-19T05:00,15.9,0.00,0.00,0.00,16.7,6.7,254,11.2
2024-06-19T06:00,18.3,0.00,0.00,0.00,20.4,3.3,283,9.7
2024-06-19T07:00,20.8,0.00,0.00,0.00,22.8,2.3,141,10.1
2024-06-19T08:00,22.3,0.00,0.00,0.00,24.7,1.8,217,10.4
2024-06-19T09:00,24.4,0.00,0.00,0.00,27.5,2.0,315,10.8
2024-06-19T10:00,25.8,0.00,0.00,0.00,28.7,8.2,38,18.7
2024-06-19T11:00,26.9,0.00,0.00,0.00,30.2,7.9,47,19.1
2024-06-19T12:00,27.8,0.00,0.00,0.00,31.3,7.4,113,18.4
2024-06-19T13:00,28.1,0.00,0.00,0.00,31.0,11.1,151,21.6
2024-06-19T14:00,28.4,0.00,0.00,0.00,30.3,13.5,155,24.5
2024-06-19T15:00,28.5,0.00,0.00,0.00,29.3,14.9,160,25.2
2024-06-19T16:00,28.3,0.00,0.00,0.00,28.3,15.2,166,25.2
2024-06-19T17:00,26.0,0.00,0.00,0.00,26.1,21.1,197,31.0
2024-06-19T18:00,24.3,0.00,0.00,0.00,24.9,19.7,204,32.0
2024-06-19T19:00,22.4,0.00,0.00,0.00,22.5,20.1,201,28.4
2024-06-19T20:00,21.4,0.00,0.00,0.00,21.3,20.5,198,29.5
2024-06-19T21:00,21.0,0.00,0.00,0.00,21.5,17.5,194,29.2
2024-06-19T22:00,21.1,0.00,0.00,0.00,21.5,15.9,184,25.9
2024-06-19T23:00,20.9,0.00,0.00,0.00,21.7,14.9,172,22.3
2024-06-20T00:00,20.8,0.00,0.00,0.00,21.9,13.3,161,20.5
2024-06-20T01:00,20.6,0.00,0.00,0.00,22.0,12.4,170,18.7
2024-06-20T02:00,20.2,0.00,0.00,0.00,21.9,9.8,197,16.9
2024-06-20T03:00,19.3,0.00,0.00,0.00,21.2,8.0,234,13.0
2024-06-20T04:00,18.4,0.00,0.00,0.00,20.3,6.6,261,10.4
2024-06-20T05:00,18.2,0.00,0.00,0.00,19.9,7.0,291,10.1
2024-06-20T06:00,20.0,0.00,0.00,0.00,22.1,6.9,317,13.0
2024-06-20T07:00,22.1,0.00,0.00,0.00,24.7,3.9,326,12.6
2024-06-20T08:00,23.8,0.00,0.00,0.00,26.8,2.5,188,10.8
2024-06-20T09:00,25.2,0.00,0.00,0.00,28.2,9.0,178,18.4
2024-06-20T10:00,26.0,0.00,0.00,0.00,29.8,7.9,141,17.3
2024-06-20T11:00,27.2,0.00,0.00,0.00,31.0,14.2,164,25.2
2024-06-20T12:00,28.0,0.00,0.00,0.00,30.2,20.2,176,32.8
2024-06-20T13:00,27.8,0.00,0.00,0.00,28.2,24.1,179,37.4
2024-06-20T14:00,26.7,0.00,0.00,0.00,26.2,26.3,182,40.3
2024-06-20T15:00,26.7,0.00,0.00,0.00,25.8,31.4,183,46.8
2024-06-20T16:00,25.3,0.00,0.00,0.00,24.2,32.1,183,47.9
2024-06-20T17:00,24.6,0.00,0.00,0.00,23.9,30.6,182,47.5
2024-06-20T18:00,23.8,0.00,0.00,0.00,23.8,26.6,181,45.0
2024-06-20T19:00,22.7,0.00,0.00,0.00,22.8,24.2,184,38.9
2024-06-20T20:00,22.3,0.00,0.00,0.00,22.3,23.3,189,34.6
2024-06-20T21:00,22.1,0.00,0.00,0.00,22.4,21.5,198,33.8
2024-06-20T22:00,22.3,0.00,0.00,0.00,23.0,20.7,197,31.7
2024-06-20T23:00,22.1,0.00,0.00,0.00,23.0,18.9,198,29.5
2024-06-21T00:00,21.8,0.00,0.00,0.00,22.8,17.9,190,27.0
2024-06-21T01:00,21.6,0.00,0.00,0.00,22.6,18.6,195,27.7
2024-06-21T02:00,21.5,0.00,0.00,0.00,22.7,15.9,198,26.6
2024-06-21T03:00,21.4,0.00,0.00,0.00,22.9,14.6,196,23.0
2024-06-21T04:00,21.2,0.00,0.00,0.00,22.7,14.1,195,20.9
2024-06-21T05:00,21.2,0.00,0.00,0.00,23.2,11.6,202,20.2
2024-06-21T06:00,21.6,0.00,0.00,0.00,23.8,11.1,193,16.6
2024-06-21T07:00,22.1,0.00,0.00,0.00,24.5,10.5,186,17.3
2024-06-21T08:00,22.8,0.20,0.00,0.20,24.0,18.8,192,27.4
2024-06-21T09:00,22.4,1.60,0.00,1.60,24.5,12.1,190,27.7
2024-06-21T10:00,21.3,3.00,0.00,3.00,22.8,7.8,304,16.2
2024-06-21T11:00,20.7,7.20,0.00,7.20,22.5,6.4,16,14.0
2024-06-21T12:00,20.1,6.50,0.00,6.50,21.5,9.7,48,14.0
2024-06-21T13:00,19.2,7.40,0.00,7.40,19.9,10.6,28,19.8
2024-06-21T14:00,18.5,6.30,0.00,6.30,17.8,17.7,5,25.9
2024-06-21T15:00,19.0,3.50,0.00,3.50,18.6,18.6,350,26.6
2024-06-21T16:00,19.7,1.10,0.00,1.10,16.9,33.5,2,49.7
2024-06-21T17:00,19.9,0.10,0.00,0.10,18.2,25.8,352,49.0
2024-06-21T18:00,20.1,0.00,0.00,0.00,18.9,23.7,340,37.8
2024-06-21T19:00,19.9,0.00,0.00,0.00,18.8,23.9,344,35.6
2024-06-21T20:00,19.7,0.00,0.00,0.00,18.4,24.9,346,36.4
2024-06-21T21:00,19.5,0.00,0.00,0.00,18.9,19.9,343,36.0
2024-06-21T22:00,19.0,0.00,0.00,0.00,19.3,13.1,328,29.2
2024-06-21T23:00,18.5,0.00,0.00,0.00,18.1,16.1,321,22.0
2024-06-22T00:00,19.0,0.00,0.00,0.00,17.8,20.5,350,30.2
2024-06-22T01:00,18.3,0.00,0.00,0.00,17.8,15.2,355,29.2
2024-06-22T02:00,17.4,0.00,0.00,0.00,17.2,12.2,358,20.9
2024-06-22T03:00,16.6,0.00,0.00,0.00,17.0,8.5,348,16.6
2024-06-22T04:00,16.3,0.00,0.00,0.00,16.5,9.0,270,10.8
2024-06-22T05:00,15.7,0.00,0.00,0.00,15.6,9.9,280,13.7
2024-06-22T06:00,17.8,0.00,0.00,0.00,18.6,6.7,254,13.7
2024-06-22T07:00,21.7,0.00,0.00,0.00,22.8,8.4,200,15.1
2024-06-22T08:00,24.1,0.00,0.00,0.00,23.3,15.7,196,24.5
2024-06-22T09:00,25.5,0.00,0.00,0.00,24.2,18.9,201,29.5
2024-06-22T10:00,26.5,0.00,0.00,0.00,26.7,19.7,189,31.7
2024-06-22T11:00,27.1,0.00,0.00,0.00,28.4,21.7,186,34.6
2024-06-22T12:00,27.3,0.00,0.00,0.00,28.3,24.6,185,38.2
2024-06-22T13:00,27.9,0.00,0.00,0.00,29.3,25.3,186,41.0
2024-06-22T14:00,27.7,0.00,0.00,0.00,28.5,27.0,178,41.0
2024-06-22T15:00,27.5,0.00,0.00,0.00,26.9,32.4,177,47.9
2024-06-22T16:00,26.8,0.00,0.00,0.00,25.6,32.1,182,48.6
2024-06-22T17:00,26.4,0.00,0.00,0.00,24.9,31.4,193,47.9
2024-06-22T18:00,25.1,0.00,0.00,0.00,23.9,27.8,193,45.4
2024-06-22T19:00,23.8,0.00,0.00,0.00,23.1,26.0,194,39.6
2024-06-22T20:00,23.2,0.00,0.00,0.00,22.4,26.2,196,37.4
2024-06-22T21:00,23.0,0.00,0.00,0.00,21.6,28.7,195,41.0
2024-06-22T22:00,23.5,0.00,0.00,0.00,21.2,37.5,207,55.1
2024-06-22T23:00,22.6,0.00,0.00,0.00,21.0,28.6,211,53.6
2024-06-23T00:00,21.7,0.30,0.00,0.30,20.3,26.6,203,41.0
2024-06-23T01:00,21.5,0.30,0.00,0.30,21.0,23.0,181,38.2
2024-06-23T02:00,22.0,0.00,0.00,0.00,21.9,25.6,183,38.2
2024-06-23T03:00,22.0,0.00,0.00,0.00,22.4,24.6,185,37.1
2024-06-23T04:00,22.0,0.00,0.00,0.00,21.6,28.6,185,41.0
2024-06-23T05:00,21.7,0.50,0.00,0.50,21.5,26.3,181,42.1
2024-06-23T06:00,21.9,0.90,0.00,0.90,22.2,24.8,181,38.5
2024-06-23T07:00,22.3,2.10,0.00,2.10,23.1,23.8,181,36.4
2024-06-23T08:00,22.4,2.90,0.00,2.90,22.6,28.1,179,40.0
2024-06-23T09:00,22.6,5.00,0.00,5.00,23.6,23.6,218,51.5
2024-06-23T10:00,21.2,0.80,0.00,0.80,21.1,24.1,328,40.0
2024-06-23T11:00,23.3,0.40,0.00,0.40,24.2,20.2,329,37.4
2024-06-23T12:00,23.7,0.10,0.00,0.10,25.7,11.6,330,32.0
2024-06-23T13:00,24.4,0.00,0.00,0.00,28.1,1.5,284,19.4
2024-06-23T14:00,24.2,0.00,0.00,0.00,27.3,5.2,164,10.8
2024-06-23T15:00,23.7,0.10,0.00,0.10,27.0,5.3,152,14.0
2024-06-23T16:00,23.5,0.30,0.00,0.30,26.4,10.2,45,13.7
2024-06-23T17:00,23.6,0.00,0.00,0.00,26.3,13.9,37,20.5
2024-06-23T18:00,23.5,0.30,0.00,0.30,27.2,8.0,10,19.1
2024-06-23T19:00,22.9,0.00,0.00,0.00,24.8,18.8,331,25.6
2024-06-23T20:00,21.9,0.00,0.00,0.00,24.2,14.1,357,27.7
2024-06-23T21:00,21.7,0.00,0.00,0.00,23.4,16.3,14,23.4
2024-06-23T22:00,21.5,0.00,0.00,0.00,24.7,5.4,360,14.0
2024-06-23T23:00,21.5,0.00,0.00,0.00,24.8,4.8,13,7.6
2024-06-24T00:00,21.5,0.00,0.00,0.00,25.1,3.5,24,6.5
2024-06-24T01:00,21.3,0.00,0.00,0.00,24.5,5.4,53,6.8
2024-06-24T02:00,21.0,0.00,0.00,0.00,23.4,10.7,48,13.7
2024-06-24T03:00,21.1,0.00,0.00,0.00,23.4,12.0,16,18.4
2024-06-24T04:00,20.8,0.00,0.00,0.00,23.4,9.0,331,17.3
2024-06-24T05:00,20.9,0.00,0.00,0.00,23.3,9.7,329,14.4
2024-06-24T06:00,21.5,0.00,0.00,0.00,25.0,3.3,6,14.0
2024-06-24T07:00,22.4,0.00,0.00,0.00,25.9,5.1,356,10.4
2024-06-24T08:00,24.5,0.00,0.00,0.00,28.2,5.5,11,13.3
2024-06-24T09:00,26.7,0.00,0.00,0.00,31.9,2.5,135,14.0
2024-06-24T10:00,29.1,0.00,0.00,0.00,35.5,5.4,172,14.8
2024-06-24T11:00,29.8,0.00,0.00,0.00,36.7,9.5,151,20.2
2024-06-24T12:00,30.4,0.00,0.00,0.00,37.4,10.1,125,20.9
2024-06-24T13:00,30.7,0.00,0.00,0.00,37.0,12.0,136,22.0
2024-06-24T14:00,30.6,0.00,0.00,0.00,35.3,14.4,158,25.9
2024-06-24T15:00,31.1,0.00,0.00,0.00,35.3,14.0,168,24.8
2024-06-24T16:00,30.7,0.00,0.00,0.00,35.2,11.6,150,24.1
2024-06-24T17:00,29.7,0.00,0.00,0.00,34.9,11.9,155,21.6
2024-06-24T18:00,28.2,0.00,0.00,0.00,33.6,9.7,165,19.1
2024-06-24T19:00,26.7,0.00,0.00,0.00,31.1,11.8,160,15.8
2024-06-24T20:00,25.7,0.00,0.00,0.00,29.9,10.2,172,19.1
2024-06-24T21:00,26.0,0.00,0.00,0.00,31.3,2.0,315,14.0
2024-06-24T22:00,25.2,0.00,0.00,0.00,29.5,9.4,40,13.7
2024-06-24T23:00,24.3,0.00,0.00,0.00,28.1,12.9,342,15.8
2024-06-25T00:00,23.9,0.00,0.00,0.00,25.5,24.6,342,34.9
2024-06-25T01:00,23.6,0.00,0.00,0.00,25.2,22.7,340,35.6
2024-06-25T02:00,23.6,0.00,0.00,0.00,25.4,19.2,343,33.1
2024-06-25T03:00,23.2,0.00,0.00,0.00,25.7,14.6,340,27.4
2024-06-25T04:00,22.9,0.00,0.00,0.00,25.6,12.7,325,20.5
2024-06-25T05:00,23.0,0.00,0.00,0.00,25.9,11.1,324,17.6
2024-06-25T06:00,24.4,0.00,0.00,0.00,28.2,7.2,323,15.5
2024-06-25T07:00,25.2,0.00,0.00,0.00,29.1,4.6,321,12.6
2024-06-25T08:00,25.9,0.00,0.00,0.00,29.8,3.4,212,8.6
2024-06-25T09:00,27.4,0.00,0.00,0.00,31.1,7.6,199,16.2
2024-06-25T10:00,29.1,0.00,0.00,0.00,32.8,10.5,186,20.5
2024-06-25T11:00,29.4,0.00,0.00,0.00,34.3,10.7,168,20.9
2024-06-25T12:00,29.8,0.00,0.00,0.00,34.5,12.5,162,22.7
2024-06-25T13:00,30.8,0.00,0.00,0.00,36.0,13.3,178,25.2
2024-06-25T14:00,31.1,0.00,0.00,0.00,34.4,16.2,183,25.9
2024-06-25T15:00,30.9,0.00,0.00,0.00,33.6,20.4,206,31.3
2024-06-25T16:00,29.4,0.00,0.00,0.00,33.3,13.8,221,31.0
2024-06-25T17:00,29.1,0.00,0.00,0.00,33.2,12.6,207,20.5
2024-06-25T18:00,27.8,0.00,0.00,0.00,32.3,10.3,209,18.7
2024-06-25T19:00,26.9,0.00,0.00,0.00,31.4,10.1,207,14.8
2024-06-25T20:00,26.4,0.00,0.00,0.00,31.3,7.9,227,14.0
2024-06-25T21:00,25.9,0.00,0.00,0.00,31.5,4.9,306,10.4
2024-06-25T22:00,26.6,0.00,0.00,0.00,31.7,7.4,293,12.2
2024-06-25T23:00,25.8,0.00,0.00,0.00,30.1,14.3,25,19.8
2024-06-26T00:00,25.3,0.00,0.00,0.00,28.7,16.1,10,22.3
2024-06-26T01:00,24.7,0.00,0.00,0.00,27.7,16.7,353,24.5
2024-06-26T02:00,24.4,0.00,0.00,0.00,27.0,17.2,344,24.5
2024-06-26T03:00,24.0,0.00,0.00,0.00,26.4,17.8,342,25.2
2024-06-26T04:00,23.6,0.20,0.00,0.20,26.0,15.2,346,25.2
2024-06-26T05:00,22.7,0.20,0.00,0.20,24.1,18.4,1,28.1
2024-06-26T06:00,23.1,0.00,0.00,0.00,25.3,12.2,14,26.3
2024-06-26T07:00,23.6,0.00,0.00,0.00,27.0,5.2,25,19.4
2024-06-26T08:00,24.9,0.00,0.00,0.00,27.7,6.5,87,13.0
2024-06-26T09:00,25.4,0.00,0.00,0.00,28.2,8.2,105,15.8
2024-06-26T10:00,28.7,0.00,0.00,0.00,31.7,9.6,34,18.4
2024-06-26T11:00,29.5,0.00,0.00,0.00,33.5,12.1,23,23.0
2024-06-26T12:00,30.2,0.00,0.00,0.00,33.8,13.6,17,24.1
2024-06-26T13:00,30.6,0.10,0.00,0.10,34.2,12.8,22,24.5
2024-06-26T14:00,30.2,0.10,0.00,0.10,32.8,10.8,21,23.4
2024-06-26T15:00,28.8,0.00,0.00,0.00,31.1,15.5,78,23.8
2024-06-26T16:00,27.1,0.00,0.00,0.00,29.8,18.4,101,31.7
2024-06-26T17:00,26.5,0.00,0.00,0.00,29.5,13.9,100,28.8
2024-06-26T18:00,26.1,0.00,0.00,0.00,28.7,14.1,109,21.2
2024-06-26T19:00,24.6,0.00,0.00,0.00,27.3,10.9,124,20.5
2024-06-26T20:00,23.9,0.00,0.00,0.00,26.6,8.7,114,15.1
2024-06-26T21:00,23.5,0.00,0.00,0.00,26.7,5.5,113,11.9
2024-06-26T22:00,23.3,0.00,0.00,0.00,25.7,7.1,66,10.4
2024-06-26T23:00,22.9,0.00,0.00,0.00,25.0,8.1,32,11.2
2024-06-27T00:00,22.8,0.00,0.00,0.00,24.9,9.4,4,13.3
2024-06-27T01:00,22.7,0.00,0.00,0.00,25.1,9.2,349,14.0
2024-06-27T02:00,22.5,0.00,0.00,0.00,24.9,10.0,334,14.4
2024-06-27T03:00,22.4,0.00,0.00,0.00,25.0,8.8,348,14.4
2024-06-27T04:00,22.2,0.00,0.00,0.00,24.8,9.4,7,13.3
2024-06-27T05:00,22.0,0.00,0.00,0.00,24.4,9.8,17,14.8
2024-06-27T06:00,22.2,0.00,0.00,0.00,24.1,10.9,351,16.2
2024-06-27T07:00,22.9,0.00,0.00,0.00,24.2,12.7,8,20.2
2024-06-27T08:00,23.0,0.00,0.00,0.00,24.7,12.5,18,21.2
2024-06-27T09:00,23.4,0.10,0.00,0.10,25.5,10.3,25,20.5
2024-06-27T10:00,26.8,0.00,0.00,0.00,29.1,10.2,108,20.5
2024-06-27T11:00,27.8,0.00,0.00,0.00,31.0,10.7,130,22.0
2024-06-27T12:00,27.8,0.00,0.00,0.00,29.8,13.8,133,24.5
2024-06-27T13:00,28.2,0.00,0.00,0.00,30.5,16.4,140,28.4
2024-06-27T14:00,27.8,0.00,0.00,0.00,28.8,17.1,141,29.5
2024-06-27T15:00,27.7,0.00,0.00,0.00,28.1,17.9,155,28.8
2024-06-27T16:00,25.8,0.00,0.00,0.00,26.6,19.8,183,29.9
2024-06-27T17:00,24.9,0.00,0.00,0.00,25.9,19.4,195,30.2
2024-06-27T18:00,24.1,0.00,0.00,0.00,25.2,18.8,187,29.2
2024-06-27T19:00,23.2,0.00,0.00,0.00,24.4,18.4,178,27.4
2024-06-27T20:00,23.0,0.00,0.00,0.00,24.7,15.2,158,26.6
2024-06-27T21:00,22.7,0.00,0.00,0.00,24.6,14.2,144,21.6
2024-06-27T22:00,22.6,0.00,0.00,0.00,24.3,15.4,159,22.0
2024-06-27T23:00,22.3,0.00,0.00,0.00,24.1,14.8,166,22.0
2024-06-28T00:00,22.3,0.00,0.00,0.00,24.6,12.9,162,20.9
2024-06-28T01:00,22.4,0.00,0.00,0.00,25.3,10.0,165,18.4
2024-06-28T02:00,22.3,0.00,0.00,0.00,25.8,7.6,175,14.0
2024-06-28T03:00,22.0,0.40,0.00,0.40,26.2,3.0,166,10.4
2024-06-28T04:00,22.1,0.70,0.00,0.70,26.4,1.3,304,3.6
2024-06-28T05:00,21.7,0.60,0.00,0.60,25.2,6.3,336,7.9
2024-06-28T06:00,21.9,0.70,0.00,0.70,25.4,6.1,3,11.5
2024-06-28T07:00,22.1,1.30,0.00,1.30,25.7,6.1,360,10.4
2024-06-28T08:00,22.3,1.60,0.00,1.60,25.9,5.6,45,11.2
2024-06-28T09:00,22.6,4.90,0.00,4.90,26.0,7.3,81,15.1
2024-06-28T10:00,21.8,5.40,0.00,5.40,24.8,6.9,62,17.3
2024-06-28T11:00,22.1,5.50,0.00,5.50,25.8,1.5,225,22.7
2024-06-28T12:00,22.7,3.50,0.00,3.50,24.5,15.0,125,22.0
2024-06-28T13:00,22.9,8.00,0.00,8.00,23.4,27.1,163,54.7
2024-06-28T14:00,23.1,15.50,0.00,15.50,25.1,19.4,228,51.5
2024-06-28T15:00,22.1,4.40,0.00,4.40,24.0,15.3,294,28.8
2024-06-28T16:00,22.4,1.40,0.00,1.40,25.2,8.6,272,24.1
2024-06-28T17:00,22.2,2.70,0.00,2.70,25.3,5.4,274,16.2
2024-06-28T18:00,22.2,1.90,0.00,1.90,25.0,8.3,355,14.4
2024-06-28T19:00,22.0,0.50,0.00,0.50,25.7,3.8,343,13.0
2024-06-28T20:00,21.8,0.30,0.00,0.30,25.6,2.8,40,5.4
2024-06-28T21:00,21.7,1.50,0.00,1.50,25.0,7.1,30,9.4
2024-06-28T22:00,21.7,3.10,0.00,3.10,24.2,10.5,333,23.4
2024-06-28T23:00,21.2,0.10,0.00,0.10,23.5,11.5,358,19.1
2024-06-29T00:00,21.1,0.00,0.00,0.00,23.5,11.3,7,16.9
2024-06-29T01:00,20.9,0.10,0.00,0.10,23.5,9.5,25,16.6
2024-06-29T02:00,20.8,0.30,0.00,0.30,23.1,11.2,4,15.8
2024-06-29T03:00,20.8,0.00,0.00,0.00,23.5,7.6,19,17.3
2024-06-29T04:00,20.8,0.00,0.00,0.00,23.6,6.6,22,11.2
2024-06-29T05:00,20.6,0.00,0.00,0.00,23.1,9.3,16,13.0
2024-06-29T06:00,21.0,0.00,0.00,0.00,23.4,8.9,14,16.2
2024-06-29T07:00,21.4,0.00,0.00,0.00,23.7,9.7,22,15.1
2024-06-29T08:00,22.4,0.00,0.00,0.00,24.6,10.7,50,18.4
2024-06-29T09:00,23.4,0.00,0.00,0.00,25.3,13.0,51,22.0
2024-06-29T10:00,23.8,0.00,0.00,0.00,26.3,7.3,20,14.8
2024-06-29T11:00,24.5,0.00,0.00,0.00,26.7,9.2,39,16.9
2024-06-29T12:00,25.8,0.00,0.00,0.00,28.1,9.7,42,19.1
2024-06-29T13:00,27.2,0.00,0.00,0.00,30.7,7.8,34,19.8
2024-06-29T14:00,28.0,0.00,0.00,0.00,32.0,4.7,58,17.6
2024-06-29T15:00,27.9,0.00,0.00,0.00,30.5,10.5,149,18.0
2024-06-29T16:00,27.3,0.00,0.00,0.00,29.5,13.9,159,23.0
2024-06-29T17:00,27.1,0.00,0.00,0.00,29.5,11.7,162,22.7
2024-06-29T18:00,26.3,0.00,0.00,0.00,29.1,11.7,189,18.4
2024-06-29T19:00,24.2,0.00,0.00,0.00,27.0,12.8,218,17.6
2024-06-29T20:00,23.1,0.00,0.00,0.00,25.1,14.6,200,20.9
2024-06-29T21:00,22.5,0.00,0.00,0.00,24.7,14.5,187,20.9
2024-06-29T22:00,22.6,0.00,0.00,0.00,24.6,16.9,192,26.6
2024-06-29T23:00,22.6,0.00,0.00,0.00,25.0,15.4,191,24.5
2024-06-30T00:00,22.5,0.00,0.00,0.00,24.7,17.0,186,24.8
2024-06-30T01:00,22.6,0.00,0.00,0.00,25.2,15.1,181,24.8
2024-06-30T02:00,22.6,0.00,0.00,0.00,25.6,13.0,185,22.0
2024-06-30T03:00,22.5,0.00,0.00,0.00,25.8,11.2,186,18.7
2024-06-30T04:00,22.3,0.00,0.00,0.00,25.9,8.8,215,15.5
2024-06-30T05:00,22.0,0.00,0.00,0.00,26.0,5.8,300,12.2
2024-06-30T06:00,22.5,0.00,0.00,0.00,26.2,8.0,342,13.0
2024-06-30T07:00,23.3,0.00,0.00,0.00,27.3,5.9,322,13.3
2024-06-30T08:00,24.1,0.00,0.00,0.00,28.3,4.1,322,12.2
2024-06-30T09:00,25.3,0.00,0.00,0.00,29.3,4.9,253,11.5
2024-06-30T10:00,26.6,0.10,0.00,0.10,30.6,5.9,194,13.7
2024-06-30T11:00,27.3,0.10,0.00,0.10,30.7,10.9,186,17.6
2024-06-30T12:00,27.5,0.00,0.00,0.00,31.2,12.2,182,20.9
2024-06-30T13:00,28.1,0.20,0.00,0.20,31.6,12.9,216,19.8
2024-06-30T14:00,28.3,0.30,0.00,0.30,31.5,17.6,206,26.3
2024-06-30T15:00,26.8,0.00,0.00,0.00,27.8,28.0,208,39.6
2024-06-30T16:00,26.7,0.40,0.00,0.40,26.5,37.2,210,53.6
2024-06-30T17:00,25.8,0.40,0.00,0.40,24.7,42.7,210,61.6
2024-06-30T18:00,25.4,0.30,0.00,0.30,24.5,41.7,207,62.6
2024-06-30T19:00,25.3,0.60,0.00,0.60,24.8,39.8,204,60.8
2024-06-30T20:00,25.3,0.10,0.00,0.10,24.4,42.2,206,60.8
2024-06-30T21:00,25.3,0.00,0.00,0.00,23.9,45.1,207,65.5
2024-06-30T22:00,26.1,0.00,0.00,0.00,24.9,47.7,207,69.5
2024-06-30T23:00,25.8,0.00,0.00,0.00,24.0,49.7,210,72.0
2024-07-01T00:00,25.7,0.00,0.00,0.00,23.3,53.5,210,77.8
2024-07-01T01:00,25.6,0.00,0.00,0.00,23.2,54.6,207,78.8
2024-07-01T02:00,25.7,0.00,0.00,0.00,24.3,49.0,205,79.2
2024-07-01T03:00,25.8,1.90,0.00,1.90,24.6,46.1,202,70.9
2024-07-01T04:00,25.7,0.00,0.00,0.00,24.2,47.3,201,68.4
2024-07-01T05:00,25.8,0.00,0.00,0.00,23.5,53.0,208,76.7
2024-07-01T06:00,26.0,0.00,0.00,0.00,23.1,57.1,212,82.8
2024-07-01T07:00,25.9,0.00,0.00,0.00,23.1,56.7,216,85.0
2024-07-01T08:00,26.2,0.00,0.00,0.00,25.5,43.8,214,82.4
2024-07-01T09:00,27.7,0.00,0.00,0.00,29.1,32.3,211,63.4
2024-07-01T10:00,27.6,0.00,0.00,0.00,30.2,25.5,213,45.0
2024-07-01T11:00,26.5,1.10,0.00,1.10,28.7,27.0,211,41.0
2024-07-01T12:00,26.5,1.60,0.00,1.60,29.5,23.0,220,39.2
2024-07-01T13:00,27.1,0.40,0.00,0.40,30.4,22.2,222,35.6
2024-07-01T14:00,27.7,0.00,0.00,0.00,31.8,16.6,246,36.4
2024-07-01T15:00,28.2,0.20,0.00,0.20,34.5,3.4,288,24.5
2024-07-01T16:00,27.8,0.20,0.00,0.20,33.7,5.7,235,10.1
2024-07-01T17:00,27.3,0.50,0.00,0.50,33.9,0.5,225,10.4
2024-07-01T18:00,27.0,0.40,0.00,0.40,33.2,2.9,353,4.7
2024-07-01T19:00,26.1,0.00,0.00,0.00,31.9,6.4,63,11.9
2024-07-01T20:00,25.5,0.00,0.00,0.00,31.1,6.8,90,10.8
2024-07-01T21:00,25.1,0.00,0.00,0.00,30.9,3.6,6,9.4
2024-07-01T22:00,25.0,0.20,0.00,0.20,30.2,6.4,344,6.5
2024-07-01T23:00,24.8,0.20,0.00,0.20,29.3,10.8,4,17.6
2024-07-02T00:00,24.4,0.10,0.00,0.10,29.2,7.6,65,15.1
2024-07-02T01:00,23.9,1.70,0.00,1.70,28.5,8.1,347,11.2
2024-07-02T02:00,23.6,0.40,0.00,0.40,28.5,4.0,333,11.9
2024-07-02T03:00,23.3,1.70,0.00,1.70,27.5,7.4,331,9.0
2024-07-02T04:00,23.4,0.50,0.00,0.50,27.8,6.4,308,15.5
2024-07-02T05:00,23.4,0.20,0.00,0.20,27.5,8.6,345,12.2
2024-07-02T06:00,24.1,0.00,0.00,0.00,28.0,8.9,339,15.1
2024-07-02T07:00,25.3,0.00,0.00,0.00,28.8,13.0,355,20.5
2024-07-02T08:00,26.8,0.00,0.00,0.00,29.9,16.2,4,26.6
2024-07-02T09:00,28.0,0.00,0.00,0.00,31.9,11.0,19,26.6
2024-07-02T10:00,30.0,0.00,0.00,0.00,35.2,6.3,13,18.4
2024-07-02T11:00,30.9,0.00,0.00,0.00,36.4,5.4,20,15.8
2024-07-02T12:00,31.4,0.00,0.00,0.00,37.1,4.1,75,15.5
2024-07-02T13:00,31.2,0.00,0.00,0.00,35.5,4.8,132,13.3
2024-07-02T14:00,30.7,0.00,0.00,0.00,34.6,9.0,143,16.6
2024-07-02T15:00,29.9,0.00,0.00,0.00,33.6,13.9,163,22.7
2024-07-02T16:00,29.2,0.00,0.00,0.00,33.1,12.8,170,22.7
2024-07-02T17:00,28.2,0.00,0.00,0.00,33.2,9.4,180,19.4
2024-07-02T18:00,27.4,0.10,0.00,0.10,32.7,8.4,187,13.7
2024-07-02T19:00,26.4,0.00,0.00,0.00,31.4,7.6,172,13.0
2024-07-02T20:00,25.9,0.00,0.00,0.00,31.4,4.5,76,10.4
2024-07-02T21:00,25.7,0.00,0.00,0.00,30.8,6.4,106,7.6
2024-07-02T22:00,25.4,0.20,0.00,0.20,29.5,9.1,162,15.5
2024-07-02T23:00,25.0,0.00,0.00,0.00,29.8,5.6,165,12.6
2024-07-03T00:00,24.9,0.30,0.00,0.30,29.9,5.4,20,7.6
2024-07-03T01:00,24.7,0.70,0.00,0.70,29.5,8.2,49,10.8
2024-07-03T02:00,24.1,0.00,0.00,0.00,28.1,11.8,20,16.9
2024-07-03T03:00,23.5,0.00,0.00,0.00,26.8,12.1,12,18.7
2024-07-03T04:00,23.0,0.10,0.00,0.10,26.2,10.4,358,17.6
2024-07-03T05:00,22.8,0.00,0.00,0.00,26.0,10.6,342,15.5
2024-07-03T06:00,23.5,0.00,0.00,0.00,26.1,14.5,346,22.3
2024-07-03T07:00,24.1,0.00,0.00,0.00,26.8,13.4,352,22.3
2024-07-03T08:00,25.1,0.00,0.00,0.00,28.5,9.8,354,22.0
2024-07-03T09:00,26.6,0.00,0.00,0.00,30.8,6.9,332,18.4
2024-07-03T10:00,27.8,0.00,0.00,0.00,33.2,3.6,354,19.4
2024-07-03T11:00,29.0,0.00,0.00,0.00,35.2,2.3,72,13.0
2024-07-03T12:00,30.4,0.00,0.00,0.00,36.7,6.1,140,15.1
2024-07-03T13:00,30.9,0.00,0.00,0.00,36.7,9.7,153,20.2
2024-07-03T14:00,31.4,0.00,0.00,0.00,36.9,9.5,171,20.2
2024-07-03T15:00,30.9,0.00,0.00,0.00,35.0,9.8,172,19.4
2024-07-03T16:00,30.4,0.00,0.00,0.00,34.0,15.9,176,24.8
2024-07-03T17:00,28.8,0.00,0.00,0.00,31.6,20.5,190,30.6
2024-07-03T18:00,27.4,0.00,0.00,0.00,30.6,17.0,193,31.0
2024-07-03T19:00,25.7,0.00,0.00,0.00,29.1,15.6,188,25.2
2024-07-03T20:00,25.0,0.00,0.00,0.00,28.6,14.4,167,22.7
2024-07-03T21:00,24.9,0.00,0.00,0.00,28.9,11.6,164,20.5
2024-07-03T22:00,24.6,0.00,0.00,0.00,28.8,10.5,174,19.1
2024-07-03T23:00,24.4,0.00,0.00,0.00,28.9,8.4,190,15.5
2024-07-04T00:00,24.3,0.00,0.00,0.00,28.5,9.5,205,14.4
2024-07-04T01:00,23.8,0.00,0.00,0.00,28.7,4.4,279,13.7
2024-07-04T02:00,23.6,0.00,0.00,0.00,28.0,7.2,323,9.7
2024-07-04T03:00,23.5,0.00,0.00,0.00,27.8,7.9,336,11.2
2024-07-04T04:00,23.6,0.00,0.00,0.00,28.2,5.6,333,10.8
2024-07-04T05:00,23.9,0.00,0.00,0.00,28.4,7.1,345,9.7
2024-07-04T06:00,25.1,0.00,0.00,0.00,30.4,3.6,6,9.7
2024-07-04T07:00,26.6,0.00,0.00,0.00,31.7,8.0,350,15.1
2024-07-04T08:00,28.6,0.00,0.00,0.00,34.1,8.0,355,17.3
2024-07-04T09:00,30.4,0.00,0.00,0.00,36.4,6.8,3,16.9
2024-07-04T10:00,31.4,0.00,0.00,0.00,37.4,11.2,50,22.7
2024-07-04T11:00,32.3,0.00,0.00,0.00,39.5,7.8,56,22.0
2024-07-04T12:00,32.9,0.00,0.00,0.00,39.8,5.5,101,18.0
2024-07-04T13:00,33.0,0.00,0.00,0.00,39.5,9.4,137,21.2
2024-07-04T14:00,33.2,0.00,0.00,0.00,39.1,10.9,136,22.0
2024-07-04T15:00,33.2,0.00,0.00,0.00,37.5,14.4,158,24.1
2024-07-04T16:00,32.3,0.00,0.00,0.00,36.5,14.4,177,24.1
2024-07-04T17:00,31.9,0.00,0.00,0.00,36.6,11.2,174,23.0
2024-07-04T18:00,30.8,0.00,0.00,0.00,36.0,11.5,180,17.6
2024-07-04T19:00,28.7,0.00,0.00,0.00,34.7,9.7,195,16.2
2024-07-04T20:00,27.8,0.00,0.00,0.00,33.2,10.2,219,13.7
2024-07-04T21:00,27.3,0.00,0.00,0.00,31.9,10.2,219,14.4
2024-07-04T22:00,27.3,0.00,0.00,0.00,31.4,13.6,197,18.7
2024-07-04T23:00,26.6,0.00,0.00,0.00,31.0,10.1,356,19.1
2024-07-05T00:00,26.2,0.00,0.00,0.00,31.4,8.0,36,16.9
2024-07-05T01:00,25.4,0.00,0.00,0.00,30.0,10.5,4,14.0
2024-07-05T02:00,24.7,0.00,0.00,0.00,28.3,14.2,344,20.5
2024-07-05T03:00,24.5,0.00,0.00,0.00,27.8,15.6,345,22.0
2024-07-05T04:00,24.5,0.00,0.00,0.00,27.7,15.4,344,22.7
2024-07-05T05:00,24.5,0.00,0.00,0.00,27.9,14.3,350,22.0
2024-07-05T06:00,25.4,0.00,0.00,0.00,29.3,13.3,2,20.5
2024-07-05T07:00,26.5,0.00,0.00,0.00,30.3,13.3,13,22.3
2024-07-05T08:00,27.7,0.00,0.00,0.00,31.7,13.2,11,23.0
2024-07-05T09:00,29.0,0.00,0.00,0.00,33.6,14.0,18,24.8
2024-07-05T10:00,30.5,0.00,0.00,0.00,36.0,11.8,23,24.5
2024-07-05T11:00,31.5,0.00,0.00,0.00,38.2,10.0,30,22.7
2024-07-05T12:00,32.4,0.00,0.00,0.00,39.6,10.0,49,21.2
2024-07-05T13:00,33.2,0.00,0.00,0.00,40.6,8.8,81,20.9
2024-07-05T14:00,33.7,0.00,0.00,0.00,40.7,8.1,122,19.4
2024-07-05T15:00,33.5,0.00,0.00,0.00,39.1,9.7,158,18.4
2024-07-05T16:00,32.6,0.00,0.00,0.00,37.1,12.3,185,21.2
2024-07-05T17:00,31.5,0.00,0.00,0.00,36.4,13.7,178,21.2
2024-07-05T18:00,29.8,0.00,0.00,0.00,34.8,13.3,180,22.0
2024-07-05T19:00,28.1,0.00,0.00,0.00,33.1,10.5,176,19.4
2024-07-05T20:00,26.8,0.00,0.00,0.00,31.7,8.6,158,14.4
2024-07-05T21:00,26.3,0.00,0.00,0.00,31.3,7.9,106,11.9
2024-07-05T22:00,26.5,0.00,0.00,0.00,31.4,12.6,87,18.4
2024-07-05T23:00,25.8,0.00,0.00,0.00,30.3,13.8,57,19.4
2024-07-06T00:00,25.1,0.00,0.00,0.00,30.1,9.4,23,19.4
2024-07-06T01:00,24.9,0.00,0.00,0.00,29.5,12.4,350,18.0
2024-07-06T02:00,25.0,0.00,0.00,0.00,29.5,13.3,360,19.1
2024-07-06T03:00,25.0,0.00,0.00,0.00,29.6,11.2,2,19.8
2024-07-06T04:00,24.7,0.00,0.00,0.00,29.6,8.0,10,16.2
2024-07-06T05:00,24.5,0.00,0.00,0.00,29.6,6.9,6,11.9
2024-07-06T06:00,25.3,0.00,0.00,0.00,30.7,6.5,19,11.9
2024-07-06T07:00,26.7,0.00,0.00,0.00,32.1,7.3,20,15.1
2024-07-06T08:00,28.3,0.00,0.00,0.00,33.4,8.0,352,16.9
2024-07-06T09:00,29.7,0.00,0.00,0.00,35.4,7.2,357,17.6
2024-07-06T10:00,31.2,0.00,0.00,0.00,38.0,4.7,81,15.1
2024-07-06T11:00,32.2,0.00,0.00,0.00,39.6,4.5,76,14.8
2024-07-06T12:00,33.0,0.00,0.00,0.00,40.4,5.0,111,14.8
2024-07-06T13:00,33.1,0.00,0.00,0.00,39.2,8.5,144,17.6
2024-07-06T14:00,33.6,0.00,0.00,0.00,40.2,9.1,146,20.2
2024-07-06T15:00,33.7,0.00,0.00,0.00,38.6,9.7,149,19.1
2024-07-06T16:00,31.4,0.80,0.00,0.80,35.9,13.5,115,23.4
2024-07-06T17:00,29.9,0.00,0.00,0.00,35.0,6.9,81,22.3
2024-07-06T18:00,28.8,0.30,0.00,0.30,32.7,12.8,79,18.0
2024-07-06T19:00,27.8,0.00,0.00,0.00,31.6,12.0,74,19.1
2024-07-06T20:00,27.2,0.00,0.00,0.00,31.7,8.2,61,16.9
2024-07-06T21:00,26.8,0.00,0.00,0.00,32.0,7.1,15,10.8
2024-07-06T22:00,26.3,0.00,0.00,0.00,31.4,4.3,312,5.0
2024-07-06T23:00,25.7,0.00,0.00,0.00,31.1,3.4,252,5.4
2024-07-07T00:00,25.4,0.00,0.00,0.00,30.4,4.9,163,5.4
2024-07-07T01:00,25.7,0.00,0.00,0.00,30.7,2.1,121,6.5
2024-07-07T02:00,25.0,0.00,0.00,0.00,30.0,3.1,144,2.9
2024-07-07T03:00,24.6,0.00,0.00,0.00,29.5,4.4,145,5.8
2024-07-07T04:00,24.6,0.00,0.00,0.00,29.5,4.0,185,5.0
2024-07-07T05:00,24.5,0.00,0.00,0.00,29.4,5.2,304,6.1
2024-07-07T06:00,25.3,0.00,0.00,0.00,30.7,3.6,323,8.3
2024-07-07T07:00,26.8,0.00,0.00,0.00,32.1,4.7,328,11.5
2024-07-07T08:00,28.1,0.00,0.00,0.00,33.9,2.3,321,12.2
2024-07-07T09:00,29.2,0.00,0.00,0.00,35.8,3.3,193,12.2
2024-07-07T10:00,30.5,0.00,0.00,0.00,38.1,5.2,164,15.8
2024-07-07T11:00,31.3,0.00,0.00,0.00,39.6,8.1,135,18.4
2024-07-07T12:00,31.6,0.00,0.00,0.00,40.0,10.7,130,22.3
2024-07-07T13:00,32.1,0.00,0.00,0.00,39.8,11.0,139,22.3
2024-07-07T14:00,32.5,0.00,0.00,0.00,39.1,12.1,143,23.4
2024-07-07T15:00,32.9,0.00,0.00,0.00,38.9,10.4,136,23.0
2024-07-07T16:00,32.9,0.00,0.00,0.00,38.5,10.8,143,20.2
2024-07-07T17:00,32.6,0.00,0.00,0.00,38.5,9.8,152,19.4
2024-07-07T18:00,31.4,0.00,0.00,0.00,37.9,9.3,152,16.6
2024-07-07T19:00,29.4,0.00,0.00,0.00,35.8,9.2,159,13.7
2024-07-07T20:00,28.3,0.00,0.00,0.00,34.7,6.9,171,12.6
2024-07-07T21:00,27.7,0.00,0.00,0.00,34.5,3.7,349,8.6
2024-07-07T22:00,27.0,0.00,0.00,0.00,32.2,11.4,28,15.8
2024-07-07T23:00,26.2,0.00,0.00,0.00,31.2,10.8,360,16.2
2024-07-08T00:00,26.0,0.00,0.00,0.00,31.1,10.9,351,16.6
2024-07-08T01:00,25.8,0.00,0.00,0.00,31.4,7.3,351,15.5
2024-07-08T02:00,25.6,0.00,0.00,0.00,30.8,8.7,336,12.2
2024-07-08T03:00,25.3,0.00,0.00,0.00,31.0,4.0,333,11.9
2024-07-08T04:00,25.2,0.00,0.00,0.00,30.7,4.7,360,5.4
2024-07-08T05:00,25.8,0.00,0.00,0.00,31.9,2.1,239,5.4
2024-07-08T06:00,27.0,0.00,0.00,0.00,33.3,3.1,216,6.8
2024-07-08T07:00,28.4,0.00,0.00,0.00,34.9,2.2,180,7.2
2024-07-08T08:00,30.1,0.00,0.00,0.00,36.5,4.7,157,12.6
2024-07-08T09:00,31.2,0.00,0.00,0.00,38.1,7.1,156,16.6
2024-07-08T10:00,33.3,0.00,0.00,0.00,41.1,4.3,114,14.0
2024-07-08T11:00,34.0,0.00,0.00,0.00,42.0,8.6,112,18.7
2024-07-08T12:00,34.3,0.00,0.00,0.00,41.7,12.2,124,23.4
2024-07-08T13:00,34.2,0.00,0.00,0.00,39.4,12.5,129,23.8
2024-07-08T14:00,34.7,0.00,0.00,0.00,40.2,8.4,121,22.7
2024-07-08T15:00,35.3,0.00,0.00,0.00,41.3,8.7,114,17.6
2024-07-08T16:00,35.1,0.00,0.00,0.00,40.4,8.9,122,18.7
2024-07-08T17:00,34.5,0.00,0.00,0.00,39.8,9.7,135,16.9
2024-07-08T18:00,32.8,0.00,0.00,0.00,38.7,12.4,163,17.6
2024-07-08T19:00,30.6,0.00,0.00,0.00,37.5,8.0,188,18.0
2024-07-08T20:00,29.6,0.00,0.00,0.00,36.7,5.9,194,10.8
2024-07-08T21:00,29.8,0.00,0.00,0.00,37.1,0.7,360,7.6
2024-07-08T22:00,28.2,0.00,0.00,0.00,32.6,17.2,53,23.8
2024-07-08T23:00,27.2,0.00,0.00,0.00,32.8,8.7,5,24.8
2024-07-09T00:00,26.4,0.00,0.00,0.00,30.7,14.0,360,20.2
2024-07-09T01:00,25.9,0.00,0.00,0.00,30.5,9.6,347,20.2
2024-07-09T02:00,25.7,0.00,0.00,0.00,30.9,5.5,328,13.7
2024-07-09T03:00,25.5,0.00,0.00,0.00,30.2,8.4,329,11.9
2024-07-09T04:00,25.0,0.00,0.00,0.00,30.5,3.6,6,11.9
2024-07-09T05:00,25.1,0.00,0.00,0.00,30.9,1.3,146,4.3
2024-07-09T06:00,26.1,0.00,0.00,0.00,31.8,2.3,219,6.8
2024-07-09T07:00,27.7,0.00,0.00,0.00,33.1,5.6,165,11.9
2024-07-09T08:00,29.2,0.00,0.00,0.00,34.6,9.1,171,18.0
2024-07-09T09:00,30.7,0.00,0.00,0.00,36.4,8.6,195,18.4
2024-07-09T10:00,31.8,0.00,0.00,0.00,36.2,15.5,228,26.3
2024-07-09T11:00,32.4,0.00,0.00,0.00,35.5,20.4,222,32.0
2024-07-09T12:00,33.1,0.00,0.00,0.00,35.8,24.7,224,38.5
2024-07-09T13:00,33.7,0.00,0.00,0.00,36.8,25.0,216,39.6
2024-07-09T14:00,33.1,0.00,0.00,0.00,36.1,23.4,224,39.2
2024-07-09T15:00,31.4,0.00,0.00,0.00,35.1,19.1,216,36.7
2024-07-09T16:00,29.9,0.00,0.00,0.00,33.7,18.2,218,30.6
2024-07-09T17:00,29.4,0.00,0.00,0.00,33.8,14.2,210,26.6
2024-07-09T18:00,29.1,0.00,0.00,0.00,34.3,10.5,207,21.2
2024-07-09T19:00,28.3,0.00,0.00,0.00,34.0,7.7,229,15.8
2024-07-09T20:00,27.8,0.00,0.00,0.00,33.5,7.4,194,10.8
2024-07-09T21:00,27.4,0.00,0.00,0.00,32.9,7.7,229,11.9
2024-07-09T22:00,27.9,0.00,0.00,0.00,33.7,4.8,243,10.8
2024-07-09T23:00,27.5,0.00,0.00,0.00,32.8,8.0,288,10.1
2024-07-10T00:00,27.2,0.00,0.00,0.00,32.0,12.2,336,16.6
2024-07-10T01:00,26.8,0.00,0.00,0.00,29.9,13.8,353,19.8
2024-07-10T02:00,25.7,0.00,0.00,0.00,28.2,13.7,357,19.8
2024-07-10T03:00,25.2,0.00,0.00,0.00,28.2,12.6,347,19.4
2024-07-10T04:00,24.8,0.00,0.00,0.00,28.7,9.4,2,18.0
2024-07-10T05:00,25.0,0.00,0.00,0.00,29.7,7.2,360,12.6
2024-07-10T06:00,26.3,0.00,0.00,0.00,31.5,6.2,21,10.8
2024-07-10T07:00,27.7,0.00,0.00,0.00,32.6,8.7,38,16.6
2024-07-10T08:00,28.9,0.00,0.00,0.00,34.5,5.7,72,16.6
2024-07-10T09:00,30.1,0.00,0.00,0.00,36.2,2.5,82,14.4
2024-07-10T10:00,32.3,0.00,0.00,0.00,37.8,7.6,155,17.3
2024-07-10T11:00,32.4,0.00,0.00,0.00,36.8,10.8,159,20.9
2024-07-10T12:00,31.9,0.00,0.00,0.00,35.6,13.1,172,22.7
2024-07-10T13:00,32.0,0.00,0.00,0.00,34.9,15.0,190,25.2
2024-07-10T14:00,31.6,0.00,0.00,0.00,35.0,11.9,183,24.8
2024-07-10T15:00,31.3,0.00,0.00,0.00,34.2,17.9,210,27.0
2024-07-10T16:00,30.8,0.00,0.00,0.00,32.9,23.3,212,34.6
2024-07-10T17:00,28.8,0.20,0.00,0.20,30.5,28.2,212,40.0
2024-07-10T18:00,27.5,0.80,0.00,0.80,28.5,33.5,208,49.0
2024-07-10T19:00,26.8,0.80,0.00,0.80,27.3,38.0,200,55.1
2024-07-10T20:00,26.7,0.10,0.00,0.10,27.4,37.0,214,57.2
2024-07-10T21:00,26.4,0.00,0.00,0.00,27.7,32.5,211,54.0
2024-07-10T22:00,26.9,0.00,0.00,0.00,31.0,16.1,228,34.9
2024-07-10T23:00,26.7,0.00,0.00,0.00,29.6,23.8,212,32.8
2024-07-11T00:00,26.9,0.00,0.00,0.00,27.1,40.8,209,58.3
2024-07-11T01:00,27.2,0.00,0.00,0.00,27.3,42.2,211,61.9
2024-07-11T02:00,27.2,0.00,0.00,0.00,26.3,47.6,213,69.1
2024-07-11T03:00,26.5,0.00,0.00,0.00,26.1,42.9,212,69.5
2024-07-11T04:00,26.6,0.00,0.00,0.00,26.5,42.4,209,62.3
2024-07-11T05:00,26.8,0.00,0.00,0.00,26.1,47.3,207,68.8
2024-07-11T06:00,26.8,0.00,0.00,0.00,25.4,50.4,207,73.4
2024-07-11T07:00,27.1,0.00,0.00,0.00,27.1,39.0,210,72.7
2024-07-11T08:00,28.1,0.00,0.00,0.00,29.2,33.5,219,56.9
2024-07-11T09:00,27.7,0.10,0.00,0.10,30.4,20.9,238,49.3
2024-07-11T10:00,27.4,0.80,0.00,0.80,32.1,9.1,261,19.4
2024-07-11T11:00,28.6,0.00,0.00,0.00,34.0,5.2,258,16.6
2024-07-11T12:00,29.3,0.00,0.00,0.00,33.3,11.5,231,18.7
2024-07-11T13:00,29.5,0.00,0.00,0.00,31.4,23.1,211,34.2
2024-07-11T14:00,28.8,0.00,0.00,0.00,30.7,24.6,207,38.5
2024-07-11T15:00,28.8,0.00,0.00,0.00,31.4,20.6,213,40.0
2024-07-11T16:00,28.6,0.00,0.00,0.00,31.9,16.9,220,32.4
2024-07-11T17:00,28.2,0.00,0.00,0.00,32.1,14.9,278,26.3
2024-07-11T18:00,26.8,0.00,0.00,0.00,29.7,18.5,352,28.1
2024-07-11T19:00,25.6,0.00,0.00,0.00,30.1,7.5,343,26.6
2024-07-11T20:00,25.2,0.00,0.00,0.00,29.9,5.6,15,10.1
2024-07-11T21:00,24.8,0.00,0.00,0.00,29.4,5.6,15,8.6
2024-07-11T22:00,25.4,0.00,0.00,0.00,30.7,3.1,315,6.5
2024-07-11T23:00,25.5,0.00,0.00,0.00,30.9,1.6,207,4.0
2024-07-12T00:00,25.1,0.00,0.00,0.00,30.3,3.5,24,3.2
2024-07-12T01:00,24.8,0.00,0.00,0.00,29.6,6.1,3,8.3
2024-07-12T02:00,24.5,0.00,0.00,0.00,29.2,6.9,354,9.0
2024-07-12T03:00,24.3,0.00,0.00,0.00,29.2,5.4,356,10.1
2024-07-12T04:00,24.1,0.00,0.00,0.00,29.0,6.1,3,8.3
2024-07-12T05:00,24.0,0.40,0.00,0.40,28.3,9.1,9,11.9
2024-07-12T06:00,23.6,0.60,0.00,0.60,26.1,17.0,13,24.8
2024-07-12T07:00,23.7,0.50,0.00,0.50,26.5,12.3,7,25.6
2024-07-12T08:00,23.9,0.60,0.00,0.60,26.6,11.0,349,19.4
2024-07-12T09:00,23.9,0.60,0.00,0.60,26.7,10.4,2,18.7
2024-07-12T10:00,23.7,2.00,0.00,2.00,27.0,10.4,44,19.4
2024-07-12T11:00,24.3,1.50,0.00,1.50,27.7,12.2,56,20.2
2024-07-12T12:00,24.9,3.30,0.00,3.30,29.6,3.4,18,20.2
2024-07-12T13:00,24.9,0.80,0.00,0.80,29.6,2.9,270,12.2
2024-07-12T14:00,24.6,0.60,0.00,0.60,29.5,1.4,180,9.4
2024-07-12T15:00,25.7,0.50,0.00,0.50,29.3,11.4,156,22.0
2024-07-12T16:00,24.5,1.20,0.00,1.20,27.8,11.2,159,20.9
2024-07-12T17:00,24.8,2.70,0.00,2.70,29.2,2.9,7,17.6
2024-07-12T18:00,24.1,0.90,0.00,0.90,27.7,9.2,26,14.0
2024-07-12T19:00,23.5,0.50,0.00,0.50,27.3,8.1,13,14.4
2024-07-12T20:00,23.4,0.10,0.00,0.10,27.5,6.8,25,15.5
2024-07-12T21:00,23.1,0.10,0.00,0.10,26.7,10.3,12,14.8
2024-07-12T22:00,22.6,0.40,0.00,0.40,24.6,17.7,348,28.1
2024-07-12T23:00,22.5,0.30,0.00,0.30,24.8,15.5,347,26.3
2024-07-13T00:00,22.4,0.30,0.00,0.30,24.6,15.4,344,23.0
2024-07-13T01:00,22.5,0.10,0.00,0.10,24.7,14.0,348,22.7
2024-07-13T02:00,22.4,0.00,0.00,0.00,25.0,11.6,344,20.5
2024-07-13T03:00,22.0,0.00,0.00,0.00,24.8,9.7,333,16.6
2024-07-13T04:00,21.4,0.00,0.00,0.00,24.6,6.4,322,14.0
2024-07-13T05:00,21.4,0.00,0.00,0.00,24.5,6.5,264,8.6
2024-07-13T06:00,22.6,0.00,0.00,0.00,26.2,6.2,234,10.8
2024-07-13T07:00,24.8,0.00,0.00,0.00,28.0,7.2,207,13.7
2024-07-13T08:00,26.1,0.00,0.00,0.00,28.9,10.9,197,18.7
2024-07-13T09:00,27.5,0.00,0.00,0.00,30.9,10.4,182,20.9
2024-07-13T10:00,28.2,0.00,0.00,0.00,32.4,9.7,158,20.9
2024-07-13T11:00,28.7,0.00,0.00,0.00,32.3,13.4,166,23.8
2024-07-13T12:00,29.2,0.00,0.00,0.00,32.4,16.4,171,28.1
2024-07-13T13:00,29.2,0.00,0.00,0.00,32.0,16.0,171,28.4
2024-07-13T14:00,30.3,0.00,0.00,0.00,33.9,16.0,166,27.7
2024-07-13T15:00,29.8,0.00,0.00,0.00,31.7,21.3,177,32.4
2024-07-13T16:00,28.5,0.00,0.00,0.00,28.7,26.1,187,38.5
2024-07-13T17:00,26.7,0.10,0.00,0.10,27.4,24.9,185,39.2
2024-07-13T18:00,25.1,1.50,0.00,1.50,26.8,19.7,171,36.4
2024-07-13T19:00,24.6,0.80,0.00,0.80,26.5,19.7,162,28.8
2024-07-13T20:00,24.5,0.70,0.00,0.70,27.0,18.3,165,28.8
2024-07-13T21:00,24.5,0.20,0.00,0.20,27.7,13.8,165,26.3
2024-07-13T22:00,24.8,0.00,0.00,0.00,27.7,16.4,165,24.5
2024-07-13T23:00,24.5,0.00,0.00,0.00,27.3,15.8,163,23.8
2024-07-14T00:00,24.2,0.00,0.00,0.00,27.8,10.2,162,22.7
2024-07-14T01:00,24.1,0.00,0.00,0.00,28.3,7.2,183,14.8
2024-07-14T02:00,23.9,0.00,0.00,0.00,28.1,8.2,157,11.5
2024-07-14T03:00,24.0,0.10,0.00,0.10,28.4,7.1,156,12.2
2024-07-14T04:00,24.0,0.30,0.00,0.30,28.8,4.6,141,10.1
2024-07-14T05:00,24.0,0.70,0.00,0.70,28.5,6.9,99,9.4
2024-07-14T06:00,24.2,1.10,0.00,1.10,28.8,6.6,81,11.2
2024-07-14T07:00,24.5,0.70,0.00,0.70,28.5,10.5,86,16.2
2024-07-14T08:00,24.9,0.70,0.00,0.70,28.7,10.8,90,17.3
2024-07-14T09:00,25.9,0.20,0.00,0.20,30.1,8.0,100,17.6
2024-07-14T10:00,25.9,0.30,0.00,0.30,30.2,8.9,122,17.3
2024-07-14T11:00,27.4,0.40,0.00,0.40,31.5,9.5,171,18.4
2024-07-14T12:00,28.5,0.30,0.00,0.30,33.8,11.2,176,23.0
2024-07-14T13:00,29.1,0.20,0.00,0.20,34.2,11.4,167,24.5
2024-07-14T14:00,29.2,0.90,0.00,0.90,33.3,15.5,162,27.4
2024-07-14T15:00,28.9,5.60,0.00,5.60,32.5,19.6,167,32.4
2024-07-14T16:00,27.5,1.50,0.00,1.50,31.1,16.1,200,32.8
2024-07-14T17:00,28.0,0.20,0.00,0.20,31.8,15.0,197,25.2
2024-07-14T18:00,27.5,0.40,0.00,0.40,32.2,9.2,201,22.7
2024-07-14T19:00,26.5,0.40,0.00,0.40,31.7,6.2,324,13.3
2024-07-14T20:00,25.3,0.00,0.00,0.00,29.5,13.4,340,18.4
2024-07-14T21:00,24.7,0.00,0.00,0.00,29.1,12.5,348,19.8
2024-07-14T22:00,24.6,0.00,0.00,0.00,29.2,10.6,350,15.1
2024-07-14T23:00,24.2,0.00,0.00,0.00,28.1,13.7,360,19.4
2024-07-15T00:00,23.8,0.00,0.00,0.00,27.8,12.2,14,19.8
2024-07-15T01:00,23.6,0.00,0.00,0.00,27.7,11.1,29,17.6
2024-07-15T02:00,23.5,0.00,0.00,0.00,27.7,10.0,30,15.8
2024-07-15T03:00,23.6,0.00,0.00,0.00,28.1,8.7,30,14.8
2024-07-15T04:00,23.9,0.00,0.00,0.00,28.7,8.0,63,13.3
2024-07-15T05:00,24.2,0.00,0.00,0.00,29.6,5.4,110,12.2
2024-07-15T06:00,24.8,0.00,0.00,0.00,29.8,7.9,164,12.2
2024-07-15T07:00,25.6,0.00,0.00,0.00,29.7,12.1,190,18.4
2024-07-15T08:00,26.6,0.00,0.00,0.00,30.7,12.0,226,19.4
2024-07-15T09:00,27.0,0.00,0.00,0.00,31.0,13.7,293,21.2
2024-07-15T10:00,26.8,0.00,0.00,0.00,28.5,28.2,332,41.4
2024-07-15T11:00,25.7,0.00,0.00,0.00,26.8,30.1,354,45.7
2024-07-15T12:00,25.9,0.00,0.00,0.00,26.7,30.6,21,47.2
2024-07-15T13:00,25.6,0.00,0.00,0.00,26.4,27.3,42,47.2
2024-07-15T14:00,26.4,0.00,0.00,0.00,28.5,18.6,46,41.4
2024-07-15T15:00,26.2,0.30,0.00,0.30,28.8,15.1,33,29.5
2024-07-15T16:00,25.6,0.10,0.00,0.10,28.1,15.8,45,26.3
2024-07-15T17:00,25.5,0.00,0.00,0.00,28.0,15.6,52,24.8
2024-07-15T18:00,24.6,0.00,0.00,0.00,26.8,16.2,58,24.8
2024-07-15T19:00,23.7,0.00,0.00,0.00,26.4,12.4,64,24.1
2024-07-15T20:00,23.1,0.00,0.00,0.00,25.6,12.2,56,18.0
2024-07-15T21:00,22.5,0.00,0.00,0.00,25.0,10.5,68,18.4
2024-07-15T22:00,22.7,0.00,0.00,0.00,25.9,6.8,58,12.6
2024-07-15T23:00,22.4,0.00,0.00,0.00,25.5,6.8,58,10.1
2024-07-16T00:00,22.2,0.00,0.00,0.00,25.7,4.1,15,10.4
2024-07-16T01:00,22.0,0.00,0.00,0.00,25.1,6.0,25,8.6
2024-07-16T02:00,21.7,0.40,0.00,0.40,24.4,7.7,11,10.8
2024-07-16T03:00,21.4,0.40,0.00,0.40,24.6,4.6,342,11.9
2024-07-16T04:00,21.4,0.10,0.00,0.10,24.6,4.4,351,7.9
2024-07-16T05:00,21.3,0.00,0.00,0.00,24.4,5.2,344,9.4
2024-07-16T06:00,21.8,0.00,0.00,0.00,25.0,4.3,5,8.6
2024-07-16T07:00,22.0,0.10,0.00,0.10,25.0,6.0,33,11.5
2024-07-16T08:00,22.8,0.70,0.00,0.70,25.8,7.5,55,13.3
2024-07-16T09:00,23.3,1.20,0.00,1.20,26.1,8.7,73,15.5
2024-07-16T10:00,24.5,0.40,0.00,0.40,27.2,13.4,95,22.3
2024-07-16T11:00,25.5,1.30,0.00,1.30,28.2,15.3,109,23.8
2024-07-16T12:00,25.4,0.90,0.00,0.90,27.9,17.9,124,27.4
2024-07-16T13:00,25.9,0.10,0.00,0.10,28.2,18.9,130,30.6
2024-07-16T14:00,26.4,0.20,0.00,0.20,28.8,19.6,133,31.7
2024-07-16T15:00,26.0,0.90,0.00,0.90,28.8,16.9,142,29.9
2024-07-16T16:00,26.4,0.30,0.00,0.30,29.8,14.8,139,27.7
2024-07-16T17:00,26.0,2.20,0.00,2.20,29.1,15.5,152,27.0
2024-07-16T18:00,25.0,0.40,0.00,0.40,28.8,11.9,166,23.8
2024-07-16T19:00,24.6,0.80,0.00,0.80,29.6,4.7,176,16.9
2024-07-16T20:00,24.5,1.60,0.00,1.60,29.6,2.6,304,6.8
2024-07-16T21:00,24.2,0.50,0.00,0.50,29.2,3.1,339,5.0
2024-07-16T22:00,22.9,7.20,0.00,7.20,26.9,7.6,360,20.9
2024-07-16T23:00,22.6,0.10,0.00,0.10,25.1,15.8,343,23.4
2024-07-17T00:00,22.3,0.00,0.00,0.00,25.0,13.7,358,23.8
2024-07-17T01:00,22.3,0.20,0.00,0.20,25.8,8.8,12,20.5
2024-07-17T02:00,22.2,0.20,0.00,0.20,25.6,9.2,31,14.8
2024-07-17T03:00,22.3,0.50,0.00,0.50,26.1,6.2,21,13.3
2024-07-17T04:00,22.2,0.80,0.00,0.80,25.8,8.1,13,14.4
2024-07-17T05:00,22.1,1.10,0.00,1.10,25.2,10.8,2,15.5
2024-07-17T06:00,22.4,0.70,0.00,0.70,25.4,12.3,339,20.5
2024-07-17T07:00,23.3,0.30,0.00,0.30,26.7,9.4,342,19.4
2024-07-17T08:00,24.9,0.10,0.00,0.10,28.6,9.4,342,19.1
2024-07-17T09:00,25.9,0.10,0.00,0.10,29.2,12.2,358,21.2
2024-07-17T10:00,26.7,0.60,0.00,0.60,30.6,7.4,346,15.5
2024-07-17T11:00,27.9,0.10,0.00,0.10,31.8,9.8,352,19.1
2024-07-17T12:00,29.1,0.00,0.00,0.00,33.7,10.1,4,21.2
2024-07-17T13:00,29.6,0.00,0.00,0.00,33.3,7.9,39,20.2
2024-07-17T14:00,30.0,0.00,0.00,0.00,34.4,3.6,53,16.6
2024-07-17T15:00,30.1,0.00,0.00,0.00,34.5,4.0,153,11.5
2024-07-17T16:00,29.6,0.00,0.00,0.00,34.0,7.4,166,13.0
2024-07-17T17:00,28.7,0.00,0.00,0.00,33.1,12.4,170,19.4
2024-07-17T18:00,27.6,0.00,0.00,0.00,31.9,14.1,186,21.2
2024-07-17T19:00,26.5,0.00,0.00,0.00,30.9,11.4,204,20.5
2024-07-17T20:00,25.9,0.00,0.00,0.00,30.5,9.2,219,15.8
2024-07-17T21:00,25.2,0.10,0.00,0.10,30.6,5.1,262,13.0
2024-07-17T22:00,25.0,0.80,0.00,0.80,29.5,9.7,15,15.1
2024-07-17T23:00,24.5,0.50,0.00,0.50,29.0,9.2,31,19.8
2024-07-18T00:00,24.3,0.00,0.00,0.00,29.4,5.8,4,13.0
2024-07-18T01:00,23.5,0.00,0.00,0.00,28.4,5.1,352,7.9
2024-07-18T02:00,23.4,0.00,0.00,0.00,28.1,5.6,315,7.2
2024-07-18T03:00,23.3,0.00,0.00,0.00,27.9,6.9,317,9.7
2024-07-18T04:00,23.2,0.00,0.00,0.00,27.6,7.3,349,10.8
2024-07-18T05:00,23.5,0.00,0.00,0.00,28.4,5.5,23,10.1
2024-07-18T06:00,23.7,0.00,0.00,0.00,28.9,4.1,52,9.4
2024-07-18T07:00,25.2,0.00,0.00,0.00,30.9,1.5,166,9.7
2024-07-18T08:00,26.5,0.00,0.00,0.00,32.0,1.8,90,8.3
2024-07-18T09:00,28.0,0.00,0.00,0.00,33.3,3.0,104,10.8
2024-07-18T10:00,28.2,0.00,0.00,0.00,33.9,2.4,117,11.2
2024-07-18T11:00,29.2,0.00,0.00,0.00,34.8,6.8,148,15.8
2024-07-18T12:00,30.0,0.00,0.00,0.00,37.0,9.7,141,20.2
2024-07-18T13:00,30.5,0.00,0.00,0.00,37.1,10.4,136,21.6
2024-07-18T14:00,31.1,0.00,0.00,0.00,36.3,13.4,144,23.4
2024-07-18T15:00,30.8,0.00,0.00,0.00,34.8,18.2,162,30.2
2024-07-18T16:00,30.3,0.00,0.00,0.00,34.2,15.5,176,29.9
2024-07-18T17:00,29.4,0.00,0.00,0.00,33.4,15.1,179,25.2
2024-07-18T18:00,28.2,0.00,0.00,0.00,32.5,14.8,177,23.4
2024-07-18T19:00,26.8,0.00,0.00,0.00,31.2,14.1,177,21.6
2024-07-18T20:00,26.3,0.00,0.00,0.00,30.7,13.4,156,20.5
2024-07-18T21:00,25.9,0.00,0.00,0.00,31.0,9.0,157,19.1
2024-07-18T22:00,26.0,0.00,0.00,0.00,31.1,6.8,155,12.2
2024-07-18T23:00,25.6,0.00,0.00,0.00,30.4,8.2,195,11.5
2024-07-19T00:00,25.1,0.00,0.00,0.00,29.8,9.1,214,13.0
2024-07-19T01:00,24.9,0.00,0.00,0.00,29.8,7.7,229,13.0
2024-07-19T02:00,24.5,0.00,0.00,0.00,29.4,7.7,242,11.5
2024-07-19T03:00,24.3,0.00,0.00,0.00,29.4,6.8,273,11.5
2024-07-19T04:00,24.1,0.00,0.00,0.00,29.4,5.5,281,10.1
2024-07-19T05:00,24.1,0.00,0.00,0.00,29.8,2.9,270,7.6
2024-07-19T06:00,24.7,0.00,0.00,0.00,30.8,1.6,207,5.4
2024-07-19T07:00,26.2,0.00,0.00,0.00,32.0,4.1,135,9.7
2024-07-19T08:00,27.5,0.00,0.00,0.00,33.1,4.8,138,13.0
2024-07-19T09:00,28.4,0.00,0.00,0.00,34.0,3.1,126,13.0
2024-07-19T10:00,31.1,0.00,0.00,0.00,37.9,4.1,225,13.7
2024-07-19T11:00,31.4,0.00,0.00,0.00,36.7,4.3,180,13.7
2024-07-19T12:00,32.1,0.00,0.00,0.00,37.4,6.5,183,15.5
2024-07-19T13:00,32.5,0.00,0.00,0.00,38.1,9.4,162,18.4
2024-07-19T14:00,32.1,0.00,0.00,0.00,37.0,14.2,173,23.8
2024-07-19T15:00,32.1,0.00,0.00,0.00,36.7,15.8,181,25.9
2024-07-19T16:00,31.7,0.00,0.00,0.00,36.4,17.0,201,27.0
2024-07-19T17:00,30.7,0.00,0.00,0.00,35.6,15.8,204,26.6
2024-07-19T18:00,29.7,0.00,0.00,0.00,34.8,14.2,207,24.5
2024-07-19T19:00,28.4,0.00,0.00,0.00,33.7,11.6,206,20.9
2024-07-19T20:00,27.7,0.00,0.00,0.00,33.0,11.6,210,16.6
2024-07-19T21:00,27.3,0.00,0.00,0.00,32.6,11.3,211,16.9
2024-07-19T22:00,27.5,0.00,0.00,0.00,32.6,13.1,212,19.4
2024-07-19T23:00,27.3,0.00,0.00,0.00,32.6,11.2,213,19.1
2024-07-20T00:00,26.9,0.00,0.00,0.00,31.7,14.0,209,19.8
2024-07-20T01:00,26.6,0.00,0.00,0.00,31.5,13.1,217,20.9
2024-07-20T02:00,26.4,0.00,0.00,0.00,31.4,11.7,227,19.1
2024-07-20T03:00,26.1,0.00,0.00,0.00,31.1,10.2,238,16.9
2024-07-20T04:00,26.0,0.00,0.00,0.00,31.0,9.4,268,14.8
2024-07-20T05:00,25.7,0.00,0.00,0.00,31.4,5.2,258,13.3
2024-07-20T06:00,27.0,0.00,0.00,0.00,33.2,3.4,212,7.6
2024-07-20T07:00,28.5,0.00,0.00,0.00,35.3,2.9,210,9.0
2024-07-20T08:00,29.9,0.00,0.00,0.00,37.1,2.2,180,10.1
2024-07-20T09:00,31.1,0.00,0.00,0.00,38.2,4.8,138,13.7
2024-07-20T10:00,33.2,0.00,0.00,0.00,40.7,3.6,96,14.8
2024-07-20T11:00,34.0,0.00,0.00,0.00,41.2,5.7,72,15.1
2024-07-20T12:00,34.6,0.00,0.00,0.00,43.4,3.6,84,15.8
2024-07-20T13:00,35.2,0.00,0.00,0.00,43.5,6.1,28,21.2
2024-07-20T14:00,34.7,0.60,0.00,0.60,40.7,14.7,11,25.6
2024-07-20T15:00,34.5,0.10,0.00,0.10,40.2,14.8,23,26.6
2024-07-20T16:00,33.1,0.30,0.00,0.30,38.2,17.2,61,27.7
2024-07-20T17:00,32.2,0.00,0.00,0.00,37.9,14.2,69,27.4
2024-07-20T18:00,30.7,0.00,0.00,0.00,35.7,20.1,80,29.9
2024-07-20T19:00,29.2,0.00,0.00,0.00,34.7,15.5,91,29.2
2024-07-20T20:00,28.4,0.00,0.00,0.00,33.2,15.2,104,22.3
2024-07-20T21:00,27.8,0.10,0.00,0.10,33.4,8.6,112,21.6
2024-07-20T22:00,27.4,1.40,0.00,1.40,32.6,10.8,75,13.7
2024-07-20T23:00,26.1,11.40,0.00,11.40,30.7,7.2,37,22.7
2024-07-21T00:00,25.7,3.40,0.00,3.40,30.9,4.1,105,11.5
2024-07-21T01:00,24.9,15.00,0.00,15.00,29.2,10.6,298,18.4
2024-07-21T02:00,25.2,0.70,0.00,0.70,30.7,2.6,164,15.8
2024-07-21T03:00,24.8,0.10,0.00,0.10,29.1,10.8,240,15.1
2024-07-21T04:00,25.0,0.10,0.00,0.10,30.5,2.8,310,15.8
2024-07-21T05:00,24.4,0.00,0.00,0.00,29.8,3.6,323,5.8
2024-07-21T06:00,25.4,0.00,0.00,0.00,31.0,2.2,9,7.6
2024-07-21T07:00,26.3,0.00,0.00,0.00,31.6,3.6,315,9.7
2024-07-21T08:00,27.8,0.00,0.00,0.00,32.9,5.0,291,13.7
2024-07-21T09:00,29.4,0.00,0.00,0.00,35.0,2.1,239,13.7
2024-07-21T10:00,30.7,0.00,0.00,0.00,37.1,5.7,198,16.9
2024-07-21T11:00,31.6,0.00,0.00,0.00,38.3,8.3,182,18.0
2024-07-21T12:00,32.1,0.00,0.00,0.00,38.7,10.8,184,21.6
2024-07-21T13:00,32.2,0.00,0.00,0.00,37.7,13.7,177,24.1
2024-07-21T14:00,32.0,0.00,0.00,0.00,36.2,17.7,186,29.2
2024-07-21T15:00,31.5,0.00,0.00,0.00,34.2,21.5,203,33.5
2024-07-21T16:00,31.1,0.00,0.00,0.00,33.7,21.4,205,33.8
2024-07-21T17:00,29.9,0.00,0.00,0.00,32.8,20.7,200,33.5
2024-07-21T18:00,28.7,0.00,0.00,0.00,31.9,18.9,194,31.0
2024-07-21T19:00,27.3,0.00,0.00,0.00,30.6,17.6,191,27.7
2024-07-21T20:00,26.5,0.00,0.00,0.00,30.0,16.3,194,25.2
2024-07-21T21:00,26.1,0.00,0.00,0.00,29.6,17.1,188,24.5
2024-07-21T22:00,26.4,0.00,0.00,0.00,29.3,20.0,187,28.8
2024-07-21T23:00,26.3,0.00,0.00,0.00,29.6,19.5,184,28.4
2024-07-22T00:00,26.4,0.00,0.00,0.00,30.3,19.1,181,28.4
2024-07-22T01:00,26.5,0.00,0.00,0.00,30.7,17.6,179,27.7
2024-07-22T02:00,26.4,0.00,0.00,0.00,31.0,12.7,209,25.2
2024-07-22T03:00,25.7,0.00,0.00,0.00,30.8,7.6,270,18.4
2024-07-22T04:00,25.2,0.00,0.00,0.00,30.5,7.3,327,10.1
2024-07-22T05:00,25.3,0.00,0.00,0.00,30.3,8.4,340,10.8
2024-07-22T06:00,26.1,0.00,0.00,0.00,30.6,12.0,327,17.3
2024-07-22T07:00,27.5,0.00,0.00,0.00,31.5,16.5,340,25.9
2024-07-22T08:00,28.6,0.00,0.00,0.00,33.1,15.6,345,26.6
2024-07-22T09:00,29.9,0.00,0.00,0.00,34.9,15.0,349,26.3
2024-07-22T10:00,32.8,0.00,0.00,0.00,39.0,9.0,5,19.4
2024-07-22T11:00,34.0,0.00,0.00,0.00,41.2,4.1,15,19.1
2024-07-22T12:00,34.6,0.00,0.00,0.00,42.0,1.4,90,13.7
2024-07-22T13:00,35.1,0.00,0.00,0.00,42.5,4.0,153,12.6
2024-07-22T14:00,34.9,0.00,0.00,0.00,42.0,9.5,171,19.1
2024-07-22T15:00,34.6,0.10,0.00,0.10,41.0,10.7,192,20.9
2024-07-22T16:00,34.3,0.00,0.00,0.00,39.9,10.3,192,20.2
2024-07-22T17:00,33.6,0.00,0.00,0.00,39.1,9.8,197,18.4
2024-07-22T18:00,32.4,0.00,0.00,0.00,38.5,8.3,178,16.2
2024-07-22T19:00,30.3,0.00,0.00,0.00,37.0,8.0,175,11.9
2024-07-22T20:00,29.0,0.00,0.00,0.00,35.7,7.9,183,11.5
2024-07-22T21:00,28.0,0.00,0.00,0.00,34.8,6.5,186,11.2
2024-07-22T22:00,27.1,0.00,0.00,0.00,30.5,20.6,43,31.0
2024-07-22T23:00,26.3,0.00,0.00,0.00,31.0,9.1,18,29.2
2024-07-23T00:00,26.1,0.00,0.00,0.00,30.9,8.5,298,12.6
2024-07-23T01:00,25.7,0.00,0.00,0.00,30.5,7.4,309,12.6
2024-07-23T02:00,25.6,0.00,0.00,0.00,30.1,7.4,317,10.1
2024-07-23T03:00,25.4,0.00,0.00,0.00,29.9,6.4,317,9.7
2024-07-23T04:00,25.2,0.00,0.00,0.00,29.6,6.6,311,8.3
2024-07-23T05:00,25.0,0.00,0.00,0.00,29.5,6.5,289,8.3
2024-07-23T06:00,26.6,0.00,0.00,0.00,31.8,4.7,274,8.6
2024-07-23T07:00,28.8,0.00,0.00,0.00,33.8,5.1,262,11.5
2024-07-23T08:00,30.3,0.00,0.00,0.00,35.6,3.6,233,11.9
2024-07-23T09:00,31.2,0.00,0.00,0.00,36.9,6.6,171,15.1
2024-07-23T10:00,31.3,0.00,0.00,0.00,37.6,11.9,175,23.8
2024-07-23T11:00,31.7,0.00,0.00,0.00,38.3,14.3,152,26.3
2024-07-23T12:00,32.2,0.00,0.00,0.00,38.7,15.3,146,28.1
2024-07-23T13:00,32.8,0.00,0.00,0.00,39.6,14.2,159,27.7
2024-07-23T14:00,33.3,0.00,0.00,0.00,39.7,13.9,170,26.3
2024-07-23T15:00,33.4,0.00,0.00,0.00,39.4,12.6,180,25.2
2024-07-23T16:00,33.3,0.00,0.00,0.00,38.5,12.8,169,23.0
2024-07-23T17:00,32.3,0.00,0.00,0.00,37.7,12.7,172,22.3
2024-07-23T18:00,31.1,0.00,0.00,0.00,36.9,10.3,168,20.9
2024-07-23T19:00,29.5,0.00,0.00,0.00,36.2,6.2,170,15.5
2024-07-23T20:00,29.1,0.00,0.00,0.00,35.8,6.1,220,8.3
2024-07-23T21:00,28.9,0.00,0.00,0.00,35.0,9.8,332,10.4
2024-07-23T22:00,27.9,0.00,0.00,0.00,31.6,21.1,327,27.0
2024-07-23T23:00,26.8,0.00,0.00,0.00,28.5,25.9,328,38.2
2024-07-24T00:00,26.4,0.00,0.00,0.00,29.0,17.6,334,37.1
2024-07-24T01:00,26.1,0.00,0.00,0.00,30.1,8.5,332,24.8
2024-07-24T02:00,25.9,0.00,0.00,0.00,30.3,6.7,216,11.2
2024-07-24T03:00,25.6,0.00,0.00,0.00,29.9,8.9,194,13.0
2024-07-24T04:00,25.5,0.00,0.00,0.00,30.4,7.3,169,12.2
2024-07-24T05:00,25.6,0.00,0.00,0.00,30.8,8.0,162,10.8
2024-07-24T06:00,26.5,0.00,0.00,0.00,32.5,6.8,180,11.5
2024-07-24T07:00,27.6,0.00,0.00,0.00,33.1,9.6,200,16.9
2024-07-24T08:00,29.2,0.00,0.00,0.00,35.4,6.4,218,17.3
2024-07-24T09:00,31.1,0.00,0.00,0.00,37.9,6.2,173,14.4
2024-07-24T10:00,33.3,0.00,0.00,0.00,39.7,7.6,199,16.6
2024-07-24T11:00,34.3,0.00,0.00,0.00,41.1,10.8,184,21.2
2024-07-24T12:00,34.9,0.00,0.00,0.00,40.4,16.1,164,27.7
2024-07-24T13:00,34.8,0.00,0.00,0.00,40.4,14.7,163,29.2
2024-07-24T14:00,34.4,0.00,0.00,0.00,40.7,8.4,160,26.3
2024-07-24T15:00,34.2,0.00,0.00,0.00,40.2,2.4,153,18.0
2024-07-24T16:00,33.6,0.00,0.00,0.00,38.8,7.9,16,13.0
2024-07-24T17:00,33.0,0.00,0.00,0.00,37.3,12.2,14,19.1
2024-07-24T18:00,31.8,0.00,0.00,0.00,35.3,16.5,11,24.1
2024-07-24T19:00,30.3,0.00,0.00,0.00,35.2,10.8,21,23.0
2024-07-24T20:00,29.4,0.00,0.00,0.00,34.4,10.7,12,14.8
2024-07-24T21:00,28.7,0.00,0.00,0.00,32.8,11.9,360,15.8
2024-07-24T22:00,29.2,0.00,0.00,0.00,36.0,1.6,243,2.2
2024-07-24T23:00,28.6,0.00,0.00,0.00,35.4,2.9,90,2.5
2024-07-25T00:00,28.1,0.00,0.00,0.00,33.9,7.6,85,9.4
2024-07-25T01:00,27.4,0.00,0.00,0.00,33.7,7.6,90,10.8
2024-07-25T02:00,27.0,0.00,0.00,0.00,34.1,3.9,112,10.1
2024-07-25T03:00,27.2,0.00,0.00,0.00,34.5,2.3,39,4.7
2024-07-25T04:00,26.9,0.00,0.00,0.00,33.4,6.7,54,8.6
2024-07-25T05:00,27.0,0.00,0.00,0.00,33.5,5.9,11,9.0
2024-07-25T06:00,27.6,0.00,0.00,0.00,32.1,10.1,360,14.4
2024-07-25T07:00,28.3,0.00,0.00,0.00,31.7,12.0,344,19.8
2024-07-25T08:00,29.3,0.00,0.00,0.00,33.1,12.4,324,20.9
2024-07-25T09:00,31.1,0.00,0.00,0.00,35.0,12.4,334,23.4
2024-07-25T10:00,32.8,0.00,0.00,0.00,38.8,3.1,225,17.3
2024-07-25T11:00,33.5,0.00,0.00,0.00,39.7,7.2,177,17.3
2024-07-25T12:00,33.7,0.20,0.00,0.20,39.4,13.8,171,26.3
2024-07-25T13:00,33.8,0.00,0.00,0.00,38.7,14.2,171,26.6
2024-07-25T14:00,34.1,0.00,0.00,0.00,40.2,6.6,171,25.9
2024-07-25T15:00,34.0,0.00,0.00,0.00,38.8,8.9,194,19.4
2024-07-25T16:00,34.0,0.00,0.00,0.00,39.8,2.3,321,17.6
2024-07-25T17:00,33.3,0.00,0.00,0.00,37.9,8.7,343,13.7
2024-07-25T18:00,31.5,0.00,0.00,0.00,36.8,9.4,356,14.0
2024-07-25T19:00,28.8,0.00,0.00,0.00,32.1,19.4,350,27.7
2024-07-25T20:00,27.1,0.00,0.00,0.00,31.3,10.8,2,28.4
2024-07-25T21:00,26.8,0.00,0.00,0.00,31.9,6.8,357,15.1
2024-07-25T22:00,27.4,0.00,0.00,0.00,32.3,13.7,358,23.8
2024-07-25T23:00,26.9,0.00,0.00,0.00,32.1,8.4,317,19.4
2024-07-26T00:00,26.7,0.00,0.00,0.00,32.3,4.3,312,12.2
2024-07-26T01:00,26.4,0.00,0.00,0.00,31.6,6.6,261,9.7
2024-07-26T02:00,26.5,0.00,0.00,0.00,32.3,1.1,162,9.4
2024-07-26T03:00,26.1,0.00,0.00,0.00,31.5,5.0,69,6.1
2024-07-26T04:00,26.0,0.00,0.00,0.00,31.4,4.8,42,6.5
2024-07-26T05:00,25.8,0.00,0.00,0.00,30.6,9.2,21,12.6
2024-07-26T06:00,26.5,0.00,0.00,0.00,32.1,5.0,30,12.6
2024-07-26T07:00,28.0,0.00,0.00,0.00,33.7,3.5,24,9.4
2024-07-26T08:00,29.7,0.00,0.00,0.00,35.8,1.4,90,10.8
2024-07-26T09:00,30.8,0.00,0.00,0.00,37.2,1.3,124,9.7
2024-07-26T10:00,32.4,0.00,0.00,0.00,38.7,8.3,185,19.1
2024-07-26T11:00,33.5,0.00,0.00,0.00,40.2,8.4,173,19.1
2024-07-26T12:00,34.3,0.00,0.00,0.00,40.2,12.0,171,23.4
2024-07-26T13:00,34.8,0.00,0.00,0.00,39.8,14.9,188,27.4
2024-07-26T14:00,34.9,0.00,0.00,0.00,40.1,11.9,180,27.0
2024-07-26T15:00,35.0,0.00,0.00,0.00,38.5,12.8,170,23.4
2024-07-26T16:00,34.9,0.00,0.00,0.00,38.5,11.9,182,23.8
2024-07-26T17:00,34.1,0.00,0.00,0.00,38.3,10.5,174,20.9
2024-07-26T18:00,31.9,0.00,0.00,0.00,36.9,14.8,174,22.7
2024-07-26T19:00,30.9,0.00,0.00,0.00,37.6,7.2,207,22.3
2024-07-26T20:00,30.4,0.00,0.00,0.00,37.9,4.2,329,10.1
2024-07-26T21:00,29.8,0.00,0.00,0.00,36.2,7.9,344,10.1
2024-07-26T22:00,28.6,0.40,0.00,0.40,33.7,16.5,23,27.4
2024-07-26T23:00,28.0,0.70,0.00,0.70,33.9,8.8,9,23.4
2024-07-27T00:00,27.7,0.10,0.00,0.10,34.3,4.2,290,12.2
2024-07-27T01:00,27.5,0.00,0.00,0.00,33.6,6.4,232,9.0
2024-07-27T02:00,27.1,0.00,0.00,0.00,33.3,5.3,242,9.0
2024-07-27T03:00,26.8,0.00,0.00,0.00,32.6,6.8,238,9.0
2024-07-27T04:00,26.5,0.00,0.00,0.00,32.0,7.1,240,10.8
2024-07-27T05:00,26.2,0.00,0.00,0.00,32.1,3.7,241,9.7
2024-07-27T06:00,27.2,0.00,0.00,0.00,33.7,0.5,225,5.0
2024-07-27T07:00,29.0,0.00,0.00,0.00,35.3,2.3,141,7.9
2024-07-27T08:00,30.4,0.00,0.00,0.00,36.3,3.8,139,11.9
2024-07-27T09:00,31.6,0.00,0.00,0.00,37.4,5.9,128,15.5
2024-07-27T10:00,32.7,0.00,0.00,0.00,38.6,10.3,144,21.6
2024-07-27T11:00,33.4,0.00,0.00,0.00,40.0,10.1,145,22.0
2024-07-27T12:00,34.3,0.00,0.00,0.00,41.1,11.1,144,23.4
2024-07-27T13:00,35.1,0.00,0.00,0.00,41.3,11.7,146,24.1
2024-07-27T14:00,35.7,0.00,0.00,0.00,40.8,12.7,151,24.5
2024-07-27T15:00,35.1,0.10,0.00,0.10,39.3,12.0,171,25.6
2024-07-27T16:00,34.6,0.00,0.00,0.00,39.5,7.7,169,23.0
2024-07-27T17:00,33.5,0.00,0.00,0.00,38.6,7.1,156,15.8
2024-07-27T18:00,32.9,0.00,0.00,0.00,38.7,3.8,139,13.3
2024-07-27T19:00,31.6,0.00,0.00,0.00,37.2,8.3,92,11.5
2024-07-27T20:00,30.3,0.00,0.00,0.00,36.1,9.4,86,13.7
2024-07-27T21:00,29.2,0.00,0.00,0.00,35.0,9.7,75,14.0
2024-07-27T22:00,29.0,0.00,0.00,0.00,35.4,8.4,97,12.6
2024-07-27T23:00,28.2,0.00,0.00,0.00,34.2,7.8,103,12.6
2024-07-28T00:00,27.5,0.00,0.00,0.00,32.9,9.4,92,13.7
2024-07-28T01:00,27.0,0.00,0.00,0.00,32.8,5.0,60,13.7
2024-07-28T02:00,26.7,0.00,0.00,0.00,32.2,6.5,6,8.6
2024-07-28T03:00,26.5,0.00,0.00,0.00,32.0,6.4,344,10.8
2024-07-28T04:00,26.3,0.00,0.00,0.00,32.1,4.8,318,9.0
2024-07-28T05:00,26.2,0.00,0.00,0.00,32.2,4.3,312,6.1
2024-07-28T06:00,26.8,0.00,0.00,0.00,32.9,2.6,326,7.6
2024-07-28T07:00,28.2,0.00,0.00,0.00,34.5,0.8,207,7.2
2024-07-28T08:00,29.9,0.00,0.00,0.00,36.0,2.9,180,11.2
2024-07-28T09:00,31.7,0.00,0.00,0.00,37.8,4.0,180,14.0
2024-07-28T10:00,35.4,0.00,0.00,0.00,39.9,10.4,346,21.2
2024-07-28T11:00,36.6,0.00,0.00,0.00,41.7,7.9,3,23.0
2024-07-28T12:00,37.4,0.00,0.00,0.00,43.2,4.7,356,20.2
2024-07-28T13:00,37.5,0.00,0.00,0.00,43.5,0.8,333,19.1
2024-07-28T14:00,37.0,0.00,0.00,0.00,41.8,10.4,194,21.2
2024-07-28T15:00,35.7,1.10,0.00,1.10,39.8,16.3,223,29.2
2024-07-28T16:00,35.4,0.00,0.00,0.00,39.3,14.8,225,29.5
2024-07-28T17:00,35.1,0.00,0.00,0.00,38.4,15.4,217,26.6
2024-07-28T18:00,33.2,0.00,0.00,0.00,35.7,18.8,209,29.2
2024-07-28T19:00,31.2,0.00,0.00,0.00,34.4,16.3,215,28.8
2024-07-28T20:00,30.4,0.00,0.00,0.00,34.7,12.7,227,24.1
2024-07-28T21:00,30.1,0.00,0.00,0.00,35.4,9.3,234,18.4
2024-07-28T22:00,30.0,0.00,0.00,0.00,35.2,7.9,240,16.6
2024-07-28T23:00,30.1,0.00,0.00,0.00,35.8,6.6,311,11.5
2024-07-29T00:00,30.6,0.00,0.00,0.00,33.9,13.4,340,17.3
2024-07-29T01:00,30.2,0.00,0.00,0.00,32.4,18.0,331,25.9
2024-07-29T02:00,29.4,0.00,0.00,0.00,31.6,17.9,330,25.6
2024-07-29T03:00,29.0,0.00,0.00,0.00,31.1,18.0,331,25.6
2024-07-29T04:00,28.7,0.00,0.00,0.00,31.0,16.3,342,25.6
2024-07-29T05:00,28.2,0.00,0.00,0.00,31.2,12.4,352,23.0
2024-07-29T06:00,29.0,0.00,0.00,0.00,33.0,7.3,349,17.3
2024-07-29T07:00,30.7,0.00,0.00,0.00,34.4,7.6,5,14.4
2024-07-29T08:00,32.2,0.00,0.00,0.00,36.1,6.6,29,15.8
2024-07-29T09:00,33.5,0.00,0.00,0.00,37.8,4.8,63,15.8
2024-07-29T10:00,36.2,0.00,0.00,0.00,40.8,4.1,45,16.9
2024-07-29T11:00,37.1,0.00,0.00,0.00,42.0,6.1,152,16.9
2024-07-29T12:00,37.8,0.00,0.00,0.00,41.5,14.8,176,27.7
2024-07-29T13:00,38.1,0.00,0.00,0.00,41.0,18.8,192,34.2
2024-07-29T14:00,38.3,0.00,0.00,0.00,40.6,23.0,190,37.8
2024-07-29T15:00,36.9,0.00,0.00,0.00,37.6,29.0,194,46.4
2024-07-29T16:00,35.9,0.00,0.00,0.00,36.2,28.5,193,46.8
2024-07-29T17:00,34.3,0.00,0.00,0.00,35.1,27.3,189,45.0
2024-07-29T18:00,32.6,0.00,0.00,0.00,34.0,23.5,185,42.5
2024-07-29T19:00,31.0,0.00,0.00,0.00,33.0,20.4,189,35.3
2024-07-29T20:00,30.1,0.00,0.00,0.00,32.8,18.0,192,30.6
2024-07-29T21:00,29.6,0.00,0.00,0.00,32.6,16.7,194,27.4
2024-07-29T22:00,29.5,0.00,0.00,0.00,33.8,12.7,209,24.1
2024-07-29T23:00,29.0,0.00,0.00,0.00,33.7,11.7,214,19.8
2024-07-30T00:00,28.5,0.00,0.00,0.00,34.0,8.4,230,18.0
2024-07-30T01:00,28.9,0.00,0.00,0.00,34.1,6.9,298,13.0
2024-07-30T02:00,29.3,0.00,0.00,0.00,32.1,14.1,341,19.4
2024-07-30T03:00,28.7,0.00,0.00,0.00,30.9,18.0,348,25.6
2024-07-30T04:00,28.5,0.00,0.00,0.00,30.2,19.5,348,27.7
2024-07-30T05:00,28.4,0.00,0.00,0.00,30.1,18.2,351,28.8
2024-07-30T06:00,29.6,0.00,0.00,0.00,31.6,16.4,345,27.4
2024-07-30T07:00,31.8,0.00,0.00,0.00,32.8,21.8,347,33.5
2024-07-30T08:00,34.1,0.00,0.00,0.00,34.0,28.1,350,43.2
2024-07-30T09:00,35.9,0.00,0.00,0.00,35.9,27.7,351,45.0
2024-07-30T10:00,37.7,0.00,0.00,0.00,38.1,26.0,343,42.8
2024-07-30T11:00,38.8,0.00,0.00,0.00,40.1,24.1,325,42.1
2024-07-30T12:00,38.8,0.00,0.00,0.00,41.6,16.6,304,40.0
2024-07-30T13:00,38.0,0.50,0.00,0.50,41.8,10.4,270,31.3
2024-07-30T14:00,36.8,0.00,0.00,0.00,40.5,8.8,261,23.0
2024-07-30T15:00,34.6,0.80,0.00,0.80,37.8,15.8,204,26.6
2024-07-30T16:00,33.2,1.20,0.00,1.20,36.9,14.3,245,27.7
2024-07-30T17:00,33.1,0.10,0.00,0.10,36.1,16.6,222,25.9
2024-07-30T18:00,32.6,0.00,0.00,0.00,35.5,16.4,218,27.0
2024-07-30T19:00,31.5,0.00,0.00,0.00,34.9,14.4,217,24.8
2024-07-30T20:00,30.6,0.00,0.00,0.00,34.1,16.0,203,23.8
2024-07-30T21:00,29.6,0.00,0.00,0.00,33.7,13.0,214,23.4
2024-07-30T22:00,28.0,0.00,0.00,0.00,32.2,13.9,233,24.1
2024-07-30T23:00,28.3,0.00,0.00,0.00,32.4,14.8,214,21.6
2024-07-31T00:00,28.1,0.00,0.00,0.00,32.3,12.5,219,21.6
2024-07-31T01:00,28.1,0.00,0.00,0.00,32.9,8.7,210,18.0
2024-07-31T02:00,27.9,0.00,0.00,0.00,33.1,7.1,210,12.2
2024-07-31T03:00,27.5,0.00,0.00,0.00,32.7,7.4,194,10.1
2024-07-31T04:00,27.1,0.00,0.00,0.00,32.0,10.0,201,14.0
2024-07-31T05:00,27.0,0.00,0.00,0.00,32.2,8.4,220,14.4
2024-07-31T06:00,27.5,0.00,0.00,0.00,33.0,6.6,248,12.6
2024-07-31T07:00,29.3,0.00,0.00,0.00,35.1,3.2,243,12.2
2024-07-31T08:00,30.7,0.00,0.00,0.00,36.2,2.7,113,10.8
2024-07-31T09:00,32.0,0.00,0.00,0.00,37.5,1.8,90,11.9
2024-07-31T10:00,33.1,0.00,0.00,0.00,37.5,11.8,40,25.2
2024-07-31T11:00,34.0,0.10,0.00,0.10,38.8,11.8,31,27.7
2024-07-31T12:00,34.9,0.00,0.00,0.00,39.3,11.6,36,28.1
2024-07-31T13:00,35.8,0.00,0.00,0.00,39.8,12.5,33,25.6
2024-07-31T14:00,36.4,0.00,0.00,0.00,39.6,14.8,39,28.1
2024-07-31T15:00,35.7,0.00,0.00,0.00,38.1,15.2,54,28.8
2024-07-31T16:00,32.4,0.30,0.00,0.30,34.2,21.5,104,34.6
2024-07-31T17:00,31.7,0.00,0.00,0.00,34.1,19.2,128,35.6
2024-07-31T18:00,31.4,0.00,0.00,0.00,34.0,18.0,127,31.0
2024-07-31T19:00,30.1,0.00,0.00,0.00,33.2,15.4,123,28.4
2024-07-31T20:00,29.4,0.00,0.00,0.00,33.2,11.2,96,25.2
2024-07-31T21:00,27.8,0.50,0.00,0.50,32.3,9.3,13,20.9
2024-07-31T22:00,28.6,0.00,0.00,0.00,32.9,6.6,315,9.7
2024-07-31T23:00,27.3,0.00,0.00,0.00,31.2,11.9,325,17.6
2024-08-01T00:00,26.6,0.00,0.00,0.00,30.4,13.2,349,19.4
2024-08-01T01:00,26.1,0.00,0.00,0.00,30.2,12.5,348,20.2
2024-08-01T02:00,25.7,0.00,0.00,0.00,29.9,11.8,348,18.7
2024-08-01T03:00,25.5,0.00,0.00,0.00,29.5,12.0,351,17.6
2024-08-01T04:00,25.3,0.00,0.00,0.00,29.3,10.5,356,17.6
2024-08-01T05:00,25.0,0.00,0.00,0.00,29.1,9.8,352,15.1
2024-08-01T06:00,25.8,0.00,0.00,0.00,29.9,11.1,347,17.3
2024-08-01T07:00,27.4,0.00,0.00,0.00,31.0,11.8,23,20.9
2024-08-01T08:00,28.9,0.00,0.00,0.00,31.9,13.3,49,24.5
2024-08-01T09:00,30.3,0.00,0.00,0.00,32.8,14.5,48,27.0
2024-08-01T10:00,32.1,0.00,0.00,0.00,35.4,13.7,27,26.6
2024-08-01T11:00,32.8,0.00,0.00,0.00,35.6,15.1,28,28.8
2024-08-01T12:00,33.9,0.00,0.00,0.00,37.3,14.2,30,28.8
2024-08-01T13:00,34.4,0.00,0.00,0.00,36.6,14.6,38,28.4
2024-08-01T14:00,34.7,0.00,0.00,0.00,36.3,15.5,54,28.8
2024-08-01T15:00,34.4,0.00,0.00,0.00,35.5,17.0,73,30.2
2024-08-01T16:00,33.4,0.00,0.00,0.00,34.4,19.5,86,32.4
2024-08-01T17:00,32.5,0.00,0.00,0.00,33.5,20.5,88,32.8
2024-08-01T18:00,30.9,0.00,0.00,0.00,31.8,23.5,86,36.0
2024-08-01T19:00,29.5,0.00,0.00,0.00,31.2,21.4,82,36.0
2024-08-01T20:00,28.4,0.00,0.00,0.00,31.0,17.3,90,32.0
2024-08-01T21:00,27.8,0.00,0.00,0.00,31.7,9.8,98,25.6
2024-08-01T22:00,27.8,0.00,0.00,0.00,31.5,8.0,98,19.1
2024-08-01T23:00,27.6,0.00,0.00,0.00,31.7,4.7,58,13.0
2024-08-02T00:00,27.1,0.00,0.00,0.00,31.2,5.8,7,9.0
2024-08-02T01:00,26.7,0.00,0.00,0.00,30.7,6.8,357,10.1
2024-08-02T02:00,26.2,0.00,0.00,0.00,30.1,8.7,7,12.6
2024-08-02T03:00,25.6,0.00,0.00,0.00,29.7,8.2,15,12.6
2024-08-02T04:00,25.1,0.00,0.00,0.00,29.2,7.4,14,11.9
2024-08-02T05:00,24.7,0.00,0.00,0.00,28.9,6.3,13,11.2
2024-08-02T06:00,25.4,0.00,0.00,0.00,29.3,7.2,18,12.6
2024-08-02T07:00,27.2,0.00,0.00,0.00,30.8,9.4,43,18.4
2024-08-02T08:00,28.8,0.00,0.00,0.00,32.3,9.2,45,20.2
2024-08-02T09:00,30.3,0.00,0.00,0.00,33.6,8.7,48,20.5
2024-08-02T10:00,31.1,0.00,0.00,0.00,34.3,8.7,52,20.2
2024-08-02T11:00,32.4,0.00,0.00,0.00,35.7,10.2,58,22.3
2024-08-02T12:00,34.0,0.00,0.00,0.00,37.8,11.5,58,25.2
2024-08-02T13:00,35.3,0.00,0.00,0.00,38.7,13.0,56,27.0
2024-08-02T14:00,35.9,0.00,0.00,0.00,38.1,14.2,66,27.7
2024-08-02T15:00,35.7,0.00,0.00,0.00,37.3,13.0,96,27.7
2024-08-02T16:00,35.0,0.00,0.00,0.00,36.7,14.5,132,26.3
2024-08-02T17:00,33.2,0.00,0.00,0.00,34.5,23.6,146,37.4
2024-08-02T18:00,31.0,0.00,0.00,0.00,32.9,20.9,161,38.5
2024-08-02T19:00,29.8,0.00,0.00,0.00,33.2,14.8,179,32.4
2024-08-02T20:00,28.6,0.00,0.00,0.00,31.9,15.5,175,24.8
2024-08-02T21:00,28.2,0.00,0.00,0.00,31.5,13.7,153,24.1
2024-08-02T22:00,28.0,0.00,0.00,0.00,31.7,10.9,146,19.4
2024-08-02T23:00,27.7,0.00,0.00,0.00,31.1,11.6,126,17.6
2024-08-03T00:00,27.1,0.00,0.00,0.00,30.2,11.8,117,18.4
2024-08-03T01:00,26.6,0.00,0.00,0.00,30.1,10.3,119,18.0
2024-08-03T02:00,26.2,0.00,0.00,0.00,30.4,6.2,126,15.8
2024-08-03T03:00,25.9,0.00,0.00,0.00,30.7,2.9,120,9.7
2024-08-03T04:00,25.7,0.00,0.00,0.00,30.5,3.3,84,5.4
2024-08-03T05:00,25.3,0.00,0.00,0.00,30.0,4.0,63,6.1
2024-08-03T06:00,25.7,0.00,0.00,0.00,30.6,2.8,40,8.3
2024-08-03T07:00,27.0,0.00,0.00,0.00,31.9,2.2,360,9.7
2024-08-03T08:00,29.0,0.00,0.00,0.00,33.6,2.5,8,12.2
2024-08-03T09:00,31.3,0.00,0.00,0.00,35.5,2.9,97,13.0
2024-08-03T10:00,32.8,0.00,0.00,0.00,37.5,6.1,93,18.0
2024-08-03T11:00,34.7,0.00,0.00,0.00,38.9,10.4,104,23.8
2024-08-03T12:00,35.7,0.00,0.00,0.00,38.9,14.7,115,28.8
2024-08-03T13:00,36.5,0.00,0.00,0.00,39.4,16.9,124,32.0
2024-08-03T14:00,36.5,0.00,0.00,0.00,38.8,17.6,139,33.1
2024-08-03T15:00,35.8,0.00,0.00,0.00,37.0,22.9,173,37.8
2024-08-03T16:00,33.9,0.00,0.00,0.00,34.9,23.1,191,41.8
2024-08-03T17:00,32.7,0.00,0.00,0.00,34.0,23.5,195,38.2
2024-08-03T18:00,30.6,0.00,0.00,0.00,31.7,24.2,205,40.0
2024-08-03T19:00,29.2,0.00,0.00,0.00,30.5,21.1,200,37.1
2024-08-03T20:00,28.7,0.00,0.00,0.00,30.4,18.6,189,32.0
2024-08-03T21:00,28.6,0.00,0.00,0.00,30.6,16.6,182,28.4
2024-08-03T22:00,28.6,0.00,0.00,0.00,30.5,15.5,180,26.6
2024-08-03T23:00,28.1,0.00,0.00,0.00,30.3,13.5,171,23.4
2024-08-04T00:00,27.7,0.00,0.00,0.00,30.2,11.5,160,20.5
2024-08-04T01:00,27.3,0.00,0.00,0.00,30.3,9.7,158,17.6
2024-08-04T02:00,27.0,0.00,0.00,0.00,30.5,7.6,155,14.4
2024-08-04T03:00,26.7,0.00,0.00,0.00,30.8,4.8,153,11.2
2024-08-04T04:00,26.3,0.00,0.00,0.00,30.8,3.2,117,6.8
2024-08-04T05:00,26.0,0.00,0.00,0.00,30.5,3.8,107,5.4
2024-08-04T06:00,26.5,0.00,0.00,0.00,31.2,2.3,141,7.2
2024-08-04T07:00,27.8,0.00,0.00,0.00,32.3,3.9,202,11.5
2024-08-04T08:00,29.4,0.00,0.00,0.00,34.0,2.8,220,13.0
2024-08-04T09:00,31.4,0.00,0.00,0.00,36.2,1.6,153,12.6
2024-08-04T10:00,34.0,0.00,0.00,0.00,38.4,7.7,139,19.8
2024-08-04T11:00,35.3,0.00,0.00,0.00,39.6,11.9,145,25.9
2024-08-04T12:00,36.4,0.00,0.00,0.00,40.2,14.6,147,29.9
2024-08-04T13:00,37.5,0.00,0.00,0.00,40.7,16.1,146,31.0
2024-08-04T14:00,37.7,0.00,0.00,0.00,39.5,21.9,147,38.2
2024-08-04T15:00,36.9,0.00,0.00,0.00,38.7,19.1,169,38.5
2024-08-04T16:00,35.7,0.00,0.00,0.00,37.0,22.6,188,37.1
2024-08-04T17:00,33.6,0.00,0.00,0.00,34.6,24.7,193,41.0
2024-08-04T18:00,31.7,0.00,0.00,0.00,32.7,24.1,190,39.2
2024-08-04T19:00,29.9,0.00,0.00,0.00,31.1,23.3,202,37.8
2024-08-04T20:00,29.1,0.00,0.00,0.00,31.1,19.6,193,34.9
2024-08-04T21:00,28.8,0.00,0.00,0.00,31.5,17.7,184,29.9
2024-08-04T22:00,28.6,0.00,0.00,0.00,31.6,14.8,176,28.8
2024-08-04T23:00,28.3,0.00,0.00,0.00,31.7,13.3,161,22.7
2024-08-05T00:00,28.0,0.00,0.00,0.00,31.9,11.2,165,20.5
2024-08-05T01:00,27.7,0.00,0.00,0.00,32.3,8.0,162,17.3
2024-08-05T02:00,27.5,0.00,0.00,0.00,32.3,6.4,153,12.6
2024-08-05T03:00,27.3,0.00,0.00,0.00,32.2,6.4,137,10.1
2024-08-05T04:00,27.1,0.00,0.00,0.00,32.2,5.1,135,9.7
2024-08-05T05:00,26.9,0.00,0.00,0.00,32.0,5.4,138,8.3
2024-08-05T06:00,27.4,0.00,0.00,0.00,32.8,3.5,156,8.6
2024-08-05T07:00,28.5,0.00,0.00,0.00,33.9,3.1,159,10.8
2024-08-05T08:00,30.1,0.00,0.00,0.00,35.3,1.8,127,11.2
2024-08-05T09:00,31.9,0.00,0.00,0.00,37.0,2.4,117,13.3
2024-08-05T10:00,34.1,0.00,0.00,0.00,39.0,10.2,113,22.3
2024-08-05T11:00,35.6,0.00,0.00,0.00,39.4,18.5,127,33.5
2024-08-05T12:00,36.3,0.60,0.00,0.60,39.5,20.6,136,37.8
2024-08-05T13:00,36.7,0.30,0.00,0.30,40.3,16.6,153,37.1
2024-08-05T14:00,37.1,0.10,0.00,0.10,40.0,17.3,159,31.7
2024-08-05T15:00,34.3,0.60,0.00,0.60,36.8,19.8,196,36.4
2024-08-05T16:00,32.7,0.40,0.00,0.40,35.5,20.1,207,34.6
2024-08-05T17:00,32.2,0.00,0.00,0.00,35.5,16.0,203,33.1
2024-08-05T18:00,31.4,0.00,0.00,0.00,34.4,17.1,205,27.4
2024-08-05T19:00,30.2,0.00,0.00,0.00,33.5,15.0,210,26.6
2024-08-05T20:00,29.6,0.00,0.00,0.00,32.9,13.5,209,23.0
2024-08-05T21:00,29.1,0.00,0.00,0.00,32.8,11.4,208,20.9
2024-08-05T22:00,29.3,0.00,0.00,0.00,33.0,10.9,189,19.8
2024-08-05T23:00,28.8,0.00,0.00,0.00,32.6,10.9,153,15.8
2024-08-06T00:00,28.2,0.00,0.00,0.00,32.0,11.3,143,16.2
2024-08-06T01:00,27.8,0.00,0.00,0.00,31.5,11.7,137,16.9
2024-08-06T02:00,27.5,0.00,0.00,0.00,31.4,10.2,135,16.9
2024-08-06T03:00,27.2,0.00,0.00,0.00,32.0,5.1,135,14.4
2024-08-06T04:00,27.0,0.00,0.00,0.00,32.5,2.2,99,6.8
2024-08-06T05:00,26.7,0.00,0.00,0.00,31.8,4.2,70,5.4
2024-08-06T06:00,27.2,0.00,0.00,0.00,32.0,5.4,53,10.4
2024-08-06T07:00,28.5,0.00,0.00,0.00,33.1,5.7,35,13.0
2024-08-06T08:00,30.0,0.00,0.00,0.00,34.1,7.8,34,17.6
2024-08-06T09:00,32.2,0.00,0.00,0.00,36.3,9.4,47,20.5
2024-08-06T10:00,32.6,0.00,0.00,0.00,37.3,5.2,25,16.6
2024-08-06T11:00,33.7,0.00,0.00,0.00,37.8,6.2,21,16.9
2024-08-06T12:00,34.1,0.10,0.00,0.10,38.2,6.8,65,18.0
2024-08-06T13:00,35.0,0.10,0.00,0.10,39.3,9.7,94,21.6
2024-08-06T14:00,34.6,0.10,0.00,0.10,38.9,9.2,101,22.0
2024-08-06T15:00,30.9,0.70,0.00,0.70,36.4,0.8,207,21.2
2024-08-06T16:00,30.2,0.60,0.00,0.60,34.9,7.6,301,18.4
2024-08-06T17:00,30.7,0.10,0.00,0.10,35.3,8.7,322,16.6
2024-08-06T18:00,30.3,0.00,0.00,0.00,34.9,10.6,325,18.7
2024-08-06T19:00,29.2,0.00,0.00,0.00,33.5,15.3,319,22.7
2024-08-06T20:00,29.1,0.00,0.00,0.00,33.3,15.7,344,25.2
2024-08-06T21:00,28.9,0.00,0.00,0.00,33.8,10.2,39,23.4
2024-08-06T22:00,28.0,0.20,0.00,0.20,32.9,10.0,105,15.5
2024-08-06T23:00,27.7,0.30,0.00,0.30,33.0,9.0,106,14.4
2024-08-07T00:00,27.5,0.20,0.00,0.20,33.3,6.7,106,12.6
2024-08-07T01:00,27.4,0.20,0.00,0.20,33.2,5.8,83,9.4
2024-08-07T02:00,27.0,0.10,0.00,0.10,33.1,4.9,17,8.3
2024-08-07T03:00,26.6,0.10,0.00,0.10,32.5,6.8,360,9.7
2024-08-07T04:00,26.4,0.00,0.00,0.00,31.9,9.7,2,14.0
2024-08-07T05:00,26.3,0.00,0.00,0.00,31.4,11.9,358,16.9
2024-08-07T06:00,26.6,0.00,0.00,0.00,31.3,12.7,8,20.2
2024-08-07T07:00,26.8,0.40,0.00,0.40,31.6,12.0,9,19.4
2024-08-07T08:00,27.5,0.40,0.00,0.40,32.3,10.9,6,19.4
2024-08-07T09:00,28.8,0.10,0.00,0.10,33.6,11.9,2,21.2
2024-08-07T10:00,30.0,0.10,0.00,0.10,36.1,7.7,11,22.7
2024-08-07T11:00,30.8,0.10,0.00,0.10,36.9,6.5,19,17.6
2024-08-07T12:00,31.8,0.00,0.00,0.00,38.4,5.4,360,16.9
2024-08-07T13:00,32.5,0.00,0.00,0.00,38.5,5.6,40,15.5
2024-08-07T14:00,30.7,10.00,0.00,10.00,33.2,27.4,80,41.0
2024-08-07T15:00,27.9,3.50,0.00,3.50,32.9,9.9,123,45.7
2024-08-07T16:00,27.5,0.00,0.00,0.00,32.5,11.1,126,22.3
2024-08-07T17:00,27.9,0.10,0.00,0.10,33.3,7.9,129,17.3
2024-08-07T18:00,27.9,0.10,0.00,0.10,33.5,5.5,122,13.3
2024-08-07T19:00,27.5,0.10,0.00,0.10,32.9,7.2,27,10.1
2024-08-07T20:00,26.7,0.30,0.00,0.30,31.5,9.2,39,13.0
2024-08-07T21:00,26.3,0.10,0.00,0.10,30.5,11.8,52,17.3
2024-08-07T22:00,25.5,0.70,0.00,0.70,30.2,8.4,340,13.7
2024-08-07T23:00,25.1,1.50,0.00,1.50,29.9,5.8,7,13.7
2024-08-08T00:00,25.2,0.20,0.00,0.20,30.0,6.4,16,10.8
2024-08-08T01:00,25.1,0.60,0.00,0.60,29.5,9.2,321,13.7
2024-08-08T02:00,25.1,0.20,0.00,0.20,29.6,7.6,335,13.7
2024-08-08T03:00,24.9,0.00,0.00,0.00,29.6,6.9,313,11.5
2024-08-08T04:00,24.7,0.00,0.00,0.00,29.3,7.6,301,12.2
2024-08-08T05:00,24.7,0.00,0.00,0.00,29.9,4.8,318,11.2
2024-08-08T06:00,25.4,0.00,0.00,0.00,30.6,5.2,335,10.1
2024-08-08T07:00,26.7,0.00,0.00,0.00,31.8,6.8,360,13.7
2024-08-08T08:00,28.1,0.00,0.00,0.00,33.0,9.0,16,17.3
2024-08-08T09:00,29.2,0.10,0.00,0.10,34.0,10.5,27,20.2
2024-08-08T10:00,29.8,0.30,0.00,0.30,35.0,5.8,94,14.4
2024-08-08T11:00,30.5,0.20,0.00,0.20,37.0,8.4,110,18.4
2024-08-08T12:00,31.5,0.00,0.00,0.00,38.3,8.5,118,19.1
2024-08-08T13:00,32.2,0.00,0.00,0.00,38.0,12.9,144,23.8
2024-08-08T14:00,32.4,0.00,0.00,0.00,37.1,14.2,150,24.1
2024-08-08T15:00,31.5,0.00,0.00,0.00,35.2,18.1,139,29.5
2024-08-08T16:00,31.1,0.00,0.00,0.00,35.1,13.9,143,29.5
2024-08-08T17:00,30.9,0.00,0.00,0.00,35.2,12.3,148,23.0
2024-08-08T18:00,30.2,0.00,0.00,0.00,35.3,8.6,165,19.1
2024-08-08T19:00,28.9,0.30,0.00,0.30,35.1,4.2,149,12.2
2024-08-08T20:00,27.5,0.30,0.00,0.30,32.3,11.9,88,16.9
2024-08-08T21:00,26.6,0.00,0.00,0.00,31.5,8.6,75,17.3
2024-08-08T22:00,27.3,0.00,0.00,0.00,32.2,12.6,90,18.0
2024-08-08T23:00,27.2,0.00,0.00,0.00,32.8,9.4,133,18.4
2024-08-09T00:00,26.4,0.90,0.00,0.90,31.7,8.2,311,12.6
2024-08-09T01:00,26.0,0.10,0.00,0.10,31.1,9.2,339,12.6
2024-08-09T02:00,25.4,0.00,0.00,0.00,29.7,14.1,341,21.2
2024-08-09T03:00,25.1,0.00,0.00,0.00,28.9,14.3,332,21.2
2024-08-09T04:00,24.9,0.00,0.00,0.00,28.7,13.5,335,20.9
2024-08-09T05:00,24.9,0.00,0.00,0.00,28.7,13.2,338,20.2
2024-08-09T06:00,25.5,0.00,0.00,0.00,29.7,12.4,343,19.8
2024-08-09T07:00,26.9,0.00,0.00,0.00,30.5,16.9,349,25.6
2024-08-09T08:00,28.2,0.00,0.00,0.00,31.8,18.6,351,30.2
2024-08-09T09:00,29.6,0.00,0.00,0.00,33.6,16.9,2,29.9
2024-08-09T10:00,31.2,0.00,0.00,0.00,36.3,14.8,360,26.3
2024-08-09T11:00,32.1,0.00,0.00,0.00,37.4,16.1,10,28.4
2024-08-09T12:00,33.0,0.00,0.00,0.00,38.2,15.7,20,28.4
2024-08-09T13:00,33.5,0.00,0.00,0.00,38.4,16.3,31,28.1
2024-08-09T14:00,33.7,0.00,0.00,0.00,38.2,16.1,40,28.1
2024-08-09T15:00,33.2,0.10,0.00,0.10,37.3,16.5,58,28.1
2024-08-09T16:00,31.1,0.70,0.00,0.70,34.9,15.8,45,29.5
2024-08-09T17:00,30.6,0.30,0.00,0.30,33.8,18.0,53,26.3
2024-08-09T18:00,30.0,0.10,0.00,0.10,33.7,16.1,39,27.0
2024-08-09T19:00,27.3,1.10,0.00,1.10,31.3,15.6,341,23.4
2024-08-09T20:00,26.6,0.20,0.00,0.20,31.3,12.1,323,22.7
2024-08-09T21:00,25.9,0.00,0.00,0.00,29.5,18.8,315,25.9
2024-08-09T22:00,27.3,0.00,0.00,0.00,32.3,9.5,335,18.0
2024-08-09T23:00,26.7,0.00,0.00,0.00,31.8,9.8,354,13.7
2024-08-10T00:00,26.2,0.00,0.00,0.00,30.8,12.9,347,18.4
2024-08-10T01:00,25.8,0.00,0.00,0.00,29.3,16.7,341,23.4
2024-08-10T02:00,25.7,0.00,0.00,0.00,28.3,20.5,336,28.8
2024-08-10T03:00,25.4,0.00,0.00,0.00,27.9,19.2,337,30.2
2024-08-10T04:00,25.3,0.00,0.00,0.00,27.8,18.3,340,28.1
2024-08-10T05:00,25.2,0.00,0.00,0.00,27.9,16.6,355,26.6
2024-08-10T06:00,25.9,0.00,0.00,0.00,29.5,14.2,7,23.8
2024-08-10T07:00,27.8,0.00,0.00,0.00,31.2,17.3,2,25.6
2024-08-10T08:00,29.2,0.00,0.00,0.00,31.0,24.4,8,36.7
2024-08-10T09:00,30.3,0.00,0.00,0.00,31.8,25.8,7,40.3
2024-08-10T10:00,31.4,0.00,0.00,0.00,32.7,25.9,14,42.8
2024-08-10T11:00,32.1,0.00,0.00,0.00,33.3,27.5,14,42.8
2024-08-10T12:00,32.1,0.00,0.00,0.00,33.7,22.5,13,41.8
2024-08-10T13:00,33.4,0.00,0.00,0.00,37.3,19.2,8,36.0
2024-08-10T14:00,33.7,0.00,0.00,0.00,37.6,17.7,5,32.8
2024-08-10T15:00,33.9,0.10,0.00,0.10,36.5,20.4,17,34.2
2024-08-10T16:00,34.0,0.00,0.00,0.00,37.0,15.9,33,34.2
2024-08-10T17:00,31.4,1.60,0.00,1.60,34.9,15.6,52,27.4
2024-08-10T18:00,30.1,0.10,0.00,0.10,34.6,13.2,79,23.8
2024-08-10T19:00,28.6,0.00,0.00,0.00,33.5,11.1,103,19.1
2024-08-10T20:00,28.0,0.00,0.00,0.00,33.7,6.4,133,15.5
2024-08-10T21:00,27.7,0.00,0.00,0.00,33.6,5.1,188,8.6
2024-08-10T22:00,28.1,0.00,0.00,0.00,33.3,8.6,180,14.8
2024-08-10T23:00,27.6,0.00,0.00,0.00,33.9,4.1,165,11.9
2024-08-11T00:00,27.4,0.00,0.00,0.00,34.0,3.0,104,5.0
2024-08-11T01:00,27.0,0.00,0.00,0.00,33.2,4.6,129,5.8
2024-08-11T02:00,27.0,0.00,0.00,0.00,33.4,4.1,195,6.1
2024-08-11T03:00,26.6,0.00,0.00,0.00,32.0,8.4,250,11.2
2024-08-11T04:00,26.1,0.00,0.00,0.00,31.2,9.0,268,12.6
2024-08-11T05:00,25.7,0.00,0.00,0.00,30.7,7.6,275,12.6
2024-08-11T06:00,26.5,0.00,0.00,0.00,32.0,4.7,302,10.8
2024-08-11T07:00,28.7,0.00,0.00,0.00,34.3,4.3,5,9.7
2024-08-11T08:00,30.1,0.00,0.00,0.00,34.7,9.0,358,17.3
2024-08-11T09:00,31.5,0.00,0.00,0.00,35.1,13.1,339,23.8
2024-08-11T10:00,33.2,0.00,0.00,0.00,39.3,3.4,238,13.0
2024-08-11T11:00,34.2,0.00,0.00,0.00,41.1,1.9,202,13.3
2024-08-11T12:00,34.9,0.00,0.00,0.00,41.7,2.3,141,11.9
2024-08-11T13:00,35.4,0.00,0.00,0.00,41.3,7.3,160,17.3
2024-08-11T14:00,35.8,0.00,0.00,0.00,40.5,11.3,173,22.0
2024-08-11T15:00,35.6,0.00,0.00,0.00,39.2,14.6,190,25.2
2024-08-11T16:00,34.5,0.00,0.00,0.00,37.2,21.3,192,33.1
2024-08-11T17:00,33.4,0.00,0.00,0.00,35.6,24.9,194,36.7
2024-08-11T18:00,32.5,0.00,0.00,0.00,35.3,21.3,202,37.4
2024-08-11T19:00,31.1,0.00,0.00,0.00,35.1,14.7,208,30.6
2024-08-11T20:00,30.4,0.00,0.00,0.00,35.5,10.5,232,20.9
2024-08-11T21:00,29.9,0.00,0.00,0.00,35.6,8.3,265,14.0
2024-08-11T22:00,30.7,0.00,0.00,0.00,34.8,11.2,339,14.8
2024-08-11T23:00,30.0,0.00,0.00,0.00,33.5,10.9,326,15.5
2024-08-12T00:00,29.0,0.00,0.00,0.00,33.4,7.7,319,14.4
2024-08-12T01:00,28.5,0.00,0.00,0.00,33.8,4.0,280,9.4
2024-08-12T02:00,28.1,0.00,0.00,0.00,33.1,7.2,162,7.6
2024-08-12T03:00,28.0,0.00,0.00,0.00,33.5,11.0,148,15.1
2024-08-12T04:00,27.8,0.00,0.00,0.00,33.4,10.3,168,15.5
2024-08-12T05:00,27.1,0.00,0.00,0.00,33.2,5.4,188,14.4
2024-08-12T06:00,28.1,0.00,0.00,0.00,34.6,1.5,166,6.5
2024-08-12T07:00,29.4,0.00,0.00,0.00,35.7,1.8,143,7.6
2024-08-12T08:00,31.1,0.00,0.00,0.00,37.0,2.8,130,10.8
2024-08-12T09:00,32.7,0.00,0.00,0.00,38.5,3.6,143,13.0
2024-08-12T10:00,34.9,0.00,0.00,0.00,40.3,9.4,162,19.8
2024-08-12T11:00,36.0,0.00,0.00,0.00,41.0,15.2,176,27.4
2024-08-12T12:00,36.3,0.00,0.00,0.00,39.7,25.2,181,40.3
2024-08-12T13:00,36.2,0.00,0.00,0.00,39.0,27.6,187,45.0
2024-08-12T14:00,36.0,0.00,0.00,0.00,38.1,28.8,183,45.7
2024-08-12T15:00,35.5,0.00,0.00,0.00,36.9,30.0,185,47.2
2024-08-12T16:00,34.6,0.00,0.00,0.00,35.7,32.8,183,49.7
2024-08-12T17:00,33.2,0.00,0.00,0.00,34.4,34.2,183,51.1
2024-08-12T18:00,31.6,0.00,0.00,0.00,33.4,32.1,183,51.5
2024-08-12T19:00,30.5,0.00,0.00,0.00,33.2,28.1,181,47.2
2024-08-12T20:00,30.2,0.00,0.00,0.00,32.6,27.8,184,41.0
2024-08-12T21:00,30.0,0.00,0.00,0.00,31.9,28.4,188,42.1
2024-08-12T22:00,29.6,0.00,0.00,0.00,32.2,25.1,188,37.4
2024-08-12T23:00,29.3,0.00,0.00,0.00,32.5,22.3,198,36.4
2024-08-13T00:00,29.0,0.00,0.00,0.00,32.7,19.0,199,32.4
2024-08-13T01:00,28.6,0.00,0.00,0.00,32.8,15.0,207,27.7
2024-08-13T02:00,28.1,0.00,0.00,0.00,32.9,11.4,208,21.6
2024-08-13T03:00,27.6,0.00,0.00,0.00,33.0,8.8,199,15.8
2024-08-13T04:00,27.3,0.00,0.00,0.00,32.8,7.9,196,11.5
2024-08-13T05:00,27.0,0.00,0.00,0.00,32.7,7.0,201,10.1
2024-08-13T06:00,27.8,0.00,0.00,0.00,33.9,5.2,214,9.0
2024-08-13T07:00,29.4,0.00,0.00,0.00,34.9,8.9,201,16.2
2024-08-13T08:00,31.0,0.00,0.00,0.00,35.8,10.8,201,20.5
2024-08-13T09:00,32.6,0.00,0.00,0.00,36.8,12.0,196,23.0
2024-08-13T10:00,33.9,0.00,0.00,0.00,39.5,7.3,191,18.4
2024-08-13T11:00,35.2,0.00,0.00,0.00,41.0,8.3,180,19.8
2024-08-13T12:00,36.4,0.00,0.00,0.00,42.0,10.9,174,23.8
2024-08-13T13:00,37.2,0.00,0.00,0.00,41.5,15.1,181,28.1
2024-08-13T14:00,37.2,0.00,0.00,0.00,39.8,21.6,177,36.0
2024-08-13T15:00,36.5,0.00,0.00,0.00,37.6,24.9,178,40.7
2024-08-13T16:00,35.2,0.00,0.00,0.00,35.3,28.1,176,43.6
2024-08-13T17:00,33.1,0.00,0.00,0.00,34.1,27.1,185,45.7
2024-08-13T18:00,31.6,0.00,0.00,0.00,33.3,26.1,187,41.4
2024-08-13T19:00,30.4,0.00,0.00,0.00,33.1,23.6,187,39.2
2024-08-13T20:00,29.8,0.00,0.00,0.00,33.5,19.5,184,34.9
2024-08-13T21:00,29.4,0.00,0.00,0.00,33.7,17.6,180,29.2
2024-08-13T22:00,29.3,0.00,0.00,0.00,33.6,18.8,176,29.2
2024-08-13T23:00,29.0,0.00,0.00,0.00,33.6,16.9,179,27.7
2024-08-14T00:00,28.8,0.00,0.00,0.00,33.9,13.6,191,24.5
2024-08-14T01:00,28.5,0.00,0.00,0.00,33.9,11.3,207,19.8
2024-08-14T02:00,28.1,0.00,0.00,0.00,34.2,6.6,229,16.2
2024-08-14T03:00,27.7,0.00,0.00,0.00,34.1,5.1,274,9.4
2024-08-14T04:00,27.2,0.00,0.00,0.00,33.0,7.4,317,10.1
2024-08-14T05:00,26.6,0.00,0.00,0.00,31.7,9.2,334,13.0
2024-08-14T06:00,27.1,0.00,0.00,0.00,31.9,9.6,340,15.8
2024-08-14T07:00,28.6,0.00,0.00,0.00,33.5,9.1,353,18.0
2024-08-14T08:00,30.3,0.00,0.00,0.00,35.8,4.1,15,17.6
2024-08-14T09:00,31.7,0.00,0.00,0.00,37.5,1.8,101,14.8
2024-08-14T10:00,33.9,0.00,0.00,0.00,40.2,2.5,360,18.0
2024-08-14T11:00,35.3,0.00,0.00,0.00,42.3,0.5,135,15.1
2024-08-14T12:00,36.6,0.00,0.00,0.00,42.5,3.3,186,15.1
2024-08-14T13:00,36.1,0.00,0.00,0.00,40.1,9.2,132,21.6
2024-08-14T14:00,34.1,0.30,0.00,0.30,37.0,11.0,221,22.7
2024-08-14T15:00,35.2,0.20,0.00,0.20,37.8,13.8,219,27.4
2024-08-14T16:00,35.3,0.00,0.00,0.00,36.8,18.8,200,31.7
2024-08-14T17:00,33.9,0.00,0.00,0.00,35.1,22.2,200,34.9
2024-08-14T18:00,32.3,0.00,0.00,0.00,34.0,21.9,205,35.3
2024-08-14T19:00,31.2,0.00,0.00,0.00,33.9,17.1,205,33.5
2024-08-14T20:00,30.5,0.00,0.00,0.00,33.8,15.6,203,25.9
2024-08-14T21:00,29.8,0.00,0.00,0.00,33.8,13.7,203,23.8
2024-08-14T22:00,29.8,0.00,0.00,0.00,33.9,13.6,191,28.1
2024-08-14T23:00,29.6,0.00,0.00,0.00,34.5,8.4,205,19.8
2024-08-15T00:00,29.1,0.00,0.00,0.00,34.9,2.9,277,11.9
2024-08-15T01:00,27.8,0.00,0.00,0.00,32.3,12.2,326,17.3
2024-08-15T02:00,26.7,0.00,0.00,0.00,30.4,17.1,335,25.6
2024-08-15T03:00,26.4,0.00,0.00,0.00,30.7,12.9,347,25.6
2024-08-15T04:00,26.0,0.00,0.00,0.00,30.3,13.0,341,19.8
2024-08-15T05:00,25.5,0.00,0.00,0.00,29.5,14.5,341,21.2
2024-08-15T06:00,25.9,0.00,0.00,0.00,30.1,13.4,355,21.2
2024-08-15T07:00,27.8,0.00,0.00,0.00,32.4,11.6,5,22.7
2024-08-15T08:00,29.6,0.00,0.00,0.00,34.4,8.8,19,20.9
2024-08-15T09:00,31.4,0.00,0.00,0.00,35.9,6.4,43,19.1
2024-08-15T10:00,33.5,0.00,0.00,0.00,38.0,7.4,39,19.8
2024-08-15T11:00,35.0,0.00,0.00,0.00,39.7,8.1,45,21.6
2024-08-15T12:00,36.2,0.00,0.00,0.00,40.9,9.4,72,23.0
2024-08-15T13:00,36.8,0.00,0.00,0.00,40.3,12.7,97,26.3
2024-08-15T14:00,34.8,0.60,0.00,0.60,36.8,21.9,113,37.4
2024-08-15T15:00,34.7,0.10,0.00,0.10,37.0,18.0,102,38.5
2024-08-15T16:00,35.0,0.00,0.00,0.00,36.9,21.5,104,35.3
2024-08-15T17:00,33.2,0.20,0.00,0.20,35.1,22.9,114,36.0
2024-08-15T18:00,31.0,0.00,0.00,0.00,33.1,25.4,115,40.3
2024-08-15T19:00,30.1,0.00,0.00,0.00,33.1,20.9,105,38.2
2024-08-15T20:00,29.6,0.00,0.00,0.00,33.2,18.0,88,31.3
2024-08-15T21:00,29.1,0.40,0.00,0.40,32.7,17.1,75,27.0
2024-08-15T22:00,29.7,0.00,0.00,0.00,33.8,16.3,62,27.0
2024-08-15T23:00,28.9,0.10,0.00,0.10,32.5,17.5,37,25.2
2024-08-16T00:00,27.2,1.30,0.00,1.30,30.2,20.3,65,30.2
2024-08-16T01:00,26.4,1.90,0.00,1.90,29.4,20.0,28,31.0
2024-08-16T02:00,24.9,3.10,0.00,3.10,27.7,21.0,22,32.4
2024-08-16T03:00,25.1,3.20,0.00,3.20,27.7,22.7,18,39.2
2024-08-16T04:00,24.9,6.80,0.00,6.80,27.1,26.6,13,38.2
2024-08-16T05:00,24.8,2.40,0.00,2.40,27.1,25.3,11,42.8
2024-08-16T06:00,25.2,2.70,0.00,2.70,27.0,28.6,17,41.8
2024-08-16T07:00,25.6,4.50,0.00,4.50,27.0,31.1,16,46.1
2024-08-16T08:00,26.5,1.40,0.00,1.40,27.9,33.8,25,51.1
2024-08-16T09:00,26.7,2.00,0.00,2.00,28.0,34.4,31,54.0
2024-08-16T10:00,26.8,7.20,0.00,7.20,28.9,31.5,7,52.6
2024-08-16T11:00,28.0,0.80,0.00,0.80,29.2,38.1,18,56.5
2024-08-16T12:00,28.0,4.00,0.00,4.00,29.5,35.6,38,62.6
2024-08-16T13:00,26.8,1.30,0.00,1.30,27.6,37.6,29,60.5
2024-08-16T14:00,26.6,1.50,0.00,1.50,26.7,41.8,38,61.2
2024-08-16T15:00,26.7,1.80,0.00,1.80,27.9,35.4,21,60.8
2024-08-16T16:00,26.6,1.60,0.00,1.60,26.2,44.5,21,65.5
2024-08-16T17:00,26.3,2.40,0.00,2.40,26.7,39.7,9,64.8
2024-08-16T18:00,26.1,1.50,0.00,1.50,26.4,41.3,353,60.1
2024-08-16T19:00,26.1,1.30,0.00,1.30,26.1,42.0,348,61.9
2024-08-16T20:00,26.0,1.80,0.00,1.80,25.7,43.3,343,64.4
2024-08-16T21:00,25.8,1.60,0.00,1.60,25.4,42.7,337,65.2
2024-08-16T22:00,26.3,1.00,0.00,1.00,26.6,39.6,338,59.8
2024-08-16T23:00,26.7,0.20,0.00,0.20,27.0,37.8,338,58.0
2024-08-17T00:00,27.4,0.10,0.00,0.10,27.7,35.5,336,55.1
2024-08-17T01:00,28.1,0.00,0.00,0.00,28.3,34.0,321,51.1
2024-08-17T02:00,28.0,0.00,0.00,0.00,29.1,27.3,310,49.3
2024-08-17T03:00,27.4,0.00,0.00,0.00,29.4,21.0,301,39.2
2024-08-17T04:00,26.9,0.00,0.00,0.00,29.2,18.1,291,29.9
2024-08-17T05:00,26.6,0.00,0.00,0.00,29.1,16.6,300,25.6
2024-08-17T06:00,27.0,0.00,0.00,0.00,30.0,14.8,288,23.4
2024-08-17T07:00,29.2,0.00,0.00,0.00,33.5,11.4,283,21.2
2024-08-17T08:00,32.1,0.00,0.00,0.00,36.0,12.0,309,19.8
2024-08-17T09:00,33.7,0.00,0.00,0.00,36.8,16.9,320,26.3
2024-08-17T10:00,33.8,0.00,0.00,0.00,40.1,2.0,315,15.8
2024-08-17T11:00,34.2,0.00,0.00,0.00,40.8,6.2,187,14.8
2024-08-17T12:00,34.0,0.00,0.00,0.00,40.9,11.5,182,21.6
2024-08-17T13:00,34.7,0.00,0.00,0.00,40.6,10.6,190,22.3
2024-08-17T14:00,34.7,0.00,0.00,0.00,39.5,13.8,189,22.7
2024-08-17T15:00,33.1,0.00,0.00,0.00,38.1,18.3,190,29.9
2024-08-17T16:00,32.8,0.00,0.00,0.00,37.5,18.4,197,29.2
2024-08-17T17:00,32.0,0.00,0.00,0.00,36.6,17.1,202,28.8
2024-08-17T18:00,30.7,0.00,0.00,0.00,36.6,9.7,182,25.2
2024-08-17T19:00,29.4,0.00,0.00,0.00,36.3,6.6,112,13.7
2024-08-17T20:00,27.9,0.00,0.00,0.00,32.8,17.7,88,25.6
2024-08-17T21:00,27.1,0.00,0.00,0.00,32.0,14.3,78,25.2
2024-08-17T22:00,25.6,0.10,0.00,0.10,28.6,22.9,53,37.8
2024-08-17T23:00,26.1,0.00,0.00,0.00,30.9,12.1,12,33.1
2024-08-18T00:00,26.2,0.10,0.00,0.10,30.4,17.7,6,24.8
2024-08-18T01:00,26.0,0.10,0.00,0.10,30.1,17.9,351,27.0
2024-08-18T02:00,25.8,0.00,0.00,0.00,30.0,16.3,346,27.0
2024-08-18T03:00,25.7,0.00,0.00,0.00,30.1,14.8,357,24.1
2024-08-18T04:00,25.7,0.00,0.00,0.00,30.1,14.0,359,21.2
2024-08-18T05:00,25.5,0.00,0.00,0.00,30.2,11.2,358,20.5
2024-08-18T06:00,25.9,0.00,0.00,0.00,30.8,10.8,4,16.6
2024-08-18T07:00,26.6,0.00,0.00,0.00,31.6,12.0,9,19.1
2024-08-18T08:00,27.7,0.10,0.00,0.10,33.2,9.9,19,19.4
2024-08-18T09:00,29.1,0.10,0.00,0.10,34.8,9.6,13,18.0
2024-08-18T10:00,30.4,0.10,0.00,0.10,36.2,10.4,44,20.5
2024-08-18T11:00,30.9,0.00,0.00,0.00,36.6,9.2,51,20.5
2024-08-18T12:00,31.7,0.00,0.00,0.00,38.6,8.8,55,19.8
2024-08-18T13:00,32.1,0.10,0.00,0.10,39.2,8.0,80,19.4
2024-08-18T14:00,32.4,0.10,0.00,0.10,39.4,8.3,95,18.7
2024-08-18T15:00,32.6,0.10,0.00,0.10,38.7,8.9,133,18.0
2024-08-18T16:00,32.1,0.30,0.00,0.30,37.3,8.9,159,18.4
2024-08-18T17:00,31.1,0.00,0.00,0.00,36.0,11.4,169,16.9
2024-08-18T18:00,29.3,0.00,0.00,0.00,34.6,11.6,206,20.2
2024-08-18T19:00,28.4,0.00,0.00,0.00,34.7,6.0,213,16.6
2024-08-18T20:00,28.1,0.00,0.00,0.00,35.0,3.6,180,8.3
2024-08-18T21:00,27.9,0.00,0.00,0.00,35.3,2.6,164,4.7
2024-08-18T22:00,27.4,0.00,0.00,0.00,34.1,3.9,34,11.9
2024-08-18T23:00,27.0,0.00,0.00,0.00,32.8,10.0,21,14.8
2024-08-19T00:00,26.6,0.00,0.00,0.00,32.3,9.7,2,14.8
2024-08-19T01:00,26.2,0.00,0.00,0.00,31.3,12.6,3,18.7
2024-08-19T02:00,26.0,0.00,0.00,0.00,31.4,9.9,10,18.7
2024-08-19T03:00,25.8,0.00,0.00,0.00,31.4,8.7,5,14.8
2024-08-19T04:00,25.6,0.00,0.00,0.00,31.2,7.6,355,12.6
2024-08-19T05:00,25.4,0.00,0.00,0.00,31.1,6.6,338,10.8
2024-08-19T06:00,25.7,0.00,0.00,0.00,31.4,6.8,342,11.5
2024-08-19T07:00,26.8,0.00,0.00,0.00,32.7,5.2,344,11.9
2024-08-19T08:00,28.2,0.00,0.00,0.00,34.2,4.0,10,11.9
2024-08-19T09:00,29.5,0.00,0.00,0.00,35.7,2.2,360,11.9
2024-08-19T10:00,31.4,0.00,0.00,0.00,38.5,1.8,349,13.3
2024-08-19T11:00,32.3,0.00,0.00,0.00,39.8,2.5,98,11.5
2024-08-19T12:00,32.9,0.10,0.00,0.10,40.0,6.9,133,16.2
2024-08-19T13:00,32.7,0.20,0.00,0.20,38.7,11.6,158,22.3
2024-08-19T14:00,32.0,0.40,0.00,0.40,37.3,12.9,167,24.1
2024-08-19T15:00,32.5,0.10,0.00,0.10,37.8,11.9,177,23.4
2024-08-19T16:00,31.8,0.00,0.00,0.00,37.8,8.0,172,20.9
2024-08-19T17:00,31.1,0.00,0.00,0.00,37.9,3.4,108,14.4
2024-08-19T18:00,30.1,0.00,0.00,0.00,35.9,10.2,350,10.1
2024-08-19T19:00,26.7,3.40,0.00,3.40,30.6,16.4,52,33.5
2024-08-19T20:00,26.7,0.80,0.00,0.80,32.0,8.0,5,22.7
2024-08-19T21:00,26.8,0.30,0.00,0.30,32.3,9.3,344,14.8
2024-08-19T22:00,25.6,0.00,0.00,0.00,30.0,10.0,330,27.7
2024-08-19T23:00,25.7,0.00,0.00,0.00,30.7,6.5,304,14.4
2024-08-20T00:00,25.8,0.00,0.00,0.00,31.3,2.2,279,9.0
2024-08-20T01:00,25.6,0.00,0.00,0.00,30.6,7.1,246,9.7
2024-08-20T02:00,25.5,1.20,0.00,1.20,30.8,4.5,241,11.2
2024-08-20T03:00,25.4,1.10,0.00,1.10,30.9,2.4,207,6.5
2024-08-20T04:00,25.4,0.10,0.00,0.10,30.4,6.7,196,9.0
2024-08-20T05:00,25.2,0.00,0.00,0.00,29.5,10.0,206,14.0
2024-08-20T06:00,25.6,0.00,0.00,0.00,30.6,6.6,189,14.0
2024-08-20T07:00,26.9,0.00,0.00,0.00,31.9,9.4,182,15.1
2024-08-20T08:00,27.9,0.00,0.00,0.00,33.2,9.7,184,16.9
2024-08-20T09:00,29.6,0.00,0.00,0.00,35.5,9.7,180,19.1
2024-08-20T10:00,31.3,0.00,0.00,0.00,37.9,7.9,150,22.7
2024-08-20T11:00,33.3,0.00,0.00,0.00,37.9,9.6,167,19.8
2024-08-20T12:00,33.4,0.00,0.00,0.00,37.3,11.2,178,21.6
2024-08-20T13:00,33.3,0.00,0.00,0.00,37.5,12.4,172,23.0
2024-08-20T14:00,33.1,0.00,0.00,0.00,36.9,15.2,184,26.3
2024-08-20T15:00,32.6,0.00,0.00,0.00,36.1,14.9,172,26.6
2024-08-20T16:00,32.1,0.00,0.00,0.00,35.8,13.7,153,25.6
2024-08-20T17:00,31.0,0.00,0.00,0.00,35.1,14.9,143,23.8
2024-08-20T18:00,29.8,0.00,0.00,0.00,35.4,9.7,105,22.7
2024-08-20T19:00,28.3,0.00,0.00,0.00,34.7,7.7,41,14.0
2024-08-20T20:00,27.0,0.00,0.00,0.00,30.9,19.9,343,27.0
2024-08-20T21:00,25.9,0.00,0.00,0.00,28.4,21.4,340,33.1
2024-08-20T22:00,26.9,0.00,0.00,0.00,31.4,15.5,1,22.7
2024-08-20T23:00,26.4,0.00,0.00,0.00,30.7,14.0,1,22.7
2024-08-21T00:00,26.0,0.00,0.00,0.00,30.6,10.9,354,20.5
2024-08-21T01:00,25.6,0.00,0.00,0.00,30.5,9.4,358,15.8
2024-08-21T02:00,25.4,0.00,0.00,0.00,30.5,7.6,19,13.3
2024-08-21T03:00,25.1,0.00,0.00,0.00,30.0,8.2,29,11.9
2024-08-21T04:00,24.9,0.00,0.00,0.00,29.9,7.1,45,12.2
2024-08-21T05:00,24.7,0.00,0.00,0.00,29.9,6.4,47,10.1
2024-08-21T06:00,25.2,0.00,0.00,0.00,29.9,11.5,70,17.3
2024-08-21T07:00,26.5,0.00,0.00,0.00,31.2,10.7,78,19.8
2024-08-21T08:00,27.7,0.00,0.00,0.00,32.7,7.4,67,18.7
2024-08-21T09:00,29.0,0.00,0.00,0.00,34.1,6.6,61,16.2
2024-08-21T10:00,29.9,0.00,0.00,0.00,36.3,3.7,79,14.8
2024-08-21T11:00,31.0,0.00,0.00,0.00,37.7,7.9,74,19.1
2024-08-21T12:00,31.7,0.00,0.00,0.00,38.6,8.4,80,22.0
2024-08-21T13:00,31.9,0.10,0.00,0.10,38.6,8.5,102,21.6
2024-08-21T14:00,31.5,0.10,0.00,0.10,36.8,12.5,136,23.4
2024-08-21T15:00,31.4,0.00,0.00,0.00,35.6,12.9,144,23.8
2024-08-21T16:00,30.3,0.00,0.00,0.00,33.8,14.0,145,24.5
2024-08-21T17:00,29.2,0.30,0.00,0.30,32.5,17.5,122,26.6
2024-08-21T18:00,28.4,0.10,0.00,0.10,31.6,17.9,128,27.4
2024-08-21T19:00,27.4,0.00,0.00,0.00,31.2,14.1,130,25.9
2024-08-21T20:00,26.9,0.00,0.00,0.00,31.0,12.6,121,20.2
2024-08-21T21:00,26.5,0.00,0.00,0.00,30.7,12.7,115,18.7
2024-08-21T22:00,26.6,0.80,0.00,0.80,31.5,8.7,97,14.8
2024-08-21T23:00,26.3,0.00,0.00,0.00,31.5,8.0,108,13.0
2024-08-22T00:00,26.0,0.00,0.00,0.00,31.4,7.5,107,11.5
2024-08-22T01:00,25.8,0.00,0.00,0.00,31.1,7.4,104,13.3
2024-08-22T02:00,25.7,0.00,0.00,0.00,30.9,7.4,104,10.8
2024-08-22T03:00,25.9,0.00,0.00,0.00,31.3,5.8,120,10.8
2024-08-22T04:00,25.7,0.00,0.00,0.00,31.4,4.3,132,8.3
2024-08-22T05:00,25.4,0.00,0.00,0.00,31.1,4.7,113,6.5
2024-08-22T06:00,25.9,0.00,0.00,0.00,31.6,4.5,119,8.6
2024-08-22T07:00,26.9,0.10,0.00,0.10,31.9,8.8,168,14.0
2024-08-22T08:00,27.9,0.10,0.00,0.10,32.4,10.5,174,18.7
2024-08-22T09:00,28.8,0.40,0.00,0.40,33.2,11.5,160,20.9
2024-08-22T10:00,29.6,0.10,0.00,0.10,33.7,14.9,160,25.6
2024-08-22T11:00,29.7,0.10,0.00,0.10,33.9,14.5,161,27.4
2024-08-22T12:00,28.9,0.30,0.00,0.30,32.5,17.9,158,28.8
2024-08-22T13:00,29.9,0.20,0.00,0.20,33.6,20.4,172,33.5
2024-08-22T14:00,30.5,0.00,0.00,0.00,33.4,23.1,177,36.4
2024-08-22T15:00,30.5,0.00,0.00,0.00,33.3,22.4,184,36.7
2024-08-22T16:00,29.7,0.10,0.00,0.10,32.0,25.8,188,40.0
2024-08-22T17:00,28.6,0.00,0.00,0.00,31.1,24.9,191,40.3
2024-08-22T18:00,27.9,0.00,0.00,0.00,31.0,21.2,180,36.7
2024-08-22T19:00,27.4,0.00,0.00,0.00,30.7,19.8,179,31.0
2024-08-22T20:00,27.2,0.00,0.00,0.00,30.9,18.0,178,28.8
2024-08-22T21:00,27.1,0.00,0.00,0.00,30.8,18.0,179,26.3
2024-08-22T22:00,27.3,0.00,0.00,0.00,31.2,17.7,178,25.6
2024-08-22T23:00,27.2,0.00,0.00,0.00,31.0,18.7,178,27.0
2024-08-23T00:00,27.1,0.00,0.00,0.00,30.9,18.7,180,27.0
2024-08-23T01:00,27.0,0.00,0.00,0.00,30.7,19.2,185,27.4
2024-08-23T02:00,26.9,0.00,0.00,0.00,30.1,21.6,183,31.0
2024-08-23T03:00,26.7,0.00,0.00,0.00,29.6,23.1,183,33.1
2024-08-23T04:00,26.4,0.00,0.00,0.00,29.7,21.0,187,33.5
2024-08-23T05:00,26.4,0.00,0.00,0.00,29.9,19.2,185,30.6
2024-08-23T06:00,27.0,0.00,0.00,0.00,30.8,18.0,192,27.7
2024-08-23T07:00,28.0,0.00,0.00,0.00,31.4,19.9,200,28.8
2024-08-23T08:00,29.5,0.00,0.00,0.00,32.7,20.8,208,34.2
2024-08-23T09:00,30.3,0.10,0.00,0.10,34.1,17.7,207,32.8
2024-08-23T10:00,31.4,0.00,0.00,0.00,35.9,15.3,195,27.7
2024-08-23T11:00,31.4,0.00,0.00,0.00,35.6,19.4,190,32.8
2024-08-23T12:00,31.9,0.00,0.00,0.00,35.8,21.7,185,34.9
2024-08-23T13:00,31.7,0.00,0.00,0.00,35.1,23.9,186,38.9
2024-08-23T14:00,31.4,0.40,0.00,0.40,34.3,28.7,187,43.9
2024-08-23T15:00,30.9,0.10,0.00,0.10,33.4,29.7,190,45.7
2024-08-23T16:00,30.6,0.00,0.00,0.00,32.9,30.8,191,46.8
2024-08-23T17:00,29.6,0.00,0.00,0.00,32.0,29.7,186,46.1
2024-08-23T18:00,28.7,0.00,0.00,0.00,31.7,25.6,183,44.3
2024-08-23T19:00,28.1,0.00,0.00,0.00,31.4,23.8,181,37.1
2024-08-23T20:00,27.9,0.00,0.00,0.00,31.5,22.0,181,34.6
2024-08-23T21:00,27.8,0.00,0.00,0.00,31.5,21.3,186,32.0
2024-08-23T22:00,27.8,0.00,0.00,0.00,31.1,21.7,187,31.7
2024-08-23T23:00,27.6,0.00,0.00,0.00,31.0,21.0,193,31.7
2024-08-24T00:00,27.4,0.00,0.00,0.00,31.0,19.1,196,30.6
2024-08-24T01:00,27.3,0.00,0.00,0.00,30.9,19.0,199,27.7
2024-08-24T02:00,26.9,0.00,0.00,0.00,30.7,17.5,199,27.4
2024-08-24T03:00,26.6,0.00,0.00,0.00,30.9,14.2,207,25.2
2024-08-24T04:00,26.4,0.00,0.00,0.00,31.0,12.7,209,21.2
2024-08-24T05:00,26.2,0.00,0.00,0.00,31.5,8.4,230,18.7
2024-08-24T06:00,26.0,2.60,0.00,2.60,31.9,3.9,292,11.9
2024-08-24T07:00,26.9,0.70,0.00,0.70,32.8,5.0,291,11.2
2024-08-24T08:00,27.8,0.60,0.00,0.60,33.6,4.3,336,11.9
2024-08-24T09:00,29.6,0.00,0.00,0.00,35.7,3.7,349,14.4
2024-08-24T10:00,31.9,0.10,0.00,0.10,38.9,1.1,162,13.7
2024-08-24T11:00,32.6,0.10,0.00,0.10,40.1,2.9,173,15.1
2024-08-24T12:00,33.0,0.10,0.00,0.10,40.4,7.5,163,18.4
2024-08-24T13:00,33.0,0.20,0.00,0.20,38.8,14.9,172,26.3
2024-08-24T14:00,32.6,1.60,0.00,1.60,37.2,14.8,198,29.9
2024-08-24T15:00,32.2,0.50,0.00,0.50,35.5,21.7,186,33.1
2024-08-24T16:00,30.8,0.00,0.00,0.00,33.8,22.0,190,37.4
2024-08-24T17:00,30.2,0.00,0.00,0.00,33.2,22.0,185,32.8
2024-08-24T18:00,29.4,0.00,0.00,0.00,33.3,17.1,188,32.4
2024-08-24T19:00,28.2,0.00,0.00,0.00,33.7,8.5,242,24.8
2024-08-24T20:00,26.7,0.00,0.00,0.00,31.6,12.5,321,16.6
2024-08-24T21:00,25.8,0.00,0.00,0.00,30.5,10.7,346,21.6
2024-08-24T22:00,26.0,0.00,0.00,0.00,31.4,8.8,325,13.0
2024-08-24T23:00,25.8,0.00,0.00,0.00,31.5,5.6,320,13.0
2024-08-25T00:00,25.7,0.00,0.00,0.00,31.8,3.3,347,7.9
2024-08-25T01:00,25.4,0.00,0.00,0.00,31.6,2.6,16,4.3
2024-08-25T02:00,25.2,0.00,0.00,0.00,31.4,2.9,97,3.6
2024-08-25T03:00,25.2,0.00,0.00,0.00,31.2,3.3,139,4.7
2024-08-25T04:00,25.4,0.00,0.00,0.00,30.6,6.6,189,8.3
2024-08-25T05:00,25.4,0.00,0.00,0.00,30.2,9.2,206,13.0
2024-08-25T06:00,26.0,0.00,0.00,0.00,31.4,6.4,227,12.6
2024-08-25T07:00,27.7,0.00,0.00,0.00,32.6,11.0,212,17.6
2024-08-25T08:00,29.0,0.10,0.00,0.10,32.7,17.8,201,28.1
2024-08-25T09:00,29.8,0.00,0.00,0.00,33.5,18.2,198,30.2
2024-08-25T10:00,31.2,0.00,0.00,0.00,37.0,9.6,193,20.5
2024-08-25T11:00,31.8,0.00,0.00,0.00,37.2,13.5,189,24.5
2024-08-25T12:00,32.3,0.10,0.00,0.10,36.6,18.5,187,30.2
2024-08-25T13:00,32.1,0.00,0.00,0.00,35.6,25.2,180,39.2
2024-08-25T14:00,31.5,0.00,0.00,0.00,34.3,26.7,178,41.8
2024-08-25T15:00,30.7,0.00,0.00,0.00,32.6,28.2,185,42.8
2024-08-25T16:00,29.9,0.00,0.00,0.00,32.2,27.7,181,43.2
2024-08-25T17:00,29.1,0.00,0.00,0.00,31.3,28.1,181,42.1
2024-08-25T18:00,28.0,0.00,0.00,0.00,30.9,23.8,182,41.4
2024-08-25T19:00,27.7,0.00,0.00,0.00,30.2,23.4,181,34.6
2024-08-25T20:00,27.1,0.00,0.00,0.00,29.6,23.8,183,34.6
2024-08-25T21:00,26.7,0.00,0.00,0.00,29.7,20.5,182,34.2
2024-08-25T22:00,27.2,0.00,0.00,0.00,30.0,21.6,184,33.1
2024-08-25T23:00,27.0,0.00,0.00,0.00,29.7,22.4,186,32.4
2024-08-26T00:00,26.7,0.00,0.00,0.00,29.7,19.6,193,32.4
2024-08-26T01:00,26.4,0.00,0.00,0.00,29.9,16.1,204,28.1
2024-08-26T02:00,26.3,0.00,0.00,0.00,29.9,16.2,181,23.0
2024-08-26T03:00,26.4,0.00,0.00,0.00,29.6,18.8,184,27.4
2024-08-26T04:00,26.2,0.00,0.00,0.00,29.9,15.0,190,26.6
2024-08-26T05:00,26.0,0.00,0.00,0.00,29.8,14.6,190,21.2
2024-08-26T06:00,26.4,0.00,0.00,0.00,30.5,12.9,193,20.9
2024-08-26T07:00,27.9,0.00,0.00,0.00,31.1,19.3,189,28.8
2024-08-26T08:00,28.8,0.00,0.00,0.00,32.1,18.8,187,31.0
2024-08-26T09:00,29.5,0.10,0.00,0.10,32.6,19.5,183,31.3
2024-08-26T10:00,31.1,0.00,0.00,0.00,34.4,19.8,168,32.4
2024-08-26T11:00,31.5,0.00,0.00,0.00,35.1,21.5,166,35.3
2024-08-26T12:00,32.1,0.00,0.00,0.00,34.8,25.1,173,39.6
2024-08-26T13:00,32.3,0.00,0.00,0.00,34.2,28.5,178,43.9
2024-08-26T14:00,31.8,0.00,0.00,0.00,33.3,29.2,179,45.7
2024-08-26T15:00,31.4,0.00,0.00,0.00,32.2,29.5,180,45.4
2024-08-26T16:00,30.8,0.00,0.00,0.00,31.4,30.7,183,45.7
2024-08-26T17:00,29.8,0.00,0.00,0.00,31.2,28.5,184,46.1
2024-08-26T18:00,28.5,0.00,0.00,0.00,30.9,24.5,184,42.1
2024-08-26T19:00,27.7,0.00,0.00,0.00,30.8,20.9,184,35.6
2024-08-26T20:00,27.3,0.00,0.00,0.00,30.7,19.9,184,30.2
2024-08-26T21:00,27.0,0.00,0.00,0.00,30.5,18.8,187,28.8
2024-08-26T22:00,26.7,0.00,0.00,0.00,29.8,20.6,176,29.9
2024-08-26T23:00,26.7,0.00,0.00,0.00,30.2,20.2,176,30.2
2024-08-27T00:00,26.7,0.00,0.00,0.00,30.7,17.0,184,29.2
2024-08-27T01:00,26.4,0.00,0.00,0.00,30.3,17.3,192,24.8
2024-08-27T02:00,26.0,0.00,0.00,0.00,29.1,20.1,189,31.3
2024-08-27T03:00,25.7,0.00,0.00,0.00,28.1,22.8,185,32.0
2024-08-27T04:00,25.1,0.00,0.00,0.00,27.8,20.9,179,33.5
2024-08-27T05:00,25.0,0.00,0.00,0.00,27.8,19.9,186,30.2
2024-08-27T06:00,25.6,0.00,0.00,0.00,28.2,21.5,189,29.9
2024-08-27T07:00,26.7,0.00,0.00,0.00,28.5,27.6,187,39.6
2024-08-27T08:00,27.5,0.10,0.00,0.10,29.2,29.2,189,42.8
2024-08-27T09:00,28.6,0.20,0.00,0.20,29.7,32.4,189,48.6
2024-08-27T10:00,30.2,0.00,0.00,0.00,31.6,31.0,182,47.5
2024-08-27T11:00,30.8,0.00,0.00,0.00,32.1,32.2,186,49.7
2024-08-27T12:00,31.5,0.20,0.00,0.20,32.9,34.0,185,52.2
2024-08-27T13:00,30.8,0.10,0.00,0.10,31.9,36.2,190,55.4
2024-08-27T14:00,30.5,0.00,0.00,0.00,31.2,35.8,185,55.1
2024-08-27T15:00,29.6,0.10,0.00,0.10,29.6,39.1,186,60.1
2024-08-27T16:00,28.9,0.10,0.00,0.10,29.7,35.5,191,58.7
2024-08-27T17:00,27.5,0.00,0.00,0.00,28.9,30.3,193,53.3
2024-08-27T18:00,26.8,0.00,0.00,0.00,29.2,24.4,188,45.0
2024-08-27T19:00,26.5,0.00,0.00,0.00,29.4,20.6,186,35.3
2024-08-27T20:00,26.5,0.00,0.00,0.00,29.4,20.4,189,30.2
2024-08-27T21:00,26.0,0.10,0.00,0.10,28.9,20.1,189,31.3
2024-08-27T22:00,26.2,0.00,0.00,0.00,29.5,17.7,184,26.3
2024-08-27T23:00,26.4,0.00,0.00,0.00,30.0,16.9,196,25.9
2024-08-28T00:00,26.2,0.10,0.00,0.10,29.7,17.4,186,25.9
2024-08-28T01:00,25.9,0.10,0.00,0.10,29.6,15.6,172,25.2
2024-08-28T02:00,26.0,0.00,0.00,0.00,29.9,14.0,180,22.7
2024-08-28T03:00,25.6,0.00,0.00,0.00,29.2,15.1,180,22.0
2024-08-28T04:00,25.8,0.00,0.00,0.00,29.8,13.7,175,22.0
2024-08-28T05:00,25.7,0.00,0.00,0.00,29.5,14.8,179,20.5
2024-08-28T06:00,26.0,0.00,0.00,0.00,29.8,15.1,179,21.6
2024-08-28T07:00,26.9,0.00,0.00,0.00,30.0,19.5,178,29.5
2024-08-28T08:00,27.6,0.00,0.00,0.00,31.2,17.5,172,30.2
2024-08-28T09:00,28.3,0.10,0.00,0.10,31.4,19.6,167,32.4
2024-08-28T10:00,29.8,0.00,0.00,0.00,32.6,20.8,171,34.6
2024-08-28T11:00,30.4,0.00,0.00,0.00,33.5,22.1,186,35.6
2024-08-28T12:00,30.1,0.00,0.00,0.00,32.7,21.2,195,37.4
2024-08-28T13:00,29.7,0.00,0.00,0.00,32.1,19.5,196,34.9
2024-08-28T14:00,30.2,0.00,0.00,0.00,32.5,20.7,187,33.1
2024-08-28T15:00,30.1,0.00,0.00,0.00,31.9,24.2,185,37.4
2024-08-28T16:00,29.6,0.00,0.00,0.00,31.3,24.4,194,37.8
2024-08-28T17:00,29.0,0.00,0.00,0.00,30.9,23.3,197,37.1
2024-08-28T18:00,27.9,0.00,0.00,0.00,30.9,17.8,198,34.6
2024-08-28T19:00,27.2,0.00,0.00,0.00,31.0,13.1,201,25.6
2024-08-28T20:00,26.7,0.00,0.00,0.00,30.4,14.1,184,19.8
2024-08-28T21:00,26.4,0.00,0.00,0.00,30.3,12.6,175,20.2
2024-08-28T22:00,26.5,0.00,0.00,0.00,30.3,12.6,177,18.7
2024-08-28T23:00,26.2,0.00,0.00,0.00,30.0,13.6,169,19.4
2024-08-29T00:00,25.9,0.00,0.00,0.00,30.1,11.6,173,19.4
2024-08-29T01:00,25.5,0.00,0.00,0.00,30.3,7.9,164,16.2
2024-08-29T02:00,25.4,0.00,0.00,0.00,30.0,8.6,180,11.2
2024-08-29T03:00,25.2,0.00,0.00,0.00,29.7,9.8,172,13.0
2024-08-29T04:00,25.2,0.00,0.00,0.00,29.6,9.7,178,14.0
2024-08-29T05:00,25.0,0.00,0.00,0.00,29.9,6.9,171,13.0
2024-08-29T06:00,25.3,0.00,0.00,0.00,30.4,6.6,189,9.0
2024-08-29T07:00,26.6,0.00,0.00,0.00,30.9,10.9,163,17.3
2024-08-29T08:00,27.1,0.10,0.00,0.10,31.2,11.9,166,19.4
2024-08-29T09:00,28.2,0.10,0.00,0.10,31.9,13.4,172,23.8
2024-08-29T10:00,29.6,0.00,0.00,0.00,33.3,12.2,156,22.7
2024-08-29T11:00,29.3,0.10,0.00,0.10,32.6,14.0,162,23.4
2024-08-29T12:00,30.5,0.10,0.00,0.10,34.3,13.2,163,26.6
2024-08-29T13:00,28.9,1.30,0.00,1.30,31.6,19.4,180,35.3
2024-08-29T14:00,28.4,0.10,0.00,0.10,31.9,14.0,162,33.1
2024-08-29T15:00,28.3,0.30,0.00,0.30,31.1,20.5,156,33.1
2024-08-29T16:00,28.1,1.10,0.00,1.10,32.2,10.8,159,35.6
2024-08-29T17:00,27.0,1.60,0.00,1.60,30.5,14.9,173,25.6
2024-08-29T18:00,25.2,3.90,0.00,3.90,28.2,16.9,164,29.9
2024-08-29T19:00,25.5,1.60,0.00,1.60,29.7,10.0,154,29.5
2024-08-29T20:00,25.3,1.50,0.00,1.50,29.1,13.4,166,23.4
2024-08-29T21:00,25.0,1.20,0.00,1.20,28.5,15.3,153,29.5
2024-08-29T22:00,24.5,7.20,0.00,7.20,28.9,11.7,81,24.8
2024-08-29T23:00,25.2,11.40,0.00,11.40,29.8,11.5,122,24.5
2024-08-30T00:00,25.8,8.20,0.00,8.20,28.9,21.7,165,31.7
2024-08-30T01:00,26.0,3.00,0.00,3.00,28.7,24.0,163,36.4
2024-08-30T02:00,25.9,3.00,0.00,3.00,29.1,20.6,161,34.9
2024-08-30T03:00,25.9,4.10,0.00,4.10,28.9,21.3,158,31.7
2024-08-30T04:00,25.9,2.90,0.00,2.90,27.9,28.6,165,41.8
2024-08-30T05:00,25.9,2.50,0.00,2.50,27.7,29.6,177,46.1
2024-08-30T06:00,26.1,1.30,0.00,1.30,28.2,27.4,184,43.2
2024-08-30T07:00,25.9,1.00,0.00,1.00,28.7,23.2,193,41.4
2024-08-30T08:00,26.5,1.00,0.00,1.00,29.3,23.8,184,38.5
2024-08-30T09:00,27.5,0.50,0.00,0.50,29.4,32.5,184,49.0
2024-08-30T10:00,27.5,3.40,0.00,3.40,30.3,25.5,157,38.5
2024-08-30T11:00,27.3,2.70,0.00,2.70,29.9,25.1,155,41.4
2024-08-30T12:00,27.7,1.10,0.00,1.10,30.3,28.7,155,43.9
2024-08-30T13:00,27.6,0.30,0.00,0.30,29.8,28.9,163,45.7
2024-08-30T14:00,27.6,0.50,0.00,0.50,30.0,28.1,177,43.6
2024-08-30T15:00,27.4,0.50,0.00,0.50,30.5,24.1,178,42.8
2024-08-30T16:00,27.6,0.10,0.00,0.10,30.9,23.9,174,37.4
2024-08-30T17:00,27.8,0.10,0.00,0.10,30.8,23.8,177,36.7
2024-08-30T18:00,27.2,0.00,0.00,0.00,31.3,16.9,181,34.6
2024-08-30T19:00,26.6,0.00,0.00,0.00,31.1,14.4,177,24.5
2024-08-30T20:00,26.2,0.10,0.00,0.10,31.0,12.1,168,20.9
2024-08-30T21:00,26.1,0.00,0.00,0.00,31.3,9.8,174,17.3
2024-08-30T22:00,26.3,0.00,0.00,0.00,31.0,13.0,186,19.4
2024-08-30T23:00,26.4,0.00,0.00,0.00,31.0,14.1,183,19.8
2024-08-31T00:00,26.4,0.00,0.00,0.00,29.9,21.3,183,30.2
2024-08-31T01:00,26.4,0.00,0.00,0.00,29.8,20.7,188,32.4
2024-08-31T02:00,26.0,0.10,0.00,0.10,29.2,22.2,188,31.7
2024-08-31T03:00,25.8,0.10,0.00,0.10,28.6,23.0,189,36.7
2024-08-31T04:00,26.0,0.20,0.00,0.20,28.6,25.4,187,36.4
2024-08-31T05:00,25.5,0.20,0.00,0.20,27.1,30.9,192,44.6
2024-08-31T06:00,25.4,0.30,0.00,0.30,27.2,29.5,188,46.1
2024-08-31T07:00,26.7,0.10,0.00,0.10,28.7,29.2,193,47.5
2024-08-31T08:00,28.0,0.10,0.00,0.10,29.9,31.6,192,45.4
2024-08-31T09:00,28.8,0.20,0.00,0.20,30.6,32.9,190,49.7
2024-08-31T10:00,29.9,0.00,0.00,0.00,32.6,28.1,179,43.2
2024-08-31T11:00,30.0,0.10,0.00,0.10,32.5,33.1,181,50.4
2024-08-31T12:00,29.8,0.30,0.00,0.30,32.7,32.8,181,51.5
2024-08-31T13:00,29.8,0.00,0.00,0.00,32.9,32.4,177,51.1
2024-08-31T14:00,29.5,0.10,0.00,0.10,32.6,32.0,172,50.8
2024-08-31T15:00,27.8,1.60,0.00,1.60,30.2,28.9,190,52.6
2024-08-31T16:00,27.8,0.20,0.00,0.20,30.0,28.0,188,45.0
2024-08-31T17:00,27.3,0.50,0.00,0.50,30.3,23.1,191,45.0
2024-08-31T18:00,26.2,5.40,0.00,5.40,30.2,16.2,192,39.6
2024-08-31T19:00,26.2,0.10,0.00,0.10,28.9,25.2,179,36.7
2024-08-31T20:00,26.4,0.00,0.00,0.00,28.4,30.6,182,43.2
2024-08-31T21:00,26.5,0.00,0.00,0.00,28.5,30.6,189,49.7
2024-08-31T22:00,26.1,1.90,0.00,1.90,30.9,12.1,163,24.8
2024-08-31T23:00,26.4,2.90,0.00,2.90,30.9,13.0,185,24.1
2024-09-01T00:00,26.1,5.10,0.00,5.10,31.3,10.1,207,24.5
2024-09-01T01:00,25.5,5.80,0.00,5.80,32.2,0.4,180,19.1
2024-09-01T02:00,25.3,7.10,0.00,7.10,31.1,4.7,99,15.8
2024-09-01T03:00,25.3,2.50,0.00,2.50,31.1,4.8,117,16.6
2024-09-01T04:00,25.4,1.90,0.00,1.90,31.2,6.2,190,16.2
2024-09-01T05:00,25.3,0.50,0.00,0.50,30.3,10.7,200,17.3
2024-09-01T06:00,24.6,2.20,0.00,2.20,29.9,6.4,218,22.3
2024-09-01T07:00,24.5,3.70,0.00,3.70,30.0,3.6,37,19.8
2024-09-01T08:00,25.8,0.60,0.00,0.60,31.0,6.5,124,14.0
2024-09-01T09:00,27.0,0.60,0.00,0.60,32.4,6.4,164,15.8
2024-09-01T10:00,28.6,0.30,0.00,0.30,34.1,12.8,140,25.2
2024-09-01T11:00,29.7,0.20,0.00,0.20,33.7,20.9,176,33.8
2024-09-01T12:00,29.8,0.20,0.00,0.20,33.1,27.1,176,41.4
2024-09-01T13:00,29.8,0.30,0.00,0.30,32.0,32.9,185,50.0
2024-09-01T14:00,29.8,0.10,0.00,0.10,31.8,33.9,183,50.0
2024-09-01T15:00,29.3,0.10,0.00,0.10,31.4,34.2,181,52.6
2024-09-01T16:00,28.9,0.00,0.00,0.00,30.9,34.2,183,51.1
2024-09-01T17:00,28.2,0.00,0.00,0.00,30.3,32.5,184,50.8
2024-09-01T18:00,27.7,0.00,0.00,0.00,30.4,27.8,183,46.8
2024-09-01T19:00,27.1,0.00,0.00,0.00,29.8,27.7,189,42.1
2024-09-01T20:00,27.0,0.10,0.00,0.10,29.6,27.1,191,40.7
2024-09-01T21:00,26.7,0.00,0.00,0.00,29.4,26.1,192,39.6
2024-09-01T22:00,26.9,0.00,0.00,0.00,30.5,23.1,183,33.5
2024-09-01T23:00,26.7,0.00,0.00,0.00,30.1,22.8,185,33.8
2024-09-02T00:00,26.5,0.00,0.00,0.00,29.7,23.2,187,34.2
2024-09-02T01:00,26.3,0.00,0.00,0.00,29.6,22.3,183,33.8
2024-09-02T02:00,26.3,0.00,0.00,0.00,29.4,24.1,183,34.9
2024-09-02T03:00,26.4,0.00,0.00,0.00,28.9,27.4,182,39.6
2024-09-02T04:00,26.4,0.00,0.00,0.00,28.6,28.5,182,41.0
2024-09-02T05:00,26.3,0.00,0.00,0.00,28.2,30.0,184,43.2
2024-09-02T06:00,26.7,0.00,0.00,0.00,28.7,29.7,186,43.9
2024-09-02T07:00,27.9,0.00,0.00,0.00,29.4,32.3,192,47.9
2024-09-02T08:00,28.7,0.00,0.00,0.00,30.1,35.8,186,52.2
2024-09-02T09:00,29.5,0.00,0.00,0.00,30.5,38.2,189,56.2
2024-09-02T10:00,31.2,0.00,0.00,0.00,33.5,30.5,197,46.4
2024-09-02T11:00,31.3,0.00,0.00,0.00,33.3,34.3,189,50.8
2024-09-02T12:00,31.3,0.00,0.00,0.00,33.8,35.1,185,53.6
2024-09-02T13:00,30.9,0.00,0.00,0.00,33.0,37.1,183,56.2
2024-09-02T14:00,30.4,0.00,0.00,0.00,32.2,38.6,184,57.6
2024-09-02T15:00,29.8,0.00,0.00,0.00,31.1,39.7,183,58.7
2024-09-02T16:00,29.2,0.00,0.00,0.00,30.1,41.6,185,61.2
2024-09-02T17:00,28.5,0.00,0.00,0.00,30.0,37.0,187,61.2
2024-09-02T18:00,27.6,0.00,0.00,0.00,28.8,35.2,188,53.6
2024-09-02T19:00,26.9,0.00,0.00,0.00,28.7,29.2,196,52.6
2024-09-02T20:00,26.6,0.00,0.00,0.00,28.2,31.3,195,44.6
2024-09-02T21:00,26.2,0.00,0.00,0.00,29.5,18.8,216,45.4
2024-09-02T22:00,26.6,0.00,0.00,0.00,31.0,13.9,245,31.3
2024-09-02T23:00,25.9,0.00,0.00,0.00,30.9,9.5,279,19.4
2024-09-03T00:00,25.1,0.00,0.00,0.00,29.6,11.0,322,15.8
2024-09-03T01:00,24.5,0.40,0.00,0.40,28.5,10.6,336,16.2
2024-09-03T02:00,24.1,0.30,0.00,0.30,27.9,11.8,333,18.4
2024-09-03T03:00,24.0,1.20,0.00,1.20,28.3,7.6,295,19.1
2024-09-03T04:00,24.1,2.20,0.00,2.20,27.0,16.7,6,23.0
2024-09-03T05:00,23.8,0.10,0.00,0.10,26.4,17.1,49,25.2
2024-09-03T06:00,23.6,0.00,0.00,0.00,26.4,14.2,27,24.8
2024-09-03T07:00,24.5,0.00,0.00,0.00,27.9,10.5,27,20.9
2024-09-03T08:00,25.2,0.10,0.00,0.10,27.8,16.5,32,25.2
2024-09-03T09:00,26.6,0.10,0.00,0.10,29.5,15.4,33,27.7
2024-09-03T10:00,25.8,2.80,0.00,2.80,27.1,27.4,92,41.4
2024-09-03T11:00,25.6,0.50,0.00,0.50,27.5,21.7,96,42.1
2024-09-03T12:00,25.3,2.90,0.00,2.90,28.7,11.9,92,34.9
2024-09-03T13:00,26.1,3.10,0.00,3.10,29.7,9.5,65,20.5
2024-09-03T14:00,25.6,7.70,0.00,7.70,29.2,11.0,58,19.1
2024-09-03T15:00,25.1,6.10,0.00,6.10,28.2,14.5,46,23.8
2024-09-03T16:00,25.0,3.10,0.00,3.10,27.9,13.8,47,23.8
2024-09-03T17:00,24.5,0.80,0.00,0.80,26.8,16.8,47,25.6
2024-09-03T18:00,23.7,0.20,0.00,0.20,26.9,10.8,37,25.2
2024-09-03T19:00,23.2,0.00,0.00,0.00,25.5,15.4,16,22.0
2024-09-03T20:00,22.8,0.20,0.00,0.20,24.8,15.5,12,23.0
2024-09-03T21:00,22.5,0.20,0.00,0.20,24.6,14.2,7,22.7
2024-09-03T22:00,23.0,0.10,0.00,0.10,25.5,12.1,337,16.2
2024-09-03T23:00,22.9,0.10,0.00,0.10,24.9,15.3,351,22.0
2024-09-04T00:00,22.7,0.70,0.00,0.70,24.4,17.0,354,24.8
2024-09-04T01:00,22.5,1.10,0.00,1.10,24.2,16.3,355,24.8
2024-09-04T02:00,22.4,0.20,0.00,0.20,24.0,16.9,358,24.8
2024-09-04T03:00,22.3,0.00,0.00,0.00,24.0,14.4,357,24.5
2024-09-04T04:00,22.1,0.00,0.00,0.00,24.0,14.1,347,21.2
2024-09-04T05:00,22.0,0.00,0.00,0.00,24.1,13.7,333,20.2
2024-09-04T06:00,21.9,0.00,0.00,0.00,23.8,15.0,339,22.0
2024-09-04T07:00,22.2,0.00,0.00,0.00,24.0,16.1,336,23.0
2024-09-04T08:00,23.1,0.00,0.00,0.00,24.6,17.9,341,27.0
2024-09-04T09:00,24.6,0.00,0.00,0.00,26.0,17.7,354,28.8
2024-09-04T10:00,26.6,0.00,0.00,0.00,27.8,21.8,16,34.9
2024-09-04T11:00,27.0,0.00,0.00,0.00,29.0,19.7,31,34.9
2024-09-04T12:00,27.1,0.00,0.00,0.00,28.3,20.0,39,32.0
2024-09-04T13:00,28.1,0.00,0.00,0.00,30.1,20.3,37,32.8
2024-09-04T14:00,27.6,0.00,0.00,0.00,28.9,20.1,44,32.8
2024-09-04T15:00,27.9,0.00,0.00,0.00,29.0,20.5,52,32.0
2024-09-04T16:00,27.1,0.00,0.00,0.00,28.1,21.4,57,32.4
2024-09-04T17:00,26.1,0.00,0.00,0.00,27.3,20.7,59,32.4
2024-09-04T18:00,24.4,0.00,0.00,0.00,26.5,16.4,52,29.5
2024-09-04T19:00,23.6,0.00,0.00,0.00,26.1,13.0,48,24.1
2024-09-04T20:00,23.2,0.00,0.00,0.00,25.7,12.3,38,18.4
2024-09-04T21:00,22.8,0.00,0.00,0.00,25.2,12.2,28,18.0
2024-09-04T22:00,22.9,0.00,0.00,0.00,24.8,14.6,38,21.6
2024-09-04T23:00,22.6,0.00,0.00,0.00,24.6,12.6,5,21.2
2024-09-05T00:00,22.3,0.00,0.00,0.00,24.1,14.0,342,20.2
2024-09-05T01:00,22.1,0.00,0.00,0.00,23.8,14.0,342,21.2
2024-09-05T02:00,21.9,0.00,0.00,0.00,23.7,13.7,346,20.2
2024-09-05T03:00,22.0,0.00,0.00,0.00,24.1,12.9,347,19.8
2024-09-05T04:00,22.0,0.00,0.00,0.00,24.0,14.1,345,20.5
2024-09-05T05:00,21.9,0.00,0.00,0.00,23.9,13.8,345,20.5
2024-09-05T06:00,22.0,0.00,0.00,0.00,24.2,13.0,341,20.2
2024-09-05T07:00,23.1,0.00,0.00,0.00,25.5,13.5,344,21.2
2024-09-05T08:00,24.8,0.00,0.00,0.00,26.9,14.6,350,24.5
2024-09-05T09:00,26.1,0.00,0.00,0.00,28.5,13.7,2,24.8
2024-09-05T10:00,27.9,0.00,0.00,0.00,31.0,13.4,24,24.5
2024-09-05T11:00,28.5,0.00,0.00,0.00,31.5,10.2,51,24.5
2024-09-05T12:00,28.9,0.00,0.00,0.00,32.4,8.7,66,20.2
2024-09-05T13:00,28.9,0.00,0.00,0.00,31.9,10.8,86,19.4
2024-09-05T14:00,29.5,0.00,0.00,0.00,33.1,11.2,94,20.9
2024-09-05T15:00,29.7,0.00,0.00,0.00,32.9,9.9,109,20.9
2024-09-05T16:00,29.5,0.00,0.00,0.00,32.8,8.7,135,18.7
2024-09-05T17:00,28.6,0.00,0.00,0.00,31.9,12.0,147,17.6
2024-09-05T18:00,26.9,0.00,0.00,0.00,31.2,9.7,153,17.3
2024-09-05T19:00,26.0,0.00,0.00,0.00,30.4,9.6,167,13.3
2024-09-05T20:00,25.4,0.00,0.00,0.00,29.7,9.7,195,13.3
2024-09-05T21:00,24.8,0.00,0.00,0.00,28.3,13.5,214,18.4
2024-09-05T22:00,24.9,0.00,0.00,0.00,28.6,13.2,197,18.7
2024-09-05T23:00,24.7,0.00,0.00,0.00,28.4,13.0,186,18.7
2024-09-06T00:00,24.6,0.00,0.00,0.00,28.3,13.0,178,18.7
2024-09-06T01:00,24.5,0.00,0.00,0.00,28.6,11.5,182,18.4
2024-09-06T02:00,24.4,0.00,0.00,0.00,28.8,10.1,182,16.2
2024-09-06T03:00,24.2,0.00,0.00,0.00,28.7,8.4,200,14.0
2024-09-06T04:00,23.6,0.00,0.00,0.00,28.0,6.9,261,11.5
2024-09-06T05:00,23.0,0.00,0.00,0.00,27.2,8.9,320,12.2
2024-09-06T06:00,23.2,0.00,0.00,0.00,27.5,7.6,341,12.2
2024-09-06T07:00,24.7,0.00,0.00,0.00,29.4,6.4,322,12.6
2024-09-06T08:00,26.1,0.00,0.00,0.00,30.3,10.0,322,18.0
2024-09-06T09:00,27.7,0.00,0.00,0.00,31.9,10.6,336,20.9
2024-09-06T10:00,29.7,0.00,0.00,0.00,34.8,8.3,358,20.5
2024-09-06T11:00,30.7,0.00,0.00,0.00,37.1,2.9,30,18.4
2024-09-06T12:00,31.2,0.00,0.00,0.00,37.8,2.8,140,12.6
2024-09-06T13:00,31.5,0.00,0.00,0.00,37.5,4.8,153,14.0
2024-09-06T14:00,31.7,0.00,0.00,0.00,36.8,7.8,158,16.9
2024-09-06T15:00,31.5,0.00,0.00,0.00,35.4,12.0,164,21.6
2024-09-06T16:00,30.6,0.00,0.00,0.00,34.2,14.3,170,23.0
2024-09-06T17:00,29.6,0.00,0.00,0.00,33.2,14.8,186,23.0
2024-09-06T18:00,28.0,0.00,0.00,0.00,32.4,12.3,195,21.6
2024-09-06T19:00,26.9,0.00,0.00,0.00,31.4,12.4,197,18.7
2024-09-06T20:00,26.4,0.00,0.00,0.00,31.3,10.1,186,17.6
2024-09-06T21:00,26.1,0.00,0.00,0.00,31.1,10.1,178,14.0
2024-09-06T22:00,26.3,0.00,0.00,0.00,31.7,9.0,164,14.4
2024-09-06T23:00,25.7,0.00,0.00,0.00,31.4,6.5,174,12.2
2024-09-07T00:00,24.9,0.00,0.00,0.00,30.5,5.1,225,8.3
2024-09-07T01:00,24.6,0.00,0.00,0.00,29.6,8.2,319,9.7
2024-09-07T02:00,24.3,0.00,0.00,0.00,29.0,10.5,352,14.4
2024-09-07T03:00,24.3,0.00,0.00,0.00,29.0,10.8,358,15.5
2024-09-07T04:00,24.2,0.00,0.00,0.00,28.9,9.4,356,15.1
2024-09-07T05:00,24.0,0.00,0.00,0.00,28.7,8.7,353,13.3
2024-09-07T06:00,24.2,0.00,0.00,0.00,28.8,10.2,352,15.8
2024-09-07T07:00,24.8,0.00,0.00,0.00,29.6,10.1,358,17.3
2024-09-07T08:00,26.6,0.00,0.00,0.00,31.6,7.7,11,16.9
2024-09-07T09:00,28.2,0.00,0.00,0.00,33.6,5.2,25,15.8
2024-09-07T10:00,29.9,0.00,0.00,0.00,36.5,3.7,101,13.0
2024-09-07T11:00,30.7,0.00,0.00,0.00,37.6,5.9,142,15.5
2024-09-07T12:00,31.3,0.10,0.00,0.10,37.5,9.4,157,19.1
2024-09-07T13:00,31.3,0.00,0.00,0.00,36.3,16.7,166,27.7
2024-09-07T14:00,31.4,0.00,0.00,0.00,34.9,18.4,178,31.0
2024-09-07T15:00,30.9,0.00,0.00,0.00,33.6,19.9,186,31.7
2024-09-07T16:00,30.2,0.00,0.00,0.00,32.8,22.4,186,33.8
2024-09-07T17:00,28.9,0.00,0.00,0.00,32.2,21.0,185,34.2
2024-09-07T18:00,27.4,0.00,0.00,0.00,31.5,16.6,176,30.6
2024-09-07T19:00,26.8,0.00,0.00,0.00,30.8,16.6,167,24.1
2024-09-07T20:00,26.6,0.00,0.00,0.00,30.8,15.5,176,24.1
2024-09-07T21:00,26.2,0.00,0.00,0.00,30.2,14.8,193,22.3
2024-09-07T22:00,26.4,0.00,0.00,0.00,30.5,14.3,190,22.7
2024-09-07T23:00,26.0,0.00,0.00,0.00,30.2,12.8,190,20.2
2024-09-08T00:00,25.8,0.00,0.00,0.00,29.8,13.7,194,19.8
2024-09-08T01:00,25.3,0.00,0.00,0.00,29.8,10.1,235,19.8
2024-09-08T02:00,24.5,0.00,0.00,0.00,29.3,7.3,290,14.0
2024-09-08T03:00,24.0,0.00,0.00,0.00,28.8,8.0,324,11.2
2024-09-08T04:00,23.9,0.00,0.00,0.00,28.8,7.4,331,11.5
2024-09-08T05:00,24.0,0.00,0.00,0.00,28.9,6.9,313,10.4
2024-09-08T06:00,24.4,0.00,0.00,0.00,29.3,7.0,305,10.8
2024-09-08T07:00,25.9,0.00,0.00,0.00,31.2,6.3,301,12.2
2024-09-08T08:00,27.5,0.00,0.00,0.00,32.8,6.1,315,14.0
2024-09-08T09:00,28.9,0.00,0.00,0.00,34.3,6.3,336,15.8
2024-09-08T10:00,31.0,0.00,0.00,0.00,37.1,1.5,284,11.9
2024-09-08T11:00,31.9,0.00,0.00,0.00,38.3,1.1,252,10.8
2024-09-08T12:00,32.3,0.00,0.00,0.00,38.3,6.2,144,16.2
2024-09-08T13:00,31.2,1.10,0.00,1.10,36.2,13.1,159,23.8
2024-09-08T14:00,30.7,0.10,0.00,0.10,34.9,13.6,191,25.2
2024-09-08T15:00,30.4,0.10,0.00,0.10,34.4,13.7,215,24.8
2024-09-08T16:00,30.4,0.10,0.00,0.10,33.5,18.8,200,28.8
2024-09-08T17:00,29.1,0.00,0.00,0.00,31.9,18.4,197,29.5
2024-09-08T18:00,27.8,0.00,0.00,0.00,31.3,15.6,195,27.0
2024-09-08T19:00,27.1,0.00,0.00,0.00,32.2,7.1,225,22.0
2024-09-08T20:00,26.6,0.00,0.00,0.00,32.1,4.9,324,9.7
2024-09-08T21:00,25.7,0.00,0.00,0.00,30.9,8.8,348,11.9
2024-09-08T22:00,26.5,0.00,0.00,0.00,32.6,4.7,274,6.1
2024-09-08T23:00,25.8,0.00,0.00,0.00,31.7,6.6,331,9.0
2024-09-09T00:00,25.4,0.00,0.00,0.00,31.1,7.4,321,10.8
2024-09-09T01:00,25.0,0.00,0.00,0.00,30.3,8.7,312,12.2
2024-09-09T02:00,24.8,0.00,0.00,0.00,30.2,7.7,323,13.3
2024-09-09T03:00,24.7,0.00,0.00,0.00,30.1,7.4,331,10.8
2024-09-09T04:00,24.1,0.00,0.00,0.00,28.5,12.0,314,16.6
2024-09-09T05:00,23.3,0.00,0.00,0.00,26.4,16.5,328,24.5
2024-09-09T06:00,23.6,0.00,0.00,0.00,26.7,16.7,341,24.8
2024-09-09T07:00,24.4,0.00,0.00,0.00,28.2,13.7,357,25.6
2024-09-09T08:00,25.5,0.00,0.00,0.00,30.5,6.8,360,21.2
2024-09-09T09:00,27.3,0.00,0.00,0.00,32.8,2.3,321,14.0
2024-09-09T10:00,29.5,0.00,0.00,0.00,35.0,6.1,45,15.8
2024-09-09T11:00,30.4,0.00,0.00,0.00,36.3,5.8,86,16.2
2024-09-09T12:00,31.2,0.00,0.00,0.00,36.6,9.2,121,19.4
2024-09-09T13:00,32.0,0.00,0.00,0.00,36.1,13.3,128,24.1
2024-09-09T14:00,31.9,0.00,0.00,0.00,35.5,12.7,119,24.1
2024-09-09T15:00,31.4,0.00,0.00,0.00,33.8,16.7,109,25.9
2024-09-09T16:00,29.8,0.10,0.00,0.10,32.6,16.4,109,28.4
2024-09-09T17:00,28.7,0.20,0.00,0.20,31.7,16.4,116,25.9
2024-09-09T18:00,27.4,0.30,0.00,0.30,31.0,14.1,122,24.8
2024-09-09T19:00,26.7,0.40,0.00,0.40,30.9,11.5,139,19.8
2024-09-09T20:00,25.7,1.00,0.00,1.00,29.3,13.3,131,19.8
2024-09-09T21:00,25.7,0.20,0.00,0.20,30.4,7.2,153,19.1
2024-09-09T22:00,25.4,0.10,0.00,0.10,28.4,14.6,110,21.6
2024-09-09T23:00,24.7,0.80,0.00,0.80,28.9,6.5,90,21.2
2024-09-10T00:00,24.3,0.40,0.00,0.40,28.7,4.7,67,15.5
2024-09-10T01:00,24.2,0.10,0.00,0.10,28.5,5.5,58,9.0
2024-09-10T02:00,23.9,0.50,0.00,0.50,28.4,4.3,48,13.3
2024-09-10T03:00,23.7,0.10,0.00,0.10,28.5,2.9,7,6.8
2024-09-10T04:00,23.4,0.00,0.00,0.00,28.0,5.4,4,8.3
2024-09-10T05:00,23.2,0.00,0.00,0.00,27.6,6.1,28,8.6
2024-09-10T06:00,23.3,0.00,0.00,0.00,27.5,7.4,39,11.9
2024-09-10T07:00,24.5,0.00,0.00,0.00,29.1,5.6,45,12.2
2024-09-10T08:00,26.0,0.00,0.00,0.00,31.1,3.3,77,12.6
2024-09-10T09:00,27.6,0.00,0.00,0.00,32.9,2.2,189,10.8
2024-09-10T10:00,29.7,0.00,0.00,0.00,35.5,3.1,111,12.6
2024-09-10T11:00,30.6,0.00,0.00,0.00,36.5,7.2,153,16.9
2024-09-10T12:00,31.3,0.00,0.00,0.00,36.4,12.8,158,23.0
2024-09-10T13:00,31.8,0.00,0.00,0.00,36.0,15.9,167,27.4
2024-09-10T14:00,31.7,0.00,0.00,0.00,35.6,18.4,168,30.2
2024-09-10T15:00,31.4,0.00,0.00,0.00,34.9,18.9,172,30.2
2024-09-10T16:00,30.8,0.00,0.00,0.00,34.0,20.2,182,30.6
2024-09-10T17:00,29.5,0.00,0.00,0.00,32.7,21.3,191,31.7
2024-09-10T18:00,27.9,0.00,0.00,0.00,31.6,20.4,201,31.0
2024-09-10T19:00,27.3,0.00,0.00,0.00,31.5,17.2,191,29.2
2024-09-10T20:00,27.0,0.00,0.00,0.00,31.5,14.8,181,24.8
2024-09-10T21:00,26.8,0.00,0.00,0.00,31.4,14.4,176,21.2
2024-09-10T22:00,27.1,0.00,0.00,0.00,31.4,17.6,181,27.4
2024-09-10T23:00,27.0,0.00,0.00,0.00,31.9,14.4,181,25.2
2024-09-11T00:00,26.9,0.00,0.00,0.00,32.0,12.7,188,21.2
2024-09-11T01:00,26.4,0.00,0.00,0.00,32.1,7.8,214,18.0
2024-09-11T02:00,25.5,0.00,0.00,0.00,31.1,7.3,303,10.4
2024-09-11T03:00,24.7,0.00,0.00,0.00,29.5,9.4,342,13.7
2024-09-11T04:00,24.2,0.00,0.00,0.00,28.9,7.9,344,13.3
2024-09-11T05:00,24.1,0.00,0.00,0.00,28.7,6.6,338,10.8
2024-09-11T06:00,24.5,0.00,0.00,0.00,29.6,3.7,331,9.4
2024-09-11T07:00,26.4,0.00,0.00,0.00,31.7,4.3,336,9.7
2024-09-11T08:00,27.9,0.00,0.00,0.00,33.7,2.9,353,11.2
2024-09-11T09:00,29.3,0.00,0.00,0.00,35.0,2.9,173,10.8
2024-09-11T10:00,31.1,0.00,0.00,0.00,37.9,1.4,90,13.7
2024-09-11T11:00,32.0,0.00,0.00,0.00,38.6,6.9,141,18.4
2024-09-11T12:00,31.8,0.00,0.00,0.00,38.0,13.0,152,24.1
2024-09-11T13:00,32.0,0.30,0.00,0.30,37.9,14.9,172,27.4
2024-09-11T14:00,32.2,0.00,0.00,0.00,37.3,14.0,181,27.0
2024-09-11T15:00,32.2,0.10,0.00,0.10,36.0,18.4,184,28.8
2024-09-11T16:00,31.0,0.00,0.00,0.00,34.3,22.2,188,33.8
2024-09-11T17:00,29.7,0.00,0.00,0.00,33.6,19.9,185,33.8
2024-09-11T18:00,28.5,0.00,0.00,0.00,33.0,16.6,178,29.5
2024-09-11T19:00,27.9,0.00,0.00,0.00,32.1,18.4,176,26.6
2024-09-11T20:00,27.6,0.00,0.00,0.00,32.3,15.1,180,27.0
2024-09-11T21:00,27.4,0.00,0.00,0.00,32.5,12.4,188,22.0
2024-09-11T22:00,27.5,0.00,0.00,0.00,32.3,15.1,192,23.0
2024-09-11T23:00,27.1,0.00,0.00,0.00,32.9,7.6,245,21.2
2024-09-12T00:00,26.4,0.00,0.00,0.00,32.6,5.9,313,10.1
2024-09-12T01:00,25.7,0.00,0.00,0.00,31.6,7.4,321,10.4
2024-09-12T02:00,25.3,0.00,0.00,0.00,31.0,6.3,329,10.8
2024-09-12T03:00,24.9,0.00,0.00,0.00,30.3,6.9,313,9.7
2024-09-12T04:00,24.7,0.00,0.00,0.00,30.2,5.1,315,9.7
2024-09-12T05:00,24.7,0.00,0.00,0.00,30.2,4.4,325,7.2
2024-09-12T06:00,25.1,0.00,0.00,0.00,30.7,4.2,340,7.2
2024-09-12T07:00,26.8,0.00,0.00,0.00,32.5,4.1,345,10.1
2024-09-12T08:00,28.3,0.00,0.00,0.00,34.4,2.9,7,10.8
2024-09-12T09:00,29.5,0.00,0.00,0.00,36.0,1.8,37,11.2
2024-09-12T10:00,30.8,0.00,0.00,0.00,37.1,4.5,104,15.1
2024-09-12T11:00,31.3,0.10,0.00,0.10,37.5,7.8,146,18.0
2024-09-12T12:00,32.0,0.00,0.00,0.00,38.3,10.0,165,21.2
2024-09-12T13:00,32.3,0.00,0.00,0.00,37.9,14.6,171,25.9
2024-09-12T14:00,32.4,0.00,0.00,0.00,36.4,19.1,180,31.0
2024-09-12T15:00,31.6,0.00,0.00,0.00,34.0,24.2,185,37.4
2024-09-12T16:00,30.6,0.00,0.00,0.00,32.9,25.8,192,40.0
2024-09-12T17:00,29.4,0.00,0.00,0.00,32.1,24.0,188,39.2
2024-09-12T18:00,28.1,0.00,0.00,0.00,31.7,19.1,183,35.3
2024-09-12T19:00,27.6,0.00,0.00,0.00,31.3,18.4,181,28.1
2024-09-12T20:00,27.4,0.00,0.00,0.00,30.9,19.5,184,28.1
2024-09-12T21:00,27.3,0.00,0.00,0.00,30.7,20.1,189,29.2
2024-09-12T22:00,27.6,0.00,0.00,0.00,31.0,20.0,188,29.2
2024-09-12T23:00,27.2,0.00,0.00,0.00,30.5,20.7,188,29.9
2024-09-13T00:00,27.0,0.00,0.00,0.00,30.3,20.6,196,30.6
2024-09-13T01:00,26.7,0.00,0.00,0.00,30.4,16.9,207,29.9
2024-09-13T02:00,26.3,0.00,0.00,0.00,30.5,13.6,212,24.5
2024-09-13T03:00,26.0,0.00,0.00,0.00,30.4,11.8,218,19.8
2024-09-13T04:00,25.7,0.00,0.00,0.00,30.2,10.5,218,16.9
2024-09-13T05:00,25.4,0.00,0.00,0.00,30.1,9.2,219,15.1
2024-09-13T06:00,25.7,0.00,0.00,0.00,30.5,8.2,218,13.0
2024-09-13T07:00,27.4,0.00,0.00,0.00,31.3,14.4,217,23.4
2024-09-13T08:00,28.7,0.00,0.00,0.00,32.7,15.0,210,25.2
2024-09-13T09:00,30.0,0.00,0.00,0.00,34.0,15.3,207,26.6
2024-09-13T10:00,31.5,0.00,0.00,0.00,35.8,14.9,195,26.3
2024-09-13T11:00,32.3,0.00,0.00,0.00,36.1,19.5,196,32.4
2024-09-13T12:00,32.3,0.00,0.00,0.00,35.6,22.5,193,36.7
2024-09-13T13:00,32.5,0.00,0.00,0.00,35.4,24.7,193,40.0
2024-09-13T14:00,32.4,0.00,0.00,0.00,34.4,28.5,189,43.9
2024-09-13T15:00,31.8,0.00,0.00,0.00,32.5,31.6,187,48.6
2024-09-13T16:00,30.9,0.00,0.00,0.00,31.8,31.5,185,48.2
2024-09-13T17:00,29.8,0.00,0.00,0.00,31.0,30.0,185,47.5
2024-09-13T18:00,28.6,0.00,0.00,0.00,30.8,22.8,192,43.9
2024-09-13T19:00,28.0,0.00,0.00,0.00,30.2,20.8,198,33.1
2024-09-13T20:00,27.6,0.00,0.00,0.00,30.5,16.3,215,30.2
2024-09-13T21:00,27.1,0.00,0.00,0.00,31.1,10.1,235,23.4
2024-09-13T22:00,27.6,0.00,0.00,0.00,31.2,14.5,222,25.6
2024-09-13T23:00,27.2,0.00,0.00,0.00,31.0,12.5,221,20.9
2024-09-14T00:00,26.7,0.00,0.00,0.00,30.8,10.2,222,18.0
2024-09-14T01:00,26.0,0.00,0.00,0.00,30.1,10.6,208,14.8
2024-09-14T02:00,25.5,0.00,0.00,0.00,29.5,10.7,213,15.5
2024-09-14T03:00,25.1,0.00,0.00,0.00,29.1,10.6,208,15.5
2024-09-14T04:00,25.1,0.00,0.00,0.00,28.8,11.3,211,16.2
2024-09-14T05:00,24.9,0.00,0.00,0.00,28.7,11.2,213,16.2
2024-09-14T06:00,25.2,0.00,0.00,0.00,29.0,11.1,216,16.2
2024-09-14T07:00,27.0,0.00,0.00,0.00,31.0,11.8,218,17.6
2024-09-14T08:00,28.9,0.00,0.00,0.00,32.2,16.5,212,27.0
2024-09-14T09:00,30.4,0.00,0.00,0.00,33.4,18.2,207,30.6
2024-09-14T10:00,31.8,0.00,0.00,0.00,35.9,10.4,214,21.2
2024-09-14T11:00,32.7,0.00,0.00,0.00,36.5,15.8,197,28.1
2024-09-14T12:00,33.2,0.00,0.00,0.00,36.3,22.9,193,37.4
2024-09-14T13:00,33.0,0.00,0.00,0.00,35.9,26.7,190,43.2
2024-09-14T14:00,32.7,0.00,0.00,0.00,34.5,31.5,187,49.3
2024-09-14T15:00,32.1,0.00,0.00,0.00,32.7,35.1,185,53.6
2024-09-14T16:00,30.9,0.00,0.00,0.00,31.9,35.8,185,55.1
2024-09-14T17:00,29.8,0.00,0.00,0.00,30.9,35.4,185,53.6
2024-09-14T18:00,28.7,0.00,0.00,0.00,30.2,32.8,184,52.2
2024-09-14T19:00,28.3,0.00,0.00,0.00,30.0,31.2,187,47.9
2024-09-14T20:00,28.1,0.00,0.00,0.00,29.8,30.7,189,46.1
2024-09-14T21:00,27.7,0.00,0.00,0.00,29.7,29.1,192,44.6
2024-09-14T22:00,27.4,0.00,0.00,0.00,29.1,30.8,186,45.0
2024-09-14T23:00,27.4,0.00,0.00,0.00,29.6,29.1,188,45.0
2024-09-15T00:00,27.1,0.00,0.00,0.00,29.6,27.2,191,42.1
2024-09-15T01:00,27.0,0.00,0.00,0.00,29.8,24.6,195,40.0
2024-09-15T02:00,26.8,0.00,0.00,0.00,29.7,24.1,197,36.4
2024-09-15T03:00,26.7,0.00,0.00,0.00,29.5,24.1,200,35.6
2024-09-15T04:00,26.5,0.00,0.00,0.00,29.2,23.1,201,35.3
2024-09-15T05:00,26.3,0.00,0.00,0.00,28.8,23.3,200,34.2
2024-09-15T06:00,26.6,0.00,0.00,0.00,28.8,24.3,201,34.9
2024-09-15T07:00,28.0,0.00,0.00,0.00,30.0,27.9,200,41.0
2024-09-15T08:00,29.5,0.00,0.00,0.00,31.1,30.3,200,46.4
2024-09-15T09:00,30.7,0.00,0.00,0.00,32.0,32.0,201,49.7
2024-09-15T10:00,32.5,0.00,0.00,0.00,33.0,36.2,199,55.8
2024-09-15T11:00,33.2,0.00,0.00,0.00,34.2,35.3,200,55.8
2024-09-15T12:00,33.5,0.00,0.00,0.00,34.7,36.1,199,56.2
2024-09-15T13:00,33.7,0.00,0.00,0.00,34.3,37.4,196,57.6
2024-09-15T14:00,33.6,0.00,0.00,0.00,33.9,35.6,196,58.0
2024-09-15T15:00,33.1,0.00,0.00,0.00,33.2,35.2,194,55.1
2024-09-15T16:00,32.2,0.00,0.00,0.00,32.7,32.4,195,54.4
2024-09-15T17:00,31.0,0.00,0.00,0.00,32.2,27.8,193,49.3
2024-09-15T18:00,29.5,0.00,0.00,0.00,31.2,25.5,196,41.0
2024-09-15T19:00,28.9,0.00,0.00,0.00,30.6,24.6,205,37.8
2024-09-15T20:00,28.4,0.00,0.00,0.00,30.5,22.3,211,36.0
2024-09-15T21:00,28.1,0.00,0.00,0.00,31.6,14.3,229,32.4
2024-09-15T22:00,25.9,13.30,0.00,13.30,30.5,13.6,349,25.9
2024-09-15T23:00,26.1,7.70,0.00,7.70,30.7,13.2,299,21.2
2024-09-16T00:00,25.6,8.00,0.00,8.00,30.2,13.0,314,20.9
2024-09-16T01:00,25.7,11.80,0.00,11.80,30.5,10.2,293,19.1
2024-09-16T02:00,25.5,2.70,0.00,2.70,30.6,6.5,289,15.5
2024-09-16T03:00,25.3,0.00,0.00,0.00,30.5,5.5,293,9.7
2024-09-16T04:00,24.7,0.00,0.00,0.00,30.0,4.0,355,8.6
2024-09-16T05:00,24.4,0.00,0.00,0.00,29.8,3.6,53,5.8
2024-09-16T06:00,24.9,0.00,0.00,0.00,30.2,4.2,70,6.8
2024-09-16T07:00,26.4,0.00,0.00,0.00,31.6,6.0,65,11.9
2024-09-16T08:00,27.8,0.00,0.00,0.00,32.4,9.1,34,16.6
2024-09-16T09:00,29.0,0.10,0.00,0.10,32.6,15.3,15,25.2
2024-09-16T10:00,28.5,0.40,0.00,0.40,30.6,24.4,56,37.4
2024-09-16T11:00,29.3,0.10,0.00,0.10,30.7,26.8,59,41.4
2024-09-16T12:00,30.3,0.00,0.00,0.00,31.1,29.7,61,46.8
2024-09-16T13:00,30.6,0.00,0.00,0.00,31.5,28.2,62,46.8
2024-09-16T14:00,29.7,0.00,0.00,0.00,30.8,26.1,62,45.0
2024-09-16T15:00,28.8,0.10,0.00,0.10,30.1,24.7,59,41.8
2024-09-16T16:00,28.1,0.00,0.00,0.00,29.6,23.5,58,38.5
2024-09-16T17:00,27.2,0.00,0.00,0.00,29.0,22.1,56,35.6
2024-09-16T18:00,26.3,0.00,0.00,0.00,28.4,19.5,52,33.1
2024-09-16T19:00,25.7,0.00,0.00,0.00,27.9,17.6,44,29.2
2024-09-16T20:00,25.3,0.00,0.00,0.00,27.7,15.3,45,26.3
2024-09-16T21:00,25.0,0.00,0.00,0.00,27.7,12.5,44,23.0
2024-09-16T22:00,23.8,0.00,0.00,0.00,26.3,11.5,49,19.4
2024-09-16T23:00,23.5,0.00,0.00,0.00,26.3,8.3,34,17.6
2024-09-17T00:00,23.2,0.00,0.00,0.00,26.2,7.3,349,12.6
2024-09-17T01:00,23.0,0.00,0.00,0.00,25.9,7.3,327,12.2
2024-09-17T02:00,22.9,0.00,0.00,0.00,25.7,8.0,324,12.2
2024-09-17T03:00,22.8,0.00,0.00,0.00,25.8,6.6,338,12.2
2024-09-17T04:00,22.7,0.00,0.00,0.00,26.3,3.4,342,9.7
2024-09-17T05:00,22.7,0.00,0.00,0.00,26.5,2.2,360,5.0
2024-09-17T06:00,22.7,0.00,0.00,0.00,26.7,1.0,225,3.6
2024-09-17T07:00,24.1,0.00,0.00,0.00,28.1,1.6,207,7.2
2024-09-17T08:00,25.9,0.00,0.00,0.00,29.9,4.7,184,12.2
2024-09-17T09:00,28.3,0.00,0.00,0.00,31.5,12.1,190,22.3
2024-09-17T10:00,28.9,0.00,0.00,0.00,33.4,8.0,188,18.7
2024-09-17T11:00,31.5,0.00,0.00,0.00,35.9,9.8,204,22.0
2024-09-17T12:00,32.6,0.00,0.00,0.00,36.6,15.1,179,27.4
2024-09-17T13:00,32.7,0.00,0.00,0.00,35.9,21.0,185,35.6
2024-09-17T14:00,32.4,0.00,0.00,0.00,35.0,24.1,197,40.0
2024-09-17T15:00,31.8,0.00,0.00,0.00,34.0,25.2,199,40.3
2024-09-17T16:00,31.0,0.00,0.00,0.00,33.2,26.7,196,41.8
2024-09-17T17:00,29.9,0.00,0.00,0.00,32.5,24.2,195,41.8
2024-09-17T18:00,28.9,0.00,0.00,0.00,32.3,20.4,189,36.7
2024-09-17T19:00,28.8,0.00,0.00,0.00,32.3,19.2,186,29.9
2024-09-17T20:00,28.5,0.00,0.00,0.00,32.4,16.3,194,27.7
2024-09-17T21:00,27.9,0.00,0.00,0.00,31.7,16.6,202,24.1
2024-09-17T22:00,27.7,0.00,0.00,0.00,32.4,12.0,213,22.3
2024-09-17T23:00,27.5,0.00,0.00,0.00,33.1,6.6,229,16.9
2024-09-18T00:00,27.2,0.00,0.00,0.00,32.4,10.0,319,13.0
2024-09-18T01:00,26.5,0.60,0.00,0.60,31.4,9.8,332,20.2
2024-09-18T02:00,26.0,0.00,0.00,0.00,31.2,7.9,330,15.5
2024-09-18T03:00,25.7,0.00,0.00,0.00,31.4,4.5,331,11.2
2024-09-18T04:00,25.5,0.00,0.00,0.00,31.1,4.6,231,6.1
2024-09-18T05:00,25.6,0.00,0.00,0.00,31.6,1.3,214,6.5
2024-09-18T06:00,25.8,0.00,0.00,0.00,31.7,1.3,34,1.8
2024-09-18T07:00,27.3,0.00,0.00,0.00,33.0,2.8,140,7.6
2024-09-18T08:00,28.9,0.00,0.00,0.00,34.4,3.1,126,10.8
2024-09-18T09:00,30.2,0.00,0.00,0.00,35.6,4.8,117,14.4
2024-09-18T10:00,33.0,0.00,0.00,0.00,38.3,7.0,159,19.8
2024-09-18T11:00,34.1,0.00,0.00,0.00,39.9,7.8,158,19.8
2024-09-18T12:00,34.7,0.00,0.00,0.00,40.6,6.8,162,25.9
2024-09-18T13:00,35.3,0.00,0.00,0.00,40.5,8.3,162,25.6
2024-09-18T14:00,35.1,0.10,0.00,0.10,38.9,12.2,156,25.9
2024-09-18T15:00,33.3,1.90,0.00,1.90,36.8,14.6,160,27.0
2024-09-18T16:00,31.4,0.00,0.00,0.00,35.2,14.1,174,25.6
2024-09-18T17:00,30.4,0.00,0.00,0.00,35.1,6.6,131,24.5
2024-09-18T18:00,29.2,1.70,0.00,1.70,33.6,11.4,349,19.4
2024-09-18T19:00,28.3,0.00,0.00,0.00,32.1,18.1,6,25.2
2024-09-18T20:00,27.6,0.40,0.00,0.40,32.3,12.9,347,28.8
2024-09-18T21:00,26.8,0.60,0.00,0.60,31.8,12.6,360,23.4
2024-09-18T22:00,26.7,0.00,0.00,0.00,32.3,9.5,299,13.3
2024-09-18T23:00,26.5,0.00,0.00,0.00,32.5,6.1,320,14.0
2024-09-19T00:00,26.2,0.00,0.00,0.00,32.8,2.3,288,8.6
2024-09-19T01:00,25.9,0.00,0.00,0.00,32.8,0.4,270,3.2
2024-09-19T02:00,25.8,0.00,0.00,0.00,32.0,4.0,350,5.4
2024-09-19T03:00,25.5,0.00,0.00,0.00,31.4,6.1,3,9.0
2024-09-19T04:00,25.4,0.00,0.00,0.00,31.9,2.3,18,8.3
2024-09-19T05:00,25.4,0.00,0.00,0.00,31.2,6.5,3,8.6
2024-09-19T06:00,25.4,0.00,0.00,0.00,31.3,5.5,23,10.1
2024-09-19T07:00,26.6,0.00,0.00,0.00,32.3,7.3,349,13.0
2024-09-19T08:00,27.9,0.00,0.00,0.00,33.5,7.2,357,15.5
2024-09-19T09:00,29.4,0.00,0.00,0.00,34.5,10.3,12,20.2
2024-09-19T10:00,30.0,0.00,0.00,0.00,34.3,14.4,3,24.8
2024-09-19T11:00,30.5,0.00,0.00,0.00,35.6,10.2,8,25.2
2024-09-19T12:00,31.6,0.00,0.00,0.00,37.4,9.4,360,20.9
2024-09-19T13:00,32.1,0.00,0.00,0.00,37.7,8.3,5,19.8
2024-09-19T14:00,32.5,0.00,0.00,0.00,37.3,6.1,3,18.4
2024-09-19T15:00,32.1,0.00,0.00,0.00,37.2,2.3,72,14.8
2024-09-19T16:00,31.8,0.00,0.00,0.00,36.7,7.0,125,13.0
2024-09-19T17:00,30.8,0.00,0.00,0.00,36.2,6.9,141,12.6
2024-09-19T18:00,29.4,0.00,0.00,0.00,34.8,10.7,147,14.0
2024-09-19T19:00,27.6,0.00,0.00,0.00,32.4,13.6,122,19.1
2024-09-19T20:00,26.8,0.00,0.00,0.00,31.1,14.8,116,22.3
2024-09-19T21:00,26.6,0.00,0.00,0.00,31.5,12.1,117,21.2
2024-09-19T22:00,27.2,0.00,0.00,0.00,34.4,2.6,56,5.4
2024-09-19T23:00,27.0,0.00,0.00,0.00,33.2,8.3,90,11.2
2024-09-20T00:00,26.7,0.00,0.00,0.00,32.5,9.2,129,13.0
2024-09-20T01:00,26.6,0.00,0.00,0.00,32.4,8.3,146,13.7
2024-09-20T02:00,26.0,0.00,0.00,0.00,32.5,3.7,169,11.5
2024-09-20T03:00,25.9,0.10,0.00,0.10,32.7,1.6,243,4.3
2024-09-20T04:00,25.9,0.10,0.00,0.10,32.0,6.4,322,9.0
2024-09-20T05:00,25.6,0.00,0.00,0.00,30.8,10.6,325,15.5
2024-09-20T06:00,25.4,0.00,0.00,0.00,29.9,13.4,340,20.2
2024-09-20T07:00,25.9,0.00,0.00,0.00,30.5,11.8,348,20.5
2024-09-20T08:00,26.9,0.00,0.00,0.00,32.5,6.6,347,18.7
2024-09-20T09:00,28.6,0.00,0.00,0.00,34.9,1.9,292,13.7
2024-09-20T10:00,30.4,0.00,0.00,0.00,37.1,2.7,203,13.0
2024-09-20T11:00,31.5,0.00,0.00,0.00,38.3,3.4,122,12.6
2024-09-20T12:00,32.3,0.00,0.00,0.00,38.9,7.5,73,16.9
2024-09-20T13:00,32.8,0.00,0.00,0.00,38.9,9.1,83,19.8
2024-09-20T14:00,33.2,0.00,0.00,0.00,38.9,9.0,113,19.4
2024-09-20T15:00,33.4,0.00,0.00,0.00,37.7,11.0,128,19.8
2024-09-20T16:00,32.9,0.00,0.00,0.00,37.0,11.0,128,20.2
2024-09-20T17:00,32.2,0.00,0.00,0.00,37.7,8.9,122,18.4
2024-09-20T18:00,30.9,0.00,0.00,0.00,36.9,7.7,191,12.6
2024-09-20T19:00,30.1,0.00,0.00,0.00,34.5,12.0,213,16.6
2024-09-20T20:00,29.2,0.00,0.00,0.00,33.7,12.7,225,17.6
2024-09-20T21:00,28.4,0.00,0.00,0.00,33.2,13.0,236,19.1
2024-09-20T22:00,28.3,0.00,0.00,0.00,33.4,13.0,236,27.4
2024-09-20T23:00,27.9,0.00,0.00,0.00,33.3,11.0,232,18.7
2024-09-21T00:00,27.5,0.00,0.00,0.00,33.6,7.4,256,15.5
2024-09-21T01:00,27.1,0.00,0.00,0.00,33.5,5.4,274,10.1
2024-09-21T02:00,26.7,0.00,0.00,0.00,33.3,4.2,250,6.8
2024-09-21T03:00,26.7,0.00,0.00,0.00,32.7,6.4,218,7.9
2024-09-21T04:00,26.8,0.00,0.00,0.00,32.4,8.2,229,10.8
2024-09-21T05:00,26.5,0.00,0.00,0.00,32.1,7.6,262,12.2
2024-09-21T06:00,26.4,0.00,0.00,0.00,31.4,8.6,292,11.9
2024-09-21T07:00,27.3,0.00,0.00,0.00,32.3,7.4,299,14.4
2024-09-21T08:00,28.8,0.00,0.00,0.00,33.9,8.1,283,15.5
2024-09-21T09:00,30.6,0.00,0.00,0.00,35.3,9.9,260,19.4
2024-09-21T10:00,31.6,0.00,0.00,0.00,36.4,9.7,255,24.1
2024-09-21T11:00,31.8,0.00,0.00,0.00,36.4,10.7,303,19.4
2024-09-21T12:00,31.6,0.00,0.00,0.00,36.1,10.8,330,19.4
2024-09-21T13:00,31.0,0.00,0.00,0.00,34.8,15.7,11,24.5
2024-09-21T14:00,31.0,0.00,0.00,0.00,35.2,12.9,36,28.8
2024-09-21T15:00,30.7,0.00,0.00,0.00,36.4,1.8,233,22.7
2024-09-21T16:00,30.6,0.00,0.00,0.00,35.1,9.6,257,16.6
2024-09-21T17:00,29.0,0.00,0.00,0.00,33.4,9.7,321,16.9
2024-09-21T18:00,26.8,0.00,0.00,0.00,29.7,16.3,354,23.4
2024-09-21T19:00,25.4,0.00,0.00,0.00,28.1,16.0,351,24.8
2024-09-21T20:00,24.6,0.00,0.00,0.00,27.9,11.1,347,23.8
2024-09-21T21:00,24.0,0.00,0.00,0.00,27.1,12.3,345,18.4
2024-09-21T22:00,24.7,0.00,0.00,0.00,27.4,18.9,39,26.3
2024-09-21T23:00,24.5,0.00,0.00,0.00,27.0,18.3,47,29.2
2024-09-22T00:00,24.4,0.00,0.00,0.00,27.6,14.1,50,25.9
2024-09-22T01:00,24.8,0.00,0.00,0.00,29.1,8.7,66,20.2
2024-09-22T02:00,24.6,0.00,0.00,0.00,30.1,1.9,22,11.9
2024-09-22T03:00,24.3,0.00,0.00,0.00,29.6,2.7,293,4.3
2024-09-22T04:00,24.0,0.00,0.00,0.00,28.5,5.0,291,8.6
2024-09-22T05:00,23.1,0.00,0.00,0.00,27.0,6.5,304,9.7
2024-09-22T06:00,22.7,0.70,0.00,0.70,26.0,8.5,332,13.0
2024-09-22T07:00,23.2,0.20,0.00,0.20,26.1,9.4,337,16.9
2024-09-22T08:00,23.9,0.20,0.00,0.20,26.4,11.7,326,19.4
2024-09-22T09:00,24.8,0.20,0.00,0.20,27.6,10.6,325,22.0
2024-09-22T10:00,27.7,0.30,0.00,0.30,28.6,35.8,204,55.1
2024-09-22T11:00,28.6,0.10,0.00,0.10,29.9,34.7,209,55.4
2024-09-22T12:00,28.8,0.00,0.00,0.00,29.7,35.3,220,52.2
2024-09-22T13:00,27.3,0.00,0.00,0.00,28.7,22.4,312,53.3
2024-09-22T14:00,26.0,0.00,0.00,0.00,27.0,24.4,352,39.2
2024-09-22T15:00,27.3,0.00,0.00,0.00,29.9,16.6,2,37.1
2024-09-22T16:00,27.6,0.00,0.00,0.00,31.1,10.8,360,26.3
2024-09-22T17:00,27.9,0.00,0.00,0.00,32.6,2.0,225,17.3
2024-09-22T18:00,26.9,0.00,0.00,0.00,32.3,3.4,302,5.0
2024-09-22T19:00,26.1,0.00,0.00,0.00,30.6,7.2,307,9.7
2024-09-22T20:00,25.8,0.00,0.00,0.00,29.3,11.5,309,15.8
2024-09-22T21:00,25.2,0.10,0.00,0.10,27.4,14.7,332,21.6
2024-09-22T22:00,24.5,0.00,0.00,0.00,27.9,13.7,23,19.1
2024-09-22T23:00,24.1,0.00,0.00,0.00,27.0,15.0,24,22.7
2024-09-23T00:00,23.8,0.20,0.00,0.20,26.6,13.4,14,22.0
2024-09-23T01:00,23.3,0.70,0.00,0.70,25.6,15.4,16,23.0
2024-09-23T02:00,23.1,0.70,0.00,0.70,25.4,14.9,20,23.0
2024-09-23T03:00,22.8,0.10,0.00,0.10,25.1,14.0,35,22.0
2024-09-23T04:00,22.5,0.30,0.00,0.30,24.5,13.9,37,20.9
2024-09-23T05:00,22.1,0.20,0.00,0.20,23.9,12.7,35,20.5
2024-09-23T06:00,22.0,0.10,0.00,0.10,23.7,12.0,33,19.1
2024-09-23T07:00,22.0,0.50,0.00,0.50,23.7,11.3,31,17.6
2024-09-23T08:00,22.4,0.00,0.00,0.00,22.6,19.4,47,28.1
2024-09-23T09:00,23.0,0.00,0.00,0.00,21.9,25.2,42,38.5
2024-09-23T10:00,22.9,0.00,0.00,0.00,22.6,18.6,41,29.5
2024-09-23T11:00,23.8,0.00,0.00,0.00,23.4,19.4,35,30.6
2024-09-23T12:00,25.4,0.00,0.00,0.00,24.5,20.2,35,31.7
2024-09-23T13:00,26.3,0.00,0.00,0.00,25.5,20.0,38,32.4
2024-09-23T14:00,25.9,0.00,0.00,0.00,24.9,21.6,53,32.4
2024-09-23T15:00,24.8,0.00,0.00,0.00,23.0,29.6,58,45.0
2024-09-23T16:00,23.9,0.00,0.00,0.00,22.0,29.7,57,45.0
2024-09-23T17:00,22.4,0.00,0.00,0.00,21.2,25.6,51,44.3
2024-09-23T18:00,21.0,0.00,0.00,0.00,20.0,23.7,43,37.1
2024-09-23T19:00,20.5,0.00,0.00,0.00,19.3,22.8,38,34.6
2024-09-23T20:00,20.0,0.00,0.00,0.00,18.7,22.6,31,33.1
2024-09-23T21:00,19.6,0.00,0.00,0.00,18.5,21.1,23,33.1
2024-09-23T22:00,19.6,0.00,0.00,0.00,18.9,19.0,10,29.2
2024-09-23T23:00,18.9,0.00,0.00,0.00,17.9,18.8,3,28.1
2024-09-24T00:00,18.5,0.00,0.00,0.00,17.5,18.8,353,27.0
2024-09-24T01:00,17.8,0.00,0.00,0.00,16.6,19.6,343,28.8
2024-09-24T02:00,17.4,0.00,0.00,0.00,15.8,22.0,342,31.7
2024-09-24T03:00,17.1,0.00,0.00,0.00,15.5,21.7,345,32.0
2024-09-24T04:00,16.8,0.00,0.00,0.00,15.1,21.7,348,31.7
2024-09-24T05:00,16.7,0.00,0.00,0.00,15.2,20.5,349,31.3
2024-09-24T06:00,16.8,0.00,0.00,0.00,15.2,20.6,348,29.9
2024-09-24T07:00,18.2,0.00,0.00,0.00,16.0,23.8,358,36.0
2024-09-24T08:00,19.4,0.00,0.00,0.00,17.2,25.3,356,38.5
2024-09-24T09:00,21.0,0.00,0.00,0.00,18.4,26.7,5,41.8
2024-09-24T10:00,22.0,0.00,0.00,0.00,19.7,23.0,27,36.4
2024-09-24T11:00,24.0,0.00,0.00,0.00,22.7,20.5,31,38.9
2024-09-24T12:00,23.5,0.10,0.00,0.10,20.8,28.8,53,43.6
2024-09-24T13:00,23.4,0.00,0.00,0.00,20.5,27.0,53,45.0
2024-09-24T14:00,24.0,0.00,0.00,0.00,21.7,25.0,49,41.0
2024-09-24T15:00,23.4,0.00,0.00,0.00,21.0,22.7,48,39.2
2024-09-24T16:00,23.1,0.00,0.00,0.00,20.4,23.4,56,34.6
2024-09-24T17:00,21.8,0.00,0.00,0.00,19.8,20.9,58,34.6
2024-09-24T18:00,20.0,0.00,0.00,0.00,17.8,22.3,51,32.8
2024-09-24T19:00,19.3,0.00,0.00,0.00,17.6,19.6,44,32.0
2024-09-24T20:00,18.9,0.00,0.00,0.00,17.5,17.8,21,28.1
2024-09-24T21:00,18.4,0.00,0.00,0.00,16.9,18.2,18,26.3
2024-09-24T22:00,17.7,0.00,0.00,0.00,16.2,18.3,350,26.3
2024-09-24T23:00,17.2,0.00,0.00,0.00,15.3,20.1,339,29.2
2024-09-25T00:00,16.7,0.00,0.00,0.00,14.5,21.0,338,30.2
2024-09-25T01:00,16.5,0.00,0.00,0.00,14.1,21.9,346,31.3
2024-09-25T02:00,16.3,0.00,0.00,0.00,13.9,20.8,350,32.4
2024-09-25T03:00,16.2,0.00,0.00,0.00,13.7,21.5,351,30.6
2024-09-25T04:00,16.1,0.00,0.00,0.00,13.4,23.7,347,33.8
2024-09-25T05:00,16.3,0.00,0.00,0.00,13.7,24.0,343,34.9
2024-09-25T06:00,16.8,0.00,0.00,0.00,13.9,26.7,339,38.5
2024-09-25T07:00,18.1,0.00,0.00,0.00,15.9,23.5,339,40.0
2024-09-25T08:00,19.3,0.00,0.00,0.00,16.5,27.6,340,38.9
2024-09-25T09:00,21.3,0.00,0.00,0.00,17.9,31.7,345,47.5
2024-09-25T10:00,22.6,0.00,0.00,0.00,18.9,33.8,349,50.4
2024-09-25T11:00,22.6,0.00,0.00,0.00,19.2,33.4,348,51.5
2024-09-25T12:00,23.0,0.00,0.00,0.00,20.3,31.3,345,49.7
2024-09-25T13:00,23.1,0.00,0.00,0.00,21.3,27.5,354,46.4
2024-09-25T14:00,23.3,0.00,0.00,0.00,22.1,25.4,358,40.7
2024-09-25T15:00,23.3,0.00,0.00,0.00,22.2,25.8,355,38.9
2024-09-25T16:00,23.0,0.00,0.00,0.00,22.5,24.3,360,38.2
2024-09-25T17:00,22.5,0.00,0.00,0.00,22.6,21.3,349,35.3
2024-09-25T18:00,22.0,0.00,0.00,0.00,22.0,21.9,351,31.7
2024-09-25T19:00,22.0,0.00,0.00,0.00,22.0,22.8,355,33.1
2024-09-25T20:00,21.8,0.00,0.00,0.00,21.8,22.6,355,33.1
2024-09-25T21:00,21.4,0.00,0.00,0.00,21.4,22.0,341,33.1
2024-09-25T22:00,20.6,0.00,0.00,0.00,19.7,23.0,340,37.8
2024-09-25T23:00,20.8,0.00,0.00,0.00,20.1,21.6,339,33.5
2024-09-26T00:00,21.0,0.00,0.00,0.00,20.3,21.2,348,31.3
2024-09-26T01:00,20.7,0.10,0.00,0.10,20.2,21.1,345,31.0
2024-09-26T02:00,20.6,0.10,0.00,0.10,19.9,22.7,346,32.8
2024-09-26T03:00,20.9,0.00,0.00,0.00,20.4,21.7,349,33.1
2024-09-26T04:00,20.9,0.00,0.00,0.00,20.9,19.1,348,31.3
2024-09-26T05:00,21.0,0.00,0.00,0.00,21.5,17.1,348,27.7
2024-09-26T06:00,21.0,0.00,0.00,0.00,22.0,14.4,344,24.8
2024-09-26T07:00,21.9,0.00,0.00,0.00,23.3,13.5,348,20.9
2024-09-26T08:00,23.1,0.00,0.00,0.00,24.4,15.3,357,23.8
2024-09-26T09:00,24.3,0.00,0.00,0.00,25.8,16.3,7,26.6
2024-09-26T10:00,26.0,0.00,0.00,0.00,27.0,17.7,10,29.5
2024-09-26T11:00,27.1,0.00,0.00,0.00,28.8,13.2,24,29.5
2024-09-26T12:00,27.6,0.00,0.00,0.00,29.9,9.4,42,23.4
2024-09-26T13:00,27.8,0.00,0.00,0.00,30.4,7.5,57,18.7
2024-09-26T14:00,28.0,0.00,0.00,0.00,30.7,7.2,93,15.8
2024-09-26T15:00,28.1,0.00,0.00,0.00,30.4,10.4,113,18.0
2024-09-26T16:00,27.7,0.00,0.00,0.00,29.8,12.3,112,19.4
2024-09-26T17:00,26.9,0.00,0.00,0.00,29.5,10.8,120,19.1
2024-09-26T18:00,25.3,0.00,0.00,0.00,28.5,9.3,117,15.1
2024-09-26T19:00,24.8,0.00,0.00,0.00,27.5,14.1,124,18.7
2024-09-26T20:00,24.0,0.00,0.00,0.00,27.2,11.3,124,21.2
2024-09-26T21:00,23.4,0.00,0.00,0.00,26.9,8.9,124,15.5
2024-09-26T22:00,23.5,0.00,0.00,0.00,27.1,9.1,105,14.0
2024-09-26T23:00,22.8,0.00,0.00,0.00,26.3,9.0,87,13.0
2024-09-27T00:00,22.2,0.00,0.00,0.00,25.3,10.4,75,15.1
2024-09-27T01:00,21.8,0.00,0.00,0.00,24.9,9.6,47,15.1
2024-09-27T02:00,21.6,0.00,0.00,0.00,25.1,7.1,43,13.7
2024-09-27T03:00,21.6,0.00,0.00,0.00,25.1,7.6,18,11.2
2024-09-27T04:00,21.5,0.00,0.00,0.00,24.7,9.0,12,13.0
2024-09-27T05:00,21.4,0.00,0.00,0.00,24.4,10.2,8,14.8
2024-09-27T06:00,21.5,0.00,0.00,0.00,24.5,9.2,17,14.8
2024-09-27T07:00,22.4,0.00,0.00,0.00,25.0,12.4,28,19.8
2024-09-27T08:00,23.1,0.10,0.00,0.10,25.6,13.6,22,20.9
2024-09-27T09:00,24.2,0.20,0.00,0.20,26.7,14.1,30,22.0
2024-09-27T10:00,24.0,1.60,0.00,1.60,26.8,14.4,37,22.7
2024-09-27T11:00,24.1,1.20,0.00,1.20,26.6,17.1,21,26.3
2024-09-27T12:00,24.2,1.50,0.00,1.50,26.7,16.7,11,28.4
2024-09-27T13:00,24.5,2.00,0.00,2.00,26.9,17.7,17,27.4
2024-09-27T14:00,24.9,2.10,0.00,2.10,27.0,19.8,31,29.5
2024-09-27T15:00,24.4,1.10,0.00,1.10,26.4,20.6,55,30.6
2024-09-27T16:00,23.7,1.50,0.00,1.50,25.8,20.3,57,30.6
2024-09-27T17:00,23.3,1.10,0.00,1.10,25.5,19.4,38,29.5
2024-09-27T18:00,22.9,1.90,0.00,1.90,24.9,20.2,30,30.2
2024-09-27T19:00,22.5,2.20,0.00,2.20,24.8,17.3,22,29.5
2024-09-27T20:00,22.5,0.40,0.00,0.40,24.6,18.4,12,27.0
2024-09-27T21:00,22.5,0.30,0.00,0.30,24.7,17.1,2,27.4
2024-09-27T22:00,23.1,0.10,0.00,0.10,25.5,17.9,343,25.9
2024-09-27T23:00,23.2,0.00,0.00,0.00,25.4,18.6,347,27.7
2024-09-28T00:00,23.0,0.00,0.00,0.00,25.1,18.5,347,27.7
2024-09-28T01:00,22.5,0.00,0.00,0.00,24.8,16.4,343,27.0
2024-09-28T02:00,22.5,0.00,0.00,0.00,25.1,13.2,338,24.1
2024-09-28T03:00,22.4,0.00,0.00,0.00,24.8,13.7,346,20.2
2024-09-28T04:00,22.2,0.00,0.00,0.00,24.9,11.2,355,19.8
2024-09-28T05:00,22.0,0.00,0.00,0.00,24.9,9.5,14,15.8
2024-09-28T06:00,22.2,0.00,0.00,0.00,25.1,9.5,15,13.3
2024-09-28T07:00,23.2,0.00,0.00,0.00,26.5,8.7,5,14.4
2024-09-28T08:00,24.5,0.00,0.00,0.00,27.3,10.7,6,18.4
2024-09-28T09:00,25.4,0.00,0.00,0.00,27.8,12.7,15,21.2
2024-09-28T10:00,26.9,0.00,0.00,0.00,29.4,11.5,39,20.5
2024-09-28T11:00,27.1,0.10,0.00,0.10,29.6,11.2,55,21.6
2024-09-28T12:00,27.1,0.10,0.00,0.10,29.5,11.8,61,20.5
2024-09-28T13:00,27.1,0.00,0.00,0.00,29.2,12.9,69,22.0
2024-09-28T14:00,26.2,0.00,0.00,0.00,27.4,14.6,88,22.0
2024-09-28T15:00,25.2,0.10,0.00,0.10,26.5,14.0,91,22.0
2024-09-28T16:00,24.4,0.00,0.00,0.00,25.8,11.9,76,20.5
2024-09-28T17:00,23.5,0.00,0.00,0.00,25.0,12.4,93,19.1
2024-09-28T18:00,22.7,0.00,0.00,0.00,24.4,10.8,92,18.0
2024-09-28T19:00,22.4,0.00,0.00,0.00,24.6,7.7,87,15.5
2024-09-28T20:00,22.0,0.00,0.00,0.00,24.5,5.9,79,10.8
2024-09-28T21:00,21.8,0.00,0.00,0.00,24.4,5.3,55,7.9
2024-09-28T22:00,22.1,0.00,0.00,0.00,24.4,9.0,35,12.6
2024-09-28T23:00,21.9,0.00,0.00,0.00,24.5,7.5,42,13.3
2024-09-29T00:00,21.9,0.00,0.00,0.00,24.1,10.0,20,14.0
2024-09-29T01:00,21.5,0.00,0.00,0.00,23.6,10.6,2,15.1
2024-09-29T02:00,21.5,0.00,0.00,0.00,23.2,12.4,19,17.6
2024-09-29T03:00,21.5,0.00,0.00,0.00,22.8,13.7,22,20.2
2024-09-29T04:00,21.2,0.00,0.00,0.00,22.5,13.1,9,19.8
2024-09-29T05:00,21.1,0.00,0.00,0.00,22.4,13.4,8,19.4
2024-09-29T06:00,21.0,0.00,0.00,0.00,22.1,14.1,4,20.9
2024-09-29T07:00,21.4,0.00,0.00,0.00,22.5,14.4,1,21.6
2024-09-29T08:00,22.2,0.00,0.00,0.00,23.2,15.6,8,24.5
2024-09-29T09:00,23.3,0.00,0.00,0.00,23.8,18.3,26,27.7
2024-09-29T10:00,24.5,0.00,0.00,0.00,24.9,18.3,35,28.4
2024-09-29T11:00,25.1,0.00,0.00,0.00,25.2,20.2,49,31.0
2024-09-29T12:00,25.1,0.00,0.00,0.00,25.1,19.5,57,31.3
2024-09-29T13:00,25.0,0.20,0.00,0.20,24.9,20.8,63,31.7
2024-09-29T14:00,25.0,0.10,0.00,0.10,25.0,19.9,57,32.0
2024-09-29T15:00,24.8,0.00,0.00,0.00,24.6,21.7,58,31.7
2024-09-29T16:00,24.2,0.00,0.00,0.00,24.1,21.1,61,33.8
2024-09-29T17:00,23.2,0.00,0.00,0.00,24.0,15.7,58,30.6
2024-09-29T18:00,22.4,0.00,0.00,0.00,23.2,15.2,50,22.3
2024-09-29T19:00,21.7,0.00,0.00,0.00,23.0,12.9,36,22.0
2024-09-29T20:00,21.3,0.00,0.00,0.00,22.5,12.5,28,18.4
2024-09-29T21:00,21.1,0.00,0.00,0.00,22.3,12.8,28,18.4
2024-09-29T22:00,20.9,0.00,0.00,0.00,21.6,14.8,6,20.9
2024-09-29T23:00,20.5,0.00,0.00,0.00,21.0,15.7,357,22.7
2024-09-30T00:00,20.6,0.30,0.00,0.30,20.9,16.7,348,24.1
2024-09-30T01:00,20.3,0.00,0.00,0.00,20.7,16.0,348,24.1
2024-09-30T02:00,20.0,0.20,0.00,0.20,20.4,15.6,339,23.0
2024-09-30T03:00,19.7,0.30,0.00,0.30,20.1,16.1,338,23.0
2024-09-30T04:00,19.5,0.10,0.00,0.10,19.7,16.6,340,24.1
2024-09-30T05:00,19.4,0.00,0.00,0.00,19.7,15.6,344,24.1
2024-09-30T06:00,19.5,0.00,0.00,0.00,19.8,16.2,347,23.4
2024-09-30T07:00,20.5,0.00,0.00,0.00,21.0,16.1,342,24.1
2024-09-30T08:00,21.9,0.00,0.00,0.00,21.9,18.2,356,29.2
2024-09-30T09:00,23.5,0.00,0.00,0.00,23.6,18.2,20,29.9
2024-09-30T10:00,22.9,0.10,0.00,0.10,23.7,11.1,29,20.9
2024-09-30T11:00,23.4,0.10,0.00,0.10,24.4,10.4,46,19.4
2024-09-30T12:00,24.6,0.00,0.00,0.00,25.5,11.8,56,21.2
2024-09-30T13:00,25.2,0.00,0.00,0.00,25.6,14.4,50,24.8
2024-09-30T14:00,25.3,0.00,0.00,0.00,25.5,14.9,46,24.8
2024-09-30T15:00,25.2,0.00,0.00,0.00,25.2,15.5,46,24.5
2024-09-30T16:00,24.7,0.00,0.00,0.00,25.0,14.6,57,23.8
2024-09-30T17:00,23.6,0.00,0.00,0.00,24.0,15.0,66,22.3
2024-09-30T18:00,22.2,0.00,0.00,0.00,22.7,13.9,67,22.0
2024-09-30T19:00,21.2,0.00,0.00,0.00,22.2,11.0,75,19.8
2024-09-30T20:00,20.8,0.00,0.00,0.00,21.9,10.5,59,15.5
2024-09-30T21:00,20.1,0.00,0.00,0.00,21.5,8.3,41,14.4
2024-09-30T22:00,20.6,0.00,0.00,0.00,22.1,8.9,24,12.2
2024-09-30T23:00,20.3,0.00,0.00,0.00,21.6,10.3,1,14.4
2024-10-01T00:00,19.8,0.00,0.00,0.00,20.8,11.8,347,16.6
2024-10-01T01:00,19.6,0.00,0.00,0.00,20.2,14.2,347,20.2
2024-10-01T02:00,19.2,0.00,0.00,0.00,19.6,15.0,341,21.6
2024-10-01T03:00,19.0,0.00,0.00,0.00,19.3,15.4,342,22.0
2024-10-01T04:00,18.8,0.00,0.00,0.00,18.6,17.8,344,25.6
2024-10-01T05:00,18.7,0.00,0.00,0.00,18.7,16.1,349,25.9
2024-10-01T06:00,18.7,0.00,0.00,0.00,18.4,18.2,351,25.9
2024-10-01T07:00,19.9,0.00,0.00,0.00,20.1,16.7,349,26.6
2024-10-01T08:00,21.0,0.00,0.00,0.00,21.1,18.2,337,28.1
2024-10-01T09:00,22.8,0.20,0.00,0.20,22.7,19.3,351,30.2
2024-10-01T10:00,23.4,0.00,0.00,0.00,22.2,25.5,351,38.5
2024-10-01T11:00,24.9,0.00,0.00,0.00,24.5,22.4,5,38.9
2024-10-01T12:00,25.2,0.00,0.00,0.00,25.2,21.0,13,35.3
2024-10-01T13:00,25.6,0.00,0.00,0.00,25.9,21.7,12,32.4
2024-10-01T14:00,25.7,0.00,0.00,0.00,26.3,21.5,6,32.8
2024-10-01T15:00,26.4,0.00,0.00,0.00,27.2,20.9,8,33.8
2024-10-01T16:00,27.1,0.00,0.00,0.00,28.3,17.7,357,31.0
2024-10-01T17:00,25.8,0.00,0.00,0.00,28.0,12.3,348,25.6
2024-10-01T18:00,24.1,0.00,0.00,0.00,26.4,10.4,309,17.3
2024-10-01T19:00,23.2,0.00,0.00,0.00,25.6,9.0,271,14.0
2024-10-01T20:00,22.6,0.00,0.00,0.00,24.3,13.1,226,17.6
2024-10-01T21:00,23.1,0.00,0.00,0.00,23.9,18.2,216,24.8
2024-10-01T22:00,23.5,0.00,0.00,0.00,24.7,19.8,202,28.4
2024-10-01T23:00,23.5,0.00,0.00,0.00,25.2,18.1,195,28.4
2024-10-02T00:00,23.6,0.00,0.00,0.00,25.8,16.2,188,25.9
2024-10-02T01:00,23.7,0.00,0.00,0.00,26.4,13.3,201,22.7
2024-10-02T02:00,22.5,0.00,0.00,0.00,25.8,7.9,249,18.4
2024-10-02T03:00,21.2,0.00,0.00,0.00,24.7,4.4,279,10.1
2024-10-02T04:00,20.7,0.00,0.00,0.00,23.4,7.9,286,9.7
2024-10-02T05:00,20.3,0.00,0.00,0.00,22.2,11.5,314,15.8
2024-10-02T06:00,20.3,0.00,0.00,0.00,21.5,13.0,329,18.7
2024-10-02T07:00,22.0,0.00,0.00,0.00,23.4,9.4,324,18.4
2024-10-02T08:00,23.8,0.00,0.00,0.00,25.7,9.2,313,18.0
2024-10-02T09:00,25.7,0.00,0.00,0.00,28.2,6.5,293,17.6
2024-10-02T10:00,27.0,0.00,0.00,0.00,31.0,1.5,97,10.8
2024-10-02T11:00,28.8,0.00,0.00,0.00,33.6,3.1,167,12.6
2024-10-02T12:00,31.2,0.00,0.00,0.00,33.2,15.3,188,25.2
2024-10-02T13:00,31.2,0.00,0.00,0.00,30.5,30.6,191,46.1
2024-10-02T14:00,30.6,0.00,0.00,0.00,29.6,32.4,186,49.7
2024-10-02T15:00,29.7,0.00,0.00,0.00,28.6,33.3,182,50.8
2024-10-02T16:00,28.2,0.00,0.00,0.00,27.8,32.6,181,50.0
2024-10-02T17:00,26.6,0.00,0.00,0.00,27.2,29.2,177,47.9
2024-10-02T18:00,25.6,0.00,0.00,0.00,26.8,26.7,178,42.5
2024-10-02T19:00,25.2,0.00,0.00,0.00,26.9,24.0,183,38.5
2024-10-02T20:00,24.9,0.00,0.00,0.00,27.1,21.6,188,34.6
2024-10-02T21:00,24.7,0.00,0.00,0.00,27.3,18.1,190,31.0
2024-10-02T22:00,24.2,0.00,0.00,0.00,28.1,8.7,204,16.2
2024-10-02T23:00,24.1,0.00,0.00,0.00,28.7,4.9,246,11.2
2024-10-03T00:00,24.0,0.60,0.00,0.60,27.9,7.4,319,10.4
2024-10-03T01:00,23.6,0.80,0.00,0.80,27.0,11.0,320,14.8
2024-10-03T02:00,23.1,0.00,0.00,0.00,25.6,15.0,336,21.2
2024-10-03T03:00,22.9,0.10,0.00,0.10,24.1,20.3,335,29.2
2024-10-03T04:00,22.5,0.40,0.00,0.40,23.4,18.8,346,31.0
2024-10-03T05:00,22.2,0.80,0.00,0.80,24.2,14.2,12,27.4
2024-10-03T06:00,22.0,0.40,0.00,0.40,24.5,9.7,16,20.5
2024-10-03T07:00,22.1,0.00,0.00,0.00,24.3,10.3,1,15.8
2024-10-03T08:00,22.7,0.00,0.00,0.00,24.4,11.3,340,17.6
2024-10-03T09:00,22.7,0.00,0.00,0.00,23.9,12.3,349,20.2
2024-10-03T10:00,24.9,0.00,0.00,0.00,25.8,17.8,63,29.5
2024-10-03T11:00,25.8,0.00,0.00,0.00,26.6,19.0,70,32.4
2024-10-03T12:00,25.7,0.00,0.00,0.00,26.1,20.4,79,33.1
2024-10-03T13:00,26.4,0.00,0.00,0.00,26.5,22.6,96,35.6
2024-10-03T14:00,26.8,0.00,0.00,0.00,26.9,22.8,99,37.1
2024-10-03T15:00,25.5,0.00,0.00,0.00,25.1,26.4,99,38.9
2024-10-03T16:00,24.6,0.40,0.00,0.40,24.3,26.3,102,39.2
2024-10-03T17:00,23.6,1.30,0.00,1.30,23.6,25.6,106,38.9
2024-10-03T18:00,22.8,0.20,0.00,0.20,21.9,31.1,115,45.7
2024-10-03T19:00,22.7,0.00,0.00,0.00,22.6,27.2,114,45.4
2024-10-03T20:00,23.1,0.10,0.00,0.10,23.4,27.4,118,40.3
2024-10-03T21:00,23.8,0.30,0.00,0.30,24.7,25.0,139,40.0
2024-10-03T22:00,23.4,1.70,0.00,1.70,24.5,24.0,118,33.8
2024-10-03T23:00,24.5,1.20,0.00,1.20,24.8,32.8,169,46.8
2024-10-04T00:00,24.0,0.60,0.00,0.60,24.8,29.4,183,50.0
2024-10-04T01:00,24.4,0.10,0.00,0.10,25.5,28.2,189,42.8
2024-10-04T02:00,24.7,0.00,0.00,0.00,27.1,20.1,213,41.4
2024-10-04T03:00,22.8,0.00,0.00,0.00,26.4,8.8,274,29.2
2024-10-04T04:00,22.2,0.00,0.00,0.00,26.0,4.2,258,12.6
2024-10-04T05:00,22.4,0.00,0.00,0.00,26.0,6.2,226,7.9
2024-10-04T06:00,23.2,0.00,0.00,0.00,26.4,12.1,215,17.3
2024-10-04T07:00,25.2,0.00,0.00,0.00,27.3,22.3,204,31.0
2024-10-04T08:00,26.9,0.00,0.00,0.00,28.5,26.3,202,40.7
2024-10-04T09:00,28.0,0.00,0.00,0.00,28.9,31.2,194,46.4
2024-10-04T10:00,26.5,0.00,0.00,0.00,27.8,25.7,199,38.2
2024-10-04T11:00,26.5,0.00,0.00,0.00,27.2,30.2,195,44.6
2024-10-04T12:00,27.0,0.00,0.00,0.00,27.5,30.0,193,45.0
2024-10-04T13:00,27.1,0.00,0.00,0.00,27.5,30.2,193,43.6
2024-10-04T14:00,28.6,0.00,0.00,0.00,28.4,33.5,194,49.3
2024-10-04T15:00,28.4,0.00,0.00,0.00,28.5,35.1,193,51.8
2024-10-04T16:00,27.5,0.00,0.00,0.00,27.9,32.9,188,51.8
2024-10-04T17:00,26.5,0.00,0.00,0.00,27.1,30.0,188,47.5
2024-10-04T18:00,25.7,0.00,0.00,0.00,27.8,18.1,211,43.2
2024-10-04T19:00,24.3,0.00,0.00,0.00,27.7,9.1,304,25.6
2024-10-04T20:00,22.9,0.00,0.00,0.00,25.6,12.3,355,17.6
2024-10-04T21:00,22.4,0.00,0.00,0.00,24.9,13.5,356,19.1
2024-10-04T22:00,23.0,0.00,0.00,0.00,26.1,11.0,2,32.4
2024-10-04T23:00,22.9,0.00,0.00,0.00,26.4,7.3,353,15.5
2024-10-05T00:00,23.0,0.00,0.00,0.00,26.0,10.1,341,13.7
2024-10-05T01:00,22.6,0.00,0.00,0.00,25.2,11.9,350,16.6
2024-10-05T02:00,22.4,0.00,0.00,0.00,25.1,13.1,353,19.1
2024-10-05T03:00,22.3,0.00,0.00,0.00,25.2,12.3,352,19.1
2024-10-05T04:00,22.2,0.00,0.00,0.00,25.0,12.8,360,18.7
2024-10-05T05:00,22.1,0.10,0.00,0.10,23.9,16.4,360,23.4
2024-10-05T06:00,21.8,0.10,0.00,0.10,23.5,15.0,5,24.5
2024-10-05T07:00,22.1,0.10,0.00,0.10,23.6,17.9,19,25.6
2024-10-05T08:00,22.3,0.50,0.00,0.50,23.3,17.6,11,27.0
2024-10-05T09:00,22.3,0.60,0.00,0.60,23.1,17.5,12,27.4
2024-10-05T10:00,22.4,0.50,0.00,0.50,22.5,22.9,40,36.0
2024-10-05T11:00,22.6,2.70,0.00,2.70,23.2,20.3,30,34.6
2024-10-05T12:00,22.4,3.10,0.00,3.10,23.3,18.6,6,30.6
2024-10-05T13:00,21.7,5.30,0.00,5.30,23.0,17.6,8,28.8
2024-10-05T14:00,21.6,4.70,0.00,4.70,22.9,17.6,33,26.3
2024-10-05T15:00,21.6,1.90,0.00,1.90,22.3,18.6,33,27.7
2024-10-05T16:00,21.1,0.70,0.00,0.70,21.8,17.8,27,28.4
2024-10-05T17:00,20.5,0.60,0.00,0.60,21.6,13.9,14,26.6
2024-10-05T18:00,20.2,0.40,0.00,0.40,21.2,14.7,12,21.6
2024-10-05T19:00,19.9,0.20,0.00,0.20,20.7,15.8,17,23.8
2024-10-05T20:00,19.9,0.10,0.00,0.10,20.8,14.3,5,23.0
2024-10-05T21:00,19.8,0.10,0.00,0.10,20.7,14.2,4,21.2
2024-10-05T22:00,19.6,0.10,0.00,0.10,20.8,11.6,342,19.4
2024-10-05T23:00,19.7,0.30,0.00,0.30,21.1,11.0,330,16.9
2024-10-06T00:00,19.8,0.20,0.00,0.20,21.2,10.6,332,16.6
2024-10-06T01:00,19.7,0.00,0.00,0.00,21.0,11.8,332,17.3
2024-10-06T02:00,19.7,0.00,0.00,0.00,21.3,10.1,348,17.3
2024-10-06T03:00,19.7,0.00,0.00,0.00,21.7,7.6,356,14.8
2024-10-06T04:00,19.7,0.00,0.00,0.00,21.7,8.1,360,12.2
2024-10-06T05:00,19.7,0.00,0.00,0.00,21.7,8.5,347,12.6
2024-10-06T06:00,19.6,0.00,0.00,0.00,21.5,10.3,335,15.5
2024-10-06T07:00,20.4,0.00,0.00,0.00,22.4,9.1,350,15.5
2024-10-06T08:00,21.6,0.00,0.00,0.00,22.7,13.5,8,21.6
2024-10-06T09:00,22.6,0.00,0.00,0.00,23.5,15.0,17,25.2
2024-10-06T10:00,24.0,0.00,0.00,0.00,25.6,14.3,25,27.4
2024-10-06T11:00,23.9,0.00,0.00,0.00,25.9,11.2,26,25.2
2024-10-06T12:00,24.6,0.00,0.00,0.00,27.0,9.3,18,19.8
2024-10-06T13:00,25.4,0.00,0.00,0.00,27.4,12.2,359,21.2
2024-10-06T14:00,25.5,0.00,0.00,0.00,27.5,12.4,357,22.0
2024-10-06T15:00,25.7,0.00,0.00,0.00,27.5,14.0,13,22.3
2024-10-06T16:00,25.3,0.00,0.00,0.00,27.2,13.7,27,22.3
2024-10-06T17:00,24.3,0.00,0.00,0.00,27.1,10.3,46,20.2
2024-10-06T18:00,23.2,0.00,0.00,0.00,26.2,9.8,49,14.8
2024-10-06T19:00,22.5,0.00,0.00,0.00,25.2,10.1,57,14.0
2024-10-06T20:00,21.7,0.00,0.00,0.00,24.4,9.5,51,14.4
2024-10-06T21:00,21.1,0.00,0.00,0.00,24.0,7.4,56,13.0
2024-10-06T22:00,20.8,0.00,0.00,0.00,23.8,5.3,57,7.9
2024-10-06T23:00,20.9,0.00,0.00,0.00,24.4,1.4,67,7.2
2024-10-07T00:00,20.2,0.00,0.00,0.00,23.0,5.1,288,5.4
2024-10-07T01:00,19.9,0.00,0.00,0.00,22.8,5.6,299,7.9
2024-10-07T02:00,19.6,0.00,0.00,0.00,22.5,4.5,284,7.6
2024-10-07T03:00,19.5,0.00,0.00,0.00,22.6,2.4,228,5.4
2024-10-07T04:00,19.2,0.00,0.00,0.00,22.1,3.9,204,4.7
2024-10-07T05:00,19.1,0.00,0.00,0.00,21.9,3.4,205,5.4
2024-10-07T06:00,19.3,0.00,0.00,0.00,22.3,2.4,234,4.7
2024-10-07T07:00,20.1,0.00,0.00,0.00,23.3,3.5,192,7.6
2024-10-07T08:00,22.3,0.00,0.00,0.00,25.0,9.2,174,13.7
2024-10-07T09:00,24.8,0.00,0.00,0.00,26.6,17.2,193,27.0
2024-10-07T10:00,26.8,0.00,0.00,0.00,28.4,22.0,190,32.8
2024-10-07T11:00,28.2,0.00,0.00,0.00,28.6,29.3,200,44.3
2024-10-07T12:00,28.4,0.00,0.00,0.00,29.3,29.4,191,45.4
2024-10-07T13:00,28.5,0.00,0.00,0.00,29.2,31.5,187,47.2
2024-10-07T14:00,28.1,0.00,0.00,0.00,28.2,35.4,185,52.9
2024-10-07T15:00,27.9,0.00,0.00,0.00,27.9,35.2,185,52.9
2024-10-07T16:00,27.3,0.00,0.00,0.00,27.6,34.1,187,52.6
2024-10-07T17:00,26.4,0.00,0.00,0.00,26.2,33.8,195,49.7
2024-10-07T18:00,25.6,0.00,0.00,0.00,25.2,33.6,200,49.3
2024-10-07T19:00,25.1,0.00,0.00,0.00,24.9,31.7,202,49.0
2024-10-07T20:00,24.6,0.00,0.00,0.00,25.5,24.0,221,45.7
2024-10-07T21:00,24.0,0.00,0.00,0.00,26.8,12.4,246,34.2
2024-10-07T22:00,23.4,0.00,0.00,0.00,26.4,9.1,326,14.4
2024-10-07T23:00,22.6,0.00,0.00,0.00,25.9,6.0,343,13.3
2024-10-08T00:00,22.2,0.00,0.00,0.00,25.0,8.6,345,11.2
2024-10-08T01:00,22.0,0.00,0.00,0.00,24.6,9.7,349,14.4
2024-10-08T02:00,21.7,0.00,0.00,0.00,23.7,13.1,345,18.4
2024-10-08T03:00,21.7,0.00,0.00,0.00,23.8,14.8,23,20.9
2024-10-08T04:00,21.3,0.00,0.00,0.00,22.3,19.0,53,28.4
2024-10-08T05:00,21.2,0.10,0.00,0.10,22.3,16.7,41,27.4
2024-10-08T06:00,20.9,0.30,0.00,0.30,21.8,17.3,17,24.8
2024-10-08T07:00,20.6,0.90,0.00,0.90,20.5,22.0,17,32.4
2024-10-08T08:00,20.2,0.60,0.00,0.60,19.2,25.2,18,36.0
2024-10-08T09:00,19.9,1.90,0.00,1.90,18.9,23.8,24,40.7
2024-10-08T10:00,20.1,2.00,0.00,2.00,20.0,19.0,18,29.5
2024-10-08T11:00,20.1,1.30,0.00,1.30,19.9,19.4,33,29.9
2024-10-08T12:00,19.2,0.40,0.00,0.40,18.2,21.6,51,32.8
2024-10-08T13:00,18.8,0.20,0.00,0.20,17.6,21.1,52,32.4
2024-10-08T14:00,18.8,0.00,0.00,0.00,17.3,21.3,55,32.4
2024-10-08T15:00,18.5,0.00,0.00,0.00,17.1,19.5,39,32.4
2024-10-08T16:00,18.0,0.00,0.00,0.00,16.5,18.2,26,29.2
2024-10-08T17:00,17.4,0.30,0.00,0.30,15.9,18.6,12,27.4
2024-10-08T18:00,17.1,0.30,0.00,0.30,15.7,17.4,11,27.4
2024-10-08T19:00,17.1,0.10,0.00,0.10,15.8,17.0,4,25.9
2024-10-08T20:00,17.0,0.10,0.00,0.10,15.6,18.3,347,26.6
2024-10-08T21:00,17.0,0.80,0.00,0.80,15.7,18.6,338,28.8
2024-10-08T22:00,16.0,1.70,0.00,1.70,14.3,19.6,341,29.2
2024-10-08T23:00,16.0,4.20,0.00,4.20,14.1,22.4,340,32.4
2024-10-09T00:00,15.7,6.40,0.00,6.40,13.4,24.0,347,35.3
2024-10-09T01:00,15.8,4.20,0.00,4.20,14.4,18.7,342,35.6
2024-10-09T02:00,15.8,3.90,0.00,3.90,13.9,22.8,339,33.8
2024-10-09T03:00,16.1,2.50,0.00,2.50,14.4,20.7,346,34.2
2024-10-09T04:00,16.2,0.40,0.00,0.40,14.1,23.3,352,34.2
2024-10-09T05:00,16.2,0.40,0.00,0.40,14.1,24.0,344,35.3
2024-10-09T06:00,16.3,1.00,0.00,1.00,13.8,26.3,342,38.2
2024-10-09T07:00,16.6,2.40,0.00,2.40,13.9,27.5,341,40.7
2024-10-09T08:00,16.7,2.00,0.00,2.00,13.9,29.0,349,42.1
2024-10-09T09:00,16.9,3.40,0.00,3.40,14.2,28.5,4,43.2
2024-10-09T10:00,16.4,2.50,0.00,2.50,14.5,22.1,342,34.9
2024-10-09T11:00,17.7,0.30,0.00,0.30,15.5,25.8,355,38.5
2024-10-09T12:00,17.8,0.20,0.00,0.20,15.2,28.1,359,41.4
2024-10-09T13:00,17.2,0.40,0.00,0.40,14.9,25.8,342,42.1
2024-10-09T14:00,17.2,0.90,0.00,0.90,14.6,27.7,1,40.7
2024-10-09T15:00,16.9,0.20,0.00,0.20,14.7,24.2,357,41.0
2024-10-09T16:00,16.9,0.40,0.00,0.40,14.3,26.1,360,38.5
2024-10-09T17:00,17.0,0.10,0.00,0.10,14.5,25.4,1,39.2
2024-10-09T18:00,16.4,0.00,0.00,0.00,13.9,25.0,2,36.7
2024-10-09T19:00,16.0,0.00,0.00,0.00,13.3,26.1,2,37.8
2024-10-09T20:00,15.6,0.00,0.00,0.00,12.9,24.8,0,37.8
2024-10-09T21:00,15.3,0.00,0.00,0.00,12.5,24.5,357,36.0
2024-10-09T22:00,15.9,0.00,0.00,0.00,13.1,25.4,357,37.8
2024-10-09T23:00,15.8,0.00,0.00,0.00,13.0,25.9,1,37.4
2024-10-10T00:00,15.4,0.00,0.00,0.00,12.8,24.6,355,37.4
2024-10-10T01:00,15.0,0.00,0.00,0.00,12.5,22.9,358,35.3
2024-10-10T02:00,14.8,0.00,0.00,0.00,12.1,24.0,357,34.6
2024-10-10T03:00,14.9,0.00,0.00,0.00,11.8,25.8,358,37.4
2024-10-10T04:00,15.1,0.00,0.00,0.00,11.9,25.6,356,37.4
2024-10-10T05:00,15.2,0.00,0.00,0.00,12.0,26.0,352,37.8
2024-10-10T06:00,15.3,0.10,0.00,0.10,12.3,26.2,350,37.8
2024-10-10T07:00,16.3,0.00,0.00,0.00,13.1,28.3,348,40.3
2024-10-10T08:00,17.4,0.10,0.00,0.10,14.2,28.7,356,45.7
2024-10-10T09:00,17.9,0.10,0.00,0.10,14.8,29.1,351,43.6
2024-10-10T10:00,19.7,0.00,0.00,0.00,17.0,28.2,346,44.3
2024-10-10T11:00,19.5,0.00,0.00,0.00,16.7,27.8,4,43.2
2024-10-10T12:00,19.9,0.10,0.00,0.10,17.7,24.1,15,41.0
2024-10-10T13:00,20.6,0.10,0.00,0.10,18.6,24.5,20,38.5
2024-10-10T14:00,20.2,0.00,0.00,0.00,18.9,19.1,22,37.1
2024-10-10T15:00,20.1,0.00,0.00,0.00,18.8,18.0,24,28.8
2024-10-10T16:00,20.0,0.00,0.00,0.00,18.6,18.0,27,30.6
2024-10-10T17:00,18.5,0.00,0.00,0.00,17.6,14.6,35,25.9
2024-10-10T18:00,17.3,0.00,0.00,0.00,15.6,18.2,42,25.6
2024-10-10T19:00,16.7,0.00,0.00,0.00,14.7,19.1,39,27.4
2024-10-10T20:00,16.3,0.00,0.00,0.00,13.7,21.6,39,31.0
2024-10-10T21:00,16.0,0.00,0.00,0.00,13.7,18.5,29,31.0
2024-10-10T22:00,15.5,0.00,0.00,0.00,14.5,14.3,349,19.4
2024-10-10T23:00,14.7,0.00,0.00,0.00,12.9,15.9,4,22.7
2024-10-11T00:00,14.2,0.00,0.00,0.00,12.3,15.6,352,22.7
2024-10-11T01:00,13.8,0.00,0.00,0.00,12.1,14.7,343,22.3
2024-10-11T02:00,13.5,0.00,0.00,0.00,11.7,14.6,344,21.2
2024-10-11T03:00,13.2,0.00,0.00,0.00,11.4,14.7,345,21.2
2024-10-11T04:00,13.0,0.00,0.00,0.00,11.3,13.3,339,21.2
2024-10-11T05:00,12.7,0.00,0.00,0.00,11.2,11.7,343,18.7
2024-10-11T06:00,12.5,0.00,0.00,0.00,11.1,10.7,351,16.6
2024-10-11T07:00,13.8,0.00,0.00,0.00,13.1,7.8,351,15.1
2024-10-11T08:00,15.8,0.00,0.00,0.00,15.2,9.4,1,16.9
2024-10-11T09:00,17.9,0.00,0.00,0.00,17.3,10.2,7,19.8
2024-10-11T10:00,19.7,0.00,0.00,0.00,19.7,7.8,23,17.3
2024-10-11T11:00,20.9,0.00,0.00,0.00,21.6,7.3,42,18.0
2024-10-11T12:00,21.9,0.00,0.00,0.00,23.1,6.0,49,17.3
2024-10-11T13:00,22.5,0.00,0.00,0.00,23.8,4.9,62,15.8
2024-10-11T14:00,22.9,0.00,0.00,0.00,23.2,7.0,111,15.1
2024-10-11T15:00,22.7,0.00,0.00,0.00,22.7,9.2,138,16.9
2024-10-11T16:00,22.1,0.00,0.00,0.00,22.0,10.6,145,16.9
2024-10-11T17:00,20.4,0.00,0.00,0.00,21.4,6.9,189,15.5
2024-10-11T18:00,19.3,0.00,0.00,0.00,20.2,4.9,262,8.6
2024-10-11T19:00,19.4,0.00,0.00,0.00,20.3,4.5,67,5.8
2024-10-11T20:00,18.6,0.00,0.00,0.00,18.9,12.1,85,16.2
2024-10-11T21:00,17.8,0.00,0.00,0.00,18.2,11.2,84,16.9
2024-10-11T22:00,17.5,0.00,0.00,0.00,17.8,9.7,86,14.0
2024-10-11T23:00,16.9,0.00,0.00,0.00,17.2,9.0,64,12.6
2024-10-12T00:00,16.3,0.00,0.00,0.00,16.2,11.8,347,14.8
2024-10-12T01:00,15.4,0.00,0.00,0.00,14.6,16.5,332,23.8
2024-10-12T02:00,15.5,0.00,0.00,0.00,14.9,14.2,339,23.4
2024-10-12T03:00,15.3,0.00,0.00,0.00,14.7,13.4,332,20.5
2024-10-12T04:00,15.2,0.00,0.00,0.00,14.5,13.5,337,19.1
2024-10-12T05:00,15.0,0.00,0.00,0.00,14.3,13.8,343,19.8
2024-10-12T06:00,14.9,0.00,0.00,0.00,14.2,13.3,341,19.8
2024-10-12T07:00,16.2,0.00,0.00,0.00,16.1,10.9,340,19.1
2024-10-12T08:00,18.5,0.00,0.00,0.00,18.6,12.3,348,20.9
2024-10-12T09:00,20.2,0.00,0.00,0.00,20.2,13.4,4,24.1
2024-10-12T10:00,22.0,0.00,0.00,0.00,22.7,9.7,25,20.2
2024-10-12T11:00,22.9,0.00,0.00,0.00,24.0,9.8,46,20.5
2024-10-12T12:00,23.6,0.00,0.00,0.00,24.8,10.0,62,20.5
2024-10-12T13:00,23.9,0.00,0.00,0.00,24.4,11.3,77,21.6
2024-10-12T14:00,24.0,0.00,0.00,0.00,23.6,12.2,92,21.6
2024-10-12T15:00,23.6,0.00,0.00,0.00,23.2,13.0,101,21.6
2024-10-12T16:00,23.0,0.00,0.00,0.00,23.0,11.3,97,21.2
2024-10-12T17:00,21.1,0.00,0.00,0.00,21.5,11.5,55,16.2
2024-10-12T18:00,20.0,0.00,0.00,0.00,20.4,11.6,48,17.3
2024-10-12T19:00,19.1,0.00,0.00,0.00,19.5,10.9,56,16.2
2024-10-12T20:00,18.2,0.00,0.00,0.00,18.9,8.0,50,15.1
2024-10-12T21:00,17.7,0.00,0.00,0.00,18.2,9.0,16,11.5
2024-10-12T22:00,17.8,0.00,0.00,0.00,18.4,8.7,21,13.3
2024-10-12T23:00,17.1,0.00,0.00,0.00,16.7,16.1,327,22.0
2024-10-13T00:00,17.0,0.00,0.00,0.00,16.6,14.7,342,24.8
2024-10-13T01:00,16.7,0.00,0.00,0.00,16.3,15.3,342,22.0
2024-10-13T02:00,16.5,0.00,0.00,0.00,16.0,15.3,347,22.3
2024-10-13T03:00,16.2,0.00,0.00,0.00,15.8,14.1,346,22.0
2024-10-13T04:00,16.1,0.00,0.00,0.00,15.6,14.2,351,20.5
2024-10-13T05:00,15.9,0.00,0.00,0.00,15.4,13.7,355,20.5
2024-10-13T06:00,15.7,0.00,0.00,0.00,15.2,13.6,353,19.4
2024-10-13T07:00,17.1,0.00,0.00,0.00,17.1,12.4,352,20.2
2024-10-13T08:00,19.4,0.00,0.00,0.00,19.4,14.7,352,23.0
2024-10-13T09:00,21.2,0.00,0.00,0.00,20.9,16.4,356,27.4
2024-10-13T10:00,22.8,0.00,0.00,0.00,21.9,19.6,358,32.8
2024-10-13T11:00,23.7,0.00,0.00,0.00,23.1,18.6,16,32.0
2024-10-13T12:00,24.1,0.00,0.00,0.00,23.4,18.0,26,31.0
2024-10-13T13:00,24.8,0.00,0.00,0.00,24.2,15.3,34,29.5
2024-10-13T14:00,25.2,0.00,0.00,0.00,23.9,14.7,41,25.9
2024-10-13T15:00,24.9,0.00,0.00,0.00,23.6,14.7,57,24.5
2024-10-13T16:00,23.4,0.00,0.00,0.00,22.6,15.6,82,24.1
2024-10-13T17:00,20.7,0.00,0.00,0.00,20.0,15.1,90,23.4
2024-10-13T18:00,19.3,0.00,0.00,0.00,18.8,13.3,77,21.2
2024-10-13T19:00,18.3,0.00,0.00,0.00,18.1,10.5,70,18.4
2024-10-13T20:00,17.4,0.00,0.00,0.00,17.4,9.0,61,13.7
2024-10-13T21:00,17.0,0.00,0.00,0.00,16.9,9.2,40,12.2
2024-10-13T22:00,16.8,0.00,0.00,0.00,16.2,12.5,335,16.6
2024-10-13T23:00,16.4,0.00,0.00,0.00,15.5,14.8,331,20.9
2024-10-14T00:00,16.3,0.00,0.00,0.00,15.4,14.8,336,20.9
2024-10-14T01:00,16.0,0.00,0.00,0.00,15.2,14.0,336,20.9
2024-10-14T02:00,15.7,0.00,0.00,0.00,14.9,13.7,335,19.8
2024-10-14T03:00,15.5,0.00,0.00,0.00,14.5,14.1,345,20.2
2024-10-14T04:00,15.3,0.00,0.00,0.00,14.3,14.8,350,21.2
2024-10-14T05:00,14.9,0.00,0.00,0.00,13.7,15.3,344,21.6
2024-10-14T06:00,14.7,0.00,0.00,0.00,13.2,16.1,342,23.0
2024-10-14T07:00,15.8,0.00,0.00,0.00,14.9,14.2,334,24.1
2024-10-14T08:00,18.0,0.00,0.00,0.00,17.0,17.1,335,27.4
2024-10-14T09:00,20.0,0.00,0.00,0.00,18.9,18.4,348,29.9
2024-10-14T10:00,21.9,0.00,0.00,0.00,20.5,20.7,2,33.5
2024-10-14T11:00,23.0,0.00,0.00,0.00,22.4,19.2,6,33.8
2024-10-14T12:00,23.9,0.00,0.00,0.00,24.0,15.4,18,32.0
2024-10-14T13:00,24.4,0.00,0.00,0.00,23.9,13.7,45,27.0
2024-10-14T14:00,24.5,0.00,0.00,0.00,23.6,15.5,61,24.8
2024-10-14T15:00,23.7,0.00,0.00,0.00,22.7,18.7,69,28.1
2024-10-14T16:00,22.3,0.00,0.00,0.00,21.8,17.3,76,28.4
2024-10-14T17:00,20.9,0.00,0.00,0.00,21.2,14.2,81,24.8
2024-10-14T18:00,19.7,0.00,0.00,0.00,19.7,15.6,73,22.3
2024-10-14T19:00,19.0,0.00,0.00,0.00,19.3,13.7,74,22.3
2024-10-14T20:00,18.4,0.00,0.00,0.00,18.9,10.9,66,19.1
2024-10-14T21:00,18.0,0.00,0.00,0.00,18.8,9.0,59,15.1
2024-10-14T22:00,19.3,0.00,0.00,0.00,20.4,9.0,35,16.6
2024-10-14T23:00,18.2,0.00,0.00,0.00,18.6,12.6,326,16.9
2024-10-15T00:00,17.3,0.00,0.00,0.00,17.3,14.8,321,21.6
2024-10-15T01:00,17.0,0.00,0.00,0.00,17.1,13.0,327,21.6
2024-10-15T02:00,17.0,0.00,0.00,0.00,17.1,13.0,338,19.1
2024-10-15T03:00,16.6,0.00,0.00,0.00,16.9,11.8,331,18.7
2024-10-15T04:00,16.3,0.00,0.00,0.00,16.5,11.4,329,16.9
2024-10-15T05:00,16.3,0.00,0.00,0.00,16.2,13.2,329,19.1
2024-10-15T06:00,16.7,0.00,0.00,0.00,16.9,11.8,333,19.1
2024-10-15T07:00,17.6,0.00,0.00,0.00,18.3,9.1,324,17.3
2024-10-15T08:00,19.8,0.00,0.00,0.00,20.8,8.9,328,16.2
2024-10-15T09:00,21.6,0.00,0.00,0.00,22.4,10.3,337,20.5
2024-10-15T10:00,22.8,0.00,0.00,0.00,24.4,4.3,5,20.5
2024-10-15T11:00,23.8,0.00,0.00,0.00,25.9,4.2,108,13.7
2024-10-15T12:00,24.7,0.00,0.00,0.00,25.8,9.3,144,19.1
2024-10-15T13:00,25.4,0.00,0.00,0.00,25.6,10.4,162,20.5
2024-10-15T14:00,25.8,0.00,0.00,0.00,25.2,12.2,167,21.2
2024-10-15T15:00,25.8,0.00,0.00,0.00,25.0,13.7,164,22.3
2024-10-15T16:00,24.8,0.00,0.00,0.00,24.6,14.3,168,21.6
2024-10-15T17:00,22.5,0.00,0.00,0.00,23.2,13.4,169,20.5
2024-10-15T18:00,21.2,0.00,0.00,0.00,22.1,12.3,170,19.4
2024-10-15T19:00,20.5,0.00,0.00,0.00,21.9,9.2,174,16.6
2024-10-15T20:00,20.3,0.00,0.00,0.00,21.9,9.0,185,12.2
2024-10-15T21:00,20.2,0.00,0.00,0.00,21.6,10.0,198,12.6
2024-10-15T22:00,19.9,0.00,0.00,0.00,20.7,10.2,214,13.7
2024-10-15T23:00,19.8,0.00,0.00,0.00,20.6,10.6,204,14.0
2024-10-16T00:00,19.7,0.00,0.00,0.00,20.3,12.2,208,16.6
2024-10-16T01:00,19.8,0.00,0.00,0.00,20.5,12.7,212,17.3
2024-10-16T02:00,19.7,0.00,0.00,0.00,20.4,12.2,208,17.3
2024-10-16T03:00,18.9,0.00,0.00,0.00,20.0,8.9,257,16.6
2024-10-16T04:00,17.0,0.00,0.00,0.00,17.1,12.4,320,17.6
2024-10-16T05:00,16.1,0.00,0.00,0.00,16.9,5.8,330,17.3
2024-10-16T06:00,16.4,0.00,0.00,0.00,16.6,9.5,333,13.0
2024-10-16T07:00,18.4,0.00,0.00,0.00,19.5,5.6,339,13.7
2024-10-16T08:00,20.9,0.00,0.00,0.00,22.6,3.9,344,10.4
2024-10-16T09:00,22.8,0.00,0.00,0.00,24.4,4.8,347,12.6
2024-10-16T10:00,23.7,0.00,0.00,0.00,25.0,8.3,359,17.6
2024-10-16T11:00,24.9,0.00,0.00,0.00,27.0,4.9,2,17.6
2024-10-16T12:00,25.1,0.00,0.00,0.00,26.7,7.5,333,15.1
2024-10-16T13:00,25.5,0.00,0.00,0.00,27.4,6.9,323,16.2
2024-10-16T14:00,25.8,0.00,0.00,0.00,28.0,5.5,343,15.5
2024-10-16T15:00,25.6,0.00,0.00,0.00,27.9,3.9,336,13.0
2024-10-16T16:00,25.1,0.00,0.00,0.00,27.4,4.7,9,9.0
2024-10-16T17:00,23.2,0.00,0.00,0.00,26.2,4.9,36,7.6
2024-10-16T18:00,22.5,0.00,0.00,0.00,25.5,3.4,18,5.8
2024-10-16T19:00,21.8,0.00,0.00,0.00,24.2,6.9,17,8.6
2024-10-16T20:00,21.5,0.00,0.00,0.00,23.6,7.8,5,9.4
2024-10-16T21:00,20.8,0.00,0.00,0.00,22.6,9.2,359,11.9
2024-10-16T22:00,21.2,0.00,0.00,0.00,23.0,11.1,16,15.5
2024-10-16T23:00,20.8,0.00,0.00,0.00,22.6,9.4,3,15.1
2024-10-17T00:00,20.3,0.00,0.00,0.00,21.8,10.7,346,14.8
2024-10-17T01:00,19.9,0.00,0.00,0.00,21.1,12.0,334,16.6
2024-10-17T02:00,19.6,0.00,0.00,0.00,20.7,12.2,341,17.3
2024-10-17T03:00,19.4,0.00,0.00,0.00,20.5,12.5,355,18.0
2024-10-17T04:00,19.3,0.20,0.00,0.20,20.6,12.0,341,17.6
2024-10-17T05:00,19.5,0.60,0.00,0.60,20.7,12.9,344,17.6
2024-10-17T06:00,19.6,0.10,0.00,0.10,21.0,13.2,345,19.8
2024-10-17T07:00,20.6,0.00,0.00,0.00,21.9,15.1,358,22.0
2024-10-17T08:00,21.1,0.10,0.00,0.10,22.3,16.3,6,24.5
2024-10-17T09:00,21.7,0.20,0.00,0.20,22.9,16.3,17,24.8
2024-10-17T10:00,24.2,0.10,0.00,0.10,25.5,15.1,40,25.9
2024-10-17T11:00,24.5,0.20,0.00,0.20,25.3,16.9,47,27.7
2024-10-17T12:00,24.3,0.10,0.00,0.10,24.6,19.1,54,29.2
2024-10-17T13:00,24.2,0.00,0.00,0.00,24.5,18.4,63,29.2
2024-10-17T14:00,24.7,0.00,0.00,0.00,25.4,17.1,69,30.2
2024-10-17T15:00,24.8,0.00,0.00,0.00,25.5,16.0,79,27.7
2024-10-17T16:00,24.4,0.00,0.00,0.00,25.2,15.6,75,25.2
2024-10-17T17:00,22.7,0.00,0.00,0.00,24.2,13.0,66,22.7
2024-10-17T18:00,21.5,0.00,0.00,0.00,23.1,11.4,69,18.4
2024-10-17T19:00,21.1,0.00,0.00,0.00,23.0,9.6,52,16.2
2024-10-17T20:00,20.4,0.00,0.00,0.00,22.2,9.9,38,14.0
2024-10-17T21:00,19.8,0.00,0.00,0.00,21.8,7.7,25,13.7
2024-10-17T22:00,20.1,0.00,0.00,0.00,21.8,9.7,1,14.0
2024-10-17T23:00,19.8,0.00,0.00,0.00,21.0,13.3,341,18.7
2024-10-18T00:00,19.6,0.00,0.00,0.00,20.3,16.2,336,23.0
2024-10-18T01:00,19.4,0.00,0.00,0.00,20.0,16.1,338,24.1
2024-10-18T02:00,19.2,0.00,0.00,0.00,19.9,14.6,339,23.0
2024-10-18T03:00,19.1,0.00,0.00,0.00,19.8,14.0,342,21.2
2024-10-18T04:00,19.4,0.00,0.00,0.00,20.2,13.5,344,20.2
2024-10-18T05:00,19.4,0.00,0.00,0.00,20.1,13.8,348,20.5
2024-10-18T06:00,19.4,0.00,0.00,0.00,20.2,13.5,346,20.2
2024-10-18T07:00,19.9,0.10,0.00,0.10,20.5,15.4,346,21.6
2024-10-18T08:00,20.8,0.00,0.00,0.00,21.4,16.6,2,27.0
2024-10-18T09:00,21.6,0.00,0.00,0.00,22.8,14.8,10,25.2
2024-10-18T10:00,22.2,1.00,0.00,1.00,23.3,17.6,38,29.2
2024-10-18T11:00,23.5,0.40,0.00,0.40,25.7,11.9,42,28.8
2024-10-18T12:00,23.8,0.90,0.00,0.90,26.5,7.7,51,21.6
2024-10-18T13:00,24.0,0.50,0.00,0.50,27.1,4.1,52,17.3
2024-10-18T14:00,24.7,0.10,0.00,0.10,27.0,9.7,74,17.3
2024-10-18T15:00,24.0,0.00,0.00,0.00,25.9,15.0,108,22.3
2024-10-18T16:00,22.1,0.10,0.00,0.10,23.9,15.9,118,29.5
2024-10-18T17:00,21.7,0.00,0.00,0.00,23.5,15.0,119,24.5
2024-10-18T18:00,21.2,0.30,0.00,0.30,23.6,10.3,153,21.6
2024-10-18T19:00,21.1,1.40,0.00,1.40,24.3,5.2,131,19.4
2024-10-18T20:00,20.7,0.00,0.00,0.00,24.3,1.8,114,13.3
2024-10-18T21:00,20.7,0.00,0.00,0.00,24.1,3.6,96,5.0
2024-10-18T22:00,22.0,0.20,0.00,0.20,25.8,5.0,154,9.0
2024-10-18T23:00,20.8,0.00,0.00,0.00,23.8,6.9,175,8.6
2024-10-19T00:00,21.3,0.00,0.00,0.00,24.5,7.2,202,9.7
2024-10-19T01:00,21.2,0.00,0.00,0.00,23.9,9.0,182,12.6
2024-10-19T02:00,20.8,0.00,0.00,0.00,23.4,8.6,168,12.6
2024-10-19T03:00,21.0,0.00,0.00,0.00,23.4,10.3,165,14.0
2024-10-19T04:00,21.0,0.00,0.00,0.00,23.7,8.2,172,14.8
2024-10-19T05:00,21.1,0.00,0.00,0.00,23.4,11.9,151,16.2
2024-10-19T06:00,21.4,0.00,0.00,0.00,23.7,12.5,188,19.8
2024-10-19T07:00,22.2,0.00,0.00,0.00,25.3,9.7,220,18.0
2024-10-19T08:00,23.8,0.00,0.00,0.00,26.6,11.7,212,20.5
2024-10-19T09:00,25.1,0.00,0.00,0.00,27.4,15.9,205,24.8
2024-10-19T10:00,25.5,0.00,0.00,0.00,28.9,7.1,216,15.1
2024-10-19T11:00,27.3,0.00,0.00,0.00,30.0,11.4,199,19.4
2024-10-19T12:00,28.9,0.00,0.00,0.00,31.5,12.6,208,22.7
2024-10-19T13:00,29.0,0.00,0.00,0.00,31.2,16.7,192,26.6
2024-10-19T14:00,28.6,0.00,0.00,0.00,30.1,21.7,198,32.8
2024-10-19T15:00,27.3,0.00,0.00,0.00,28.0,27.1,197,40.0
2024-10-19T16:00,25.8,0.00,0.00,0.00,26.8,24.6,202,40.3
2024-10-19T17:00,24.9,0.10,0.00,0.10,26.1,22.3,211,36.0
2024-10-19T18:00,24.4,0.00,0.00,0.00,25.4,23.7,213,35.3
2024-10-19T19:00,24.2,0.00,0.00,0.00,26.4,15.5,235,34.2
2024-10-19T20:00,23.8,0.00,0.00,0.00,23.8,23.0,322,29.9
2024-10-19T21:00,22.6,0.40,0.00,0.40,19.8,33.0,333,47.2
2024-10-19T22:00,22.8,0.60,0.00,0.60,20.7,34.9,328,51.8
2024-10-19T23:00,21.6,0.10,0.00,0.10,17.2,40.2,332,58.7
2024-10-20T00:00,20.2,0.00,0.00,0.00,15.0,40.8,341,60.1
2024-10-20T01:00,19.6,0.00,0.00,0.00,14.6,38.1,344,58.7
2024-10-20T02:00,18.2,0.00,0.00,0.00,11.8,43.9,345,63.4
2024-10-20T03:00,16.9,0.00,0.00,0.00,10.3,41.6,348,64.8
2024-10-20T04:00,15.9,0.00,0.00,0.00,10.1,34.9,348,60.1
2024-10-20T05:00,15.2,0.20,0.00,0.20,10.9,26.7,350,50.8
2024-10-20T06:00,14.8,0.00,0.00,0.00,11.3,22.1,353,38.5
2024-10-20T07:00,15.0,0.00,0.00,0.00,11.6,21.1,11,32.0
2024-10-20T08:00,14.7,0.00,0.00,0.00,10.5,23.0,32,34.6
2024-10-20T09:00,15.0,0.00,0.00,0.00,10.5,24.0,37,37.1
2024-10-20T10:00,17.3,0.00,0.00,0.00,13.8,18.7,31,34.6
2024-10-20T11:00,17.6,0.00,0.00,0.00,13.4,23.8,35,37.1
2024-10-20T12:00,18.1,0.00,0.00,0.00,13.8,24.7,32,38.9
2024-10-20T13:00,18.3,0.00,0.00,0.00,14.1,22.8,34,38.9
2024-10-20T14:00,18.6,0.00,0.00,0.00,14.4,23.0,38,36.7
2024-10-20T15:00,18.2,0.00,0.00,0.00,13.7,23.8,42,36.4
2024-10-20T16:00,17.3,0.00,0.00,0.00,13.6,19.2,46,35.6
2024-10-20T17:00,15.6,0.00,0.00,0.00,12.7,15.4,48,27.7
2024-10-20T18:00,14.3,0.00,0.00,0.00,12.1,12.0,47,21.6
2024-10-20T19:00,13.4,0.00,0.00,0.00,11.7,9.2,28,16.2
2024-10-20T20:00,12.8,0.00,0.00,0.00,10.6,10.9,351,14.8
2024-10-20T21:00,12.5,0.00,0.00,0.00,9.7,13.2,355,18.0
2024-10-20T22:00,12.1,0.00,0.00,0.00,9.4,13.0,338,18.0
2024-10-20T23:00,11.6,0.00,0.00,0.00,8.6,14.7,332,20.5
2024-10-21T00:00,11.1,0.00,0.00,0.00,7.7,17.0,332,24.1
2024-10-21T01:00,10.5,0.00,0.00,0.00,6.8,18.2,333,26.3
2024-10-21T02:00,9.9,0.00,0.00,0.00,6.2,17.8,332,26.3
2024-10-21T03:00,9.6,0.00,0.00,0.00,5.6,18.9,332,27.0
2024-10-21T04:00,9.4,0.00,0.00,0.00,5.5,18.5,330,27.4
2024-10-21T05:00,9.3,0.00,0.00,0.00,5.6,17.3,336,26.6
2024-10-21T06:00,9.3,0.00,0.00,0.00,5.4,18.7,343,26.6
2024-10-21T07:00,10.6,0.00,0.00,0.00,7.3,16.6,338,29.5
2024-10-21T08:00,12.9,0.00,0.00,0.00,9.3,20.6,336,31.3
2024-10-21T09:00,15.1,0.00,0.00,0.00,10.4,25.9,341,40.0
2024-10-21T10:00,16.3,0.00,0.00,0.00,11.6,25.2,344,42.1
2024-10-21T11:00,17.5,0.00,0.00,0.00,13.5,23.2,351,39.6
2024-10-21T12:00,18.1,0.00,0.00,0.00,14.5,21.3,345,37.1
2024-10-21T13:00,19.2,0.00,0.00,0.00,16.0,20.3,360,33.8
2024-10-21T14:00,19.5,0.00,0.00,0.00,16.6,19.8,24,33.1
2024-10-21T15:00,19.1,0.00,0.00,0.00,16.4,19.3,41,31.3
2024-10-21T16:00,18.6,0.00,0.00,0.00,17.3,13.1,29,28.8
2024-10-21T17:00,17.1,0.00,0.00,0.00,15.9,13.1,352,18.7
2024-10-21T18:00,16.5,0.00,0.00,0.00,15.0,14.5,349,20.9
2024-10-21T19:00,15.6,0.00,0.00,0.00,14.2,13.7,355,20.5
2024-10-21T20:00,14.8,0.00,0.00,0.00,13.5,11.9,354,19.4
2024-10-21T21:00,14.2,0.00,0.00,0.00,13.0,11.1,337,16.6
2024-10-21T22:00,14.8,0.00,0.00,0.00,13.2,14.0,327,20.2
2024-10-21T23:00,15.1,0.00,0.00,0.00,13.2,16.1,335,23.0
2024-10-22T00:00,14.7,0.00,0.00,0.00,12.4,18.0,334,25.6
2024-10-22T01:00,14.2,0.00,0.00,0.00,12.2,16.3,335,26.3
2024-10-22T02:00,13.7,0.00,0.00,0.00,11.3,17.6,334,24.5
2024-10-22T03:00,13.5,0.00,0.00,0.00,11.2,16.9,339,27.4
2024-10-22T04:00,13.2,0.00,0.00,0.00,11.0,15.0,340,24.1
2024-10-22T05:00,13.0,0.00,0.00,0.00,10.2,18.8,338,26.6
2024-10-22T06:00,12.8,0.00,0.00,0.00,10.1,18.0,337,27.4
2024-10-22T07:00,14.0,0.00,0.00,0.00,12.1,14.0,331,25.6
2024-10-22T08:00,16.2,0.00,0.00,0.00,14.1,17.3,343,27.0
2024-10-22T09:00,18.5,0.00,0.00,0.00,16.2,19.4,344,30.6
2024-10-22T10:00,20.0,0.00,0.00,0.00,17.4,19.4,350,33.8
2024-10-22T11:00,20.8,0.00,0.00,0.00,19.0,15.3,357,31.7
2024-10-22T12:00,22.0,0.00,0.00,0.00,21.4,11.3,2,25.9
2024-10-22T13:00,22.7,0.00,0.00,0.00,22.6,10.3,1,22.3
2024-10-22T14:00,22.9,0.00,0.00,0.00,22.9,10.9,12,20.5
2024-10-22T15:00,23.5,0.00,0.00,0.00,24.1,7.8,22,19.8
2024-10-22T16:00,23.2,0.00,0.00,0.00,24.8,2.8,40,14.8
2024-10-22T17:00,21.4,0.00,0.00,0.00,23.4,3.9,347,4.3
2024-10-22T18:00,20.4,0.00,0.00,0.00,22.5,4.3,360,5.0
2024-10-22T19:00,19.8,0.00,0.00,0.00,21.6,5.5,324,6.5
2024-10-22T20:00,19.4,0.20,0.00,0.20,20.7,7.4,304,10.4
2024-10-22T21:00,18.8,0.00,0.00,0.00,20.2,7.4,353,10.1
2024-10-22T22:00,19.1,0.00,0.00,0.00,20.6,8.4,315,10.8
2024-10-22T23:00,19.0,0.00,0.00,0.00,20.8,5.8,340,13.3
2024-10-23T00:00,18.6,0.00,0.00,0.00,20.1,7.2,321,9.7
2024-10-23T01:00,18.1,0.00,0.00,0.00,18.8,10.7,319,15.1
2024-10-23T02:00,17.7,0.00,0.00,0.00,18.4,9.7,336,15.5
2024-10-23T03:00,17.1,0.00,0.00,0.00,18.0,7.9,348,13.3
2024-10-23T04:00,17.0,0.00,0.00,0.00,18.1,6.6,323,10.8
2024-10-23T05:00,17.1,0.00,0.00,0.00,18.5,5.0,330,9.0
2024-10-23T06:00,17.0,0.00,0.00,0.00,18.3,6.2,316,9.0
2024-10-23T07:00,17.7,0.00,0.00,0.00,19.7,3.7,346,9.0
2024-10-23T08:00,19.7,0.00,0.00,0.00,22.0,2.8,75,7.9
2024-10-23T09:00,22.2,0.00,0.00,0.00,24.5,5.3,145,11.9
2024-10-23T10:00,22.1,0.00,0.00,0.00,25.0,1.5,120,9.4
2024-10-23T11:00,23.3,0.20,0.00,0.20,25.5,9.7,151,16.6
2024-10-23T12:00,25.4,0.00,0.00,0.00,27.7,14.2,167,21.2
2024-10-23T13:00,25.8,0.10,0.00,0.10,25.1,35.0,195,51.5
2024-10-23T14:00,25.3,0.10,0.00,0.10,24.8,34.8,195,51.8
2024-10-23T15:00,25.3,0.00,0.00,0.00,25.3,31.6,190,51.1
2024-10-23T16:00,24.6,0.40,0.00,0.40,24.6,32.0,185,47.5
2024-10-23T17:00,24.0,0.00,0.00,0.00,24.0,31.2,188,46.8
2024-10-23T18:00,23.7,0.00,0.00,0.00,23.7,32.0,185,47.9
2024-10-23T19:00,23.3,0.00,0.00,0.00,23.3,31.6,186,46.4
2024-10-23T20:00,23.4,0.00,0.00,0.00,23.1,34.2,189,49.3
2024-10-23T21:00,23.4,0.00,0.00,0.00,23.2,33.3,192,49.7
2024-10-23T22:00,24.2,0.00,0.00,0.00,24.8,30.1,199,44.3
2024-10-23T23:00,23.9,0.00,0.00,0.00,25.7,22.9,208,43.9
2024-10-24T00:00,22.8,0.00,0.00,0.00,25.9,12.7,252,33.5
2024-10-24T01:00,20.9,0.00,0.00,0.00,22.4,14.5,345,20.2
2024-10-24T02:00,20.5,0.00,0.00,0.00,21.8,14.2,12,22.3
2024-10-24T03:00,21.0,0.00,0.00,0.00,23.0,9.6,5,20.2
2024-10-24T04:00,20.6,0.00,0.00,0.00,22.1,12.0,351,16.9
2024-10-24T05:00,19.8,0.00,0.00,0.00,20.6,13.7,349,19.4
2024-10-24T06:00,19.0,0.00,0.00,0.00,18.6,17.4,341,24.5
2024-10-24T07:00,19.7,0.00,0.00,0.00,19.5,17.1,343,27.0
2024-10-24T08:00,21.6,0.00,0.00,0.00,21.6,17.7,351,26.3
2024-10-24T09:00,22.8,0.00,0.00,0.00,22.2,19.2,6,31.0
2024-10-24T10:00,24.7,0.00,0.00,0.00,24.8,17.7,17,31.3
2024-10-24T11:00,25.9,0.00,0.00,0.00,27.3,14.1,32,29.5
2024-10-24T12:00,27.0,0.00,0.00,0.00,28.8,12.6,54,25.2
2024-10-24T13:00,25.9,0.10,0.00,0.10,26.7,22.0,77,33.8
2024-10-24T14:00,25.1,0.00,0.00,0.00,25.4,22.1,75,35.6
2024-10-24T15:00,24.5,0.00,0.00,0.00,25.0,19.4,71,33.5
2024-10-24T16:00,23.8,0.00,0.00,0.00,24.9,16.1,72,28.8
2024-10-24T17:00,22.6,0.00,0.00,0.00,23.9,13.8,70,23.4
2024-10-24T18:00,21.9,0.10,0.00,0.10,23.3,12.4,71,19.8
2024-10-24T19:00,21.4,0.10,0.00,0.10,23.2,8.3,48,17.6
2024-10-24T20:00,21.2,0.00,0.00,0.00,23.2,7.4,3,11.5
2024-10-24T21:00,21.0,0.00,0.00,0.00,22.7,8.5,353,11.9
2024-10-24T22:00,20.0,0.00,0.00,0.00,20.8,12.3,337,17.3
2024-10-24T23:00,20.0,0.00,0.00,0.00,20.6,13.2,332,18.4
2024-10-25T00:00,20.3,0.00,0.00,0.00,20.8,14.9,339,21.6
2024-10-25T01:00,20.2,0.00,0.00,0.00,20.4,17.2,342,24.8
2024-10-25T02:00,19.9,0.00,0.00,0.00,19.8,17.5,352,25.6
2024-10-25T03:00,19.3,0.00,0.00,0.00,18.5,19.7,355,28.8
2024-10-25T04:00,18.9,0.00,0.00,0.00,18.0,19.6,358,28.8
2024-10-25T05:00,18.5,0.50,0.00,0.50,17.9,17.6,7,28.8
2024-10-25T06:00,18.4,0.70,0.00,0.70,18.2,15.0,5,25.9
2024-10-25T07:00,18.3,0.50,0.00,0.50,18.7,12.0,9,22.0
2024-10-25T08:00,18.5,0.60,0.00,0.60,18.7,13.4,5,20.2
2024-10-25T09:00,18.4,1.00,0.00,1.00,18.6,13.2,7,21.6
2024-10-25T10:00,19.7,0.30,0.00,0.30,19.8,13.8,15,24.1
2024-10-25T11:00,19.9,0.10,0.00,0.10,19.7,15.2,29,23.8
2024-10-25T12:00,20.0,0.00,0.00,0.00,19.7,13.9,41,23.8
2024-10-25T13:00,20.6,0.00,0.00,0.00,20.4,13.1,53,22.3
2024-10-25T14:00,20.7,0.00,0.00,0.00,20.6,13.0,66,20.9
2024-10-25T15:00,20.9,0.00,0.00,0.00,20.9,12.5,70,20.5
2024-10-25T16:00,20.7,0.00,0.00,0.00,20.9,11.0,62,18.7
2024-10-25T17:00,20.0,0.00,0.00,0.00,20.7,8.5,61,15.8
2024-10-25T18:00,19.7,0.00,0.00,0.00,20.2,8.7,38,12.2
2024-10-25T19:00,19.3,0.00,0.00,0.00,19.4,10.6,30,15.1
2024-10-25T20:00,18.8,0.00,0.00,0.00,18.9,10.5,17,15.8
2024-10-25T21:00,18.1,0.00,0.00,0.00,18.2,9.9,359,15.1
2024-10-25T22:00,17.7,0.00,0.00,0.00,17.9,9.4,348,14.8
2024-10-25T23:00,17.4,0.00,0.00,0.00,17.1,11.7,347,16.2
2024-10-26T00:00,16.8,0.00,0.00,0.00,16.3,12.5,342,18.4
2024-10-26T01:00,16.6,0.00,0.00,0.00,16.1,13.1,352,18.4
2024-10-26T02:00,16.3,0.00,0.00,0.00,15.9,12.0,352,19.1
2024-10-26T03:00,15.8,0.00,0.00,0.00,14.9,13.8,347,19.4
2024-10-26T04:00,15.7,0.00,0.00,0.00,14.8,14.0,347,20.9
2024-10-26T05:00,15.5,0.00,0.00,0.00,14.9,14.7,346,21.2
2024-10-26T06:00,15.5,0.00,0.00,0.00,14.9,14.6,342,21.2
2024-10-26T07:00,16.1,0.00,0.00,0.00,15.8,13.5,335,22.7
2024-10-26T08:00,17.4,0.00,0.00,0.00,17.1,14.3,339,22.7
2024-10-26T09:00,18.5,0.00,0.00,0.00,18.0,15.4,342,23.8
2024-10-26T10:00,20.3,0.00,0.00,0.00,19.4,16.2,357,26.6
2024-10-26T11:00,21.0,0.00,0.00,0.00,20.9,12.6,2,25.9
2024-10-26T12:00,21.7,0.00,0.00,0.00,21.7,13.9,10,23.4
2024-10-26T13:00,21.7,0.00,0.00,0.00,21.9,12.5,15,23.8
2024-10-26T14:00,21.8,0.00,0.00,0.00,22.1,11.1,25,20.5
2024-10-26T15:00,21.5,0.00,0.00,0.00,22.2,9.5,39,18.0
2024-10-26T16:00,20.9,0.00,0.00,0.00,21.6,10.2,41,14.4
2024-10-26T17:00,19.9,0.00,0.00,0.00,20.4,10.9,57,16.2
2024-10-26T18:00,19.2,0.00,0.00,0.00,19.9,9.4,64,15.5
2024-10-26T19:00,18.7,0.00,0.00,0.00,19.6,7.6,47,13.0
2024-10-26T20:00,18.1,0.00,0.00,0.00,19.0,7.0,29,10.1
2024-10-26T21:00,17.9,0.00,0.00,0.00,18.7,7.7,16,10.4
2024-10-26T22:00,17.8,0.00,0.00,0.00,18.7,8.9,341,12.2
2024-10-26T23:00,17.4,0.00,0.00,0.00,18.1,10.5,331,15.1
2024-10-27T00:00,17.0,0.00,0.00,0.00,17.5,10.9,340,15.1
2024-10-27T01:00,16.7,0.00,0.00,0.00,17.1,11.7,343,18.0
2024-10-27T02:00,16.1,0.00,0.00,0.00,16.3,11.8,347,16.9
2024-10-27T03:00,15.7,0.00,0.00,0.00,15.7,12.5,345,18.0
2024-10-27T04:00,15.5,0.00,0.00,0.00,15.5,11.8,347,18.0
2024-10-27T05:00,15.1,0.00,0.00,0.00,15.2,10.4,337,17.3
2024-10-27T06:00,15.0,0.00,0.00,0.00,14.9,11.6,344,16.6
2024-10-27T07:00,15.8,0.00,0.00,0.00,16.2,8.8,329,16.6
2024-10-27T08:00,17.7,0.00,0.00,0.00,18.7,8.6,327,15.8
2024-10-27T09:00,19.7,0.00,0.00,0.00,20.7,8.4,340,18.4
2024-10-27T10:00,21.0,0.00,0.00,0.00,21.9,7.4,346,21.2
2024-10-27T11:00,22.0,0.00,0.00,0.00,23.4,5.1,51,16.9
2024-10-27T12:00,22.8,0.00,0.00,0.00,24.5,5.3,82,15.8
2024-10-27T13:00,23.2,0.00,0.00,0.00,24.9,4.4,97,14.8
2024-10-27T14:00,23.5,0.00,0.00,0.00,25.3,3.2,146,13.0
2024-10-27T15:00,23.7,0.00,0.00,0.00,24.5,10.5,163,16.9
2024-10-27T16:00,22.6,0.00,0.00,0.00,22.8,15.3,163,22.7
2024-10-27T17:00,20.9,0.00,0.00,0.00,21.9,12.5,168,22.3
2024-10-27T18:00,20.2,0.00,0.00,0.00,21.3,13.0,181,17.6
2024-10-27T19:00,19.7,0.10,0.00,0.10,20.2,15.6,187,24.1
2024-10-27T20:00,19.5,0.00,0.00,0.00,20.3,13.3,193,22.3
2024-10-27T21:00,19.5,0.00,0.00,0.00,19.9,16.2,194,23.0
2024-10-27T22:00,19.7,0.00,0.00,0.00,21.6,8.3,186,11.2
2024-10-27T23:00,19.7,0.30,0.00,0.30,21.6,8.4,200,12.6
2024-10-28T00:00,19.6,0.50,0.00,0.50,21.7,7.1,210,11.9
2024-10-28T01:00,19.5,0.00,0.00,0.00,21.6,7.4,252,11.2
2024-10-28T02:00,18.8,0.10,0.00,0.10,20.4,9.0,316,12.6
2024-10-28T03:00,17.8,0.20,0.00,0.20,18.5,12.1,5,17.6
2024-10-28T04:00,17.6,0.70,0.00,0.70,18.1,12.8,360,18.4
2024-10-28T05:00,17.6,1.60,0.00,1.60,18.0,12.9,345,19.1
2024-10-28T06:00,17.7,2.30,0.00,2.30,17.3,17.7,337,24.8
2024-10-28T07:00,17.8,2.60,0.00,2.60,16.9,21.9,337,32.0
2024-10-28T08:00,17.9,1.40,0.00,1.40,16.4,22.1,334,35.3
2024-10-28T09:00,18.3,0.50,0.00,0.50,17.7,16.7,349,32.8
2024-10-28T10:00,20.2,0.00,0.00,0.00,20.6,13.2,3,21.6
2024-10-28T11:00,20.8,0.00,0.00,0.00,21.4,12.7,13,22.7
2024-10-28T12:00,20.7,0.10,0.00,0.10,21.6,10.6,23,21.2
2024-10-28T13:00,20.5,0.10,0.00,0.10,20.2,15.3,351,23.0
2024-10-28T14:00,20.5,0.00,0.00,0.00,19.6,15.4,343,23.4
2024-10-28T15:00,20.1,0.00,0.00,0.00,19.1,16.7,359,26.3
2024-10-28T16:00,19.5,0.00,0.00,0.00,18.6,15.1,359,24.1
2024-10-28T17:00,19.1,0.00,0.00,0.00,18.2,14.0,1,21.6
2024-10-28T18:00,18.7,0.00,0.00,0.00,18.4,12.1,7,19.8
2024-10-28T19:00,18.4,0.00,0.00,0.00,18.9,8.8,349,16.9
2024-10-28T20:00,18.2,0.00,0.00,0.00,19.1,6.9,353,12.2
2024-10-28T21:00,18.0,0.00,0.00,0.00,19.4,4.6,11,9.4
2024-10-28T22:00,17.5,0.00,0.00,0.00,17.1,9.8,329,19.4
2024-10-28T23:00,17.5,0.00,0.00,0.00,17.3,9.7,348,13.7
2024-10-29T00:00,17.3,0.00,0.00,0.00,17.3,10.4,17,14.8
2024-10-29T01:00,16.7,0.10,0.00,0.10,16.2,12.0,28,17.3
2024-10-29T02:00,16.0,0.10,0.00,0.10,14.8,13.4,41,19.1
2024-10-29T03:00,15.7,0.00,0.00,0.00,14.4,12.7,36,19.8
2024-10-29T04:00,15.7,0.00,0.00,0.00,14.5,11.5,40,18.7
2024-10-29T05:00,15.7,0.00,0.00,0.00,14.5,11.0,42,16.6
2024-10-29T06:00,15.5,0.00,0.00,0.00,14.1,11.9,39,17.3
2024-10-29T07:00,15.4,0.00,0.00,0.00,13.6,13.6,35,19.8
2024-10-29T08:00,16.1,0.00,0.00,0.00,13.3,19.1,38,27.7
2024-10-29T09:00,16.5,0.00,0.00,0.00,13.2,22.7,40,34.6
2024-10-29T10:00,17.7,0.00,0.00,0.00,14.5,24.2,51,37.8
2024-10-29T11:00,18.2,0.00,0.00,0.00,15.1,22.9,50,38.2
2024-10-29T12:00,16.5,0.30,0.00,0.30,13.8,20.8,50,36.7
2024-10-29T13:00,16.2,0.20,0.00,0.20,14.4,15.4,35,31.7
2024-10-29T14:00,15.7,1.40,0.00,1.40,14.6,12.4,28,23.4
2024-10-29T15:00,15.9,0.50,0.00,0.50,15.0,10.8,28,19.4
2024-10-29T16:00,15.7,1.80,0.00,1.80,15.3,7.9,3,16.6
2024-10-29T17:00,15.4,2.60,0.00,2.60,14.5,11.0,346,15.8
2024-10-29T18:00,15.1,5.20,0.00,5.20,14.0,13.3,311,18.4
2024-10-29T19:00,14.6,2.60,0.00,2.60,13.1,15.8,343,23.4
2024-10-29T20:00,14.3,2.00,0.00,2.00,12.2,19.6,338,28.4
2024-10-29T21:00,13.9,2.60,0.00,2.60,11.3,22.3,338,32.8
2024-10-29T22:00,13.0,5.60,0.00,5.60,10.2,21.5,335,34.6
2024-10-29T23:00,12.9,3.30,0.00,3.30,10.0,22.8,340,34.9
2024-10-30T00:00,13.1,1.20,0.00,1.20,10.0,23.0,335,34.2
2024-10-30T01:00,13.2,1.40,0.00,1.40,10.0,23.9,336,36.0
2024-10-30T02:00,13.5,0.90,0.00,0.90,10.6,22.7,331,35.6
2024-10-30T03:00,13.6,1.20,0.00,1.20,10.9,21.6,338,34.6
2024-10-30T04:00,13.7,2.60,0.00,2.60,10.6,24.3,335,38.5
2024-10-30T05:00,13.9,1.20,0.00,1.20,10.9,25.0,332,36.7
2024-10-30T06:00,14.4,1.30,0.00,1.30,10.8,29.5,338,43.2
2024-10-30T07:00,14.8,2.30,0.00,2.30,11.5,28.3,336,45.0
2024-10-30T08:00,15.4,1.60,0.00,1.60,13.6,19.1,349,41.4
2024-10-30T09:00,15.6,0.60,0.00,0.60,14.6,15.5,342,27.7
2024-10-30T10:00,17.0,0.00,0.00,0.00,16.5,15.1,348,27.7
2024-10-30T11:00,18.5,0.00,0.00,0.00,17.6,19.5,357,30.2
2024-10-30T12:00,20.2,0.00,0.00,0.00,20.0,15.9,3,31.7
2024-10-30T13:00,21.1,0.00,0.00,0.00,21.0,16.4,13,27.0
2024-10-30T14:00,21.7,0.00,0.00,0.00,21.5,16.2,14,28.4
2024-10-30T15:00,22.4,0.00,0.00,0.00,21.8,17.5,355,26.3
2024-10-30T16:00,19.9,0.00,0.00,0.00,14.4,39.8,330,54.4
2024-10-30T17:00,17.7,0.00,0.00,0.00,11.8,39.8,335,62.6
2024-10-30T18:00,16.7,0.00,0.00,0.00,9.9,42.4,340,64.1
2024-10-30T19:00,15.5,0.00,0.00,0.00,8.8,39.3,342,60.8
2024-10-30T20:00,15.0,0.00,0.00,0.00,8.0,41.1,344,59.4
2024-10-30T21:00,14.8,0.00,0.00,0.00,8.2,38.2,346,59.4
2024-10-30T22:00,14.2,0.00,0.00,0.00,8.5,32.2,342,52.2
2024-10-30T23:00,13.9,0.00,0.00,0.00,8.7,29.8,342,46.4
2024-10-31T00:00,13.7,0.00,0.00,0.00,8.8,28.1,344,42.8
2024-10-31T01:00,13.6,0.00,0.00,0.00,8.7,28.2,346,40.7
2024-10-31T02:00,13.3,0.00,0.00,0.00,8.6,27.6,356,40.7
2024-10-31T03:00,12.9,0.00,0.00,0.00,8.6,24.4,5,39.6
2024-10-31T04:00,12.3,0.00,0.00,0.00,8.5,21.4,13,34.9
2024-10-31T05:00,11.9,0.00,0.00,0.00,8.4,19.4,21,30.6
2024-10-31T06:00,11.3,0.00,0.00,0.00,8.6,13.8,32,27.7
2024-10-31T07:00,12.1,0.00,0.00,0.00,10.7,6.3,31,18.7
2024-10-31T08:00,14.5,0.00,0.00,0.00,13.6,4.6,51,10.4
2024-10-31T09:00,16.0,0.00,0.00,0.00,14.7,6.9,62,14.8
2024-10-31T10:00,17.6,0.00,0.00,0.00,16.7,3.3,41,17.3
2024-10-31T11:00,18.7,0.00,0.00,0.00,17.9,2.0,85,11.9
2024-10-31T12:00,19.4,0.00,0.00,0.00,18.1,6.0,136,14.4
2024-10-31T13:00,19.9,0.00,0.00,0.00,18.3,8.9,151,17.3
2024-10-31T14:00,20.1,0.00,0.00,0.00,18.4,9.4,154,17.6
2024-10-31T15:00,20.0,0.00,0.00,0.00,18.4,8.6,169,17.3
2024-10-31T16:00,18.9,0.00,0.00,0.00,19.1,4.4,192,14.4
2024-10-31T17:00,18.4,0.00,0.00,0.00,18.0,3.6,217,5.8
2024-10-31T18:00,16.8,0.00,0.00,0.00,16.7,4.8,214,5.8
2024-10-31T19:00,17.1,0.00,0.00,0.00,16.7,4.2,205,5.4
2024-10-31T20:00,16.1,0.00,0.00,0.00,15.7,4.9,219,5.4
2024-10-31T21:00,14.7,0.00,0.00,0.00,14.1,6.9,242,7.6
2024-10-31T22:00,13.0,0.00,0.00,0.00,11.4,9.3,278,10.8
2024-10-31T23:00,12.1,0.00,0.00,0.00,10.5,9.3,306,12.2
2024-11-01T00:00,11.2,0.00,0.00,0.00,9.7,9.8,330,13.3
2024-11-01T01:00,11.4,0.00,0.00,0.00,9.7,10.7,333,15.1
2024-11-01T02:00,11.2,0.00,0.00,0.00,10.0,8.0,335,14.8
2024-11-01T03:00,10.8,0.00,0.00,0.00,9.7,7.1,322,10.8
2024-11-01T04:00,10.9,0.00,0.00,0.00,9.8,6.3,333,9.4
2024-11-01T05:00,10.6,0.00,0.00,0.00,9.3,7.4,337,9.0
2024-11-01T06:00,10.7,0.00,0.00,0.00,9.4,8.1,331,10.4
2024-11-01T07:00,11.5,0.00,0.00,0.00,10.0,9.9,328,15.5
2024-11-01T08:00,13.9,0.00,0.00,0.00,13.3,6.8,331,16.2
2024-11-01T09:00,16.3,0.00,0.00,0.00,15.7,8.1,354,16.6
2024-11-01T10:00,17.5,0.00,0.00,0.00,16.4,10.1,5,21.6
2024-11-01T11:00,19.0,0.00,0.00,0.00,18.8,7.5,24,19.8
2024-11-01T12:00,19.9,0.00,0.00,0.00,20.2,5.7,46,17.3
2024-11-01T13:00,20.9,0.00,0.00,0.00,21.9,3.0,104,14.4
2024-11-01T14:00,21.4,0.00,0.00,0.00,22.5,3.5,156,11.5
2024-11-01T15:00,21.2,0.00,0.00,0.00,22.3,4.5,178,10.1
2024-11-01T16:00,20.0,0.00,0.00,0.00,21.7,4.7,148,9.0
2024-11-01T17:00,19.3,0.30,0.00,0.30,21.1,4.8,255,6.1
2024-11-01T18:00,18.5,1.10,0.00,1.10,19.2,10.3,338,13.7
2024-11-01T19:00,17.1,1.30,0.00,1.30,17.3,11.1,353,16.2
2024-11-01T20:00,16.2,0.80,0.00,0.80,15.9,13.2,354,19.1
2024-11-01T21:00,15.7,0.60,0.00,0.60,15.6,9.7,358,19.4
2024-11-01T22:00,15.8,0.80,0.00,0.80,15.4,10.4,346,17.3
2024-11-01T23:00,15.6,1.00,0.00,1.00,15.6,7.2,347,15.1
2024-11-02T00:00,15.3,1.70,0.00,1.70,15.3,7.7,349,10.8
2024-11-02T01:00,15.0,2.40,0.00,2.40,15.2,7.1,344,14.0
2024-11-02T02:00,15.0,3.50,0.00,3.50,14.9,9.3,345,13.3
2024-11-02T03:00,15.0,3.10,0.00,3.10,14.8,10.0,8,15.5
2024-11-02T04:00,14.8,1.30,0.00,1.30,14.2,11.7,358,18.0
2024-11-02T05:00,14.9,1.80,0.00,1.80,14.6,10.3,356,17.6
2024-11-02T06:00,14.9,1.40,0.00,1.40,14.9,8.3,2,15.1
2024-11-02T07:00,15.2,0.50,0.00,0.50,15.5,6.5,360,12.6
2024-11-02T08:00,15.7,0.20,0.00,0.20,15.3,11.5,351,19.1
2024-11-02T09:00,15.8,0.10,0.00,0.10,15.8,9.7,27,20.9
2024-11-02T10:00,16.1,0.90,0.00,0.90,15.2,15.2,346,24.1
2024-11-02T11:00,16.1,0.60,0.00,0.60,14.9,17.6,6,32.0
2024-11-02T12:00,16.9,1.50,0.00,1.50,15.9,17.5,4,29.2
2024-11-02T13:00,16.9,1.50,0.00,1.50,16.5,13.7,13,27.7
2024-11-02T14:00,17.1,0.60,0.00,0.60,16.9,13.2,12,23.0
2024-11-02T15:00,17.7,0.90,0.00,0.90,17.8,12.3,15,20.9
2024-11-02T16:00,17.4,3.50,0.00,3.50,17.7,11.4,18,35.6
2024-11-02T17:00,16.4,4.40,0.00,4.40,15.8,17.6,359,31.7
2024-11-02T18:00,16.8,6.60,0.00,6.60,16.1,19.4,324,31.3
2024-11-02T19:00,16.4,16.30,0.00,16.30,12.9,34.6,359,61.2
2024-11-02T20:00,15.7,4.60,0.00,4.60,12.8,29.5,338,50.8
2024-11-02T21:00,15.8,0.20,0.00,0.20,12.2,32.6,3,43.9
2024-11-02T22:00,16.8,0.20,0.00,0.20,14.5,27.6,7,42.8
2024-11-02T23:00,16.5,0.30,0.00,0.30,14.8,21.4,1,39.6
2024-11-03T00:00,16.1,0.00,0.00,0.00,14.2,21.8,8,33.1
2024-11-03T01:00,16.0,0.00,0.00,0.00,14.4,18.8,17,31.7
2024-11-03T02:00,16.0,0.00,0.00,0.00,14.0,20.3,19,29.2
2024-11-03T03:00,15.8,0.00,0.00,0.00,14.4,16.9,2,29.5
2024-11-03T04:00,15.8,0.00,0.00,0.00,14.0,20.0,344,28.4
2024-11-03T05:00,15.6,0.00,0.00,0.00,13.4,19.8,352,31.3
2024-11-03T06:00,15.0,0.00,0.00,0.00,13.2,15.5,8,28.4
2024-11-03T07:00,15.2,0.00,0.00,0.00,13.3,15.5,10,22.3
2024-11-03T08:00,16.9,0.00,0.00,0.00,13.7,22.9,4,32.0
2024-11-03T09:00,17.8,0.00,0.00,0.00,15.0,20.9,4,33.5
2024-11-03T10:00,18.8,0.00,0.00,0.00,13.3,34.5,347,52.2
2024-11-03T11:00,19.5,0.00,0.00,0.00,15.4,28.5,356,51.1
2024-11-03T12:00,20.1,0.00,0.00,0.00,16.9,23.1,355,43.6
2024-11-03T13:00,20.4,0.00,0.00,0.00,17.2,20.5,352,36.0
2024-11-03T14:00,20.5,0.00,0.00,0.00,17.6,18.9,352,32.4
2024-11-03T15:00,20.4,0.00,0.00,0.00,18.3,14.0,9,29.2
2024-11-03T16:00,19.0,0.00,0.00,0.00,18.2,9.9,48,20.9
2024-11-03T17:00,16.3,0.00,0.00,0.00,15.1,11.1,73,14.4
2024-11-03T18:00,15.0,0.00,0.00,0.00,13.8,9.4,87,14.4
2024-11-03T19:00,14.1,0.00,0.00,0.00,13.1,7.8,109,11.5
2024-11-03T20:00,15.5,0.00,0.00,0.00,14.9,4.3,114,9.0
2024-11-03T21:00,15.3,0.00,0.00,0.00,14.7,4.1,360,5.0
2024-11-03T22:00,15.4,0.00,0.00,0.00,15.2,4.6,288,4.3
2024-11-03T23:00,12.9,0.00,0.00,0.00,11.8,9.0,322,10.1
2024-11-04T00:00,12.1,0.00,0.00,0.00,10.9,9.1,343,12.2
2024-11-04T01:00,11.4,0.00,0.00,0.00,10.2,8.8,340,11.5
2024-11-04T02:00,11.2,0.00,0.00,0.00,9.8,9.6,334,13.0
2024-11-04T03:00,10.8,0.00,0.00,0.00,9.5,8.3,319,12.6
2024-11-04T04:00,10.2,0.00,0.00,0.00,8.8,8.4,301,11.2
2024-11-04T05:00,9.6,0.00,0.00,0.00,8.3,7.6,317,11.2
2024-11-04T06:00,9.3,0.00,0.00,0.00,8.0,6.6,319,10.4
2024-11-04T07:00,10.2,0.00,0.00,0.00,9.2,6.2,319,10.8
2024-11-04T08:00,13.3,0.00,0.00,0.00,12.9,5.2,326,11.9
2024-11-04T09:00,15.8,0.00,0.00,0.00,16.1,3.1,357,12.2
2024-11-04T10:00,17.3,0.00,0.00,0.00,17.3,4.9,28,14.8
2024-11-04T11:00,18.8,0.00,0.00,0.00,19.2,7.1,128,15.8
2024-11-04T12:00,20.5,0.00,0.00,0.00,20.4,13.7,164,23.4
2024-11-04T13:00,21.1,0.00,0.00,0.00,20.4,18.5,173,29.9
2024-11-04T14:00,22.4,0.00,0.00,0.00,19.4,27.5,196,39.2
2024-11-04T15:00,21.9,0.00,0.00,0.00,19.6,24.4,185,42.1
2024-11-04T16:00,21.0,0.00,0.00,0.00,18.8,23.2,194,36.7
2024-11-04T17:00,19.2,0.00,0.00,0.00,16.4,24.9,209,34.9
2024-11-04T18:00,18.9,0.00,0.00,0.00,15.4,28.3,206,40.3
2024-11-04T19:00,19.0,0.00,0.00,0.00,15.8,27.1,209,41.0
2024-11-04T20:00,18.5,0.00,0.00,0.00,16.3,21.1,219,38.9
2024-11-04T21:00,16.9,0.00,0.00,0.00,15.8,13.3,247,29.9
2024-11-04T22:00,14.5,0.00,0.00,0.00,14.3,7.4,346,18.0
2024-11-04T23:00,14.6,0.00,0.00,0.00,14.8,3.8,315,8.6
2024-11-05T00:00,13.7,0.00,0.00,0.00,12.7,11.5,346,14.8
2024-11-05T01:00,12.7,0.00,0.00,0.00,11.4,13.3,2,18.0
2024-11-05T02:00,12.6,0.00,0.00,0.00,11.3,12.1,349,19.8
2024-11-05T03:00,12.1,0.00,0.00,0.00,11.2,8.7,328,16.6
2024-11-05T04:00,11.9,0.00,0.00,0.00,11.1,7.5,318,11.9
2024-11-05T05:00,11.8,0.00,0.00,0.00,10.5,10.4,326,13.7
2024-11-05T06:00,11.5,0.00,0.00,0.00,9.8,13.5,350,18.7
2024-11-05T07:00,12.3,0.00,0.00,0.00,10.1,16.6,347,25.2
2024-11-05T08:00,14.6,0.00,0.00,0.00,12.8,16.0,341,24.1
2024-11-05T09:00,16.0,0.00,0.00,0.00,13.6,21.1,348,33.5
2024-11-05T10:00,18.1,0.00,0.00,0.00,15.3,22.0,360,39.6
2024-11-05T11:00,18.9,0.00,0.00,0.00,16.5,19.6,10,34.6
2024-11-05T12:00,19.2,0.00,0.00,0.00,17.0,18.1,19,31.7
2024-11-05T13:00,19.1,0.00,0.00,0.00,17.1,15.8,41,28.8
2024-11-05T14:00,19.4,0.00,0.00,0.00,17.4,16.5,62,26.3
2024-11-05T15:00,19.1,0.00,0.00,0.00,16.7,19.4,75,28.4
2024-11-05T16:00,17.4,0.00,0.00,0.00,15.5,18.1,80,29.2
2024-11-05T17:00,16.3,0.00,0.00,0.00,14.3,17.6,79,26.3
2024-11-05T18:00,16.0,0.00,0.00,0.00,14.2,15.7,77,25.2
2024-11-05T19:00,15.6,0.00,0.00,0.00,14.2,12.7,59,22.3
2024-11-05T20:00,14.7,0.00,0.00,0.00,13.6,10.7,16,18.0
2024-11-05T21:00,14.6,0.00,0.00,0.00,13.4,10.4,1,15.1
2024-11-05T22:00,14.4,0.00,0.00,0.00,12.5,14.5,353,20.9
2024-11-05T23:00,13.9,0.00,0.00,0.00,11.8,15.2,338,21.2
2024-11-06T00:00,13.5,0.00,0.00,0.00,10.6,18.1,335,25.9
2024-11-06T01:00,13.0,0.00,0.00,0.00,9.9,17.8,336,25.9
2024-11-06T02:00,13.1,0.00,0.00,0.00,10.2,16.9,332,25.6
2024-11-06T03:00,12.9,0.00,0.00,0.00,10.0,16.7,328,25.2
2024-11-06T04:00,12.6,0.00,0.00,0.00,9.7,17.1,328,24.8
2024-11-06T05:00,12.3,0.00,0.00,0.00,9.3,17.4,329,25.2
2024-11-06T06:00,12.2,0.00,0.00,0.00,9.2,17.3,337,26.3
2024-11-06T07:00,12.3,0.00,0.00,0.00,9.4,17.1,343,25.2
2024-11-06T08:00,12.9,0.00,0.00,0.00,9.8,18.8,334,28.4
2024-11-06T09:00,13.2,0.00,0.00,0.00,10.1,20.3,342,30.6
2024-11-06T10:00,14.4,0.00,0.00,0.00,10.8,23.6,2,37.1
2024-11-06T11:00,15.0,0.00,0.00,0.00,11.3,23.0,1,36.4
2024-11-06T12:00,14.7,0.10,0.00,0.10,11.3,22.0,359,35.3
2024-11-06T13:00,14.5,1.00,0.00,1.00,11.3,21.2,0,33.5
2024-11-06T14:00,14.3,0.40,0.00,0.40,11.6,18.3,16,32.8
2024-11-06T15:00,14.3,0.10,0.00,0.10,12.6,12.0,51,28.1
2024-11-06T16:00,14.3,0.00,0.00,0.00,13.2,8.6,59,18.4
2024-11-06T17:00,13.7,0.00,0.00,0.00,13.2,5.5,49,12.6
2024-11-06T18:00,12.4,0.00,0.00,0.00,12.0,4.6,21,7.6
2024-11-06T19:00,12.0,0.00,0.00,0.00,11.0,7.1,350,7.9
2024-11-06T20:00,12.2,0.00,0.00,0.00,10.9,9.0,13,12.2
2024-11-06T21:00,12.1,0.00,0.00,0.00,10.8,9.4,5,13.3
2024-11-06T22:00,12.2,0.00,0.00,0.00,10.6,10.6,332,15.1
2024-11-06T23:00,11.2,0.00,0.00,0.00,9.4,11.0,325,15.8
2024-11-07T00:00,10.6,0.00,0.00,0.00,8.8,10.4,315,15.1
2024-11-07T01:00,10.1,0.00,0.00,0.00,8.6,7.9,317,14.4
2024-11-07T02:00,10.0,0.00,0.00,0.00,8.2,9.2,327,10.8
2024-11-07T03:00,10.9,0.00,0.00,0.00,7.1,20.0,337,25.9
2024-11-07T04:00,10.8,0.00,0.00,0.00,5.2,29.5,330,41.4
2024-11-07T05:00,10.3,0.00,0.00,0.00,4.2,31.7,336,46.8
2024-11-07T06:00,9.7,0.00,0.00,0.00,4.3,26.6,347,45.4
2024-11-07T07:00,10.0,0.00,0.00,0.00,4.4,27.5,344,39.2
2024-11-07T08:00,11.3,0.00,0.00,0.00,5.2,31.3,346,45.0
2024-11-07T09:00,12.2,0.00,0.00,0.00,5.7,33.3,347,49.0
2024-11-07T10:00,13.8,0.00,0.00,0.00,6.3,40.7,340,60.5
2024-11-07T11:00,14.3,0.00,0.00,0.00,7.2,39.2,340,61.2
2024-11-07T12:00,14.9,0.00,0.00,0.00,8.2,37.2,341,58.7
2024-11-07T13:00,15.2,0.00,0.00,0.00,8.6,35.2,341,56.2
2024-11-07T14:00,14.8,0.00,0.00,0.00,8.1,35.1,342,52.9
2024-11-07T15:00,14.0,0.00,0.00,0.00,7.4,34.0,345,52.2
2024-11-07T16:00,12.3,0.00,0.00,0.00,6.4,29.9,342,49.7
2024-11-07T17:00,10.5,0.00,0.00,0.00,4.3,29.6,340,43.6
2024-11-07T18:00,9.7,0.00,0.00,0.00,3.4,30.3,344,43.9
2024-11-07T19:00,9.3,0.00,0.00,0.00,3.5,25.9,353,43.9
2024-11-07T20:00,9.1,0.00,0.00,0.00,4.1,20.6,5,37.1
2024-11-07T21:00,9.0,0.00,0.00,0.00,4.4,18.6,6,29.5
2024-11-07T22:00,9.1,0.00,0.00,0.00,3.2,27.7,346,43.6
2024-11-07T23:00,8.5,0.00,0.00,0.00,2.7,27.1,352,40.3
2024-11-08T00:00,8.1,0.00,0.00,0.00,1.6,31.4,347,45.0
2024-11-08T01:00,8.0,0.00,0.00,0.00,1.5,31.6,346,46.1
2024-11-08T02:00,7.9,0.00,0.00,0.00,1.6,30.0,348,46.1
2024-11-08T03:00,7.6,0.00,0.00,0.00,1.7,26.9,352,43.6
2024-11-08T04:00,7.2,0.00,0.00,0.00,2.0,22.2,2,38.9
2024-11-08T05:00,6.7,0.00,0.00,0.00,2.3,17.6,7,31.7
2024-11-08T06:00,6.4,0.00,0.00,0.00,2.4,15.0,5,25.2
2024-11-08T07:00,7.2,0.00,0.00,0.00,3.9,11.0,10,21.2
2024-11-08T08:00,8.7,0.00,0.00,0.00,6.0,8.5,32,16.6
2024-11-08T09:00,10.2,0.00,0.00,0.00,7.0,10.4,37,18.7
2024-11-08T10:00,12.3,0.00,0.00,0.00,8.3,15.4,11,31.7
2024-11-08T11:00,12.8,0.00,0.00,0.00,9.7,10.5,29,25.9
2024-11-08T12:00,13.7,0.00,0.00,0.00,11.1,7.7,51,20.5
2024-11-08T13:00,14.3,0.00,0.00,0.00,12.1,5.4,53,17.6
2024-11-08T14:00,14.7,0.00,0.00,0.00,12.5,5.2,88,14.8
2024-11-08T15:00,14.8,0.00,0.00,0.00,12.7,4.7,106,13.3
2024-11-08T16:00,14.2,0.00,0.00,0.00,12.8,4.0,108,10.8
2024-11-08T17:00,13.2,0.00,0.00,0.00,11.7,3.2,52,5.0
2024-11-08T18:00,11.3,0.00,0.00,0.00,9.9,4.7,23,5.4
2024-11-08T19:00,10.7,0.00,0.00,0.00,9.1,6.2,8,7.6
2024-11-08T20:00,9.8,0.00,0.00,0.00,7.7,8.0,346,9.4
2024-11-08T21:00,9.0,0.00,0.00,0.00,6.6,8.7,330,11.5
2024-11-08T22:00,8.5,0.00,0.00,0.00,5.8,10.6,313,14.0
2024-11-08T23:00,7.7,0.00,0.00,0.00,4.9,11.4,323,15.8
2024-11-09T00:00,7.2,0.00,0.00,0.00,4.3,11.6,338,16.9
2024-11-09T01:00,7.0,0.00,0.00,0.00,4.1,11.1,340,16.2
2024-11-09T02:00,6.6,0.00,0.00,0.00,3.5,13.0,340,18.0
2024-11-09T03:00,6.3,0.00,0.00,0.00,2.8,15.0,336,21.2
2024-11-09T04:00,5.8,0.00,0.00,0.00,2.1,15.9,332,22.7
2024-11-09T05:00,5.5,0.00,0.00,0.00,1.7,16.0,336,23.4
2024-11-09T06:00,5.2,0.00,0.00,0.00,1.5,14.5,335,23.0
2024-11-09T07:00,5.8,0.00,0.00,0.00,2.3,13.5,339,20.9
2024-11-09T08:00,7.8,0.00,0.00,0.00,4.6,12.8,340,21.2
2024-11-09T09:00,10.1,0.00,0.00,0.00,6.9,14.6,342,24.8
2024-11-09T10:00,12.5,0.00,0.00,0.00,8.9,16.5,352,28.4
2024-11-09T11:00,14.1,0.00,0.00,0.00,10.5,15.5,3,27.7
2024-11-09T12:00,15.1,0.00,0.00,0.00,11.9,13.7,19,27.0
2024-11-09T13:00,15.7,0.00,0.00,0.00,12.7,13.4,36,24.5
2024-11-09T14:00,16.3,0.00,0.00,0.00,13.0,13.5,47,23.8
2024-11-09T15:00,16.1,0.00,0.00,0.00,12.9,12.9,55,23.0
2024-11-09T16:00,14.8,0.00,0.00,0.00,12.8,9.8,55,20.2
2024-11-09T17:00,12.4,0.00,0.00,0.00,10.8,8.3,44,13.7
2024-11-09T18:00,12.7,0.00,0.00,0.00,11.1,8.3,4,10.1
2024-11-09T19:00,12.3,0.00,0.00,0.00,10.4,10.0,343,13.7
2024-11-09T20:00,10.7,0.00,0.00,0.00,8.5,10.6,337,14.4
2024-11-09T21:00,10.1,0.00,0.00,0.00,7.3,13.4,332,18.4
2024-11-09T22:00,10.7,0.00,0.00,0.00,7.6,15.4,331,23.4
2024-11-09T23:00,9.7,0.00,0.00,0.00,6.3,15.8,337,22.7
2024-11-10T00:00,9.4,0.00,0.00,0.00,5.6,17.5,338,25.2
2024-11-10T01:00,9.5,0.00,0.00,0.00,5.6,18.3,339,26.3
2024-11-10T02:00,9.1,0.00,0.00,0.00,5.3,17.1,341,26.6
2024-11-10T03:00,8.9,0.00,0.00,0.00,5.2,15.9,342,24.8
2024-11-10T04:00,9.2,0.00,0.00,0.00,5.6,15.6,348,23.0
2024-11-10T05:00,9.4,0.00,0.00,0.00,5.8,15.3,345,22.7
2024-11-10T06:00,9.4,0.00,0.00,0.00,5.6,16.6,342,24.1
2024-11-10T07:00,9.7,0.00,0.00,0.00,6.0,16.5,338,24.1
2024-11-10T08:00,10.4,0.00,0.00,0.00,7.6,11.9,329,24.1
2024-11-10T09:00,11.4,0.00,0.00,0.00,8.5,13.8,333,21.2
2024-11-10T10:00,14.6,0.00,0.00,0.00,10.9,19.4,344,31.3
2024-11-10T11:00,14.4,0.00,0.00,0.00,11.3,16.3,350,31.0
2024-11-10T12:00,16.1,0.00,0.00,0.00,13.5,14.5,354,26.3
2024-11-10T13:00,16.7,0.00,0.00,0.00,14.8,12.3,7,24.1
2024-11-10T14:00,17.2,0.00,0.00,0.00,15.8,10.5,5,22.0
2024-11-10T15:00,17.2,0.00,0.00,0.00,16.3,8.0,25,19.1
2024-11-10T16:00,16.6,0.00,0.00,0.00,16.7,4.1,29,14.4
2024-11-10T17:00,15.4,0.00,0.00,0.00,15.4,5.2,16,5.8
2024-11-10T18:00,15.4,0.00,0.00,0.00,15.0,7.1,6,9.4
2024-11-10T19:00,14.9,0.00,0.00,0.00,14.4,9.0,358,12.6
2024-11-10T20:00,14.7,0.00,0.00,0.00,13.7,12.3,342,16.9
2024-11-10T21:00,14.5,0.00,0.00,0.00,13.3,13.0,335,18.4
2024-11-10T22:00,13.3,0.00,0.00,0.00,12.3,9.2,325,18.4
2024-11-10T23:00,13.2,0.00,0.00,0.00,11.5,13.3,335,19.1
2024-11-11T00:00,13.4,0.00,0.00,0.00,12.0,11.5,349,19.4
2024-11-11T01:00,13.1,0.10,0.00,0.10,11.5,13.3,344,19.1
2024-11-11T02:00,13.2,0.10,0.00,0.10,11.6,13.7,339,19.8
2024-11-11T03:00,13.1,0.00,0.00,0.00,11.9,11.8,341,19.8
2024-11-11T04:00,13.3,3.50,0.00,3.50,11.5,15.6,344,23.0
2024-11-11T05:00,13.3,1.30,0.00,1.30,11.7,14.5,349,22.7
2024-11-11T06:00,13.4,0.80,0.00,0.80,12.0,13.7,344,21.2
2024-11-11T07:00,13.6,0.20,0.00,0.20,12.2,14.1,350,20.2
2024-11-11T08:00,14.3,0.10,0.00,0.10,12.5,17.3,355,25.6
2024-11-11T09:00,15.7,0.10,0.00,0.10,15.1,11.7,357,25.9
2024-11-11T10:00,15.8,0.10,0.00,0.10,16.0,7.4,359,16.2
2024-11-11T11:00,17.8,0.00,0.00,0.00,18.0,10.5,357,18.0
2024-11-11T12:00,19.5,0.00,0.00,0.00,19.2,14.8,358,23.8
2024-11-11T13:00,20.9,0.00,0.00,0.00,20.4,17.9,6,28.8
2024-11-11T14:00,21.4,0.00,0.00,0.00,20.8,19.4,18,30.2
2024-11-11T15:00,21.2,0.00,0.00,0.00,21.2,13.8,26,29.9
2024-11-11T16:00,20.2,0.00,0.00,0.00,20.7,10.9,8,20.5
2024-11-11T17:00,18.1,0.00,0.00,0.00,18.1,12.4,341,15.8
2024-11-11T18:00,17.2,0.00,0.00,0.00,17.0,13.0,343,17.6
2024-11-11T19:00,16.2,0.00,0.00,0.00,15.3,15.1,340,20.2
2024-11-11T20:00,15.2,0.00,0.00,0.00,13.2,16.0,348,23.4
2024-11-11T21:00,14.6,0.00,0.00,0.00,12.1,17.4,349,24.1
2024-11-11T22:00,14.4,0.00,0.00,0.00,11.6,18.1,347,25.9
2024-11-11T23:00,13.5,0.00,0.00,0.00,10.9,16.2,343,25.2
2024-11-12T00:00,12.8,0.00,0.00,0.00,10.3,15.4,341,22.3
2024-11-12T01:00,12.1,0.00,0.00,0.00,10.0,13.1,353,21.2
2024-11-12T02:00,11.1,0.00,0.00,0.00,9.5,9.3,347,17.6
2024-11-12T03:00,10.4,0.00,0.00,0.00,8.9,7.8,314,11.5
2024-11-12T04:00,11.3,0.00,0.00,0.00,10.2,4.4,289,9.0
2024-11-12T05:00,12.4,0.00,0.00,0.00,11.5,3.0,308,5.0
2024-11-12T06:00,11.6,0.00,0.00,0.00,10.5,4.2,12,4.7
2024-11-12T07:00,11.0,0.00,0.00,0.00,9.8,6.0,7,7.2
2024-11-12T08:00,12.5,0.00,0.00,0.00,11.6,6.5,3,12.6
2024-11-12T09:00,14.8,0.00,0.00,0.00,14.3,5.9,12,13.7
2024-11-12T10:00,16.9,0.00,0.00,0.00,16.6,4.5,40,13.0
2024-11-12T11:00,18.4,0.00,0.00,0.00,17.8,6.7,90,15.5
2024-11-12T12:00,19.2,0.00,0.00,0.00,18.4,10.0,111,19.1
2024-11-12T13:00,19.7,0.00,0.00,0.00,18.7,13.0,136,22.3
2024-11-12T14:00,20.0,0.00,0.00,0.00,19.3,12.2,161,22.7
2024-11-12T15:00,19.9,0.00,0.00,0.00,19.7,10.3,177,20.5
2024-11-12T16:00,18.9,0.00,0.00,0.00,19.8,6.1,152,16.6
2024-11-12T17:00,17.1,0.00,0.00,0.00,18.0,4.6,121,8.3
2024-11-12T18:00,16.1,0.00,0.00,0.00,16.7,6.0,69,6.8
2024-11-12T19:00,16.3,0.00,0.00,0.00,16.2,10.5,13,12.6
2024-11-12T20:00,15.3,0.00,0.00,0.00,14.5,14.5,355,19.8
2024-11-12T21:00,14.8,0.00,0.00,0.00,13.2,17.9,341,25.6
2024-11-12T22:00,15.7,0.00,0.00,0.00,15.3,9.4,337,19.1
2024-11-12T23:00,15.1,0.00,0.00,0.00,14.4,9.0,331,18.4
2024-11-13T00:00,15.1,0.00,0.00,0.00,14.4,7.4,328,18.0
2024-11-13T01:00,14.6,0.00,0.00,0.00,13.9,7.2,338,14.0
2024-11-13T02:00,14.0,0.00,0.00,0.00,13.3,6.6,338,13.0
2024-11-13T03:00,13.9,0.00,0.00,0.00,12.5,9.6,348,18.0
2024-11-13T04:00,14.5,0.00,0.00,0.00,12.4,13.3,342,25.9
2024-11-13T05:00,15.0,0.00,0.00,0.00,12.0,16.5,340,36.4
2024-11-13T06:00,14.4,0.00,0.00,0.00,11.8,14.1,345,35.6
2024-11-13T07:00,14.4,0.00,0.00,0.00,12.2,11.3,347,30.6
2024-11-13T08:00,15.2,0.00,0.00,0.00,13.7,7.4,360,23.0
2024-11-13T09:00,16.1,0.00,0.00,0.00,15.0,6.8,35,18.0
2024-11-13T10:00,18.4,0.00,0.00,0.00,16.7,9.0,23,24.1
2024-11-13T11:00,18.7,0.00,0.00,0.00,17.4,6.9,37,24.1
2024-11-13T12:00,19.0,0.00,0.00,0.00,17.8,6.8,55,20.9
2024-11-13T13:00,19.0,0.00,0.00,0.00,17.7,7.1,60,20.9
2024-11-13T14:00,18.8,0.00,0.00,0.00,17.3,8.1,73,22.3
2024-11-13T15:00,18.2,0.00,0.00,0.00,16.8,8.1,86,22.3
2024-11-13T16:00,17.1,0.00,0.00,0.00,15.9,7.4,103,19.8
2024-11-13T17:00,15.6,0.00,0.00,0.00,14.3,7.4,90,15.8
2024-11-13T18:00,14.8,0.00,0.00,0.00,13.6,7.0,80,14.4
2024-11-13T19:00,14.2,0.00,0.00,0.00,13.2,6.2,78,13.0
2024-11-13T20:00,13.7,0.00,0.00,0.00,12.6,5.7,58,11.5
2024-11-13T21:00,13.3,0.00,0.00,0.00,12.4,4.9,343,10.4
2024-11-13T22:00,14.3,0.00,0.00,0.00,13.3,5.4,358,11.5
2024-11-13T23:00,14.1,0.00,0.00,0.00,13.1,5.0,300,11.2
2024-11-14T00:00,13.5,0.00,0.00,0.00,12.3,7.7,309,15.8
2024-11-14T01:00,13.3,0.00,0.00,0.00,12.0,8.6,327,18.4
2024-11-14T02:00,13.1,0.00,0.00,0.00,11.7,7.8,323,18.4
2024-11-14T03:00,12.8,0.00,0.00,0.00,11.3,8.3,318,18.0
2024-11-14T04:00,12.5,0.00,0.00,0.00,10.9,7.9,317,18.4
2024-11-14T05:00,12.3,0.00,0.00,0.00,10.6,7.4,309,16.9
2024-11-14T06:00,12.0,0.00,0.00,0.00,10.3,7.5,314,15.8
2024-11-14T07:00,11.8,0.00,0.00,0.00,9.9,8.2,320,16.9
2024-11-14T08:00,12.7,0.00,0.00,0.00,11.0,6.6,319,18.7
2024-11-14T09:00,14.0,0.00,0.00,0.00,12.4,6.9,321,19.1
2024-11-14T10:00,15.9,0.00,0.00,0.00,14.3,8.3,340,23.0
2024-11-14T11:00,17.1,0.00,0.00,0.00,16.0,7.1,341,23.4
2024-11-14T12:00,18.0,0.00,0.00,0.00,17.5,4.4,348,20.5
2024-11-14T13:00,18.2,0.00,0.00,0.00,17.8,4.3,327,16.2
2024-11-14T14:00,18.0,0.00,0.00,0.00,17.7,4.0,309,15.1
2024-11-14T15:00,17.0,0.40,0.00,0.40,17.0,3.5,291,11.9
2024-11-14T16:00,16.7,0.00,0.00,0.00,16.8,3.5,279,9.4
2024-11-14T17:00,16.0,0.00,0.00,0.00,16.1,4.7,288,8.6
2024-11-14T18:00,15.7,0.00,0.00,0.00,15.7,5.1,318,10.8
2024-11-14T19:00,15.4,0.00,0.00,0.00,15.4,5.4,307,10.1
2024-11-14T20:00,15.4,0.00,0.00,0.00,15.2,6.0,295,11.9
2024-11-14T21:00,15.4,0.00,0.00,0.00,15.4,4.8,295,11.9
2024-11-14T22:00,15.5,0.00,0.00,0.00,16.1,2.0,260,7.2
2024-11-14T23:00,15.5,0.00,0.00,0.00,16.0,2.6,309,3.6
2024-11-15T00:00,15.3,0.00,0.00,0.00,15.5,5.1,302,10.4
2024-11-15T01:00,15.3,0.00,0.00,0.00,15.7,3.7,29,9.4
2024-11-15T02:00,15.1,0.00,0.00,0.00,15.5,4.2,340,8.3
2024-11-15T03:00,14.9,0.00,0.00,0.00,15.3,4.3,338,9.0
2024-11-15T04:00,14.6,0.80,0.00,0.80,14.8,5.5,314,11.9
2024-11-15T05:00,14.2,0.50,0.00,0.50,14.4,5.7,325,13.3
2024-11-15T06:00,14.0,1.40,0.00,1.40,13.7,9.2,321,18.7
2024-11-15T07:00,13.9,3.40,0.00,3.40,13.5,9.4,355,25.9
2024-11-15T08:00,14.2,2.00,0.00,2.00,14.0,7.8,351,25.9
2024-11-15T09:00,15.0,0.10,0.00,0.10,15.5,4.6,318,16.2
2024-11-15T10:00,16.4,0.00,0.00,0.00,17.1,4.6,351,17.6
2024-11-15T11:00,17.5,0.00,0.00,0.00,17.7,7.6,3,20.5
2024-11-15T12:00,17.4,0.00,0.00,0.00,17.9,6.0,357,21.2
2024-11-15T13:00,18.2,0.00,0.00,0.00,19.2,3.6,360,16.6
2024-11-15T14:00,18.7,0.00,0.00,0.00,19.7,4.3,345,14.8
2024-11-15T15:00,18.6,0.00,0.00,0.00,19.5,4.3,332,13.3
2024-11-15T16:00,18.1,0.00,0.00,0.00,19.1,4.5,331,12.6
2024-11-15T17:00,17.2,0.00,0.00,0.00,17.9,6.1,300,11.9
2024-11-15T18:00,17.0,0.00,0.00,0.00,17.6,5.6,299,11.5
2024-11-15T19:00,16.9,0.00,0.00,0.00,17.3,7.1,304,13.0
2024-11-15T20:00,16.7,0.00,0.00,0.00,16.8,8.0,308,16.6
2024-11-15T21:00,16.5,0.00,0.00,0.00,16.7,6.9,332,15.5
2024-11-15T22:00,16.4,0.00,0.00,0.00,16.9,6.0,351,10.4
2024-11-15T23:00,16.4,0.00,0.00,0.00,16.9,6.5,352,11.9
2024-11-16T00:00,16.6,0.00,0.00,0.00,16.7,8.6,10,17.6
2024-11-16T01:00,16.0,0.00,0.00,0.00,15.8,7.8,9,17.6
2024-11-16T02:00,15.6,0.00,0.00,0.00,15.2,7.2,347,15.8
2024-11-16T03:00,15.0,0.00,0.00,0.00,14.2,8.4,335,17.3
2024-11-16T04:00,14.3,0.00,0.00,0.00,13.4,8.4,317,17.6
2024-11-16T05:00,13.8,0.00,0.00,0.00,12.6,10.1,313,21.2
2024-11-16T06:00,13.5,0.00,0.00,0.00,12.1,10.9,314,23.8
2024-11-16T07:00,13.4,0.00,0.00,0.00,12.1,10.5,319,23.8
2024-11-16T08:00,14.1,0.00,0.00,0.00,13.3,8.9,304,23.4
2024-11-16T09:00,15.2,0.00,0.00,0.00,14.5,8.5,314,21.2
2024-11-16T10:00,17.2,0.00,0.00,0.00,16.3,10.0,342,25.6
2024-11-16T11:00,18.0,0.00,0.00,0.00,17.2,10.5,344,27.0
2024-11-16T12:00,18.2,0.00,0.00,0.00,17.5,10.4,342,27.4
2024-11-16T13:00,18.6,0.00,0.00,0.00,18.2,9.5,328,26.3
2024-11-16T14:00,18.8,0.00,0.00,0.00,18.8,7.4,326,24.1
2024-11-16T15:00,18.8,0.00,0.00,0.00,19.3,4.8,338,18.7
2024-11-16T16:00,18.2,0.00,0.00,0.00,18.8,4.3,327,10.4
2024-11-16T17:00,17.3,0.00,0.00,0.00,17.7,5.1,321,9.7
2024-11-16T18:00,16.9,0.00,0.00,0.00,16.9,6.6,317,13.0
2024-11-16T19:00,16.7,0.00,0.00,0.00,16.5,7.8,304,16.2
2024-11-16T20:00,16.3,0.00,0.00,0.00,16.0,8.4,298,17.6
2024-11-16T21:00,15.9,0.00,0.00,0.00,15.6,8.6,303,18.4
2024-11-16T22:00,15.6,0.10,0.00,0.10,15.6,7.9,303,15.8
2024-11-16T23:00,15.4,0.20,0.00,0.20,15.3,8.8,319,18.0
2024-11-17T00:00,15.1,0.30,0.00,0.30,14.7,9.7,329,20.2
2024-11-17T01:00,15.1,0.20,0.00,0.20,14.6,10.7,329,22.3
2024-11-17T02:00,15.0,0.10,0.00,0.10,14.6,9.9,328,22.0
2024-11-17T03:00,15.1,0.00,0.00,0.00,14.8,9.3,332,20.2
2024-11-17T04:00,14.8,0.00,0.00,0.00,14.3,9.4,334,19.1
2024-11-17T05:00,14.5,0.00,0.00,0.00,13.8,10.3,335,21.2
2024-11-17T06:00,14.8,0.00,0.00,0.00,14.1,9.7,335,22.0
2024-11-17T07:00,15.0,0.00,0.00,0.00,14.1,10.3,327,22.0
2024-11-17T08:00,15.8,0.00,0.00,0.00,15.3,9.4,299,23.4
2024-11-17T09:00,17.5,0.00,0.00,0.00,17.2,9.4,330,23.0
2024-11-17T10:00,19.5,0.00,0.00,0.00,20.0,6.4,335,18.4
2024-11-17T11:00,21.0,0.00,0.00,0.00,21.8,5.8,344,19.8
2024-11-17T12:00,21.8,0.00,0.00,0.00,23.1,4.9,352,17.6
2024-11-17T13:00,22.2,0.00,0.00,0.00,23.9,4.2,353,16.6
2024-11-17T14:00,22.4,0.00,0.00,0.00,24.2,3.7,76,14.4
2024-11-17T15:00,22.1,0.00,0.00,0.00,23.6,5.8,126,15.5
2024-11-17T16:00,21.3,0.00,0.00,0.00,23.6,2.2,204,15.1
2024-11-17T17:00,20.2,0.00,0.00,0.00,22.1,3.8,221,6.8
2024-11-17T18:00,19.1,0.00,0.00,0.00,21.0,4.2,185,7.9
2024-11-17T19:00,18.3,0.00,0.00,0.00,20.2,3.5,208,7.2
2024-11-17T20:00,18.0,0.00,0.00,0.00,19.7,3.5,159,5.8
2024-11-17T21:00,17.6,0.00,0.00,0.00,19.5,1.9,112,4.7
2024-11-17T22:00,18.1,0.00,0.00,0.00,19.7,5.8,334,10.8
2024-11-17T23:00,18.2,0.00,0.00,0.00,18.9,11.3,340,21.2
2024-11-18T00:00,17.5,0.00,0.00,0.00,14.6,19.8,329,44.3
2024-11-18T01:00,16.9,0.00,0.00,0.00,13.8,19.6,335,45.4
2024-11-18T02:00,15.7,0.00,0.00,0.00,12.9,17.9,347,44.6
2024-11-18T03:00,15.6,0.00,0.00,0.00,13.1,15.1,1,41.0
2024-11-18T04:00,15.0,0.00,0.00,0.00,12.9,12.6,4,35.3
2024-11-18T05:00,14.1,0.00,0.00,0.00,12.7,9.4,12,29.5
2024-11-18T06:00,13.5,0.20,0.00,0.20,12.5,7.4,346,22.0
2024-11-18T07:00,13.1,0.30,0.00,0.30,12.1,7.0,337,17.6
2024-11-18T08:00,12.6,0.60,0.00,0.60,11.2,8.8,341,20.2
2024-11-18T09:00,12.2,0.70,0.00,0.70,10.6,8.9,9,22.3
2024-11-18T10:00,13.0,0.20,0.00,0.20,11.0,9.9,29,27.4
2024-11-18T11:00,12.4,0.30,0.00,0.30,10.8,7.8,22,27.7
2024-11-18T12:00,12.1,0.10,0.00,0.10,10.6,6.6,55,20.9
2024-11-18T13:00,11.9,0.10,0.00,0.10,10.3,6.8,63,19.4
2024-11-18T14:00,11.6,0.10,0.00,0.10,9.9,5.8,54,19.1
2024-11-18T15:00,11.8,0.00,0.00,0.00,10.0,4.3,2,16.2
2024-11-18T16:00,11.4,0.00,0.00,0.00,9.8,3.6,303,12.2
2024-11-18T17:00,10.9,0.00,0.00,0.00,9.1,5.9,256,12.6
2024-11-18T18:00,11.0,0.00,0.00,0.00,8.5,9.1,288,18.0
2024-11-18T19:00,10.7,0.00,0.00,0.00,7.7,10.1,333,23.4
2024-11-18T20:00,10.1,0.00,0.00,0.00,7.1,9.4,336,22.7
2024-11-18T21:00,9.7,0.00,0.00,0.00,6.3,10.6,341,24.5
2024-11-18T22:00,10.3,0.00,0.00,0.00,5.8,16.8,342,38.5
2024-11-18T23:00,9.4,0.00,0.00,0.00,4.6,18.3,342,43.6
2024-11-19T00:00,9.0,0.00,0.00,0.00,4.1,18.1,343,43.2
2024-11-19T01:00,8.4,0.00,0.00,0.00,3.3,19.1,342,44.6
2024-11-19T02:00,7.9,0.00,0.00,0.00,2.6,20.3,343,47.5
2024-11-19T03:00,7.5,0.00,0.00,0.00,2.2,19.9,344,47.9
2024-11-19T04:00,7.1,0.00,0.00,0.00,2.0,19.0,342,46.4
2024-11-19T05:00,6.9,0.00,0.00,0.00,1.9,17.8,344,43.9
2024-11-19T06:00,6.6,0.00,0.00,0.00,1.9,15.5,345,41.0
2024-11-19T07:00,6.4,0.00,0.00,0.00,2.4,11.3,358,36.0
2024-11-19T08:00,6.8,0.00,0.00,0.00,3.5,8.1,29,26.3
2024-11-19T09:00,7.7,0.00,0.00,0.00,4.4,7.4,49,21.6
2024-11-19T10:00,9.5,0.00,0.00,0.00,5.5,12.7,349,34.6
2024-11-19T11:00,10.1,0.00,0.00,0.00,6.6,10.1,1,33.1
2024-11-19T12:00,10.7,0.00,0.00,0.00,7.5,8.5,12,28.1
2024-11-19T13:00,11.1,0.00,0.00,0.00,8.0,7.2,25,24.8
2024-11-19T14:00,11.2,0.00,0.00,0.00,8.2,6.6,22,22.3
2024-11-19T15:00,11.1,0.00,0.00,0.00,8.0,7.2,28,19.8
2024-11-19T16:00,10.5,0.00,0.00,0.00,7.5,6.5,42,19.4
2024-11-19T17:00,9.7,0.00,0.00,0.00,7.3,3.2,19,14.0
2024-11-19T18:00,9.2,0.00,0.00,0.00,6.8,3.4,344,6.1
2024-11-19T19:00,8.7,0.00,0.00,0.00,6.1,4.3,315,8.6
2024-11-19T20:00,8.0,0.00,0.00,0.00,5.3,5.2,326,10.1
2024-11-19T21:00,7.4,0.00,0.00,0.00,4.6,5.4,358,10.8
2024-11-19T22:00,7.3,0.00,0.00,0.00,4.4,7.2,335,14.4
2024-11-19T23:00,6.6,0.00,0.00,0.00,3.4,8.6,329,18.4
2024-11-20T00:00,6.1,0.00,0.00,0.00,2.7,9.2,321,19.8
2024-11-20T01:00,5.6,0.00,0.00,0.00,2.2,9.4,325,20.9
2024-11-20T02:00,5.2,0.00,0.00,0.00,1.9,8.7,320,20.9
2024-11-20T03:00,5.0,0.00,0.00,0.00,1.7,8.3,316,19.1
2024-11-20T04:00,5.1,0.00,0.00,0.00,1.8,8.6,319,19.8
2024-11-20T05:00,5.1,0.00,0.00,0.00,2.0,7.4,313,18.7
2024-11-20T06:00,5.2,0.00,0.00,0.00,2.0,8.3,312,18.0
2024-11-20T07:00,5.2,0.10,0.00,0.10,2.0,8.6,323,20.9
2024-11-20T08:00,5.4,0.10,0.00,0.10,2.3,8.9,298,19.8
2024-11-20T09:00,5.8,0.00,0.00,0.00,2.7,9.0,313,19.8
2024-11-20T10:00,5.9,0.20,0.00,0.20,3.2,7.1,311,19.4
2024-11-20T11:00,5.9,0.10,0.00,0.10,3.1,8.3,319,19.4
2024-11-20T12:00,6.4,0.20,0.00,0.20,3.6,8.7,317,20.5
2024-11-20T13:00,6.5,0.50,0.00,0.50,3.9,8.0,322,20.9
2024-11-20T14:00,7.1,0.00,0.00,0.00,4.6,8.0,310,19.4
2024-11-20T15:00,7.1,0.10,0.00,0.10,4.5,8.3,316,19.4
2024-11-20T16:00,7.0,0.30,0.00,0.30,4.4,9.1,311,17.6
2024-11-20T17:00,7.1,0.00,0.00,0.00,4.6,9.7,295,17.6
2024-11-20T18:00,7.2,0.10,0.00,0.10,4.7,9.9,323,16.2
2024-11-20T19:00,7.2,0.10,0.00,0.10,4.6,10.1,320,17.6
2024-11-20T20:00,7.3,0.00,0.00,0.00,4.8,10.2,314,16.6
2024-11-20T21:00,7.4,0.10,0.00,0.10,4.9,9.9,316,16.9
2024-11-20T22:00,7.9,0.10,0.00,0.10,5.3,9.7,320,22.0
2024-11-20T23:00,7.8,0.40,0.00,0.40,5.1,10.7,325,22.3
2024-11-21T00:00,8.1,0.60,0.00,0.60,5.3,11.9,325,24.8
2024-11-21T01:00,8.0,2.00,0.00,2.00,5.5,11.5,330,25.2
2024-11-21T02:00,8.1,2.10,0.00,2.10,5.5,12.0,338,24.8
2024-11-21T03:00,8.3,1.30,0.00,1.30,6.0,10.5,341,24.8
2024-11-21T04:00,8.7,0.30,0.00,0.30,6.2,12.1,345,24.1
2024-11-21T05:00,8.9,0.00,0.00,0.00,6.5,11.5,349,24.1
2024-11-21T06:00,9.1,0.00,0.00,0.00,6.8,10.8,349,23.4
2024-11-21T07:00,9.4,0.00,0.00,0.00,7.3,10.1,344,22.3
2024-11-21T08:00,9.8,0.00,0.00,0.00,7.8,9.8,330,21.6
2024-11-21T09:00,10.3,0.00,0.00,0.00,8.6,9.0,314,21.2
2024-11-21T10:00,10.8,0.00,0.00,0.00,9.7,5.9,329,22.0
2024-11-21T11:00,11.6,0.30,0.00,0.30,10.9,3.7,331,14.8
2024-11-21T12:00,12.1,0.30,0.00,0.30,11.7,2.7,312,10.1
2024-11-21T13:00,12.7,0.20,0.00,0.20,12.2,4.0,339,11.2
2024-11-21T14:00,12.9,0.00,0.00,0.00,12.5,3.2,341,11.9
2024-11-21T15:00,12.9,0.00,0.00,0.00,12.7,1.8,281,9.0
2024-11-21T16:00,12.4,0.00,0.00,0.00,12.3,1.2,309,5.4
2024-11-21T17:00,11.2,0.00,0.00,0.00,10.8,3.1,270,5.8
2024-11-21T18:00,10.1,0.00,0.00,0.00,9.4,4.2,245,8.3
2024-11-21T19:00,9.7,0.00,0.00,0.00,8.7,5.1,252,11.2
2024-11-21T20:00,9.4,0.00,0.00,0.00,8.5,4.0,278,9.7
2024-11-21T21:00,9.4,0.00,0.00,0.00,8.1,5.9,281,10.4
2024-11-21T22:00,9.0,0.00,0.00,0.00,7.5,7.2,282,13.0
2024-11-21T23:00,9.2,0.00,0.00,0.00,7.8,5.6,274,13.0
2024-11-22T00:00,9.1,0.00,0.00,0.00,7.9,4.2,288,9.7
2024-11-22T01:00,8.4,0.00,0.00,0.00,7.2,3.7,309,7.2
2024-11-22T02:00,8.1,0.00,0.00,0.00,7.1,2.6,282,6.5
2024-11-22T03:00,8.0,0.00,0.00,0.00,6.8,3.7,299,7.2
2024-11-22T04:00,7.8,0.00,0.00,0.00,6.4,5.1,324,9.4
2024-11-22T05:00,7.4,0.00,0.00,0.00,5.9,5.0,325,9.0
2024-11-22T06:00,6.6,0.00,0.00,0.00,4.9,5.7,305,10.4
2024-11-22T07:00,6.3,0.00,0.00,0.00,4.5,6.1,298,13.0
2024-11-22T08:00,7.5,0.00,0.00,0.00,6.1,3.4,264,12.6
2024-11-22T09:00,9.8,0.00,0.00,0.00,8.9,2.7,278,10.1
2024-11-22T10:00,12.7,0.00,0.00,0.00,12.4,0.4,180,9.0
2024-11-22T11:00,14.9,0.00,0.00,0.00,14.8,0.3,225,7.9
2024-11-22T12:00,16.2,0.00,0.00,0.00,16.1,0.0,270,7.9
2024-11-22T13:00,16.8,0.00,0.00,0.00,16.3,1.9,158,9.7
2024-11-22T14:00,16.8,0.00,0.00,0.00,16.1,3.3,139,11.5
2024-11-22T15:00,16.4,0.00,0.00,0.00,15.8,2.5,150,11.9
2024-11-22T16:00,15.3,0.00,0.00,0.00,14.6,5.2,139,10.1
2024-11-22T17:00,13.8,0.00,0.00,0.00,13.5,2.5,172,10.4
2024-11-22T18:00,12.9,0.00,0.00,0.00,12.7,1.7,18,3.2
2024-11-22T19:00,12.0,0.00,0.00,0.00,11.0,6.5,337,11.5
2024-11-22T20:00,11.7,0.00,0.00,0.00,10.1,9.7,325,18.0
2024-11-22T21:00,11.2,0.00,0.00,0.00,9.2,11.1,338,23.0
2024-11-22T22:00,11.4,0.00,0.00,0.00,8.5,13.8,339,29.2
2024-11-22T23:00,11.6,0.00,0.00,0.00,7.7,17.0,342,38.5
2024-11-23T00:00,10.7,0.00,0.00,0.00,6.9,15.5,335,38.2
2024-11-23T01:00,10.4,0.00,0.00,0.00,6.4,16.0,336,36.0
2024-11-23T02:00,10.1,0.00,0.00,0.00,6.1,15.5,335,36.7
2024-11-23T03:00,10.1,0.00,0.00,0.00,5.8,17.7,337,40.7
2024-11-23T04:00,9.6,0.00,0.00,0.00,5.3,16.2,337,41.8
2024-11-23T05:00,9.4,0.00,0.00,0.00,5.5,13.8,338,37.1
2024-11-23T06:00,9.0,0.00,0.00,0.00,5.2,12.8,336,32.0
2024-11-23T07:00,8.6,0.00,0.00,0.00,5.0,12.0,334,29.9
2024-11-23T08:00,9.3,0.00,0.00,0.00,6.0,10.3,327,27.0
2024-11-23T09:00,10.5,0.00,0.00,0.00,6.6,14.1,345,31.3
2024-11-23T10:00,13.1,0.00,0.00,0.00,7.8,19.5,335,45.4
2024-11-23T11:00,13.5,0.00,0.00,0.00,8.8,16.3,339,44.6
2024-11-23T12:00,14.2,0.00,0.00,0.00,9.4,17.7,337,43.2
2024-11-23T13:00,14.5,0.00,0.00,0.00,10.1,15.4,339,42.1
2024-11-23T14:00,14.6,0.00,0.00,0.00,9.9,17.8,352,41.8
2024-11-23T15:00,13.5,0.00,0.00,0.00,9.4,15.3,348,41.8
2024-11-23T16:00,12.6,0.00,0.00,0.00,8.3,16.1,356,37.8
2024-11-23T17:00,11.1,0.00,0.00,0.00,7.0,14.5,349,37.1
2024-11-23T18:00,10.2,0.00,0.00,0.00,6.9,9.6,351,32.4
2024-11-23T19:00,9.4,0.00,0.00,0.00,6.6,7.5,350,19.4
2024-11-23T20:00,8.7,0.00,0.00,0.00,6.1,6.4,335,14.8
2024-11-23T21:00,8.0,0.00,0.00,0.00,5.6,5.0,358,12.2
2024-11-23T22:00,8.3,0.00,0.00,0.00,5.7,5.7,305,10.4
2024-11-23T23:00,7.5,0.00,0.00,0.00,5.3,4.0,330,12.2
2024-11-24T00:00,7.2,0.00,0.00,0.00,4.9,4.0,333,5.8
2024-11-24T01:00,7.3,0.00,0.00,0.00,4.8,5.0,325,9.7
2024-11-24T02:00,7.2,0.00,0.00,0.00,4.7,5.3,332,9.4
2024-11-24T03:00,7.4,0.00,0.00,0.00,4.6,7.1,333,13.7
2024-11-24T04:00,7.1,0.00,0.00,0.00,4.4,6.8,338,14.4
2024-11-24T05:00,7.1,0.00,0.00,0.00,4.2,7.5,345,14.4
2024-11-24T06:00,6.9,0.00,0.00,0.00,4.1,7.2,341,15.8
2024-11-24T07:00,6.8,0.00,0.00,0.00,4.1,6.6,331,14.8
2024-11-24T08:00,7.1,0.00,0.00,0.00,4.5,7.1,319,14.4
2024-11-24T09:00,8.3,0.00,0.00,0.00,6.2,3.8,295,14.0
2024-11-24T10:00,11.0,0.00,0.00,0.00,8.2,7.6,1,20.5
2024-11-24T11:00,12.0,0.00,0.00,0.00,9.1,8.3,4,23.8
2024-11-24T12:00,12.9,0.00,0.00,0.00,9.9,9.2,2,25.9
2024-11-24T13:00,13.4,0.00,0.00,0.00,10.4,8.8,11,25.6
2024-11-24T14:00,13.2,0.00,0.00,0.00,10.4,8.0,28,24.5
2024-11-24T15:00,12.9,0.00,0.00,0.00,10.3,6.2,46,22.0
2024-11-24T16:00,12.2,0.00,0.00,0.00,10.5,2.3,94,15.8
2024-11-24T17:00,11.3,0.00,0.00,0.00,9.7,0.4,270,3.2
2024-11-24T18:00,10.2,0.00,0.00,0.00,7.9,6.2,287,11.2
2024-11-24T19:00,9.4,0.00,0.00,0.00,6.5,9.9,302,19.4
2024-11-24T20:00,8.7,0.00,0.00,0.00,5.4,11.0,318,23.4
2024-11-24T21:00,8.1,0.00,0.00,0.00,4.8,10.2,318,23.4
2024-11-24T22:00,8.1,0.00,0.00,0.00,4.8,10.4,321,22.0
2024-11-24T23:00,7.9,0.00,0.00,0.00,4.6,10.3,325,21.6
2024-11-25T00:00,7.5,0.00,0.00,0.00,4.3,9.4,331,21.2
2024-11-25T01:00,7.0,0.00,0.00,0.00,3.9,8.9,339,19.1
2024-11-25T02:00,6.5,0.00,0.00,0.00,3.5,8.2,350,18.0
2024-11-25T03:00,6.3,0.00,0.00,0.00,3.2,8.7,352,16.6
2024-11-25T04:00,5.8,0.00,0.00,0.00,2.6,9.5,345,19.4
2024-11-25T05:00,5.3,0.00,0.00,0.00,2.1,9.0,338,19.1
2024-11-25T06:00,4.9,0.00,0.00,0.00,1.8,8.1,339,18.0
2024-11-25T07:00,5.0,0.00,0.00,0.00,2.3,5.4,345,15.5
2024-11-25T08:00,6.4,0.00,0.00,0.00,3.8,5.1,238,9.4
2024-11-25T09:00,8.6,0.00,0.00,0.00,6.5,3.3,54,10.4
2024-11-25T10:00,10.6,0.00,0.00,0.00,8.2,4.3,24,15.1
2024-11-25T11:00,11.4,0.00,0.00,0.00,9.0,4.2,31,15.8
2024-11-25T12:00,12.0,0.00,0.00,0.00,9.6,4.4,21,16.2
2024-11-25T13:00,12.3,0.00,0.00,0.00,9.7,5.9,12,18.7
2024-11-25T14:00,12.4,0.00,0.00,0.00,10.0,4.8,27,19.1
2024-11-25T15:00,12.3,0.00,0.00,0.00,10.2,2.6,102,15.5
2024-11-25T16:00,11.6,0.00,0.00,0.00,10.1,1.7,122,9.4
2024-11-25T17:00,10.6,0.00,0.00,0.00,9.1,0.8,333,2.2
2024-11-25T18:00,9.8,0.00,0.00,0.00,8.1,1.5,291,2.5
2024-11-25T19:00,9.2,0.00,0.00,0.00,7.3,2.0,297,6.1
2024-11-25T20:00,9.1,0.00,0.00,0.00,7.2,0.5,270,3.6
2024-11-25T21:00,7.8,0.00,0.00,0.00,5.7,3.2,267,7.9
2024-11-25T22:00,6.9,0.00,0.00,0.00,4.6,4.5,268,9.4
2024-11-25T23:00,6.4,0.00,0.00,0.00,3.7,7.2,282,13.7
2024-11-26T00:00,6.0,0.00,0.00,0.00,3.3,6.9,287,14.0
2024-11-26T01:00,5.6,0.00,0.00,0.00,3.2,4.9,294,12.6
2024-11-26T02:00,4.8,0.00,0.00,0.00,2.2,6.5,302,11.5
2024-11-26T03:00,4.5,0.00,0.00,0.00,1.7,7.5,294,14.0
2024-11-26T04:00,4.5,0.00,0.00,0.00,1.7,7.8,312,14.0
2024-11-26T05:00,4.4,0.00,0.00,0.00,1.3,9.0,331,17.3
2024-11-26T06:00,4.0,0.00,0.00,0.00,1.0,8.2,324,17.3
2024-11-26T07:00,3.9,0.00,0.00,0.00,1.0,7.3,332,16.2
2024-11-26T08:00,5.1,0.00,0.00,0.00,2.5,7.0,305,13.7
2024-11-26T09:00,7.5,0.00,0.00,0.00,5.4,3.8,281,14.4
2024-11-26T10:00,9.5,0.00,0.00,0.00,7.6,3.7,299,14.4
2024-11-26T11:00,11.8,0.00,0.00,0.00,10.2,2.4,253,14.0
2024-11-26T12:00,12.9,0.00,0.00,0.00,11.4,2.5,45,12.6
2024-11-26T13:00,13.7,0.00,0.00,0.00,12.2,3.3,36,14.0
2024-11-26T14:00,13.7,0.00,0.00,0.00,12.5,3.0,38,12.2
2024-11-26T15:00,13.5,0.00,0.00,0.00,12.5,2.6,309,10.1
2024-11-26T16:00,12.7,0.00,0.00,0.00,12.5,0.2,180,8.6
2024-11-26T17:00,12.0,0.00,0.00,0.00,11.4,1.8,281,6.5
2024-11-26T18:00,11.3,0.00,0.00,0.00,10.9,1.3,315,6.1
2024-11-26T19:00,10.7,0.10,0.00,0.10,9.9,5.1,318,9.4
2024-11-26T20:00,10.6,0.60,0.00,0.60,9.3,7.5,333,15.5
2024-11-26T21:00,10.3,1.10,0.00,1.10,9.6,3.8,352,14.4
2024-11-26T22:00,9.1,1.30,0.00,1.30,7.6,7.2,341,22.3
2024-11-26T23:00,9.3,2.60,0.00,2.60,7.8,7.5,330,29.2
2024-11-27T00:00,9.5,8.60,0.00,8.60,8.1,7.1,333,34.2
2024-11-27T01:00,9.2,11.30,0.00,11.30,7.5,9.1,350,43.2
2024-11-27T02:00,9.2,14.90,0.00,14.90,7.8,8.1,86,34.6
2024-11-27T03:00,9.1,4.20,0.00,4.20,6.8,14.2,348,25.2
2024-11-27T04:00,9.3,0.20,0.00,0.20,7.2,12.7,348,27.0
2024-11-27T05:00,10.4,0.00,0.00,0.00,8.2,14.2,339,31.0
2024-11-27T06:00,10.9,0.00,0.00,0.00,9.2,10.7,340,30.2
2024-11-27T07:00,10.0,0.00,0.00,0.00,9.1,4.6,318,20.5
2024-11-27T08:00,12.0,0.00,0.00,0.00,11.5,3.7,43,10.4
2024-11-27T09:00,13.7,0.00,0.00,0.00,14.0,0.0,270,10.4
2024-11-27T10:00,15.8,0.00,0.00,0.00,16.0,3.2,34,12.2
2024-11-27T11:00,17.3,0.00,0.00,0.00,17.8,2.0,63,13.3
2024-11-27T12:00,17.9,0.00,0.00,0.00,18.4,3.6,49,13.0
2024-11-27T13:00,18.3,0.00,0.00,0.00,18.9,4.5,53,14.4
2024-11-27T14:00,18.6,0.00,0.00,0.00,19.1,5.9,45,16.6
2024-11-27T15:00,18.5,0.00,0.00,0.00,18.9,6.9,43,20.2
2024-11-27T16:00,17.1,0.00,0.00,0.00,17.9,6.2,49,17.3
2024-11-27T17:00,15.8,0.00,0.00,0.00,16.4,4.5,95,12.2
2024-11-27T18:00,16.0,0.00,0.00,0.00,14.4,9.8,186,19.8
2024-11-27T19:00,14.9,0.00,0.00,0.00,13.4,7.4,219,20.2
2024-11-27T20:00,14.2,0.00,0.00,0.00,12.8,7.2,338,14.4
2024-11-27T21:00,13.1,0.00,0.00,0.00,12.8,4.5,43,15.8
2024-11-27T22:00,13.1,0.00,0.00,0.00,12.1,2.0,360,6.8
2024-11-27T23:00,13.2,0.00,0.00,0.00,11.6,1.7,131,2.9
2024-11-28T00:00,12.9,0.00,0.00,0.00,10.3,7.2,238,10.8
2024-11-28T01:00,11.8,0.00,0.00,0.00,9.4,6.5,264,14.4
2024-11-28T02:00,11.6,0.00,0.00,0.00,9.1,7.6,298,15.5
2024-11-28T03:00,10.8,0.00,0.00,0.00,8.5,5.3,325,14.0
2024-11-28T04:00,10.0,0.00,0.00,0.00,8.1,2.9,356,10.4
2024-11-28T05:00,9.5,0.00,0.00,0.00,7.1,5.6,358,11.9
2024-11-28T06:00,8.3,0.00,0.00,0.00,5.9,6.3,13,12.6
2024-11-28T07:00,7.4,0.00,0.00,0.00,5.2,6.1,30,12.6
2024-11-28T08:00,8.4,0.00,0.00,0.00,6.6,5.0,64,12.6
2024-11-28T09:00,10.6,0.00,0.00,0.00,9.3,3.9,68,12.6
2024-11-28T10:00,13.9,0.00,0.00,0.00,11.9,7.8,53,22.7
2024-11-28T11:00,15.0,0.00,0.00,0.00,12.7,6.4,43,21.2
2024-11-28T12:00,15.7,0.00,0.00,0.00,13.8,3.8,65,19.1
2024-11-28T13:00,15.9,0.00,0.00,0.00,13.6,3.6,99,14.0
2024-11-28T14:00,15.5,0.00,0.00,0.00,12.5,6.6,125,18.4
2024-11-28T15:00,14.5,0.00,0.00,0.00,12.0,4.4,99,18.0
2024-11-28T16:00,13.2,0.00,0.00,0.00,11.3,1.5,76,10.4
2024-11-28T17:00,11.9,0.00,0.00,0.00,10.0,2.7,118,5.4
2024-11-28T18:00,11.0,0.00,0.00,0.00,8.2,5.3,168,10.1
2024-11-28T19:00,10.2,0.00,0.00,0.00,7.6,4.8,191,9.7
2024-11-28T20:00,9.4,0.00,0.00,0.00,7.2,2.4,347,7.2
2024-11-28T21:00,8.9,0.00,0.00,0.00,6.7,1.6,84,5.8
2024-11-28T22:00,8.5,0.00,0.00,0.00,5.9,3.9,167,5.8
2024-11-28T23:00,8.1,0.00,0.00,0.00,5.7,2.4,189,5.4
2024-11-29T00:00,7.4,0.00,0.00,0.00,4.7,5.1,176,6.8
2024-11-29T01:00,7.1,0.00,0.00,0.00,4.5,4.8,200,7.2
2024-11-29T02:00,6.7,0.00,0.00,0.00,4.2,3.2,243,7.6
2024-11-29T03:00,6.5,0.00,0.00,0.00,4.1,2.1,285,5.0
2024-11-29T04:00,6.0,0.00,0.00,0.00,3.5,1.7,328,3.6
2024-11-29T05:00,5.3,0.00,0.00,0.00,2.8,1.2,63,3.2
2024-11-29T06:00,5.2,0.00,0.00,0.00,2.7,1.5,126,2.9
2024-11-29T07:00,5.6,0.00,0.00,0.00,2.9,3.1,283,4.7
2024-11-29T08:00,6.9,0.00,0.00,0.00,4.3,2.4,36,9.7
2024-11-29T09:00,8.6,0.00,0.00,0.00,6.1,4.4,30,11.9
2024-11-29T10:00,11.8,0.00,0.00,0.00,9.0,6.2,44,16.2
2024-11-29T11:00,12.7,0.00,0.00,0.00,9.3,9.4,31,25.6
2024-11-29T12:00,13.4,0.00,0.00,0.00,10.3,7.3,59,23.8
2024-11-29T13:00,14.0,0.00,0.00,0.00,10.8,8.2,57,24.5
2024-11-29T14:00,13.8,0.00,0.00,0.00,11.2,4.2,70,20.9
2024-11-29T15:00,13.5,0.00,0.00,0.00,10.1,10.8,345,25.9
2024-11-29T16:00,12.0,0.00,0.00,0.00,9.3,6.8,349,25.6
2024-11-29T17:00,10.7,0.00,0.00,0.00,7.9,6.6,331,13.7
2024-11-29T18:00,9.7,0.00,0.00,0.00,7.1,5.8,270,11.9
2024-11-29T19:00,8.8,0.00,0.00,0.00,6.2,5.8,277,13.0
2024-11-29T20:00,8.1,0.00,0.00,0.00,5.4,6.9,303,12.2
2024-11-29T21:00,7.2,0.00,0.00,0.00,4.5,6.3,301,13.3
2024-11-29T22:00,6.9,0.00,0.00,0.00,4.8,3.0,327,4.0
2024-11-29T23:00,6.8,0.00,0.00,0.00,3.9,7.2,342,12.6
2024-11-30T00:00,6.7,0.00,0.00,0.00,3.7,7.4,338,15.1
2024-11-30T01:00,6.6,0.00,0.00,0.00,3.7,6.3,297,13.7
2024-11-30T02:00,5.7,0.00,0.00,0.00,3.6,1.8,233,11.5
2024-11-30T03:00,5.1,0.00,0.00,0.00,2.8,2.6,214,4.7
2024-11-30T04:00,5.0,0.00,0.00,0.00,2.7,2.0,170,4.3
2024-11-30T05:00,4.8,0.00,0.00,0.00,2.5,1.8,336,3.2
2024-11-30T06:00,4.9,0.00,0.00,0.00,2.2,4.4,232,5.4
2024-11-30T07:00,5.4,0.00,0.00,0.00,2.8,2.7,278,6.8
2024-11-30T08:00,6.6,0.00,0.00,0.00,4.2,3.1,21,10.4
2024-11-30T09:00,8.6,0.00,0.00,0.00,6.8,0.7,76,7.2
2024-11-30T10:00,10.7,0.00,0.00,0.00,8.8,1.0,112,9.0
2024-11-30T11:00,12.6,0.00,0.00,0.00,10.8,2.1,110,9.7
2024-11-30T12:00,14.3,0.00,0.00,0.00,12.3,4.1,38,14.8
2024-11-30T13:00,14.6,0.00,0.00,0.00,12.2,7.0,167,19.8
2024-11-30T14:00,14.5,0.00,0.00,0.00,11.4,7.8,151,25.9
2024-11-30T15:00,14.3,0.00,0.00,0.00,11.7,4.8,77,18.7
2024-11-30T16:00,13.2,0.00,0.00,0.00,10.8,5.5,79,11.9
2024-11-30T17:00,11.7,0.00,0.00,0.00,9.7,3.9,112,10.4
2024-11-30T18:00,11.0,0.00,0.00,0.00,9.3,1.7,131,6.1
2024-11-30T19:00,9.9,0.00,0.00,0.00,8.3,1.0,338,2.2
2024-11-30T20:00,8.7,0.00,0.00,0.00,6.4,5.3,336,9.7
2024-11-30T21:00,7.7,0.00,0.00,0.00,5.0,8.3,318,15.5
2024-11-30T22:00,8.6,0.00,0.00,0.00,5.3,10.9,331,20.9
2024-11-30T23:00,8.4,0.00,0.00,0.00,5.1,10.6,342,21.2
2024-12-01T00:00,7.6,0.00,0.00,0.00,4.5,9.4,325,20.5
2024-12-01T01:00,7.4,0.00,0.00,0.00,4.2,9.9,328,19.4
2024-12-01T02:00,7.4,0.00,0.00,0.00,4.1,10.2,330,19.4
2024-12-01T03:00,7.2,0.00,0.00,0.00,3.9,9.8,336,20.2
2024-12-01T04:00,6.8,0.00,0.00,0.00,3.8,7.3,335,19.4
2024-12-01T05:00,5.8,0.00,0.00,0.00,3.2,5.2,340,13.3
2024-12-01T06:00,5.5,0.00,0.00,0.00,3.2,2.7,337,7.2
2024-12-01T07:00,5.6,0.00,0.00,0.00,3.4,1.7,283,4.0
2024-12-01T08:00,7.1,0.00,0.00,0.00,4.9,3.4,254,7.2
2024-12-01T09:00,9.2,0.00,0.00,0.00,7.3,2.7,278,9.0
2024-12-01T10:00,11.8,0.00,0.00,0.00,9.8,5.7,208,15.8
2024-12-01T11:00,13.5,0.00,0.00,0.00,10.9,8.4,195,22.7
2024-12-01T12:00,14.6,0.00,0.00,0.00,12.0,9.0,182,23.8
2024-12-01T13:00,15.0,0.00,0.00,0.00,12.5,8.6,179,24.1
2024-12-01T14:00,15.1,0.00,0.00,0.00,13.0,6.3,177,22.7
2024-12-01T15:00,15.1,0.00,0.00,0.00,13.3,4.3,163,16.6
2024-12-01T16:00,14.0,0.00,0.00,0.00,12.8,3.2,142,10.4
2024-12-01T17:00,12.3,0.00,0.00,0.00,11.2,2.9,187,7.9
2024-12-01T18:00,11.2,0.00,0.00,0.00,10.3,1.6,270,4.0
2024-12-01T19:00,10.2,0.00,0.00,0.00,9.0,2.3,309,5.8
2024-12-01T20:00,9.3,0.00,0.00,0.00,7.8,4.2,324,9.0
2024-12-01T21:00,9.2,0.00,0.00,0.00,7.0,7.9,344,14.0
2024-12-01T22:00,9.1,0.00,0.00,0.00,7.2,6.8,348,13.0
2024-12-01T23:00,8.6,0.00,0.00,0.00,6.5,6.9,319,12.6
2024-12-02T00:00,7.9,0.00,0.00,0.00,5.4,9.3,326,18.4
2024-12-02T01:00,7.4,0.00,0.00,0.00,4.9,8.6,330,19.1
2024-12-02T02:00,7.0,0.00,0.00,0.00,4.4,9.1,319,18.4
2024-12-02T03:00,7.0,0.00,0.00,0.00,4.4,8.7,328,19.1
2024-12-02T04:00,6.9,0.00,0.00,0.00,4.3,8.3,326,18.4
2024-12-02T05:00,6.6,0.00,0.00,0.00,4.0,8.2,319,16.6
2024-12-02T06:00,6.5,0.00,0.00,0.00,3.8,8.9,322,17.3
2024-12-02T07:00,6.6,0.00,0.00,0.00,3.8,9.0,331,18.4
2024-12-02T08:00,7.8,0.00,0.00,0.00,5.3,8.1,323,18.0
2024-12-02T09:00,9.5,0.00,0.00,0.00,7.6,5.9,329,15.8
2024-12-02T10:00,11.9,0.00,0.00,0.00,10.3,4.9,332,16.2
2024-12-02T11:00,13.5,0.00,0.00,0.00,12.0,4.2,355,15.5
2024-12-02T12:00,14.5,0.00,0.00,0.00,13.4,2.8,18,14.0
2024-12-02T13:00,15.1,0.00,0.00,0.00,14.2,1.4,50,11.5
2024-12-02T14:00,15.4,0.00,0.00,0.00,14.6,1.5,135,8.6
2024-12-02T15:00,15.2,0.00,0.00,0.00,14.0,4.2,133,11.9
2024-12-02T16:00,14.0,0.00,0.00,0.00,13.5,2.8,165,11.5
2024-12-02T17:00,12.6,0.00,0.00,0.00,12.0,2.7,200,4.0
2024-12-02T18:00,11.9,0.00,0.00,0.00,11.1,2.6,231,3.6
2024-12-02T19:00,11.7,0.00,0.00,0.00,10.7,3.8,221,7.9
2024-12-02T20:00,11.0,0.00,0.00,0.00,10.1,3.6,180,7.2
2024-12-02T21:00,10.7,0.00,0.00,0.00,9.8,3.8,149,5.0
2024-12-02T22:00,10.6,0.00,0.00,0.00,9.9,2.4,193,5.0
2024-12-02T23:00,10.2,0.00,0.00,0.00,9.7,1.3,270,3.6
2024-12-03T00:00,9.7,0.00,0.00,0.00,8.7,3.3,315,6.1
2024-12-03T01:00,8.1,0.00,0.00,0.00,6.3,7.6,324,13.7
2024-12-03T02:00,7.3,0.00,0.00,0.00,5.2,8.4,329,16.2
2024-12-03T03:00,6.8,0.00,0.00,0.00,4.8,7.7,327,15.8
2024-12-03T04:00,7.0,0.00,0.00,0.00,5.0,7.0,331,14.8
2024-12-03T05:00,5.7,0.00,0.00,0.00,3.7,5.0,330,12.2
2024-12-03T06:00,5.7,0.00,0.00,0.00,3.6,4.9,332,9.7
2024-12-03T07:00,5.8,0.00,0.00,0.00,3.8,4.3,318,9.4
2024-12-03T08:00,8.0,0.00,0.00,0.00,6.2,5.5,322,12.6
2024-12-03T09:00,10.0,0.00,0.00,0.00,9.0,1.5,234,12.2
2024-12-03T10:00,12.4,0.00,0.00,0.00,11.8,0.8,333,7.6
2024-12-03T11:00,14.1,0.00,0.00,0.00,13.4,2.2,85,10.4
2024-12-03T12:00,14.9,0.00,0.00,0.00,14.1,3.9,112,13.7
2024-12-03T13:00,15.2,0.00,0.00,0.00,14.2,5.3,123,16.9
2024-12-03T14:00,15.2,0.00,0.00,0.00,14.1,4.8,155,16.9
2024-12-03T15:00,14.7,0.00,0.00,0.00,13.8,3.2,124,14.8
2024-12-03T16:00,13.7,0.00,0.00,0.00,13.0,3.7,55,9.4
2024-12-03T17:00,12.2,0.00,0.00,0.00,11.1,6.1,43,11.9
2024-12-03T18:00,11.3,0.00,0.00,0.00,10.3,5.6,33,13.3
2024-12-03T19:00,10.2,0.00,0.00,0.00,9.2,4.8,22,11.5
2024-12-03T20:00,10.1,0.00,0.00,0.00,8.4,9.1,8,15.8
2024-12-03T21:00,10.5,0.00,0.00,0.00,9.1,6.7,358,16.6
2024-12-03T22:00,10.5,0.00,0.00,0.00,9.6,3.5,339,18.0
2024-12-03T23:00,10.6,0.00,0.00,0.00,9.5,4.4,289,10.8
2024-12-04T00:00,9.8,0.00,0.00,0.00,8.8,3.4,317,7.6
2024-12-04T01:00,9.8,0.00,0.00,0.00,8.6,4.0,333,6.8
2024-12-04T02:00,9.5,0.00,0.00,0.00,7.9,6.3,355,11.5
2024-12-04T03:00,9.0,0.00,0.00,0.00,7.1,7.5,350,14.0
2024-12-04T04:00,8.4,0.00,0.00,0.00,6.5,7.2,357,15.8
2024-12-04T05:00,8.1,0.00,0.00,0.00,6.2,6.6,347,13.7
2024-12-04T06:00,8.0,0.00,0.00,0.00,6.0,7.2,325,13.3
2024-12-04T07:00,7.8,0.00,0.00,0.00,5.5,9.2,334,18.0
2024-12-04T08:00,8.8,0.00,0.00,0.00,6.6,8.0,320,19.4
2024-12-04T09:00,9.9,0.00,0.00,0.00,8.0,7.3,350,18.0
2024-12-04T10:00,12.8,0.00,0.00,0.00,10.9,9.2,348,23.4
2024-12-04T11:00,14.2,0.00,0.00,0.00,11.9,10.2,339,26.6
2024-12-04T12:00,15.0,0.00,0.00,0.00,12.9,8.6,338,26.6
2024-12-04T13:00,15.5,0.00,0.00,0.00,13.7,6.7,340,23.0
2024-12-04T14:00,15.6,0.00,0.00,0.00,14.0,6.1,348,19.1
2024-12-04T15:00,15.2,0.00,0.00,0.00,13.4,6.8,331,17.3
2024-12-04T16:00,14.0,0.00,0.00,0.00,11.9,8.7,292,16.6
2024-12-04T17:00,12.3,0.00,0.00,0.00,9.4,10.6,304,23.0
2024-12-04T18:00,11.5,0.00,0.00,0.00,8.8,9.0,334,21.2
2024-12-04T19:00,11.0,0.00,0.00,0.00,8.6,7.1,333,18.4
2024-12-04T20:00,10.4,0.00,0.00,0.00,8.2,6.4,324,13.7
2024-12-04T21:00,9.5,0.00,0.00,0.00,7.9,2.8,342,12.6
2024-12-04T22:00,10.3,0.00,0.00,0.00,7.7,7.9,321,15.5
2024-12-04T23:00,9.6,0.00,0.00,0.00,7.0,8.1,301,16.2
2024-12-05T00:00,9.6,0.00,0.00,0.00,7.2,7.6,306,16.2
2024-12-05T01:00,9.7,0.00,0.00,0.00,7.2,8.3,300,17.3
2024-12-05T02:00,9.3,0.00,0.00,0.00,6.9,7.8,322,18.0
2024-12-05T03:00,9.2,0.00,0.00,0.00,7.0,6.8,333,16.6
2024-12-05T04:00,8.8,0.10,0.00,0.10,6.5,7.2,338,15.5
2024-12-05T05:00,8.3,0.60,0.00,0.60,6.3,5.7,41,15.1
2024-12-05T06:00,8.0,0.20,0.00,0.20,6.2,5.4,14,12.6
2024-12-05T07:00,7.9,0.10,0.00,0.10,6.1,5.6,318,11.5
2024-12-05T08:00,8.0,0.10,0.00,0.10,6.4,3.9,326,11.5
2024-12-05T09:00,8.2,0.10,0.00,0.10,6.9,2.8,285,10.4
2024-12-05T10:00,11.5,0.00,0.00,0.00,10.1,1.5,249,12.2
2024-12-05T11:00,12.9,0.00,0.00,0.00,11.6,0.6,252,9.0
2024-12-05T12:00,14.0,0.00,0.00,0.00,12.7,0.4,180,7.9
2024-12-05T13:00,14.4,0.00,0.00,0.00,12.9,2.9,180,11.5
2024-12-05T14:00,14.5,0.00,0.00,0.00,12.9,3.1,180,12.2
2024-12-05T15:00,14.3,0.00,0.00,0.00,12.9,1.3,196,11.2
2024-12-05T16:00,13.7,0.00,0.00,0.00,12.5,1.8,96,5.8
2024-12-05T17:00,12.7,0.00,0.00,0.00,11.9,1.9,34,6.1
2024-12-05T18:00,12.0,0.00,0.00,0.00,11.3,0.4,207,4.0
2024-12-05T19:00,11.3,0.00,0.00,0.00,9.9,4.3,272,9.4
2024-12-05T20:00,10.0,0.00,0.00,0.00,7.6,10.0,324,19.8
2024-12-05T21:00,9.4,0.00,0.00,0.00,7.3,8.0,326,19.1
2024-12-05T22:00,9.8,0.00,0.00,0.00,7.2,8.4,323,14.8
2024-12-05T23:00,9.4,0.00,0.00,0.00,6.8,8.2,338,16.2
2024-12-06T00:00,8.9,0.00,0.00,0.00,6.2,8.1,360,15.5
2024-12-06T01:00,8.3,0.00,0.00,0.00,5.6,7.0,357,15.1
2024-12-06T02:00,7.4,0.00,0.00,0.00,4.9,5.3,332,13.3
2024-12-06T03:00,6.8,0.00,0.00,0.00,4.4,3.9,286,9.0
2024-12-06T04:00,6.2,0.00,0.00,0.00,3.7,4.5,268,9.7
2024-12-06T05:00,5.5,0.00,0.00,0.00,3.3,3.2,254,9.0
2024-12-06T06:00,4.8,0.00,0.00,0.00,2.4,4.4,258,8.6
2024-12-06T07:00,4.3,0.00,0.00,0.00,1.6,5.5,257,10.8
2024-12-06T08:00,5.6,0.00,0.00,0.00,2.6,7.5,246,14.4
2024-12-06T09:00,8.7,0.00,0.00,0.00,6.0,6.7,218,17.6
2024-12-06T10:00,11.8,0.00,0.00,0.00,10.0,4.5,127,13.7
2024-12-06T11:00,13.5,0.00,0.00,0.00,10.9,8.4,161,22.3
2024-12-06T12:00,14.1,0.00,0.00,0.00,10.8,10.7,164,27.7
2024-12-06T13:00,14.5,0.00,0.00,0.00,11.2,11.0,162,29.5
2024-12-06T14:00,14.9,0.00,0.00,0.00,12.6,5.4,132,27.4
2024-12-06T15:00,14.7,0.00,0.00,0.00,12.6,4.3,22,13.7
2024-12-06T16:00,13.4,0.00,0.00,0.00,10.9,9.1,34,16.6
2024-12-06T17:00,11.4,0.00,0.00,0.00,8.3,10.8,4,23.4
2024-12-06T18:00,10.0,0.00,0.00,0.00,6.8,9.9,333,22.0
2024-12-06T19:00,9.3,0.00,0.00,0.00,6.3,7.8,328,20.5
2024-12-06T20:00,8.4,0.00,0.00,0.00,5.6,6.5,298,14.4
2024-12-06T21:00,7.7,0.00,0.00,0.00,5.1,5.7,302,13.3
2024-12-06T22:00,8.2,0.00,0.00,0.00,6.2,2.7,270,4.0
2024-12-06T23:00,7.7,0.00,0.00,0.00,5.0,5.8,321,10.1
2024-12-07T00:00,7.4,0.00,0.00,0.00,4.6,6.2,322,11.5
2024-12-07T01:00,7.1,0.00,0.00,0.00,4.3,5.6,333,11.9
2024-12-07T02:00,6.7,0.00,0.00,0.00,3.9,5.4,352,9.7
2024-12-07T03:00,6.1,0.00,0.00,0.00,2.8,9.2,1,16.9
2024-12-07T04:00,5.2,0.00,0.00,0.00,1.7,10.2,326,20.9
2024-12-07T05:00,5.1,0.00,0.00,0.00,1.4,10.8,322,20.9
2024-12-07T06:00,5.1,0.00,0.00,0.00,1.3,11.1,323,22.3
2024-12-07T07:00,4.6,0.00,0.00,0.00,1.4,7.8,322,22.3
2024-12-07T08:00,5.3,0.00,0.00,0.00,2.4,6.2,316,15.1
2024-12-07T09:00,6.7,0.00,0.00,0.00,4.8,0.4,180,11.5
2024-12-07T10:00,8.8,0.00,0.00,0.00,5.4,9.3,333,24.1
2024-12-07T11:00,9.2,0.00,0.00,0.00,6.0,6.8,338,25.2
2024-12-07T12:00,10.1,0.00,0.00,0.00,7.5,3.4,328,18.4
2024-12-07T13:00,10.4,0.00,0.00,0.00,8.0,2.3,321,13.0
2024-12-07T14:00,10.5,0.00,0.00,0.00,8.1,2.2,312,10.1
2024-12-07T15:00,10.0,0.00,0.00,0.00,7.3,5.4,318,12.2
2024-12-07T16:00,9.3,0.00,0.00,0.00,6.7,6.1,300,13.3
2024-12-07T17:00,7.7,1.70,0.00,1.70,4.7,8.3,290,18.4
2024-12-07T18:00,6.6,0.00,0.00,0.00,4.3,4.0,291,16.6
2024-12-07T19:00,6.9,0.00,0.00,0.00,4.3,6.4,317,11.9
2024-12-07T20:00,6.9,0.00,0.00,0.00,3.5,10.3,317,20.5
2024-12-07T21:00,5.5,0.00,0.00,0.00,2.2,8.9,333,20.9
2024-12-07T22:00,5.6,0.00,0.00,0.00,2.5,9.4,320,21.2
2024-12-07T23:00,4.9,0.00,0.00,0.00,1.6,9.4,322,20.5
2024-12-08T00:00,4.3,0.00,0.00,0.00,1.2,8.7,312,19.8
2024-12-08T01:00,4.1,0.00,0.00,0.00,1.4,6.0,303,18.7
2024-12-08T02:00,3.7,0.00,0.00,0.00,0.8,6.6,286,13.3
2024-12-08T03:00,3.3,0.00,0.00,0.00,0.3,6.9,285,15.8
2024-12-08T04:00,3.2,0.00,0.00,0.00,0.3,6.2,291,13.7
2024-12-08T05:00,3.0,0.00,0.00,0.00,0.2,5.6,301,12.2
2024-12-08T06:00,3.0,0.00,0.00,0.00,0.4,5.0,291,11.5
2024-12-08T07:00,3.0,0.00,0.00,0.00,0.4,4.0,273,11.2
2024-12-08T08:00,3.9,0.00,0.00,0.00,1.5,2.7,262,8.3
2024-12-08T09:00,6.8,0.00,0.00,0.00,4.5,4.0,216,11.5
2024-12-08T10:00,9.3,0.00,0.00,0.00,7.0,4.7,298,14.8
2024-12-08T11:00,10.6,0.00,0.00,0.00,7.9,4.6,301,15.1
2024-12-08T12:00,10.6,0.00,0.00,0.00,7.3,9.7,344,26.3
2024-12-08T13:00,11.3,0.00,0.00,0.00,7.6,10.7,329,27.7
2024-12-08T14:00,10.9,0.00,0.00,0.00,6.6,13.4,4,32.4
2024-12-08T15:00,10.2,0.00,0.00,0.00,5.0,19.4,342,43.2
2024-12-08T16:00,8.6,0.00,0.00,0.00,3.4,18.5,347,52.9
2024-12-08T17:00,7.5,0.00,0.00,0.00,3.2,12.8,349,42.8
2024-12-08T18:00,6.8,0.00,0.00,0.00,2.9,10.3,333,28.1
2024-12-08T19:00,6.0,0.00,0.00,0.00,2.4,8.3,342,20.9
2024-12-08T20:00,5.4,0.00,0.00,0.00,2.0,7.1,341,16.2
2024-12-08T21:00,4.8,0.00,0.00,0.00,1.6,6.1,346,13.0
2024-12-08T22:00,5.0,0.00,0.00,0.00,1.5,7.2,335,21.2
2024-12-08T23:00,4.1,0.00,0.00,0.00,1.0,5.0,341,14.0
2024-12-09T00:00,3.5,0.00,0.00,0.00,0.4,5.0,334,7.6
2024-12-09T01:00,3.8,0.00,0.00,0.00,0.3,6.8,312,11.9
2024-12-09T02:00,4.1,0.00,0.00,0.00,0.2,8.8,309,16.9
2024-12-09T03:00,4.0,0.00,0.00,0.00,-0.0,9.2,313,19.1
2024-12-09T04:00,3.9,0.00,0.00,0.00,0.1,7.5,333,17.3
2024-12-09T05:00,3.2,0.00,0.00,0.00,-0.3,6.0,343,13.3
2024-12-09T06:00,3.5,0.00,0.00,0.00,-0.1,6.3,342,9.0
2024-12-09T07:00,4.0,0.00,0.00,0.00,0.2,7.5,333,12.2
2024-12-09T08:00,5.3,0.00,0.00,0.00,1.3,9.5,331,20.2
2024-12-09T09:00,7.1,0.00,0.00,0.00,3.2,9.4,331,22.7
2024-12-09T10:00,7.9,0.00,0.00,0.00,4.6,6.5,300,18.0
2024-12-09T11:00,9.6,0.00,0.00,0.00,6.0,8.1,336,21.6
2024-12-09T12:00,10.4,0.00,0.00,0.00,6.7,9.4,343,25.2
2024-12-09T13:00,10.9,0.00,0.00,0.00,7.2,9.1,350,25.6
2024-12-09T14:00,10.9,0.00,0.00,0.00,7.3,8.6,352,24.5
2024-12-09T15:00,10.4,0.00,0.00,0.00,7.0,7.8,356,22.3
2024-12-09T16:00,9.5,0.00,0.00,0.00,6.9,3.8,352,18.0
2024-12-09T17:00,8.3,0.00,0.00,0.00,5.6,3.9,286,6.1
2024-12-09T18:00,7.5,0.00,0.00,0.00,4.1,8.1,309,14.8
2024-12-09T19:00,6.8,0.00,0.00,0.00,3.1,10.0,319,20.2
2024-12-09T20:00,6.3,0.00,0.00,0.00,2.7,9.2,312,20.5
2024-12-09T21:00,6.0,0.00,0.00,0.00,2.3,9.6,310,19.1
2024-12-09T22:00,6.0,0.00,0.00,0.00,2.1,11.2,327,22.0
2024-12-09T23:00,5.8,0.00,0.00,0.00,1.8,11.2,327,23.0
2024-12-10T00:00,5.6,0.00,0.00,0.00,2.0,8.8,309,22.3
2024-12-10T01:00,5.7,0.00,0.00,0.00,2.1,8.8,311,17.6
2024-12-10T02:00,5.8,0.00,0.00,0.00,1.9,9.9,312,20.9
2024-12-10T03:00,5.9,0.00,0.00,0.00,1.8,11.8,327,25.2
2024-12-10T04:00,5.8,0.00,0.00,0.00,1.7,11.5,326,25.9
2024-12-10T05:00,5.7,0.00,0.00,0.00,1.9,10.1,321,24.1
2024-12-10T06:00,5.5,0.00,0.00,0.00,2.0,8.2,327,20.5
2024-12-10T07:00,4.7,0.00,0.00,0.00,1.3,7.5,330,16.2
2024-12-10T08:00,5.7,0.00,0.00,0.00,2.5,6.5,347,13.7
2024-12-10T09:00,7.0,0.00,0.00,0.00,4.2,4.9,4,13.7
2024-12-10T10:00,9.5,0.00,0.00,0.00,6.9,3.3,306,12.6
2024-12-10T11:00,10.8,0.00,0.00,0.00,8.1,4.0,321,13.7
2024-12-10T12:00,11.8,0.00,0.00,0.00,8.8,5.8,330,17.6
2024-12-10T13:00,12.3,0.00,0.00,0.00,9.1,7.1,324,19.8
2024-12-10T14:00,12.5,0.00,0.00,0.00,9.2,7.0,318,20.5
2024-12-10T15:00,12.3,0.00,0.00,0.00,9.2,6.0,307,18.4
2024-12-10T16:00,11.2,0.00,0.00,0.00,8.6,4.5,268,14.4
2024-12-10T17:00,9.9,0.00,0.00,0.00,7.3,5.1,264,10.1
2024-12-10T18:00,8.8,0.00,0.00,0.00,6.0,5.8,275,11.5
2024-12-10T19:00,7.9,0.00,0.00,0.00,5.2,4.8,257,10.8
2024-12-10T20:00,7.4,0.00,0.00,0.00,4.5,6.1,270,11.5
2024-12-10T21:00,6.4,0.00,0.00,0.00,3.3,7.6,297,13.7
2024-12-10T22:00,5.1,0.00,0.00,0.00,2.1,6.4,308,11.5
2024-12-10T23:00,4.8,0.00,0.00,0.00,1.8,6.2,314,11.9
2024-12-11T00:00,4.9,0.00,0.00,0.00,2.2,4.5,313,11.2
2024-12-11T01:00,4.5,0.00,0.00,0.00,1.9,3.8,295,8.6
2024-12-11T02:00,4.3,0.00,0.00,0.00,1.7,3.9,317,5.8
2024-12-11T03:00,4.2,0.00,0.00,0.00,1.2,6.3,357,11.5
2024-12-11T04:00,3.8,0.00,0.00,0.00,0.6,7.0,347,13.0
2024-12-11T05:00,3.7,0.00,0.00,0.00,0.3,8.0,332,15.5
2024-12-11T06:00,3.7,0.00,0.00,0.00,0.3,8.0,320,15.5
2024-12-11T07:00,3.6,0.00,0.00,0.00,0.2,8.4,323,16.9
2024-12-11T08:00,4.5,0.00,0.00,0.00,1.2,7.6,335,16.6
2024-12-11T09:00,6.0,0.00,0.00,0.00,3.2,5.5,328,15.8
2024-12-11T10:00,8.6,0.00,0.00,0.00,6.2,3.8,315,13.3
2024-12-11T11:00,10.5,0.00,0.00,0.00,8.2,3.8,343,12.6
2024-12-11T12:00,11.4,0.00,0.00,0.00,9.0,4.4,348,15.1
2024-12-11T13:00,11.9,0.00,0.00,0.00,9.5,4.9,352,15.8
2024-12-11T14:00,12.0,0.00,0.00,0.00,9.3,6.0,335,17.3
2024-12-11T15:00,11.9,0.00,0.00,0.00,9.0,7.5,325,18.7
2024-12-11T16:00,11.2,0.00,0.00,0.00,7.9,10.1,317,20.9
2024-12-11T17:00,9.4,0.00,0.00,0.00,4.8,16.3,313,36.0
2024-12-11T18:00,8.4,0.00,0.00,0.00,3.5,17.1,319,38.2
2024-12-11T19:00,7.7,0.00,0.00,0.00,2.7,17.0,327,42.1
2024-12-11T20:00,7.3,0.00,0.00,0.00,2.8,13.9,331,38.9
2024-12-11T21:00,6.8,0.00,0.00,0.00,2.0,15.7,335,36.4
2024-12-11T22:00,6.7,0.00,0.00,0.00,1.8,16.5,329,39.6
2024-12-11T23:00,6.0,0.00,0.00,0.00,1.4,14.5,330,38.5
2024-12-12T00:00,5.4,0.00,0.00,0.00,0.9,14.1,341,33.5
2024-12-12T01:00,4.8,0.00,0.00,0.00,-0.3,16.8,341,38.2
2024-12-12T02:00,4.5,0.00,0.00,0.00,-0.6,15.8,348,39.2
2024-12-12T03:00,4.0,0.00,0.00,0.00,-1.1,15.4,349,36.7
2024-12-12T04:00,3.7,0.00,0.00,0.00,-1.3,14.8,350,36.0
2024-12-12T05:00,3.1,0.00,0.00,0.00,-1.4,12.1,356,34.6
2024-12-12T06:00,2.7,0.00,0.00,0.00,-1.6,10.1,5,27.4
2024-12-12T07:00,2.4,0.00,0.00,0.00,-1.3,6.7,27,22.3
2024-12-12T08:00,3.2,0.00,0.00,0.00,-0.2,5.2,63,13.3
2024-12-12T09:00,4.9,0.00,0.00,0.00,2.2,0.4,207,14.4
2024-12-12T10:00,7.7,0.00,0.00,0.00,3.7,7.7,339,19.1
2024-12-12T11:00,8.2,0.00,0.00,0.00,3.5,12.6,3,32.0
2024-12-12T12:00,8.7,0.00,0.00,0.00,3.7,14.4,356,36.4
2024-12-12T13:00,9.2,0.00,0.00,0.00,4.4,13.9,356,36.7
2024-12-12T14:00,9.4,0.00,0.00,0.00,4.5,13.8,353,35.3
2024-12-12T15:00,9.2,0.00,0.00,0.00,4.2,14.3,354,33.5
2024-12-12T16:00,7.5,0.00,0.00,0.00,2.5,15.6,352,37.4
2024-12-12T17:00,6.1,0.00,0.00,0.00,1.4,13.6,348,36.4
2024-12-12T18:00,5.5,0.00,0.00,0.00,0.7,13.6,349,32.0
2024-12-12T19:00,4.8,0.00,0.00,0.00,0.1,12.6,333,30.6
2024-12-12T20:00,4.0,0.00,0.00,0.00,-0.4,11.4,325,28.4
2024-12-12T21:00,3.4,0.00,0.00,0.00,-0.5,8.4,332,25.2
2024-12-12T22:00,4.0,0.00,0.00,0.00,0.4,6.3,333,14.8
2024-12-12T23:00,3.5,0.00,0.00,0.00,-0.5,8.8,305,16.2
2024-12-13T00:00,3.0,0.00,0.00,0.00,-1.2,10.2,304,20.5
2024-12-13T01:00,2.6,0.00,0.00,0.00,-1.6,10.2,311,21.2
2024-12-13T02:00,2.2,0.00,0.00,0.00,-2.0,10.1,317,20.5
2024-12-13T03:00,2.0,0.00,0.00,0.00,-1.9,8.0,332,19.8
2024-12-13T04:00,1.3,0.00,0.00,0.00,-1.9,4.0,333,14.4
2024-12-13T05:00,1.0,0.00,0.00,0.00,-2.3,4.4,258,9.4
2024-12-13T06:00,0.7,0.00,0.00,0.00,-2.9,6.0,303,12.2
2024-12-13T07:00,0.7,0.00,0.00,0.00,-2.4,3.6,264,10.8
2024-12-13T08:00,1.5,0.00,0.00,0.00,-1.7,4.5,272,10.4
2024-12-13T09:00,2.9,0.00,0.00,0.00,-0.1,2.5,278,9.4
2024-12-13T10:00,4.3,0.00,0.00,0.00,1.7,0.8,297,6.8
2024-12-13T11:00,5.4,0.00,0.00,0.00,2.7,1.6,27,8.6
2024-12-13T12:00,6.6,0.00,0.00,0.00,3.8,2.6,34,11.2
2024-12-13T13:00,8.1,0.00,0.00,0.00,5.4,2.2,42,13.3
2024-12-13T14:00,8.3,0.00,0.00,0.00,5.7,2.3,45,10.1
2024-12-13T15:00,8.1,0.00,0.00,0.00,5.4,3.7,47,11.2
2024-12-13T16:00,7.6,0.00,0.00,0.00,4.9,4.8,34,10.1
2024-12-13T17:00,6.3,0.00,0.00,0.00,3.6,5.4,339,10.1
2024-12-13T18:00,5.3,0.00,0.00,0.00,2.2,7.7,3,14.0
2024-12-13T19:00,5.1,0.00,0.00,0.00,1.9,8.4,11,16.6
2024-12-13T20:00,4.8,0.00,0.00,0.00,1.7,7.5,8,16.2
2024-12-13T21:00,4.4,0.00,0.00,0.00,1.2,7.1,350,14.8
2024-12-13T22:00,3.3,0.00,0.00,0.00,0.3,5.1,32,15.5
2024-12-13T23:00,3.1,0.00,0.00,0.00,0.2,5.1,352,11.2
2024-12-14T00:00,3.0,0.00,0.00,0.00,0.1,5.2,348,13.3
2024-12-14T01:00,3.3,0.00,0.00,0.00,0.0,7.9,327,17.6
2024-12-14T02:00,3.3,0.00,0.00,0.00,-0.2,7.9,339,19.4
2024-12-14T03:00,2.3,0.00,0.00,0.00,-1.7,11.6,327,23.0
2024-12-14T04:00,1.9,0.00,0.00,0.00,-2.5,13.2,325,28.1
2024-12-14T05:00,1.9,0.00,0.00,0.00,-2.7,14.1,325,31.7
2024-12-14T06:00,2.9,0.00,0.00,0.00,-1.1,10.7,330,31.0
2024-12-14T07:00,3.8,0.00,0.00,0.00,-0.4,11.4,334,24.8
2024-12-14T08:00,4.7,0.00,0.00,0.00,0.4,12.1,322,26.3
2024-12-14T09:00,6.6,0.00,0.00,0.00,2.3,12.2,313,29.2
2024-12-14T10:00,8.6,0.00,0.00,0.00,4.1,13.7,320,32.4
2024-12-14T11:00,9.7,0.00,0.00,0.00,4.6,16.4,325,39.6
2024-12-14T12:00,10.3,0.00,0.00,0.00,5.2,15.6,326,40.0
2024-12-14T13:00,10.6,0.00,0.00,0.00,5.4,15.5,331,38.5
2024-12-14T14:00,10.4,0.00,0.00,0.00,5.7,12.7,348,37.4
2024-12-14T15:00,9.8,0.00,0.00,0.00,5.1,13.0,359,30.6
2024-12-14T16:00,8.5,0.00,0.00,0.00,3.6,14.7,11,34.2
2024-12-14T17:00,6.3,0.00,0.00,0.00,0.9,17.8,8,40.3
2024-12-14T18:00,5.4,0.00,0.00,0.00,-0.1,18.3,350,41.4
2024-12-14T19:00,4.7,0.00,0.00,0.00,-0.3,15.5,350,41.4
2024-12-14T20:00,4.1,0.00,0.00,0.00,-0.4,12.2,358,34.9
2024-12-14T21:00,3.6,0.00,0.00,0.00,0.0,6.4,10,26.3
2024-12-14T22:00,3.8,0.00,0.00,0.00,-0.2,8.3,326,15.8
2024-12-14T23:00,3.3,0.00,0.00,0.00,-0.7,8.1,313,17.3
2024-12-15T00:00,2.8,0.00,0.00,0.00,-1.1,7.4,328,16.2
2024-12-15T01:00,2.0,0.00,0.00,0.00,-1.2,3.9,313,14.8
2024-12-15T02:00,1.5,0.00,0.00,0.00,-1.9,4.5,254,13.0
2024-12-15T03:00,1.0,0.00,0.00,0.00,-2.0,1.8,281,13.0
2024-12-15T04:00,0.5,0.00,0.00,0.00,-2.7,3.4,264,11.2
2024-12-15T05:00,-0.4,0.00,0.00,0.00,-3.3,2.2,265,6.5
2024-12-15T06:00,-0.9,0.00,0.00,0.00,-3.8,2.0,297,5.8
2024-12-15T07:00,-0.8,0.00,0.00,0.00,-4.5,7.0,325,12.6
2024-12-15T08:00,0.8,0.00,0.00,0.00,-3.1,7.7,324,16.2
2024-12-15T09:00,2.7,0.00,0.00,0.00,-0.8,5.9,313,17.6
2024-12-15T10:00,4.9,0.00,0.00,0.00,2.2,0.9,349,11.5
2024-12-15T11:00,7.1,0.00,0.00,0.00,4.5,1.4,90,9.4
2024-12-15T12:00,8.5,0.00,0.00,0.00,5.9,3.1,126,12.2
2024-12-15T13:00,9.3,0.00,0.00,0.00,6.6,4.7,118,15.5
2024-12-15T14:00,10.0,0.00,0.00,0.00,7.2,4.7,122,15.8
2024-12-15T15:00,9.9,0.00,0.00,0.00,7.4,3.1,87,14.0
2024-12-15T16:00,8.6,0.00,0.00,0.00,5.8,6.1,56,11.5
2024-12-15T17:00,6.7,0.00,0.00,0.00,4.3,3.8,71,11.2
2024-12-15T18:00,6.1,0.00,0.00,0.00,3.4,4.3,85,8.3
2024-12-15T19:00,6.6,0.00,0.00,0.00,3.4,7.3,140,11.2
2024-12-15T20:00,6.3,0.00,0.00,0.00,3.0,7.9,163,14.4
2024-12-15T21:00,4.9,0.00,0.00,0.00,2.2,3.2,236,14.8
2024-12-15T22:00,5.0,0.00,0.00,0.00,2.2,3.1,208,4.7
2024-12-15T23:00,4.6,0.00,0.00,0.00,1.6,3.8,183,7.2
2024-12-16T00:00,3.3,0.00,0.00,0.00,0.5,2.3,331,5.4
2024-12-16T01:00,2.5,0.00,0.00,0.00,-0.8,5.4,340,9.4
2024-12-16T02:00,1.7,0.00,0.00,0.00,-1.1,3.1,360,10.1
2024-12-16T03:00,1.4,0.00,0.00,0.00,-1.2,1.5,263,4.3
2024-12-16T04:00,1.5,0.00,0.00,0.00,-1.7,4.5,272,9.0
2024-12-16T05:00,1.7,0.00,0.00,0.00,-1.9,8.0,284,14.4
2024-12-16T06:00,2.1,0.00,0.00,0.00,-1.4,7.2,305,15.1
2024-12-16T07:00,2.1,0.00,0.00,0.00,-1.5,7.9,325,15.1
2024-12-16T08:00,3.4,0.00,0.00,0.00,-0.1,7.7,288,16.6
2024-12-16T09:00,5.8,0.00,0.00,0.00,2.6,6.6,299,16.6
2024-12-16T10:00,8.4,0.00,0.00,0.00,5.6,4.4,279,17.6
2024-12-16T11:00,9.6,0.00,0.00,0.00,7.2,1.7,302,13.3
2024-12-16T12:00,10.4,0.00,0.00,0.00,7.9,1.1,81,9.0
2024-12-16T13:00,10.9,0.00,0.00,0.00,8.2,2.6,141,11.2
2024-12-16T14:00,11.2,0.00,0.00,0.00,8.3,3.9,143,13.7
2024-12-16T15:00,11.2,0.00,0.00,0.00,8.6,1.9,214,13.0
2024-12-16T16:00,10.1,0.00,0.00,0.00,7.4,5.2,295,9.7
2024-12-16T17:00,8.3,0.00,0.00,0.00,5.2,7.7,330,14.0
2024-12-16T18:00,7.5,0.00,0.00,0.00,4.4,6.1,358,14.4
2024-12-16T19:00,7.2,0.00,0.00,0.00,3.9,7.7,360,14.0
2024-12-16T20:00,6.5,0.00,0.00,0.00,3.3,7.0,337,14.0
2024-12-16T21:00,5.7,0.00,0.00,0.00,2.5,7.1,324,13.7
2024-12-16T22:00,4.9,0.00,0.00,0.00,1.4,9.4,324,18.0
2024-12-16T23:00,4.2,0.00,0.00,0.00,0.9,8.0,333,18.0
2024-12-17T00:00,4.1,0.00,0.00,0.00,0.7,8.7,333,16.6
2024-12-17T01:00,3.7,0.00,0.00,0.00,0.2,8.5,318,18.0
2024-12-17T02:00,3.4,0.00,0.00,0.00,0.2,7.2,323,17.3
2024-12-17T03:00,2.9,0.00,0.00,0.00,-0.4,7.1,322,14.0
2024-12-17T04:00,2.5,0.00,0.00,0.00,-0.7,6.4,313,14.4
2024-12-17T05:00,2.2,0.00,0.00,0.00,-0.9,5.6,285,11.9
2024-12-17T06:00,1.7,0.00,0.00,0.00,-1.3,5.0,272,10.4
2024-12-17T07:00,1.6,0.00,0.00,0.00,-1.6,5.4,270,10.1
2024-12-17T08:00,2.6,0.00,0.00,0.00,-0.3,4.5,265,9.7
2024-12-17T09:00,5.3,0.00,0.00,0.00,2.9,2.8,315,8.6
2024-12-17T10:00,8.4,0.00,0.00,0.00,6.1,2.4,318,9.0
2024-12-17T11:00,10.3,0.00,0.00,0.00,8.2,1.3,34,9.0
2024-12-17T12:00,11.5,0.00,0.00,0.00,9.0,2.3,141,10.4
2024-12-17T13:00,11.9,0.00,0.00,0.00,9.2,4.0,170,13.7
2024-12-17T14:00,11.9,0.00,0.00,0.00,9.2,4.1,182,14.0
2024-12-17T15:00,11.8,0.00,0.00,0.00,9.3,3.2,142,13.3
2024-12-17T16:00,11.1,0.00,0.00,0.00,8.6,4.5,104,9.0
2024-12-17T17:00,9.5,0.00,0.00,0.00,7.1,4.4,97,10.1
2024-12-17T18:00,8.6,0.00,0.00,0.00,6.6,2.3,32,6.5
2024-12-17T19:00,7.7,0.00,0.00,0.00,5.4,3.5,21,4.7
2024-12-17T20:00,7.4,0.00,0.00,0.00,5.1,3.3,13,5.0
2024-12-17T21:00,7.3,0.00,0.00,0.00,4.6,4.5,326,7.9
2024-12-17T22:00,7.3,0.00,0.00,0.00,5.6,0.6,304,3.2
2024-12-17T23:00,5.9,0.00,0.00,0.00,3.0,8.7,347,15.1
2024-12-18T00:00,4.5,0.00,0.00,0.00,1.5,7.7,360,16.6
2024-12-18T01:00,3.5,0.00,0.00,0.00,0.4,8.0,340,15.5
2024-12-18T02:00,3.1,0.00,0.00,0.00,0.1,7.2,342,16.6
2024-12-18T03:00,2.8,0.00,0.00,0.00,-0.3,7.6,345,14.8
2024-12-18T04:00,2.6,0.00,0.00,0.00,-0.5,6.7,329,15.1
2024-12-18T05:00,2.7,0.00,0.00,0.00,-0.2,5.4,320,12.2
2024-12-18T06:00,2.3,0.00,0.00,0.00,-0.5,4.6,296,9.7
2024-12-18T07:00,1.7,0.00,0.00,0.00,-1.3,5.3,258,10.1
2024-12-18T08:00,2.4,0.00,0.00,0.00,-0.5,4.8,259,11.2
2024-12-18T09:00,5.1,0.00,0.00,0.00,2.5,3.9,257,10.8
2024-12-18T10:00,8.3,0.00,0.00,0.00,6.1,1.9,253,13.0
2024-12-18T11:00,10.3,0.00,0.00,0.00,8.1,1.4,113,9.0
2024-12-18T12:00,11.3,0.00,0.00,0.00,7.3,10.1,341,25.6
2024-12-18T13:00,11.1,0.00,0.00,0.00,6.7,12.0,339,30.2
2024-12-18T14:00,11.0,0.00,0.00,0.00,6.8,10.8,349,30.6
2024-12-18T15:00,10.7,0.00,0.00,0.00,7.0,7.4,354,27.0
2024-12-18T16:00,9.8,0.00,0.00,0.00,6.8,4.2,317,17.3
2024-12-18T17:00,8.7,0.00,0.00,0.00,5.2,7.3,332,14.8
2024-12-18T18:00,7.1,0.00,0.00,0.00,2.9,10.4,10,24.1
2024-12-18T19:00,6.1,0.00,0.00,0.00,1.9,10.1,356,24.8
2024-12-18T20:00,5.5,0.00,0.00,0.00,1.4,9.3,342,23.4
2024-12-18T21:00,4.9,0.00,0.00,0.00,0.9,8.6,352,21.6
2024-12-18T22:00,5.0,0.00,0.00,0.00,1.1,9.8,329,22.0
2024-12-18T23:00,4.7,0.20,0.07,0.10,0.9,9.3,345,21.6
2024-12-19T00:00,4.3,0.30,0.14,0.10,0.7,7.8,331,20.5
2024-12-19T01:00,3.6,0.80,0.42,0.20,-0.1,8.3,355,17.3
2024-12-19T02:00,3.4,0.20,0.07,0.10,-0.3,7.7,329,16.6
2024-12-19T03:00,3.1,0.10,0.07,0.00,-0.4,7.3,351,14.8
2024-12-19T04:00,2.9,0.00,0.00,0.00,-0.5,6.7,344,13.7
2024-12-19T05:00,2.9,0.00,0.00,0.00,-0.6,7.8,353,16.6
2024-12-19T06:00,3.1,0.00,0.00,0.00,-0.3,6.8,342,14.8
2024-12-19T07:00,3.1,0.00,0.00,0.00,-0.5,7.9,317,16.2
2024-12-19T08:00,3.2,1.20,0.77,0.10,-0.1,6.2,300,16.6
2024-12-19T09:00,3.5,0.00,0.00,0.00,-0.1,8.1,21,18.0
2024-12-19T10:00,4.6,0.10,0.00,0.10,1.2,8.2,49,22.0
2024-12-19T11:00,5.7,0.10,0.00,0.10,2.0,9.3,40,25.9
2024-12-19T12:00,6.4,0.00,0.00,0.00,2.6,9.0,22,27.7
2024-12-19T13:00,7.0,0.00,0.00,0.00,3.2,8.7,37,26.6
2024-12-19T14:00,7.3,0.00,0.00,0.00,3.4,9.2,20,25.2
2024-12-19T15:00,7.6,0.00,0.00,0.00,4.0,7.8,22,25.2
2024-12-19T16:00,7.0,0.00,0.00,0.00,3.5,6.8,357,19.8
2024-12-19T17:00,6.1,0.00,0.00,0.00,2.5,7.5,343,14.8
2024-12-19T18:00,5.7,0.00,0.00,0.00,0.6,16.2,329,35.6
2024-12-19T19:00,5.3,0.00,0.00,0.00,-0.4,18.7,329,44.6
2024-12-19T20:00,4.6,0.00,0.00,0.00,-0.5,15.0,334,42.8
2024-12-19T21:00,4.0,0.00,0.00,0.00,-0.7,12.7,328,33.8
2024-12-19T22:00,3.9,0.00,0.00,0.00,0.2,6.9,327,18.0
2024-12-19T23:00,3.4,0.00,0.00,0.00,-0.4,7.4,337,13.0
2024-12-20T00:00,2.6,0.00,0.00,0.00,-0.7,4.4,351,13.0
2024-12-20T01:00,2.6,0.00,0.00,0.00,-0.8,4.6,301,6.1
2024-12-20T02:00,2.4,0.00,0.00,0.00,-1.6,8.3,271,15.8
2024-12-20T03:00,1.8,0.00,0.00,0.00,-2.3,8.3,284,15.8
2024-12-20T04:00,1.8,0.00,0.00,0.00,-2.4,8.9,298,16.9
2024-12-20T05:00,1.9,0.00,0.00,0.00,-2.5,10.5,309,19.8
2024-12-20T06:00,1.9,0.00,0.00,0.00,-2.5,10.7,311,22.3
2024-12-20T07:00,1.2,0.00,0.00,0.00,-2.3,5.5,306,20.5
2024-12-20T08:00,2.4,0.00,0.00,0.00,-0.6,2.1,218,7.6
2024-12-20T09:00,4.6,0.00,0.00,0.00,1.7,2.1,160,7.9
2024-12-20T10:00,6.9,0.00,0.00,0.00,4.1,1.5,194,6.8
2024-12-20T11:00,8.8,0.00,0.00,0.00,5.7,2.7,242,9.7
2024-12-20T12:00,9.6,0.00,0.00,0.00,6.2,3.6,261,12.6
2024-12-20T13:00,10.0,0.00,0.00,0.00,6.9,3.5,258,13.0
2024-12-20T14:00,10.0,0.00,0.00,0.00,7.3,2.6,168,12.6
2024-12-20T15:00,9.6,0.00,0.00,0.00,6.6,5.1,96,13.0
2024-12-20T16:00,8.9,0.00,0.00,0.00,6.1,5.4,69,12.6
2024-12-20T17:00,7.6,0.00,0.00,0.00,4.5,7.2,51,13.3
2024-12-20T18:00,7.1,0.00,0.00,0.00,4.2,6.6,49,13.3
2024-12-20T19:00,6.7,0.00,0.00,0.00,4.3,3.3,36,11.9
2024-12-20T20:00,5.9,0.00,0.00,0.00,4.0,0.6,34,6.1
2024-12-20T21:00,6.3,0.00,0.00,0.00,3.8,5.6,255,7.6
2024-12-20T22:00,6.1,0.00,0.00,0.00,3.4,6.4,352,13.3
2024-12-20T23:00,5.1,0.00,0.00,0.00,2.0,8.1,356,16.9
2024-12-21T00:00,3.7,0.00,0.00,0.00,0.4,8.8,360,18.4
2024-12-21T01:00,2.9,0.00,0.00,0.00,-0.3,7.6,3,17.6
2024-12-21T02:00,2.6,0.00,0.00,0.00,-0.3,5.5,11,15.1
2024-12-21T03:00,2.9,0.00,0.00,0.00,0.2,4.1,13,11.5
2024-12-21T04:00,2.4,0.00,0.00,0.00,-1.2,9.5,15,18.4
2024-12-21T05:00,1.7,0.00,0.00,0.00,-2.0,9.3,10,19.1
2024-12-21T06:00,1.4,0.00,0.00,0.00,-2.4,9.7,3,19.8
2024-12-21T07:00,1.9,0.00,0.00,0.00,-1.5,6.4,352,18.7
2024-12-21T08:00,3.5,0.00,0.00,0.00,0.4,4.8,326,11.9
2024-12-21T09:00,5.8,0.00,0.00,0.00,3.2,2.1,38,10.1
2024-12-21T10:00,8.6,0.00,0.00,0.00,6.3,1.5,150,6.8
2024-12-21T11:00,10.9,0.00,0.00,0.00,8.1,5.1,163,15.1
2024-12-21T12:00,12.7,0.00,0.00,0.00,9.4,9.2,154,24.1
2024-12-21T13:00,14.0,0.00,0.00,0.00,10.5,10.9,173,28.4
2024-12-21T14:00,14.3,0.00,0.00,0.00,10.9,11.0,170,27.0
2024-12-21T15:00,13.6,0.00,0.00,0.00,10.0,12.8,185,29.9
2024-12-21T16:00,12.4,0.00,0.00,0.00,8.2,17.2,195,38.9
2024-12-21T17:00,11.6,0.00,0.00,0.00,7.2,18.9,205,43.9
2024-12-21T18:00,11.1,0.00,0.00,0.00,7.2,17.0,204,43.9
2024-12-21T19:00,10.7,0.00,0.00,0.00,7.0,16.9,203,41.4
2024-12-21T20:00,10.5,0.00,0.00,0.00,7.4,13.8,194,38.2
2024-12-21T21:00,10.2,0.00,0.00,0.00,7.3,10.4,206,30.2
2024-12-21T22:00,7.7,0.00,0.00,0.00,5.4,6.2,17,12.6
2024-12-21T23:00,7.3,0.00,0.00,0.00,4.7,7.2,357,12.6
2024-12-22T00:00,6.9,0.00,0.00,0.00,4.8,3.1,3,14.8
2024-12-22T01:00,6.9,0.00,0.00,0.00,3.8,7.5,343,13.7
2024-12-22T02:00,6.9,0.00,0.00,0.00,3.8,6.9,337,15.5
2024-12-22T03:00,7.7,0.00,0.00,0.00,2.7,18.3,307,35.3
2024-12-22T04:00,8.8,0.00,0.00,0.00,2.5,24.1,320,58.3
2024-12-22T05:00,7.5,0.00,0.00,0.00,1.9,20.6,323,54.7
2024-12-22T06:00,6.6,0.00,0.00,0.00,1.7,16.6,328,47.5
2024-12-22T07:00,6.2,0.00,0.00,0.00,1.7,13.1,324,37.4
2024-12-22T08:00,6.8,0.00,0.00,0.00,2.1,14.5,326,33.1
2024-12-22T09:00,8.1,0.00,0.00,0.00,3.7,12.4,332,34.9
2024-12-22T10:00,9.5,0.00,0.00,0.00,4.2,17.6,337,42.5
2024-12-22T11:00,10.1,0.00,0.00,0.00,4.7,17.6,344,43.6
2024-12-22T12:00,9.5,0.00,0.00,0.00,4.1,17.9,345,46.4
2024-12-22T13:00,9.5,0.00,0.00,0.00,3.9,17.3,329,44.6
2024-12-22T14:00,9.1,0.00,0.00,0.00,2.9,19.8,324,46.8
2024-12-22T15:00,8.3,0.00,0.00,0.00,1.9,21.0,329,48.6
2024-12-22T16:00,7.1,0.00,0.00,0.00,1.2,17.7,340,47.9
2024-12-22T17:00,6.0,0.00,0.00,0.00,0.6,14.7,352,41.0
2024-12-22T18:00,5.2,0.00,0.00,0.00,0.3,11.4,357,34.2
2024-12-22T19:00,4.5,0.00,0.00,0.00,-0.2,10.3,357,24.8
2024-12-22T20:00,3.7,0.00,0.00,0.00,-0.6,8.1,360,22.0
2024-12-22T21:00,3.1,0.00,0.00,0.00,-1.1,7.6,360,15.5
2024-12-22T22:00,3.0,0.00,0.00,0.00,-0.7,5.2,316,10.1
2024-12-22T23:00,2.8,0.00,0.00,0.00,-1.4,7.3,320,13.3
2024-12-23T00:00,3.1,0.00,0.00,0.00,-1.7,11.5,316,22.3
2024-12-23T01:00,3.6,0.00,0.00,0.00,-2.1,17.1,325,37.8
2024-12-23T02:00,3.4,0.00,0.00,0.00,-2.1,16.0,331,39.2
2024-12-23T03:00,3.0,0.00,0.00,0.00,-2.6,16.0,327,36.4
2024-12-23T04:00,2.9,0.00,0.00,0.00,-2.6,15.3,321,36.7
2024-12-23T05:00,2.8,0.00,0.00,0.00,-2.3,12.9,316,34.2
2024-12-23T06:00,2.3,0.00,0.00,0.00,-2.3,9.3,304,28.1
2024-12-23T07:00,1.9,0.00,0.00,0.00,-2.3,6.6,283,18.4
2024-12-23T08:00,2.7,0.00,0.00,0.00,-1.3,6.2,262,11.9
2024-12-23T09:00,4.4,0.00,0.00,0.00,0.7,4.6,231,12.6
2024-12-23T10:00,6.0,0.00,0.00,0.00,2.0,5.5,229,18.7
2024-12-23T11:00,7.9,0.00,0.00,0.00,3.9,4.7,247,16.2
2024-12-23T12:00,9.1,0.00,0.00,0.00,5.2,5.0,272,17.3
2024-12-23T13:00,9.8,0.00,0.00,0.00,6.3,4.0,240,16.6
2024-12-23T14:00,10.2,0.00,0.00,0.00,7.2,1.0,301,14.0
2024-12-23T15:00,9.6,0.00,0.00,0.00,6.0,6.6,143,17.3
2024-12-23T16:00,8.7,0.00,0.00,0.00,5.3,7.1,146,21.6
2024-12-23T17:00,7.6,0.00,0.00,0.00,4.9,3.4,106,15.1
2024-12-23T18:00,7.4,0.00,0.00,0.00,4.9,2.2,35,5.0
2024-12-23T19:00,6.1,0.00,0.00,0.00,2.6,8.4,16,15.1
2024-12-23T20:00,4.8,0.00,0.00,0.00,0.9,9.8,23,19.4
2024-12-23T21:00,3.9,0.00,0.00,0.00,0.1,7.3,9,19.1
2024-12-23T22:00,3.7,0.00,0.00,0.00,-0.5,11.1,7,21.6
2024-12-23T23:00,3.8,0.00,0.00,0.00,-0.3,9.6,8,22.7
2024-12-24T00:00,3.0,0.00,0.00,0.00,-0.8,8.1,332,19.1
2024-12-24T01:00,2.5,0.00,0.00,0.00,-1.0,6.5,13,16.2
2024-12-24T02:00,2.2,0.00,0.00,0.00,-1.2,6.0,333,11.5
2024-12-24T03:00,1.8,0.00,0.00,0.00,-1.3,3.9,294,10.4
2024-12-24T04:00,1.2,0.00,0.00,0.00,-1.8,3.4,288,7.6
2024-12-24T05:00,1.1,0.00,0.00,0.00,-2.4,6.4,313,11.5
2024-12-24T06:00,1.0,0.00,0.00,0.00,-2.6,7.3,318,13.0
2024-12-24T07:00,1.1,0.00,0.00,0.00,-2.7,8.2,299,15.5
2024-12-24T08:00,2.2,0.00,0.00,0.00,-1.7,9.1,297,18.7
2024-12-24T09:00,4.6,0.00,0.00,0.00,0.5,9.8,302,22.7
2024-12-24T10:00,7.7,0.00,0.00,0.00,3.6,9.3,307,22.7
2024-12-24T11:00,9.1,0.00,0.00,0.00,5.0,8.6,321,23.8
2024-12-24T12:00,10.0,0.00,0.00,0.00,5.8,9.4,329,25.9
2024-12-24T13:00,10.5,0.00,0.00,0.00,6.4,8.5,318,25.6
2024-12-24T14:00,10.8,0.00,0.00,0.00,6.7,7.5,314,23.8
2024-12-24T15:00,10.7,0.00,0.00,0.00,6.6,7.5,345,20.5
2024-12-24T16:00,8.4,0.00,0.00,0.00,4.0,11.0,2,27.7
2024-12-24T17:00,7.0,0.00,0.00,0.00,3.4,5.7,302,24.1
2024-12-24T18:00,5.9,0.00,0.00,0.00,1.9,8.8,309,17.3
2024-12-24T19:00,5.0,0.00,0.00,0.00,0.8,10.7,325,21.6
2024-12-24T20:00,4.5,0.00,0.00,0.00,0.2,11.1,320,23.8
2024-12-24T21:00,4.1,0.00,0.00,0.00,-0.1,10.7,323,23.4
2024-12-24T22:00,6.1,0.00,0.00,0.00,1.3,12.8,332,30.2
2024-12-24T23:00,5.3,0.00,0.00,0.00,0.8,11.4,333,27.4
2024-12-25T00:00,5.1,0.00,0.00,0.00,0.4,12.0,338,24.5
2024-12-25T01:00,5.0,0.00,0.00,0.00,0.3,11.8,336,24.8
2024-12-25T02:00,4.5,0.00,0.00,0.00,-0.1,10.9,333,24.1
2024-12-25T03:00,3.9,0.00,0.00,0.00,-0.5,9.6,340,21.2
2024-12-25T04:00,3.6,0.00,0.00,0.00,-0.7,9.3,326,18.0
2024-12-25T05:00,3.3,0.00,0.00,0.00,-1.0,9.6,327,18.0
2024-12-25T06:00,3.0,0.00,0.00,0.00,-1.4,10.2,321,19.8
2024-12-25T07:00,2.9,0.00,0.00,0.00,-1.5,10.8,318,21.6
2024-12-25T08:00,3.8,0.00,0.00,0.00,-0.3,8.7,320,21.2
2024-12-25T09:00,5.4,0.00,0.00,0.00,1.5,8.0,342,19.4
2024-12-25T10:00,7.3,0.00,0.00,0.00,3.4,7.9,343,23.0
2024-12-25T11:00,8.6,0.00,0.00,0.00,4.9,6.7,352,21.2
2024-12-25T12:00,9.4,0.00,0.00,0.00,6.0,5.1,6,20.2
2024-12-25T13:00,9.9,0.00,0.00,0.00,6.8,2.5,60,16.9
2024-12-25T14:00,10.1,0.00,0.00,0.00,6.9,3.5,141,12.2
2024-12-25T15:00,10.0,0.00,0.00,0.00,6.5,6.6,151,17.3
2024-12-25T16:00,9.7,0.00,0.00,0.00,6.4,6.0,151,17.6
2024-12-25T17:00,8.8,0.00,0.00,0.00,6.5,2.2,156,12.6
2024-12-25T18:00,8.1,0.00,0.00,0.00,6.1,0.5,315,3.2
2024-12-25T19:00,7.2,0.00,0.00,0.00,4.5,3.3,315,6.1
2024-12-25T20:00,6.2,0.00,0.00,0.00,3.5,4.1,319,7.9
2024-12-25T21:00,5.5,0.00,0.00,0.00,2.4,6.6,325,11.5
2024-12-25T22:00,5.8,0.00,0.00,0.00,3.2,2.9,4,6.8
2024-12-25T23:00,4.6,0.00,0.00,0.00,1.2,8.9,7,16.2
2024-12-26T00:00,3.6,0.00,0.00,0.00,-0.4,11.6,7,23.0
2024-12-26T01:00,3.0,0.00,0.00,0.00,-0.6,9.0,3,22.7
2024-12-26T02:00,3.4,0.00,0.00,0.00,0.3,4.9,332,16.2
2024-12-26T03:00,3.5,0.00,0.00,0.00,0.0,7.6,345,13.7
2024-12-26T04:00,3.2,0.00,0.00,0.00,-0.1,5.9,325,14.0
2024-12-26T05:00,3.1,0.00,0.00,0.00,-0.1,5.3,294,11.2
2024-12-26T06:00,3.2,0.00,0.00,0.00,0.2,5.1,297,9.4
2024-12-26T07:00,3.5,0.00,0.00,0.00,1.0,2.9,270,9.0
2024-12-26T08:00,5.3,0.00,0.00,0.00,2.9,3.2,333,5.8
2024-12-26T09:00,7.3,0.00,0.00,0.00,4.9,3.7,11,9.7
2024-12-26T10:00,8.1,0.00,0.00,0.00,5.3,4.0,360,14.0
2024-12-26T11:00,10.3,0.00,0.00,0.00,7.5,4.0,32,15.1
2024-12-26T12:00,12.1,0.00,0.00,0.00,9.4,3.2,43,15.1
2024-12-26T13:00,13.0,0.00,0.00,0.00,10.1,4.9,17,17.6
2024-12-26T14:00,13.2,0.00,0.00,0.00,10.7,1.9,29,17.3
2024-12-26T15:00,13.3,0.00,0.00,0.00,10.7,3.1,353,10.4
2024-12-26T16:00,12.4,0.00,0.00,0.00,9.5,5.6,27,10.8
2024-12-26T17:00,10.8,0.00,0.00,0.00,7.7,6.7,14,13.3
2024-12-26T18:00,10.0,0.00,0.00,0.00,7.0,5.5,351,11.9
2024-12-26T19:00,9.6,0.00,0.00,0.00,6.8,4.0,321,9.4
2024-12-26T20:00,8.5,0.00,0.00,0.00,5.4,7.1,306,12.6
2024-12-26T21:00,7.6,0.00,0.00,0.00,4.2,8.9,315,17.3
2024-12-26T22:00,8.6,0.00,0.00,0.00,5.2,8.9,315,19.4
2024-12-26T23:00,7.7,0.00,0.00,0.00,4.8,5.5,328,17.6
2024-12-27T00:00,7.3,0.00,0.00,0.00,4.3,5.4,268,9.0
2024-12-27T01:00,6.6,0.00,0.00,0.00,3.3,7.4,288,13.7
2024-12-27T02:00,6.5,0.00,0.00,0.00,2.3,12.3,328,24.8
2024-12-27T03:00,6.1,0.00,0.00,0.00,1.8,12.8,334,27.4
2024-12-27T04:00,5.6,0.00,0.00,0.00,1.3,12.2,331,28.1
2024-12-27T05:00,5.3,0.00,0.00,0.00,1.4,9.2,339,25.9
2024-12-27T06:00,4.6,0.00,0.00,0.00,1.4,4.4,325,18.7
2024-12-27T07:00,3.8,0.00,0.00,0.00,1.0,2.9,313,7.2
2024-12-27T08:00,4.4,0.00,0.00,0.00,1.4,3.6,288,7.9
2024-12-27T09:00,5.9,0.00,0.00,0.00,2.9,3.3,299,11.2
2024-12-27T10:00,8.4,0.00,0.00,0.00,4.9,5.6,329,17.6
2024-12-27T11:00,9.0,0.00,0.00,0.00,5.7,4.5,7,18.7
2024-12-27T12:00,9.4,0.00,0.00,0.00,6.6,1.3,56,16.6
2024-12-27T13:00,9.5,0.00,0.00,0.00,6.5,3.2,38,14.0
2024-12-27T14:00,9.7,0.00,0.00,0.00,6.5,4.3,24,18.0
2024-12-27T15:00,10.0,0.00,0.00,0.00,6.1,8.5,17,22.7
2024-12-27T16:00,8.6,0.00,0.00,0.00,3.9,12.4,347,30.6
2024-12-27T17:00,7.2,0.00,0.00,0.00,2.7,10.7,7,29.5
2024-12-27T18:00,6.3,0.00,0.00,0.00,1.9,9.7,348,24.1
2024-12-27T19:00,5.7,0.00,0.00,0.00,1.9,6.1,330,20.5
2024-12-27T20:00,4.8,0.00,0.00,0.00,1.2,5.3,213,10.1
2024-12-27T21:00,4.0,0.00,0.00,0.00,0.8,3.1,242,11.9
2024-12-27T22:00,4.7,0.00,0.00,0.00,1.0,6.0,303,11.2
2024-12-27T23:00,3.8,0.00,0.00,0.00,0.4,4.2,250,10.4
2024-12-28T00:00,2.7,0.00,0.00,0.00,-1.2,6.7,297,14.0
2024-12-28T01:00,2.6,0.00,0.00,0.00,-1.1,5.6,345,11.5
2024-12-28T02:00,2.2,0.00,0.00,0.00,-1.7,7.3,312,12.2
2024-12-28T03:00,2.0,0.00,0.00,0.00,-2.1,9.1,319,17.6
2024-12-28T04:00,1.6,0.00,0.00,0.00,-2.2,7.0,312,17.3
2024-12-28T05:00,1.2,0.00,0.00,0.00,-2.5,6.3,307,12.6
2024-12-28T06:00,0.6,0.00,0.00,0.00,-3.0,5.9,297,15.1
2024-12-28T07:00,-0.2,0.00,0.00,0.00,-3.7,5.2,266,10.8
2024-12-28T08:00,0.8,0.00,0.00,0.00,-2.6,3.8,281,10.4
2024-12-28T09:00,2.8,0.00,0.00,0.00,-0.5,3.0,303,9.7
2024-12-28T10:00,7.9,0.00,0.00,0.00,4.7,2.0,225,10.8
2024-12-28T11:00,9.1,0.00,0.00,0.00,6.0,1.1,360,9.0
2024-12-28T12:00,9.5,0.00,0.00,0.00,6.0,3.9,22,15.5
2024-12-28T13:00,9.5,0.00,0.00,0.00,5.8,5.6,21,19.1
2024-12-28T14:00,9.4,0.00,0.00,0.00,5.7,5.2,25,19.1
2024-12-28T15:00,9.1,0.00,0.00,0.00,5.2,6.3,2,18.0
2024-12-28T16:00,7.8,0.00,0.00,0.00,3.1,12.1,333,27.7
2024-12-28T17:00,6.5,0.00,0.00,0.00,2.3,10.6,317,29.9
2024-12-28T18:00,5.7,0.00,0.00,0.00,1.5,10.4,307,22.7
2024-12-28T19:00,4.9,0.00,0.00,0.00,0.6,10.3,325,23.8
2024-12-28T20:00,3.9,0.00,0.00,0.00,0.1,7.5,310,21.2
2024-12-28T21:00,3.0,0.00,0.00,0.00,-0.7,6.8,302,14.8
2024-12-28T22:00,4.5,0.00,0.00,0.00,0.1,11.4,322,25.6
2024-12-28T23:00,4.0,0.00,0.00,0.00,-0.3,10.5,319,23.8
2024-12-29T00:00,3.6,0.00,0.00,0.00,-0.6,9.8,330,21.2
2024-12-29T01:00,3.1,0.00,0.00,0.00,-1.0,9.0,334,19.1
2024-12-29T02:00,2.4,0.00,0.00,0.00,-1.1,5.6,310,16.9
2024-12-29T03:00,1.6,0.00,0.00,0.00,-1.2,1.8,307,10.1
2024-12-29T04:00,1.2,0.00,0.00,0.00,-1.5,0.9,90,2.9
2024-12-29T05:00,0.8,0.00,0.00,0.00,-1.8,0.4,270,1.4
2024-12-29T06:00,0.6,0.00,0.00,0.00,-2.4,2.1,285,4.7
2024-12-29T07:00,-0.3,0.00,0.00,0.00,-3.3,2.5,278,6.5
2024-12-29T08:00,0.5,0.00,0.00,0.00,-2.9,4.9,276,10.4
2024-12-29T09:00,3.1,0.00,0.00,0.00,-0.0,3.5,285,10.8
2024-12-29T10:00,5.9,0.00,0.00,0.00,2.9,1.5,7,11.2
2024-12-29T11:00,8.1,0.00,0.00,0.00,4.9,3.9,152,13.0
2024-12-29T12:00,9.5,0.00,0.00,0.00,5.9,8.1,184,23.8
2024-12-29T13:00,10.3,0.00,0.00,0.00,7.2,4.4,168,22.7
2024-12-29T14:00,10.8,0.00,0.00,0.00,8.2,1.0,59,15.5
2024-12-29T15:00,11.0,0.00,0.00,0.00,8.4,1.0,59,7.9
2024-12-29T16:00,10.4,0.00,0.00,0.00,7.1,5.5,32,10.4
2024-12-29T17:00,8.1,0.00,0.00,0.00,2.7,17.1,352,39.2
2024-12-29T18:00,6.8,0.00,0.00,0.00,1.2,18.0,344,41.0
2024-12-29T19:00,6.2,0.00,0.00,0.00,1.0,15.6,352,41.4
2024-12-29T20:00,5.4,0.00,0.00,0.00,0.5,13.3,344,35.6
2024-12-29T21:00,4.8,0.00,0.00,0.00,0.1,12.5,335,29.2
2024-12-29T22:00,5.1,0.00,0.00,0.00,0.6,12.0,325,27.7
2024-12-29T23:00,4.5,0.00,0.00,0.00,0.0,11.8,333,25.6
2024-12-30T00:00,4.0,0.00,0.00,0.00,-0.5,11.8,331,25.2
2024-12-30T01:00,3.7,0.00,0.00,0.00,-0.9,12.8,334,27.0
2024-12-30T02:00,3.6,0.00,0.00,0.00,-0.9,11.5,329,27.0
2024-12-30T03:00,3.4,0.00,0.00,0.00,-1.1,11.3,327,24.5
2024-12-30T04:00,3.0,0.00,0.00,0.00,-1.3,10.7,320,24.5
2024-12-30T05:00,2.8,0.00,0.00,0.00,-1.5,10.7,316,22.7
2024-12-30T06:00,2.9,0.00,0.00,0.00,-1.3,9.8,319,22.3
2024-12-30T07:00,2.9,0.00,0.00,0.00,-1.2,9.1,333,20.5
2024-12-30T08:00,3.6,0.00,0.00,0.00,-0.2,6.7,352,18.7
2024-12-30T09:00,4.5,0.00,0.00,0.00,1.1,4.7,7,13.0
2024-12-30T10:00,7.2,0.00,0.00,0.00,3.0,9.7,336,28.4
2024-12-30T11:00,8.4,0.00,0.00,0.00,4.7,5.5,349,25.2
2024-12-30T12:00,9.1,0.00,0.00,0.00,6.1,1.3,98,16.6
2024-12-30T13:00,9.5,0.00,0.00,0.00,6.0,5.1,148,16.9
2024-12-30T14:00,9.4,0.00,0.00,0.00,5.5,8.7,163,24.1
2024-12-30T15:00,9.1,0.00,0.00,0.00,5.2,9.2,168,25.9
2024-12-30T16:00,8.7,0.00,0.00,0.00,5.2,6.6,158,24.1
2024-12-30T17:00,7.9,0.00,0.00,0.00,5.2,3.1,118,14.0
2024-12-30T18:00,7.4,0.00,0.00,0.00,4.5,3.4,47,7.2
2024-12-30T19:00,6.7,0.00,0.00,0.00,3.6,5.2,41,9.7
2024-12-30T20:00,6.1,0.00,0.00,0.00,3.1,5.2,25,9.7
2024-12-30T21:00,5.3,0.00,0.00,0.00,2.1,6.0,344,11.2
2024-12-30T22:00,4.3,0.00,0.00,0.00,1.0,5.8,338,10.4
2024-12-30T23:00,3.9,0.00,0.00,0.00,0.3,8.0,335,14.4
2024-12-31T00:00,3.7,0.00,0.00,0.00,0.3,7.4,334,15.1
2024-12-31T01:00,3.2,0.00,0.00,0.00,0.0,5.4,330,13.3
2024-12-31T02:00,3.1,0.00,0.00,0.00,-0.1,5.6,327,10.1
2024-12-31T03:00,2.5,0.00,0.00,0.00,-0.4,3.9,326,10.1
2024-12-31T04:00,2.3,0.00,0.00,0.00,-0.4,2.7,307,8.3
2024-12-31T05:00,1.9,0.00,0.00,0.00,-0.5,0.6,236,3.6
2024-12-31T06:00,1.4,0.00,0.00,0.00,-1.4,3.1,242,5.8
2024-12-31T07:00,1.0,0.00,0.00,0.00,-1.7,2.4,287,6.8
2024-12-31T08:00,2.2,0.00,0.00,0.00,-0.7,3.3,36,5.8
2024-12-31T09:00,5.3,0.00,0.00,0.00,2.7,2.3,72,8.3
2024-12-31T10:00,7.3,0.00,0.00,0.00,4.8,1.3,82,8.3
2024-12-31T11:00,9.9,0.00,0.00,0.00,7.1,3.2,90,12.6
2024-12-31T12:00,11.8,0.00,0.00,0.00,9.1,3.4,87,14.4
2024-12-31T13:00,12.8,0.00,0.00,0.00,10.1,4.9,39,15.8
2024-12-31T14:00,12.4,0.00,0.00,0.00,9.1,7.8,38,23.0
2024-12-31T15:00,12.6,0.00,0.00,0.00,9.9,3.1,66,21.2
2024-12-31T16:00,12.1,0.00,0.00,0.00,9.1,6.4,25,13.0
2024-12-31T17:00,10.6,0.00,0.00,0.00,6.9,10.8,33,18.4
2024-12-31T18:00,9.3,0.00,0.00,0.00,4.0,19.5,358,43.6
2024-12-31T19:00,7.8,0.00,0.00,0.00,2.4,19.1,351,47.9
2024-12-31T20:00,7.1,0.00,0.00,0.00,1.4,20.9,347,48.2
2024-12-31T21:00,6.6,0.00,0.00,0.00,1.9,14.1,350,48.2
2024-12-31T22:00,7.3,0.00,0.00,0.00,2.8,13.7,358,34.9
2024-12-31T23:00,6.7,0.00,0.00,0.00,2.1,14.6,356,32.8
